ISO-10303-21;
HEADER;
FILE_DESCRIPTION(('Open CASCADE Model'),'2;1');
FILE_NAME('Open CASCADE Shape Model','2026-08-02T21:09:36',('Author'),(
    'Open CASCADE'),'Open CASCADE STEP processor 7.9','Open CASCADE 7.9'
  ,'Unknown');
FILE_SCHEMA(('AUTOMOTIVE_DESIGN { 1 0 10303 214 1 1 1 1 }'));
ENDSEC;
DATA;
#1 = APPLICATION_PROTOCOL_DEFINITION('international standard',
  'automotive_design',2000,#2);
#2 = APPLICATION_CONTEXT(
  'core data for automotive mechanical design processes');
#3 = SHAPE_DEFINITION_REPRESENTATION(#4,#10);
#4 = PRODUCT_DEFINITION_SHAPE('','',#5);
#5 = PRODUCT_DEFINITION('design','',#6,#9);
#6 = PRODUCT_DEFINITION_FORMATION('','',#7);
#7 = PRODUCT('Open CASCADE STEP translator 7.9 1',
  'Open CASCADE STEP translator 7.9 1','',(#8));
#8 = PRODUCT_CONTEXT('',#2,'mechanical');
#9 = PRODUCT_DEFINITION_CONTEXT('part definition',#2,'design');
#10 = SHAPE_REPRESENTATION('',(#11,#15,#19,#23,#27),#31);
#11 = AXIS2_PLACEMENT_3D('',#12,#13,#14);
#12 = CARTESIAN_POINT('',(0.,0.,0.));
#13 = DIRECTION('',(0.,0.,1.));
#14 = DIRECTION('',(1.,0.,-0.));
#15 = AXIS2_PLACEMENT_3D('',#16,#17,#18);
#16 = CARTESIAN_POINT('',(0.,0.,0.));
#17 = DIRECTION('',(0.,0.,1.));
#18 = DIRECTION('',(1.,0.,-0.));
#19 = AXIS2_PLACEMENT_3D('',#20,#21,#22);
#20 = CARTESIAN_POINT('',(0.,0.,0.));
#21 = DIRECTION('',(0.,0.,1.));
#22 = DIRECTION('',(1.,0.,-0.));
#23 = AXIS2_PLACEMENT_3D('',#24,#25,#26);
#24 = CARTESIAN_POINT('',(0.,0.,0.));
#25 = DIRECTION('',(0.,0.,1.));
#26 = DIRECTION('',(1.,0.,-0.));
#27 = AXIS2_PLACEMENT_3D('',#28,#29,#30);
#28 = CARTESIAN_POINT('',(0.,0.,0.));
#29 = DIRECTION('',(0.,0.,1.));
#30 = DIRECTION('',(1.,0.,-0.));
#31 = ( GEOMETRIC_REPRESENTATION_CONTEXT(3) 
GLOBAL_UNCERTAINTY_ASSIGNED_CONTEXT((#35)) GLOBAL_UNIT_ASSIGNED_CONTEXT(
(#32,#33,#34)) REPRESENTATION_CONTEXT('Context #1',
  '3D Context with UNIT and UNCERTAINTY') );
#32 = ( LENGTH_UNIT() NAMED_UNIT(*) SI_UNIT(.MILLI.,.METRE.) );
#33 = ( NAMED_UNIT(*) PLANE_ANGLE_UNIT() SI_UNIT($,.RADIAN.) );
#34 = ( NAMED_UNIT(*) SI_UNIT($,.STERADIAN.) SOLID_ANGLE_UNIT() );
#35 = UNCERTAINTY_MEASURE_WITH_UNIT(LENGTH_MEASURE(2.E-07),#32,
  'distance_accuracy_value','confusion accuracy');
#36 = PRODUCT_RELATED_PRODUCT_CATEGORY('part',$,(#7));
#37 = SHAPE_DEFINITION_REPRESENTATION(#38,#44);
#38 = PRODUCT_DEFINITION_SHAPE('','',#39);
#39 = PRODUCT_DEFINITION('design','',#40,#43);
#40 = PRODUCT_DEFINITION_FORMATION('','',#41);
#41 = PRODUCT('Open CASCADE STEP translator 7.9 1.1',
  'Open CASCADE STEP translator 7.9 1.1','',(#42));
#42 = PRODUCT_CONTEXT('',#2,'mechanical');
#43 = PRODUCT_DEFINITION_CONTEXT('part definition',#2,'design');
#44 = ADVANCED_BREP_SHAPE_REPRESENTATION('',(#11,#45),#17791);
#45 = MANIFOLD_SOLID_BREP('',#46);
#46 = CLOSED_SHELL('',(#47,#135,#190,#1806,#1861,#1892,#1917,#1942,#1967
    ,#1992,#2017,#2042,#2124,#2149,#2174,#2199,#2224,#2249,#2274,#2299,
    #2324,#2349,#2374,#2399,#2424,#2449,#2474,#2499,#2524,#2549,#2626,
    #2651,#2676,#2701,#2726,#2751,#2776,#2801,#2826,#2851,#2876,#2901,
    #2926,#2951,#2976,#3001,#3026,#3051,#3123,#3148,#3173,#3198,#3223,
    #3248,#3273,#3298,#3323,#3348,#3373,#3428,#3965,#5855,#6368,#6881,
    #6936,#6966,#6991,#7016,#7041,#7066,#7091,#7116,#7141,#7166,#7191,
    #7217,#7242,#7267,#7292,#7317,#7342,#7367,#7398,#7428,#7458,#7488,
    #7518,#7548,#7573,#7627,#7703,#7789,#7863,#7868,#7893,#7923,#7953,
    #7983,#8013,#8043,#8073,#8103,#8133,#8163,#8193,#8223,#8253,#8283,
    #8313,#8338,#8387,#8463,#8549,#8623,#8628,#8653,#8683,#8713,#8743,
    #8773,#8803,#8833,#8863,#8893,#8923,#8953,#8983,#9013,#9043,#9073,
    #9098,#9147,#9223,#9299,#9373,#9378,#9403,#9433,#9463,#9493,#9523,
    #9553,#9583,#9613,#9643,#9678,#9703,#9728,#9753,#9778,#9803,#9828,
    #9853,#9878,#9903,#9928,#9953,#9978,#10003,#10028,#10053,#10078,
    #10103,#10128,#10153,#10178,#10203,#10228,#10253,#10278,#10303,
    #10328,#10353,#10378,#10403,#10428,#10453,#10478,#10503,#10528,
    #10583,#11069,#11140,#11189,#11238,#11287,#11336,#11363,#11970,
    #11997,#12073,#12860,#13249,#13276,#13303,#13330,#13357,#13384,
    #13411,#13438,#13465,#13492,#13519,#13546,#13573,#13600,#13627,
    #13634,#13661,#13737,#14524,#14913,#14940,#14967,#14994,#15021,
    #15048,#15075,#15102,#15129,#15156,#15183,#15210,#15237,#15264,
    #15291,#15298,#15325,#15352,#15379,#15406,#15433,#15460,#15487,
    #15514,#15541,#15568,#15575,#15630,#15685,#15712,#15739,#15766,
    #15793,#15820,#15847,#15874,#15901,#15928,#15955,#15982,#16009,
    #16036,#16063,#16070,#16097,#16124,#16151,#16178,#16205,#16232,
    #16259,#16286,#16313,#16340,#16367,#16394,#16421,#16448,#16455,
    #16482,#16509,#16536,#16563,#16590,#16617,#16644,#16671,#16698,
    #16725,#16752,#16779,#16806,#16833,#16840,#16930,#16985,#17040,
    #17096,#17151,#17186,#17247,#17302,#17329,#17384,#17439,#17494,
    #17549,#17604,#17659,#17714,#17764));
#47 = ADVANCED_FACE('',(#48),#62,.T.);
#48 = FACE_BOUND('',#49,.T.);
#49 = EDGE_LOOP('',(#50,#80,#107,#108));
#50 = ORIENTED_EDGE('',*,*,#51,.T.);
#51 = EDGE_CURVE('',#52,#54,#56,.T.);
#52 = VERTEX_POINT('',#53);
#53 = CARTESIAN_POINT('',(53.179618662659,9.377001594014,-8.104366094291
    ));
#54 = VERTEX_POINT('',#55);
#55 = CARTESIAN_POINT('',(53.179618662659,9.377001594014,-8.));
#56 = SEAM_CURVE('',#57,(#61,#73),.PCURVE_S1.);
#57 = LINE('',#58,#59);
#58 = CARTESIAN_POINT('',(53.179618662659,9.377001594014,-10.));
#59 = VECTOR('',#60,1.);
#60 = DIRECTION('',(0.,0.,1.));
#61 = PCURVE('',#62,#67);
#62 = CYLINDRICAL_SURFACE('',#63,54.);
#63 = AXIS2_PLACEMENT_3D('',#64,#65,#66);
#64 = CARTESIAN_POINT('',(0.,0.,-10.));
#65 = DIRECTION('',(0.,0.,1.));
#66 = DIRECTION('',(0.984807753012,0.173648177667,0.));
#67 = DEFINITIONAL_REPRESENTATION('',(#68),#72);
#68 = LINE('',#69,#70);
#69 = CARTESIAN_POINT('',(6.28318530718,-0.));
#70 = VECTOR('',#71,1.);
#71 = DIRECTION('',(0.,1.));
#72 = ( GEOMETRIC_REPRESENTATION_CONTEXT(2) 
PARAMETRIC_REPRESENTATION_CONTEXT() REPRESENTATION_CONTEXT('2D SPACE',''
  ) );
#73 = PCURVE('',#62,#74);
#74 = DEFINITIONAL_REPRESENTATION('',(#75),#79);
#75 = LINE('',#76,#77);
#76 = CARTESIAN_POINT('',(0.,-0.));
#77 = VECTOR('',#78,1.);
#78 = DIRECTION('',(0.,1.));
#79 = ( GEOMETRIC_REPRESENTATION_CONTEXT(2) 
PARAMETRIC_REPRESENTATION_CONTEXT() REPRESENTATION_CONTEXT('2D SPACE',''
  ) );
#80 = ORIENTED_EDGE('',*,*,#81,.F.);
#81 = EDGE_CURVE('',#54,#54,#82,.T.);
#82 = SURFACE_CURVE('',#83,(#88,#95),.PCURVE_S1.);
#83 = CIRCLE('',#84,54.);
#84 = AXIS2_PLACEMENT_3D('',#85,#86,#87);
#85 = CARTESIAN_POINT('',(0.,0.,-8.));
#86 = DIRECTION('',(0.,-0.,1.));
#87 = DIRECTION('',(0.984807753012,0.173648177667,0.));
#88 = PCURVE('',#62,#89);
#89 = DEFINITIONAL_REPRESENTATION('',(#90),#94);
#90 = LINE('',#91,#92);
#91 = CARTESIAN_POINT('',(0.,2.));
#92 = VECTOR('',#93,1.);
#93 = DIRECTION('',(1.,0.));
#94 = ( GEOMETRIC_REPRESENTATION_CONTEXT(2) 
PARAMETRIC_REPRESENTATION_CONTEXT() REPRESENTATION_CONTEXT('2D SPACE',''
  ) );
#95 = PCURVE('',#96,#101);
#96 = CYLINDRICAL_SURFACE('',#97,54.);
#97 = AXIS2_PLACEMENT_3D('',#98,#99,#100);
#98 = CARTESIAN_POINT('',(0.,0.,-8.));
#99 = DIRECTION('',(0.,0.,1.));
#100 = DIRECTION('',(0.984807753012,0.173648177667,0.));
#101 = DEFINITIONAL_REPRESENTATION('',(#102),#106);
#102 = LINE('',#103,#104);
#103 = CARTESIAN_POINT('',(0.,0.));
#104 = VECTOR('',#105,1.);
#105 = DIRECTION('',(1.,0.));
#106 = ( GEOMETRIC_REPRESENTATION_CONTEXT(2) 
PARAMETRIC_REPRESENTATION_CONTEXT() REPRESENTATION_CONTEXT('2D SPACE',''
  ) );
#107 = ORIENTED_EDGE('',*,*,#51,.F.);
#108 = ORIENTED_EDGE('',*,*,#109,.T.);
#109 = EDGE_CURVE('',#52,#52,#110,.T.);
#110 = SURFACE_CURVE('',#111,(#116,#123),.PCURVE_S1.);
#111 = CIRCLE('',#112,54.);
#112 = AXIS2_PLACEMENT_3D('',#113,#114,#115);
#113 = CARTESIAN_POINT('',(0.,0.,-8.104366094291));
#114 = DIRECTION('',(-0.,0.,1.));
#115 = DIRECTION('',(0.173648177667,-0.984807753012,0.));
#116 = PCURVE('',#62,#117);
#117 = DEFINITIONAL_REPRESENTATION('',(#118),#122);
#118 = LINE('',#119,#120);
#119 = CARTESIAN_POINT('',(-1.570796326795,1.895633905709));
#120 = VECTOR('',#121,1.);
#121 = DIRECTION('',(1.,0.));
#122 = ( GEOMETRIC_REPRESENTATION_CONTEXT(2) 
PARAMETRIC_REPRESENTATION_CONTEXT() REPRESENTATION_CONTEXT('2D SPACE',''
  ) );
#123 = PCURVE('',#124,#129);
#124 = CONICAL_SURFACE('',#125,53.925688514505,1.527163095495);
#125 = AXIS2_PLACEMENT_3D('',#126,#127,#128);
#126 = CARTESIAN_POINT('',(0.,0.,-8.107610603817));
#127 = DIRECTION('',(0.,0.,1.));
#128 = DIRECTION('',(0.984807753012,0.173648177667,0.));
#129 = DEFINITIONAL_REPRESENTATION('',(#130),#134);
#130 = LINE('',#131,#132);
#131 = CARTESIAN_POINT('',(-1.570796326795,3.244509525658E-03));
#132 = VECTOR('',#133,1.);
#133 = DIRECTION('',(1.,0.));
#134 = ( GEOMETRIC_REPRESENTATION_CONTEXT(2) 
PARAMETRIC_REPRESENTATION_CONTEXT() REPRESENTATION_CONTEXT('2D SPACE',''
  ) );
#135 = ADVANCED_FACE('',(#136),#124,.T.);
#136 = FACE_BOUND('',#137,.T.);
#137 = EDGE_LOOP('',(#138,#161,#188,#189));
#138 = ORIENTED_EDGE('',*,*,#139,.F.);
#139 = EDGE_CURVE('',#140,#52,#142,.T.);
#140 = VERTEX_POINT('',#141);
#141 = CARTESIAN_POINT('',(53.106436135606,9.364097539978,
    -8.107610603817));
#142 = SEAM_CURVE('',#143,(#147,#154),.PCURVE_S1.);
#143 = LINE('',#144,#145);
#144 = CARTESIAN_POINT('',(53.106436135606,9.364097539978,
    -8.107610603817));
#145 = VECTOR('',#146,1.);
#146 = DIRECTION('',(0.983870434247,0.173482903079,4.361938736534E-02));
#147 = PCURVE('',#124,#148);
#148 = DEFINITIONAL_REPRESENTATION('',(#149),#153);
#149 = LINE('',#150,#151);
#150 = CARTESIAN_POINT('',(0.,0.));
#151 = VECTOR('',#152,1.);
#152 = DIRECTION('',(0.,1.));
#153 = ( GEOMETRIC_REPRESENTATION_CONTEXT(2) 
PARAMETRIC_REPRESENTATION_CONTEXT() REPRESENTATION_CONTEXT('2D SPACE',''
  ) );
#154 = PCURVE('',#124,#155);
#155 = DEFINITIONAL_REPRESENTATION('',(#156),#160);
#156 = LINE('',#157,#158);
#157 = CARTESIAN_POINT('',(6.28318530718,0.));
#158 = VECTOR('',#159,1.);
#159 = DIRECTION('',(0.,1.));
#160 = ( GEOMETRIC_REPRESENTATION_CONTEXT(2) 
PARAMETRIC_REPRESENTATION_CONTEXT() REPRESENTATION_CONTEXT('2D SPACE',''
  ) );
#161 = ORIENTED_EDGE('',*,*,#162,.T.);
#162 = EDGE_CURVE('',#140,#140,#163,.T.);
#163 = SURFACE_CURVE('',#164,(#169,#176),.PCURVE_S1.);
#164 = CIRCLE('',#165,53.925688514505);
#165 = AXIS2_PLACEMENT_3D('',#166,#167,#168);
#166 = CARTESIAN_POINT('',(0.,0.,-8.107610603817));
#167 = DIRECTION('',(0.,-0.,1.));
#168 = DIRECTION('',(0.984807753012,0.173648177667,0.));
#169 = PCURVE('',#124,#170);
#170 = DEFINITIONAL_REPRESENTATION('',(#171),#175);
#171 = LINE('',#172,#173);
#172 = CARTESIAN_POINT('',(0.,0.));
#173 = VECTOR('',#174,1.);
#174 = DIRECTION('',(1.,0.));
#175 = ( GEOMETRIC_REPRESENTATION_CONTEXT(2) 
PARAMETRIC_REPRESENTATION_CONTEXT() REPRESENTATION_CONTEXT('2D SPACE',''
  ) );
#176 = PCURVE('',#177,#182);
#177 = CONICAL_SURFACE('',#178,53.752703644666,1.439896632895);
#178 = AXIS2_PLACEMENT_3D('',#179,#180,#181);
#179 = CARTESIAN_POINT('',(0.,0.,-8.130384493976));
#180 = DIRECTION('',(0.,0.,1.));
#181 = DIRECTION('',(0.984807753012,0.173648177667,0.));
#182 = DEFINITIONAL_REPRESENTATION('',(#183),#187);
#183 = LINE('',#184,#185);
#184 = CARTESIAN_POINT('',(0.,2.277389015908E-02));
#185 = VECTOR('',#186,1.);
#186 = DIRECTION('',(1.,0.));
#187 = ( GEOMETRIC_REPRESENTATION_CONTEXT(2) 
PARAMETRIC_REPRESENTATION_CONTEXT() REPRESENTATION_CONTEXT('2D SPACE',''
  ) );
#188 = ORIENTED_EDGE('',*,*,#139,.T.);
#189 = ORIENTED_EDGE('',*,*,#109,.F.);
#190 = ADVANCED_FACE('',(#191),#96,.T.);
#191 = FACE_BOUND('',#192,.T.);
#192 = EDGE_LOOP('',(#193,#216,#245,#274,#303,#332,#361,#390,#419,#448,
    #477,#506,#535,#564,#593,#622,#651,#680,#709,#738,#767,#796,#825,
    #854,#883,#912,#941,#970,#999,#1028,#1057,#1086,#1115,#1144,#1173,
    #1202,#1231,#1260,#1289,#1318,#1347,#1376,#1405,#1434,#1463,#1492,
    #1521,#1550,#1579,#1608,#1637,#1666,#1695,#1724,#1753,#1782,#1804,
    #1805));
#193 = ORIENTED_EDGE('',*,*,#194,.T.);
#194 = EDGE_CURVE('',#54,#195,#197,.T.);
#195 = VERTEX_POINT('',#196);
#196 = CARTESIAN_POINT('',(53.179618662659,9.377001594014,5.));
#197 = SEAM_CURVE('',#198,(#202,#209),.PCURVE_S1.);
#198 = LINE('',#199,#200);
#199 = CARTESIAN_POINT('',(53.179618662659,9.377001594014,-8.));
#200 = VECTOR('',#201,1.);
#201 = DIRECTION('',(0.,0.,1.));
#202 = PCURVE('',#96,#203);
#203 = DEFINITIONAL_REPRESENTATION('',(#204),#208);
#204 = LINE('',#205,#206);
#205 = CARTESIAN_POINT('',(6.28318530718,-0.));
#206 = VECTOR('',#207,1.);
#207 = DIRECTION('',(0.,1.));
#208 = ( GEOMETRIC_REPRESENTATION_CONTEXT(2) 
PARAMETRIC_REPRESENTATION_CONTEXT() REPRESENTATION_CONTEXT('2D SPACE',''
  ) );
#209 = PCURVE('',#96,#210);
#210 = DEFINITIONAL_REPRESENTATION('',(#211),#215);
#211 = LINE('',#212,#213);
#212 = CARTESIAN_POINT('',(0.,-0.));
#213 = VECTOR('',#214,1.);
#214 = DIRECTION('',(0.,1.));
#215 = ( GEOMETRIC_REPRESENTATION_CONTEXT(2) 
PARAMETRIC_REPRESENTATION_CONTEXT() REPRESENTATION_CONTEXT('2D SPACE',''
  ) );
#216 = ORIENTED_EDGE('',*,*,#217,.F.);
#217 = EDGE_CURVE('',#218,#195,#220,.T.);
#218 = VERTEX_POINT('',#219);
#219 = CARTESIAN_POINT('',(53.390354978044,8.091353120367,5.));
#220 = SURFACE_CURVE('',#221,(#226,#233),.PCURVE_S1.);
#221 = CIRCLE('',#222,54.);
#222 = AXIS2_PLACEMENT_3D('',#223,#224,#225);
#223 = CARTESIAN_POINT('',(0.,0.,5.));
#224 = DIRECTION('',(0.,-0.,1.));
#225 = DIRECTION('',(0.984807753012,0.173648177667,0.));
#226 = PCURVE('',#96,#227);
#227 = DEFINITIONAL_REPRESENTATION('',(#228),#232);
#228 = LINE('',#229,#230);
#229 = CARTESIAN_POINT('',(0.,13.));
#230 = VECTOR('',#231,1.);
#231 = DIRECTION('',(1.,0.));
#232 = ( GEOMETRIC_REPRESENTATION_CONTEXT(2) 
PARAMETRIC_REPRESENTATION_CONTEXT() REPRESENTATION_CONTEXT('2D SPACE',''
  ) );
#233 = PCURVE('',#234,#239);
#234 = PLANE('',#235);
#235 = AXIS2_PLACEMENT_3D('',#236,#237,#238);
#236 = CARTESIAN_POINT('',(0.,0.,5.));
#237 = DIRECTION('',(0.,0.,1.));
#238 = DIRECTION('',(0.984807753012,0.173648177667,0.));
#239 = DEFINITIONAL_REPRESENTATION('',(#240),#244);
#240 = CIRCLE('',#241,54.);
#241 = AXIS2_PLACEMENT_2D('',#242,#243);
#242 = CARTESIAN_POINT('',(0.,0.));
#243 = DIRECTION('',(1.,-4.74729883959E-18));
#244 = ( GEOMETRIC_REPRESENTATION_CONTEXT(2) 
PARAMETRIC_REPRESENTATION_CONTEXT() REPRESENTATION_CONTEXT('2D SPACE',''
  ) );
#245 = ORIENTED_EDGE('',*,*,#246,.F.);
#246 = EDGE_CURVE('',#247,#218,#249,.T.);
#247 = VERTEX_POINT('',#248);
#248 = CARTESIAN_POINT('',(53.630567971378,6.305725895356,5.));
#249 = SURFACE_CURVE('',#250,(#255,#262),.PCURVE_S1.);
#250 = CIRCLE('',#251,54.);
#251 = AXIS2_PLACEMENT_3D('',#252,#253,#254);
#252 = CARTESIAN_POINT('',(0.,0.,5.));
#253 = DIRECTION('',(0.,-0.,1.));
#254 = DIRECTION('',(0.984807753012,0.173648177667,0.));
#255 = PCURVE('',#96,#256);
#256 = DEFINITIONAL_REPRESENTATION('',(#257),#261);
#257 = LINE('',#258,#259);
#258 = CARTESIAN_POINT('',(0.,13.));
#259 = VECTOR('',#260,1.);
#260 = DIRECTION('',(1.,0.));
#261 = ( GEOMETRIC_REPRESENTATION_CONTEXT(2) 
PARAMETRIC_REPRESENTATION_CONTEXT() REPRESENTATION_CONTEXT('2D SPACE',''
  ) );
#262 = PCURVE('',#263,#268);
#263 = PLANE('',#264);
#264 = AXIS2_PLACEMENT_3D('',#265,#266,#267);
#265 = CARTESIAN_POINT('',(0.,0.,5.));
#266 = DIRECTION('',(0.,0.,1.));
#267 = DIRECTION('',(0.984807753012,0.173648177667,0.));
#268 = DEFINITIONAL_REPRESENTATION('',(#269),#273);
#269 = CIRCLE('',#270,54.);
#270 = AXIS2_PLACEMENT_2D('',#271,#272);
#271 = CARTESIAN_POINT('',(0.,0.));
#272 = DIRECTION('',(1.,-4.74729883959E-18));
#273 = ( GEOMETRIC_REPRESENTATION_CONTEXT(2) 
PARAMETRIC_REPRESENTATION_CONTEXT() REPRESENTATION_CONTEXT('2D SPACE',''
  ) );
#274 = ORIENTED_EDGE('',*,*,#275,.F.);
#275 = EDGE_CURVE('',#276,#247,#278,.T.);
#276 = VERTEX_POINT('',#277);
#277 = CARTESIAN_POINT('',(53.811078024758,4.513078972648,5.));
#278 = SURFACE_CURVE('',#279,(#284,#291),.PCURVE_S1.);
#279 = CIRCLE('',#280,54.);
#280 = AXIS2_PLACEMENT_3D('',#281,#282,#283);
#281 = CARTESIAN_POINT('',(0.,0.,5.));
#282 = DIRECTION('',(0.,-0.,1.));
#283 = DIRECTION('',(0.984807753012,0.173648177667,0.));
#284 = PCURVE('',#96,#285);
#285 = DEFINITIONAL_REPRESENTATION('',(#286),#290);
#286 = LINE('',#287,#288);
#287 = CARTESIAN_POINT('',(0.,13.));
#288 = VECTOR('',#289,1.);
#289 = DIRECTION('',(1.,0.));
#290 = ( GEOMETRIC_REPRESENTATION_CONTEXT(2) 
PARAMETRIC_REPRESENTATION_CONTEXT() REPRESENTATION_CONTEXT('2D SPACE',''
  ) );
#291 = PCURVE('',#292,#297);
#292 = PLANE('',#293);
#293 = AXIS2_PLACEMENT_3D('',#294,#295,#296);
#294 = CARTESIAN_POINT('',(0.,0.,5.));
#295 = DIRECTION('',(0.,0.,1.));
#296 = DIRECTION('',(0.984807753012,0.173648177667,0.));
#297 = DEFINITIONAL_REPRESENTATION('',(#298),#302);
#298 = CIRCLE('',#299,54.);
#299 = AXIS2_PLACEMENT_2D('',#300,#301);
#300 = CARTESIAN_POINT('',(0.,0.));
#301 = DIRECTION('',(1.,-4.74729883959E-18));
#302 = ( GEOMETRIC_REPRESENTATION_CONTEXT(2) 
PARAMETRIC_REPRESENTATION_CONTEXT() REPRESENTATION_CONTEXT('2D SPACE',''
  ) );
#303 = ORIENTED_EDGE('',*,*,#304,.F.);
#304 = EDGE_CURVE('',#305,#276,#307,.T.);
#305 = VERTEX_POINT('',#306);
#306 = CARTESIAN_POINT('',(53.931684189709,2.715407973315,5.));
#307 = SURFACE_CURVE('',#308,(#313,#320),.PCURVE_S1.);
#308 = CIRCLE('',#309,54.);
#309 = AXIS2_PLACEMENT_3D('',#310,#311,#312);
#310 = CARTESIAN_POINT('',(0.,0.,5.));
#311 = DIRECTION('',(0.,-0.,1.));
#312 = DIRECTION('',(0.984807753012,0.173648177667,0.));
#313 = PCURVE('',#96,#314);
#314 = DEFINITIONAL_REPRESENTATION('',(#315),#319);
#315 = LINE('',#316,#317);
#316 = CARTESIAN_POINT('',(0.,13.));
#317 = VECTOR('',#318,1.);
#318 = DIRECTION('',(1.,0.));
#319 = ( GEOMETRIC_REPRESENTATION_CONTEXT(2) 
PARAMETRIC_REPRESENTATION_CONTEXT() REPRESENTATION_CONTEXT('2D SPACE',''
  ) );
#320 = PCURVE('',#321,#326);
#321 = PLANE('',#322);
#322 = AXIS2_PLACEMENT_3D('',#323,#324,#325);
#323 = CARTESIAN_POINT('',(0.,0.,5.));
#324 = DIRECTION('',(0.,0.,1.));
#325 = DIRECTION('',(0.984807753012,0.173648177667,0.));
#326 = DEFINITIONAL_REPRESENTATION('',(#327),#331);
#327 = CIRCLE('',#328,54.);
#328 = AXIS2_PLACEMENT_2D('',#329,#330);
#329 = CARTESIAN_POINT('',(0.,0.));
#330 = DIRECTION('',(1.,-4.74729883959E-18));
#331 = ( GEOMETRIC_REPRESENTATION_CONTEXT(2) 
PARAMETRIC_REPRESENTATION_CONTEXT() REPRESENTATION_CONTEXT('2D SPACE',''
  ) );
#332 = ORIENTED_EDGE('',*,*,#333,.F.);
#333 = EDGE_CURVE('',#334,#305,#336,.T.);
#334 = VERTEX_POINT('',#335);
#335 = CARTESIAN_POINT('',(53.992252204316,0.914714111362,5.));
#336 = SURFACE_CURVE('',#337,(#342,#349),.PCURVE_S1.);
#337 = CIRCLE('',#338,54.);
#338 = AXIS2_PLACEMENT_3D('',#339,#340,#341);
#339 = CARTESIAN_POINT('',(0.,0.,5.));
#340 = DIRECTION('',(0.,-0.,1.));
#341 = DIRECTION('',(0.984807753012,0.173648177667,0.));
#342 = PCURVE('',#96,#343);
#343 = DEFINITIONAL_REPRESENTATION('',(#344),#348);
#344 = LINE('',#345,#346);
#345 = CARTESIAN_POINT('',(0.,13.));
#346 = VECTOR('',#347,1.);
#347 = DIRECTION('',(1.,0.));
#348 = ( GEOMETRIC_REPRESENTATION_CONTEXT(2) 
PARAMETRIC_REPRESENTATION_CONTEXT() REPRESENTATION_CONTEXT('2D SPACE',''
  ) );
#349 = PCURVE('',#350,#355);
#350 = PLANE('',#351);
#351 = AXIS2_PLACEMENT_3D('',#352,#353,#354);
#352 = CARTESIAN_POINT('',(0.,0.,5.));
#353 = DIRECTION('',(0.,0.,1.));
#354 = DIRECTION('',(0.984807753012,0.173648177667,0.));
#355 = DEFINITIONAL_REPRESENTATION('',(#356),#360);
#356 = CIRCLE('',#357,54.);
#357 = AXIS2_PLACEMENT_2D('',#358,#359);
#358 = CARTESIAN_POINT('',(0.,0.));
#359 = DIRECTION('',(1.,-4.74729883959E-18));
#360 = ( GEOMETRIC_REPRESENTATION_CONTEXT(2) 
PARAMETRIC_REPRESENTATION_CONTEXT() REPRESENTATION_CONTEXT('2D SPACE',''
  ) );
#361 = ORIENTED_EDGE('',*,*,#362,.F.);
#362 = EDGE_CURVE('',#363,#334,#365,.T.);
#363 = VERTEX_POINT('',#364);
#364 = CARTESIAN_POINT('',(53.992714642696,-0.886998034075,5.));
#365 = SURFACE_CURVE('',#366,(#371,#378),.PCURVE_S1.);
#366 = CIRCLE('',#367,54.);
#367 = AXIS2_PLACEMENT_3D('',#368,#369,#370);
#368 = CARTESIAN_POINT('',(0.,0.,5.));
#369 = DIRECTION('',(0.,-0.,1.));
#370 = DIRECTION('',(0.984807753012,0.173648177667,0.));
#371 = PCURVE('',#96,#372);
#372 = DEFINITIONAL_REPRESENTATION('',(#373),#377);
#373 = LINE('',#374,#375);
#374 = CARTESIAN_POINT('',(0.,13.));
#375 = VECTOR('',#376,1.);
#376 = DIRECTION('',(1.,0.));
#377 = ( GEOMETRIC_REPRESENTATION_CONTEXT(2) 
PARAMETRIC_REPRESENTATION_CONTEXT() REPRESENTATION_CONTEXT('2D SPACE',''
  ) );
#378 = PCURVE('',#379,#384);
#379 = PLANE('',#380);
#380 = AXIS2_PLACEMENT_3D('',#381,#382,#383);
#381 = CARTESIAN_POINT('',(0.,0.,5.));
#382 = DIRECTION('',(0.,0.,1.));
#383 = DIRECTION('',(0.984807753012,0.173648177667,0.));
#384 = DEFINITIONAL_REPRESENTATION('',(#385),#389);
#385 = CIRCLE('',#386,54.);
#386 = AXIS2_PLACEMENT_2D('',#387,#388);
#387 = CARTESIAN_POINT('',(0.,0.));
#388 = DIRECTION('',(1.,-4.74729883959E-18));
#389 = ( GEOMETRIC_REPRESENTATION_CONTEXT(2) 
PARAMETRIC_REPRESENTATION_CONTEXT() REPRESENTATION_CONTEXT('2D SPACE',''
  ) );
#390 = ORIENTED_EDGE('',*,*,#391,.F.);
#391 = EDGE_CURVE('',#392,#363,#394,.T.);
#392 = VERTEX_POINT('',#393);
#393 = CARTESIAN_POINT('',(53.933070990048,-2.687722750284,5.));
#394 = SURFACE_CURVE('',#395,(#400,#407),.PCURVE_S1.);
#395 = CIRCLE('',#396,54.);
#396 = AXIS2_PLACEMENT_3D('',#397,#398,#399);
#397 = CARTESIAN_POINT('',(0.,0.,5.));
#398 = DIRECTION('',(0.,-0.,1.));
#399 = DIRECTION('',(0.984807753012,0.173648177667,0.));
#400 = PCURVE('',#96,#401);
#401 = DEFINITIONAL_REPRESENTATION('',(#402),#406);
#402 = LINE('',#403,#404);
#403 = CARTESIAN_POINT('',(0.,13.));
#404 = VECTOR('',#405,1.);
#405 = DIRECTION('',(1.,0.));
#406 = ( GEOMETRIC_REPRESENTATION_CONTEXT(2) 
PARAMETRIC_REPRESENTATION_CONTEXT() REPRESENTATION_CONTEXT('2D SPACE',''
  ) );
#407 = PCURVE('',#408,#413);
#408 = PLANE('',#409);
#409 = AXIS2_PLACEMENT_3D('',#410,#411,#412);
#410 = CARTESIAN_POINT('',(0.,0.,5.));
#411 = DIRECTION('',(0.,0.,1.));
#412 = DIRECTION('',(0.984807753012,0.173648177667,0.));
#413 = DEFINITIONAL_REPRESENTATION('',(#414),#418);
#414 = CIRCLE('',#415,54.);
#415 = AXIS2_PLACEMENT_2D('',#416,#417);
#416 = CARTESIAN_POINT('',(0.,0.));
#417 = DIRECTION('',(1.,-4.74729883959E-18));
#418 = ( GEOMETRIC_REPRESENTATION_CONTEXT(2) 
PARAMETRIC_REPRESENTATION_CONTEXT() REPRESENTATION_CONTEXT('2D SPACE',''
  ) );
#419 = ORIENTED_EDGE('',*,*,#420,.F.);
#420 = EDGE_CURVE('',#421,#392,#423,.T.);
#421 = VERTEX_POINT('',#422);
#422 = CARTESIAN_POINT('',(53.813387643237,-4.485455423782,5.));
#423 = SURFACE_CURVE('',#424,(#429,#436),.PCURVE_S1.);
#424 = CIRCLE('',#425,54.);
#425 = AXIS2_PLACEMENT_3D('',#426,#427,#428);
#426 = CARTESIAN_POINT('',(0.,0.,5.));
#427 = DIRECTION('',(0.,-0.,1.));
#428 = DIRECTION('',(0.984807753012,0.173648177667,0.));
#429 = PCURVE('',#96,#430);
#430 = DEFINITIONAL_REPRESENTATION('',(#431),#435);
#431 = LINE('',#432,#433);
#432 = CARTESIAN_POINT('',(0.,13.));
#433 = VECTOR('',#434,1.);
#434 = DIRECTION('',(1.,0.));
#435 = ( GEOMETRIC_REPRESENTATION_CONTEXT(2) 
PARAMETRIC_REPRESENTATION_CONTEXT() REPRESENTATION_CONTEXT('2D SPACE',''
  ) );
#436 = PCURVE('',#437,#442);
#437 = PLANE('',#438);
#438 = AXIS2_PLACEMENT_3D('',#439,#440,#441);
#439 = CARTESIAN_POINT('',(0.,0.,5.));
#440 = DIRECTION('',(0.,0.,1.));
#441 = DIRECTION('',(0.984807753012,0.173648177667,0.));
#442 = DEFINITIONAL_REPRESENTATION('',(#443),#447);
#443 = CIRCLE('',#444,54.);
#444 = AXIS2_PLACEMENT_2D('',#445,#446);
#445 = CARTESIAN_POINT('',(0.,0.));
#446 = DIRECTION('',(1.,-4.74729883959E-18));
#447 = ( GEOMETRIC_REPRESENTATION_CONTEXT(2) 
PARAMETRIC_REPRESENTATION_CONTEXT() REPRESENTATION_CONTEXT('2D SPACE',''
  ) );
#448 = ORIENTED_EDGE('',*,*,#449,.F.);
#449 = EDGE_CURVE('',#450,#421,#452,.T.);
#450 = VERTEX_POINT('',#451);
#451 = CARTESIAN_POINT('',(53.633797836868,-6.278194771907,5.));
#452 = SURFACE_CURVE('',#453,(#458,#465),.PCURVE_S1.);
#453 = CIRCLE('',#454,54.);
#454 = AXIS2_PLACEMENT_3D('',#455,#456,#457);
#455 = CARTESIAN_POINT('',(0.,0.,5.));
#456 = DIRECTION('',(0.,-0.,1.));
#457 = DIRECTION('',(0.984807753012,0.173648177667,0.));
#458 = PCURVE('',#96,#459);
#459 = DEFINITIONAL_REPRESENTATION('',(#460),#464);
#460 = LINE('',#461,#462);
#461 = CARTESIAN_POINT('',(0.,13.));
#462 = VECTOR('',#463,1.);
#463 = DIRECTION('',(1.,0.));
#464 = ( GEOMETRIC_REPRESENTATION_CONTEXT(2) 
PARAMETRIC_REPRESENTATION_CONTEXT() REPRESENTATION_CONTEXT('2D SPACE',''
  ) );
#465 = PCURVE('',#466,#471);
#466 = PLANE('',#467);
#467 = AXIS2_PLACEMENT_3D('',#468,#469,#470);
#468 = CARTESIAN_POINT('',(0.,0.,5.));
#469 = DIRECTION('',(0.,0.,1.));
#470 = DIRECTION('',(0.984807753012,0.173648177667,0.));
#471 = DEFINITIONAL_REPRESENTATION('',(#472),#476);
#472 = CIRCLE('',#473,54.);
#473 = AXIS2_PLACEMENT_2D('',#474,#475);
#474 = CARTESIAN_POINT('',(0.,0.));
#475 = DIRECTION('',(1.,-4.74729883959E-18));
#476 = ( GEOMETRIC_REPRESENTATION_CONTEXT(2) 
PARAMETRIC_REPRESENTATION_CONTEXT() REPRESENTATION_CONTEXT('2D SPACE',''
  ) );
#477 = ORIENTED_EDGE('',*,*,#478,.F.);
#478 = EDGE_CURVE('',#479,#450,#481,.T.);
#479 = VERTEX_POINT('',#480);
#480 = CARTESIAN_POINT('',(53.394501494974,-8.063945070696,5.));
#481 = SURFACE_CURVE('',#482,(#487,#494),.PCURVE_S1.);
#482 = CIRCLE('',#483,54.);
#483 = AXIS2_PLACEMENT_3D('',#484,#485,#486);
#484 = CARTESIAN_POINT('',(0.,0.,5.));
#485 = DIRECTION('',(0.,-0.,1.));
#486 = DIRECTION('',(0.984807753012,0.173648177667,0.));
#487 = PCURVE('',#96,#488);
#488 = DEFINITIONAL_REPRESENTATION('',(#489),#493);
#489 = LINE('',#490,#491);
#490 = CARTESIAN_POINT('',(0.,13.));
#491 = VECTOR('',#492,1.);
#492 = DIRECTION('',(1.,0.));
#493 = ( GEOMETRIC_REPRESENTATION_CONTEXT(2) 
PARAMETRIC_REPRESENTATION_CONTEXT() REPRESENTATION_CONTEXT('2D SPACE',''
  ) );
#494 = PCURVE('',#495,#500);
#495 = PLANE('',#496);
#496 = AXIS2_PLACEMENT_3D('',#497,#498,#499);
#497 = CARTESIAN_POINT('',(0.,0.,5.));
#498 = DIRECTION('',(0.,0.,1.));
#499 = DIRECTION('',(0.984807753012,0.173648177667,0.));
#500 = DEFINITIONAL_REPRESENTATION('',(#501),#505);
#501 = CIRCLE('',#502,54.);
#502 = AXIS2_PLACEMENT_2D('',#503,#504);
#503 = CARTESIAN_POINT('',(0.,0.));
#504 = DIRECTION('',(1.,-4.74729883959E-18));
#505 = ( GEOMETRIC_REPRESENTATION_CONTEXT(2) 
PARAMETRIC_REPRESENTATION_CONTEXT() REPRESENTATION_CONTEXT('2D SPACE',''
  ) );
#506 = ORIENTED_EDGE('',*,*,#507,.F.);
#507 = EDGE_CURVE('',#508,#479,#510,.T.);
#508 = VERTEX_POINT('',#509);
#509 = CARTESIAN_POINT('',(53.095765008454,-9.840718376576,5.));
#510 = SURFACE_CURVE('',#511,(#516,#523),.PCURVE_S1.);
#511 = CIRCLE('',#512,54.);
#512 = AXIS2_PLACEMENT_3D('',#513,#514,#515);
#513 = CARTESIAN_POINT('',(0.,0.,5.));
#514 = DIRECTION('',(0.,-0.,1.));
#515 = DIRECTION('',(0.984807753012,0.173648177667,0.));
#516 = PCURVE('',#96,#517);
#517 = DEFINITIONAL_REPRESENTATION('',(#518),#522);
#518 = LINE('',#519,#520);
#519 = CARTESIAN_POINT('',(0.,13.));
#520 = VECTOR('',#521,1.);
#521 = DIRECTION('',(1.,0.));
#522 = ( GEOMETRIC_REPRESENTATION_CONTEXT(2) 
PARAMETRIC_REPRESENTATION_CONTEXT() REPRESENTATION_CONTEXT('2D SPACE',''
  ) );
#523 = PCURVE('',#524,#529);
#524 = PLANE('',#525);
#525 = AXIS2_PLACEMENT_3D('',#526,#527,#528);
#526 = CARTESIAN_POINT('',(0.,0.,5.));
#527 = DIRECTION('',(0.,0.,1.));
#528 = DIRECTION('',(0.984807753012,0.173648177667,0.));
#529 = DEFINITIONAL_REPRESENTATION('',(#530),#534);
#530 = CIRCLE('',#531,54.);
#531 = AXIS2_PLACEMENT_2D('',#532,#533);
#532 = CARTESIAN_POINT('',(0.,0.));
#533 = DIRECTION('',(1.,-4.74729883959E-18));
#534 = ( GEOMETRIC_REPRESENTATION_CONTEXT(2) 
PARAMETRIC_REPRESENTATION_CONTEXT() REPRESENTATION_CONTEXT('2D SPACE',''
  ) );
#535 = ORIENTED_EDGE('',*,*,#536,.F.);
#536 = EDGE_CURVE('',#537,#508,#539,.T.);
#537 = VERTEX_POINT('',#538);
#538 = CARTESIAN_POINT('',(-7.515347451844,-53.47447571204,5.));
#539 = SURFACE_CURVE('',#540,(#545,#552),.PCURVE_S1.);
#540 = CIRCLE('',#541,54.);
#541 = AXIS2_PLACEMENT_3D('',#542,#543,#544);
#542 = CARTESIAN_POINT('',(0.,0.,5.));
#543 = DIRECTION('',(0.,-0.,1.));
#544 = DIRECTION('',(0.984807753012,0.173648177667,0.));
#545 = PCURVE('',#96,#546);
#546 = DEFINITIONAL_REPRESENTATION('',(#547),#551);
#547 = LINE('',#548,#549);
#548 = CARTESIAN_POINT('',(0.,13.));
#549 = VECTOR('',#550,1.);
#550 = DIRECTION('',(1.,0.));
#551 = ( GEOMETRIC_REPRESENTATION_CONTEXT(2) 
PARAMETRIC_REPRESENTATION_CONTEXT() REPRESENTATION_CONTEXT('2D SPACE',''
  ) );
#552 = PCURVE('',#553,#558);
#553 = PLANE('',#554);
#554 = AXIS2_PLACEMENT_3D('',#555,#556,#557);
#555 = CARTESIAN_POINT('',(0.,0.,5.));
#556 = DIRECTION('',(0.,0.,1.));
#557 = DIRECTION('',(0.984807753012,0.173648177667,0.));
#558 = DEFINITIONAL_REPRESENTATION('',(#559),#563);
#559 = CIRCLE('',#560,54.);
#560 = AXIS2_PLACEMENT_2D('',#561,#562);
#561 = CARTESIAN_POINT('',(0.,0.));
#562 = DIRECTION('',(1.,-4.74729883959E-18));
#563 = ( GEOMETRIC_REPRESENTATION_CONTEXT(2) 
PARAMETRIC_REPRESENTATION_CONTEXT() REPRESENTATION_CONTEXT('2D SPACE',''
  ) );
#564 = ORIENTED_EDGE('',*,*,#565,.F.);
#565 = EDGE_CURVE('',#566,#537,#568,.T.);
#566 = VERTEX_POINT('',#567);
#567 = CARTESIAN_POINT('',(-9.29509408596,-53.19399614555,5.));
#568 = SURFACE_CURVE('',#569,(#574,#581),.PCURVE_S1.);
#569 = CIRCLE('',#570,54.);
#570 = AXIS2_PLACEMENT_3D('',#571,#572,#573);
#571 = CARTESIAN_POINT('',(0.,0.,5.));
#572 = DIRECTION('',(0.,-0.,1.));
#573 = DIRECTION('',(0.984807753012,0.173648177667,0.));
#574 = PCURVE('',#96,#575);
#575 = DEFINITIONAL_REPRESENTATION('',(#576),#580);
#576 = LINE('',#577,#578);
#577 = CARTESIAN_POINT('',(0.,13.));
#578 = VECTOR('',#579,1.);
#579 = DIRECTION('',(1.,0.));
#580 = ( GEOMETRIC_REPRESENTATION_CONTEXT(2) 
PARAMETRIC_REPRESENTATION_CONTEXT() REPRESENTATION_CONTEXT('2D SPACE',''
  ) );
#581 = PCURVE('',#582,#587);
#582 = PLANE('',#583);
#583 = AXIS2_PLACEMENT_3D('',#584,#585,#586);
#584 = CARTESIAN_POINT('',(0.,0.,5.));
#585 = DIRECTION('',(0.,0.,1.));
#586 = DIRECTION('',(0.984807753012,0.173648177667,0.));
#587 = DEFINITIONAL_REPRESENTATION('',(#588),#592);
#588 = CIRCLE('',#589,54.);
#589 = AXIS2_PLACEMENT_2D('',#590,#591);
#590 = CARTESIAN_POINT('',(0.,0.));
#591 = DIRECTION('',(1.,-4.74729883959E-18));
#592 = ( GEOMETRIC_REPRESENTATION_CONTEXT(2) 
PARAMETRIC_REPRESENTATION_CONTEXT() REPRESENTATION_CONTEXT('2D SPACE',''
  ) );
#593 = ORIENTED_EDGE('',*,*,#594,.F.);
#594 = EDGE_CURVE('',#595,#566,#597,.T.);
#595 = VERTEX_POINT('',#596);
#596 = CARTESIAN_POINT('',(-11.06449318013,-52.85429964219,5.));
#597 = SURFACE_CURVE('',#598,(#603,#610),.PCURVE_S1.);
#598 = CIRCLE('',#599,54.);
#599 = AXIS2_PLACEMENT_3D('',#600,#601,#602);
#600 = CARTESIAN_POINT('',(0.,0.,5.));
#601 = DIRECTION('',(0.,-0.,1.));
#602 = DIRECTION('',(0.984807753012,0.173648177667,0.));
#603 = PCURVE('',#96,#604);
#604 = DEFINITIONAL_REPRESENTATION('',(#605),#609);
#605 = LINE('',#606,#607);
#606 = CARTESIAN_POINT('',(0.,13.));
#607 = VECTOR('',#608,1.);
#608 = DIRECTION('',(1.,0.));
#609 = ( GEOMETRIC_REPRESENTATION_CONTEXT(2) 
PARAMETRIC_REPRESENTATION_CONTEXT() REPRESENTATION_CONTEXT('2D SPACE',''
  ) );
#610 = PCURVE('',#611,#616);
#611 = PLANE('',#612);
#612 = AXIS2_PLACEMENT_3D('',#613,#614,#615);
#613 = CARTESIAN_POINT('',(0.,0.,5.));
#614 = DIRECTION('',(0.,0.,1.));
#615 = DIRECTION('',(0.984807753012,0.173648177667,0.));
#616 = DEFINITIONAL_REPRESENTATION('',(#617),#621);
#617 = CIRCLE('',#618,54.);
#618 = AXIS2_PLACEMENT_2D('',#619,#620);
#619 = CARTESIAN_POINT('',(0.,0.));
#620 = DIRECTION('',(1.,-4.74729883959E-18));
#621 = ( GEOMETRIC_REPRESENTATION_CONTEXT(2) 
PARAMETRIC_REPRESENTATION_CONTEXT() REPRESENTATION_CONTEXT('2D SPACE',''
  ) );
#622 = ORIENTED_EDGE('',*,*,#623,.F.);
#623 = EDGE_CURVE('',#624,#595,#626,.T.);
#624 = VERTEX_POINT('',#625);
#625 = CARTESIAN_POINT('',(-12.82157499338,-52.45576436092,5.));
#626 = SURFACE_CURVE('',#627,(#632,#639),.PCURVE_S1.);
#627 = CIRCLE('',#628,54.);
#628 = AXIS2_PLACEMENT_3D('',#629,#630,#631);
#629 = CARTESIAN_POINT('',(0.,0.,5.));
#630 = DIRECTION('',(0.,-0.,1.));
#631 = DIRECTION('',(0.984807753012,0.173648177667,0.));
#632 = PCURVE('',#96,#633);
#633 = DEFINITIONAL_REPRESENTATION('',(#634),#638);
#634 = LINE('',#635,#636);
#635 = CARTESIAN_POINT('',(0.,13.));
#636 = VECTOR('',#637,1.);
#637 = DIRECTION('',(1.,0.));
#638 = ( GEOMETRIC_REPRESENTATION_CONTEXT(2) 
PARAMETRIC_REPRESENTATION_CONTEXT() REPRESENTATION_CONTEXT('2D SPACE',''
  ) );
#639 = PCURVE('',#640,#645);
#640 = PLANE('',#641);
#641 = AXIS2_PLACEMENT_3D('',#642,#643,#644);
#642 = CARTESIAN_POINT('',(0.,0.,5.));
#643 = DIRECTION('',(0.,0.,1.));
#644 = DIRECTION('',(0.984807753012,0.173648177667,0.));
#645 = DEFINITIONAL_REPRESENTATION('',(#646),#650);
#646 = CIRCLE('',#647,54.);
#647 = AXIS2_PLACEMENT_2D('',#648,#649);
#648 = CARTESIAN_POINT('',(0.,0.));
#649 = DIRECTION('',(1.,-4.74729883959E-18));
#650 = ( GEOMETRIC_REPRESENTATION_CONTEXT(2) 
PARAMETRIC_REPRESENTATION_CONTEXT() REPRESENTATION_CONTEXT('2D SPACE',''
  ) );
#651 = ORIENTED_EDGE('',*,*,#652,.F.);
#652 = EDGE_CURVE('',#653,#624,#655,.T.);
#653 = VERTEX_POINT('',#654);
#654 = CARTESIAN_POINT('',(-14.56438349663,-51.99883396156,5.));
#655 = SURFACE_CURVE('',#656,(#661,#668),.PCURVE_S1.);
#656 = CIRCLE('',#657,54.);
#657 = AXIS2_PLACEMENT_3D('',#658,#659,#660);
#658 = CARTESIAN_POINT('',(0.,0.,5.));
#659 = DIRECTION('',(0.,-0.,1.));
#660 = DIRECTION('',(0.984807753012,0.173648177667,0.));
#661 = PCURVE('',#96,#662);
#662 = DEFINITIONAL_REPRESENTATION('',(#663),#667);
#663 = LINE('',#664,#665);
#664 = CARTESIAN_POINT('',(0.,13.));
#665 = VECTOR('',#666,1.);
#666 = DIRECTION('',(1.,0.));
#667 = ( GEOMETRIC_REPRESENTATION_CONTEXT(2) 
PARAMETRIC_REPRESENTATION_CONTEXT() REPRESENTATION_CONTEXT('2D SPACE',''
  ) );
#668 = PCURVE('',#669,#674);
#669 = PLANE('',#670);
#670 = AXIS2_PLACEMENT_3D('',#671,#672,#673);
#671 = CARTESIAN_POINT('',(0.,0.,5.));
#672 = DIRECTION('',(0.,0.,1.));
#673 = DIRECTION('',(0.984807753012,0.173648177667,0.));
#674 = DEFINITIONAL_REPRESENTATION('',(#675),#679);
#675 = CIRCLE('',#676,54.);
#676 = AXIS2_PLACEMENT_2D('',#677,#678);
#677 = CARTESIAN_POINT('',(0.,0.));
#678 = DIRECTION('',(1.,-4.74729883959E-18));
#679 = ( GEOMETRIC_REPRESENTATION_CONTEXT(2) 
PARAMETRIC_REPRESENTATION_CONTEXT() REPRESENTATION_CONTEXT('2D SPACE',''
  ) );
#680 = ORIENTED_EDGE('',*,*,#681,.F.);
#681 = EDGE_CURVE('',#682,#653,#684,.T.);
#682 = VERTEX_POINT('',#683);
#683 = CARTESIAN_POINT('',(-16.29097855024,-51.4840171109,5.));
#684 = SURFACE_CURVE('',#685,(#690,#697),.PCURVE_S1.);
#685 = CIRCLE('',#686,54.);
#686 = AXIS2_PLACEMENT_3D('',#687,#688,#689);
#687 = CARTESIAN_POINT('',(0.,0.,5.));
#688 = DIRECTION('',(0.,-0.,1.));
#689 = DIRECTION('',(0.984807753012,0.173648177667,0.));
#690 = PCURVE('',#96,#691);
#691 = DEFINITIONAL_REPRESENTATION('',(#692),#696);
#692 = LINE('',#693,#694);
#693 = CARTESIAN_POINT('',(0.,13.));
#694 = VECTOR('',#695,1.);
#695 = DIRECTION('',(1.,0.));
#696 = ( GEOMETRIC_REPRESENTATION_CONTEXT(2) 
PARAMETRIC_REPRESENTATION_CONTEXT() REPRESENTATION_CONTEXT('2D SPACE',''
  ) );
#697 = PCURVE('',#698,#703);
#698 = PLANE('',#699);
#699 = AXIS2_PLACEMENT_3D('',#700,#701,#702);
#700 = CARTESIAN_POINT('',(0.,0.,5.));
#701 = DIRECTION('',(0.,0.,1.));
#702 = DIRECTION('',(0.984807753012,0.173648177667,0.));
#703 = DEFINITIONAL_REPRESENTATION('',(#704),#708);
#704 = CIRCLE('',#705,54.);
#705 = AXIS2_PLACEMENT_2D('',#706,#707);
#706 = CARTESIAN_POINT('',(0.,0.));
#707 = DIRECTION('',(1.,-4.74729883959E-18));
#708 = ( GEOMETRIC_REPRESENTATION_CONTEXT(2) 
PARAMETRIC_REPRESENTATION_CONTEXT() REPRESENTATION_CONTEXT('2D SPACE',''
  ) );
#709 = ORIENTED_EDGE('',*,*,#710,.F.);
#710 = EDGE_CURVE('',#711,#682,#713,.T.);
#711 = VERTEX_POINT('',#712);
#712 = CARTESIAN_POINT('',(-17.99943806378,-50.91188691639,5.));
#713 = SURFACE_CURVE('',#714,(#719,#726),.PCURVE_S1.);
#714 = CIRCLE('',#715,54.);
#715 = AXIS2_PLACEMENT_3D('',#716,#717,#718);
#716 = CARTESIAN_POINT('',(0.,0.,5.));
#717 = DIRECTION('',(0.,-0.,1.));
#718 = DIRECTION('',(0.984807753012,0.173648177667,0.));
#719 = PCURVE('',#96,#720);
#720 = DEFINITIONAL_REPRESENTATION('',(#721),#725);
#721 = LINE('',#722,#723);
#722 = CARTESIAN_POINT('',(0.,13.));
#723 = VECTOR('',#724,1.);
#724 = DIRECTION('',(1.,0.));
#725 = ( GEOMETRIC_REPRESENTATION_CONTEXT(2) 
PARAMETRIC_REPRESENTATION_CONTEXT() REPRESENTATION_CONTEXT('2D SPACE',''
  ) );
#726 = PCURVE('',#727,#732);
#727 = PLANE('',#728);
#728 = AXIS2_PLACEMENT_3D('',#729,#730,#731);
#729 = CARTESIAN_POINT('',(0.,0.,5.));
#730 = DIRECTION('',(0.,0.,1.));
#731 = DIRECTION('',(0.984807753012,0.173648177667,0.));
#732 = DEFINITIONAL_REPRESENTATION('',(#733),#737);
#733 = CIRCLE('',#734,54.);
#734 = AXIS2_PLACEMENT_2D('',#735,#736);
#735 = CARTESIAN_POINT('',(0.,0.));
#736 = DIRECTION('',(1.,-4.74729883959E-18));
#737 = ( GEOMETRIC_REPRESENTATION_CONTEXT(2) 
PARAMETRIC_REPRESENTATION_CONTEXT() REPRESENTATION_CONTEXT('2D SPACE',''
  ) );
#738 = ORIENTED_EDGE('',*,*,#739,.F.);
#739 = EDGE_CURVE('',#740,#711,#742,.T.);
#740 = VERTEX_POINT('',#741);
#741 = CARTESIAN_POINT('',(-19.68786013579,-50.28308028823,5.));
#742 = SURFACE_CURVE('',#743,(#748,#755),.PCURVE_S1.);
#743 = CIRCLE('',#744,54.);
#744 = AXIS2_PLACEMENT_3D('',#745,#746,#747);
#745 = CARTESIAN_POINT('',(0.,0.,5.));
#746 = DIRECTION('',(0.,-0.,1.));
#747 = DIRECTION('',(0.984807753012,0.173648177667,0.));
#748 = PCURVE('',#96,#749);
#749 = DEFINITIONAL_REPRESENTATION('',(#750),#754);
#750 = LINE('',#751,#752);
#751 = CARTESIAN_POINT('',(0.,13.));
#752 = VECTOR('',#753,1.);
#753 = DIRECTION('',(1.,0.));
#754 = ( GEOMETRIC_REPRESENTATION_CONTEXT(2) 
PARAMETRIC_REPRESENTATION_CONTEXT() REPRESENTATION_CONTEXT('2D SPACE',''
  ) );
#755 = PCURVE('',#756,#761);
#756 = PLANE('',#757);
#757 = AXIS2_PLACEMENT_3D('',#758,#759,#760);
#758 = CARTESIAN_POINT('',(0.,0.,5.));
#759 = DIRECTION('',(0.,0.,1.));
#760 = DIRECTION('',(0.984807753012,0.173648177667,0.));
#761 = DEFINITIONAL_REPRESENTATION('',(#762),#766);
#762 = CIRCLE('',#763,54.);
#763 = AXIS2_PLACEMENT_2D('',#764,#765);
#764 = CARTESIAN_POINT('',(0.,0.));
#765 = DIRECTION('',(1.,-4.74729883959E-18));
#766 = ( GEOMETRIC_REPRESENTATION_CONTEXT(2) 
PARAMETRIC_REPRESENTATION_CONTEXT() REPRESENTATION_CONTEXT('2D SPACE',''
  ) );
#767 = ORIENTED_EDGE('',*,*,#768,.F.);
#768 = EDGE_CURVE('',#769,#740,#771,.T.);
#769 = VERTEX_POINT('',#770);
#770 = CARTESIAN_POINT('',(-21.354365171,-49.59829723028,5.));
#771 = SURFACE_CURVE('',#772,(#777,#784),.PCURVE_S1.);
#772 = CIRCLE('',#773,54.);
#773 = AXIS2_PLACEMENT_3D('',#774,#775,#776);
#774 = CARTESIAN_POINT('',(0.,0.,5.));
#775 = DIRECTION('',(0.,-0.,1.));
#776 = DIRECTION('',(0.984807753012,0.173648177667,0.));
#777 = PCURVE('',#96,#778);
#778 = DEFINITIONAL_REPRESENTATION('',(#779),#783);
#779 = LINE('',#780,#781);
#780 = CARTESIAN_POINT('',(0.,13.));
#781 = VECTOR('',#782,1.);
#782 = DIRECTION('',(1.,0.));
#783 = ( GEOMETRIC_REPRESENTATION_CONTEXT(2) 
PARAMETRIC_REPRESENTATION_CONTEXT() REPRESENTATION_CONTEXT('2D SPACE',''
  ) );
#784 = PCURVE('',#785,#790);
#785 = PLANE('',#786);
#786 = AXIS2_PLACEMENT_3D('',#787,#788,#789);
#787 = CARTESIAN_POINT('',(0.,0.,5.));
#788 = DIRECTION('',(0.,0.,1.));
#789 = DIRECTION('',(0.984807753012,0.173648177667,0.));
#790 = DEFINITIONAL_REPRESENTATION('',(#791),#795);
#791 = CIRCLE('',#792,54.);
#792 = AXIS2_PLACEMENT_2D('',#793,#794);
#793 = CARTESIAN_POINT('',(0.,0.));
#794 = DIRECTION('',(1.,-4.74729883959E-18));
#795 = ( GEOMETRIC_REPRESENTATION_CONTEXT(2) 
PARAMETRIC_REPRESENTATION_CONTEXT() REPRESENTATION_CONTEXT('2D SPACE',''
  ) );
#796 = ORIENTED_EDGE('',*,*,#797,.F.);
#797 = EDGE_CURVE('',#798,#769,#800,.T.);
#798 = VERTEX_POINT('',#799);
#799 = CARTESIAN_POINT('',(-22.99709797278,-48.85830006079,5.));
#800 = SURFACE_CURVE('',#801,(#806,#813),.PCURVE_S1.);
#801 = CIRCLE('',#802,54.);
#802 = AXIS2_PLACEMENT_3D('',#803,#804,#805);
#803 = CARTESIAN_POINT('',(0.,0.,5.));
#804 = DIRECTION('',(0.,-0.,1.));
#805 = DIRECTION('',(0.984807753012,0.173648177667,0.));
#806 = PCURVE('',#96,#807);
#807 = DEFINITIONAL_REPRESENTATION('',(#808),#812);
#808 = LINE('',#809,#810);
#809 = CARTESIAN_POINT('',(0.,13.));
#810 = VECTOR('',#811,1.);
#811 = DIRECTION('',(1.,0.));
#812 = ( GEOMETRIC_REPRESENTATION_CONTEXT(2) 
PARAMETRIC_REPRESENTATION_CONTEXT() REPRESENTATION_CONTEXT('2D SPACE',''
  ) );
#813 = PCURVE('',#814,#819);
#814 = PLANE('',#815);
#815 = AXIS2_PLACEMENT_3D('',#816,#817,#818);
#816 = CARTESIAN_POINT('',(0.,0.,5.));
#817 = DIRECTION('',(0.,0.,1.));
#818 = DIRECTION('',(0.984807753012,0.173648177667,0.));
#819 = DEFINITIONAL_REPRESENTATION('',(#820),#824);
#820 = CIRCLE('',#821,54.);
#821 = AXIS2_PLACEMENT_2D('',#822,#823);
#822 = CARTESIAN_POINT('',(0.,0.));
#823 = DIRECTION('',(1.,-4.74729883959E-18));
#824 = ( GEOMETRIC_REPRESENTATION_CONTEXT(2) 
PARAMETRIC_REPRESENTATION_CONTEXT() REPRESENTATION_CONTEXT('2D SPACE',''
  ) );
#825 = ORIENTED_EDGE('',*,*,#826,.F.);
#826 = EDGE_CURVE('',#827,#798,#829,.T.);
#827 = VERTEX_POINT('',#828);
#828 = CARTESIAN_POINT('',(-24.61422980832,-48.06391256382,5.));
#829 = SURFACE_CURVE('',#830,(#835,#842),.PCURVE_S1.);
#830 = CIRCLE('',#831,54.);
#831 = AXIS2_PLACEMENT_3D('',#832,#833,#834);
#832 = CARTESIAN_POINT('',(0.,0.,5.));
#833 = DIRECTION('',(0.,-0.,1.));
#834 = DIRECTION('',(0.984807753012,0.173648177667,0.));
#835 = PCURVE('',#96,#836);
#836 = DEFINITIONAL_REPRESENTATION('',(#837),#841);
#837 = LINE('',#838,#839);
#838 = CARTESIAN_POINT('',(0.,13.));
#839 = VECTOR('',#840,1.);
#840 = DIRECTION('',(1.,0.));
#841 = ( GEOMETRIC_REPRESENTATION_CONTEXT(2) 
PARAMETRIC_REPRESENTATION_CONTEXT() REPRESENTATION_CONTEXT('2D SPACE',''
  ) );
#842 = PCURVE('',#843,#848);
#843 = PLANE('',#844);
#844 = AXIS2_PLACEMENT_3D('',#845,#846,#847);
#845 = CARTESIAN_POINT('',(0.,0.,5.));
#846 = DIRECTION('',(0.,0.,1.));
#847 = DIRECTION('',(0.984807753012,0.173648177667,0.));
#848 = DEFINITIONAL_REPRESENTATION('',(#849),#853);
#849 = CIRCLE('',#850,54.);
#850 = AXIS2_PLACEMENT_2D('',#851,#852);
#851 = CARTESIAN_POINT('',(0.,0.));
#852 = DIRECTION('',(1.,-4.74729883959E-18));
#853 = ( GEOMETRIC_REPRESENTATION_CONTEXT(2) 
PARAMETRIC_REPRESENTATION_CONTEXT() REPRESENTATION_CONTEXT('2D SPACE',''
  ) );
#854 = ORIENTED_EDGE('',*,*,#855,.F.);
#855 = EDGE_CURVE('',#856,#827,#858,.T.);
#856 = VERTEX_POINT('',#857);
#857 = CARTESIAN_POINT('',(-26.20396044451,-47.21601907215,5.));
#858 = SURFACE_CURVE('',#859,(#864,#871),.PCURVE_S1.);
#859 = CIRCLE('',#860,54.);
#860 = AXIS2_PLACEMENT_3D('',#861,#862,#863);
#861 = CARTESIAN_POINT('',(0.,0.,5.));
#862 = DIRECTION('',(0.,-0.,1.));
#863 = DIRECTION('',(0.984807753012,0.173648177667,0.));
#864 = PCURVE('',#96,#865);
#865 = DEFINITIONAL_REPRESENTATION('',(#866),#870);
#866 = LINE('',#867,#868);
#867 = CARTESIAN_POINT('',(0.,13.));
#868 = VECTOR('',#869,1.);
#869 = DIRECTION('',(1.,0.));
#870 = ( GEOMETRIC_REPRESENTATION_CONTEXT(2) 
PARAMETRIC_REPRESENTATION_CONTEXT() REPRESENTATION_CONTEXT('2D SPACE',''
  ) );
#871 = PCURVE('',#872,#877);
#872 = PLANE('',#873);
#873 = AXIS2_PLACEMENT_3D('',#874,#875,#876);
#874 = CARTESIAN_POINT('',(0.,0.,5.));
#875 = DIRECTION('',(0.,0.,1.));
#876 = DIRECTION('',(0.984807753012,0.173648177667,0.));
#877 = DEFINITIONAL_REPRESENTATION('',(#878),#882);
#878 = CIRCLE('',#879,54.);
#879 = AXIS2_PLACEMENT_2D('',#880,#881);
#880 = CARTESIAN_POINT('',(0.,0.));
#881 = DIRECTION('',(1.,-4.74729883959E-18));
#882 = ( GEOMETRIC_REPRESENTATION_CONTEXT(2) 
PARAMETRIC_REPRESENTATION_CONTEXT() REPRESENTATION_CONTEXT('2D SPACE',''
  ) );
#883 = ORIENTED_EDGE('',*,*,#884,.F.);
#884 = EDGE_CURVE('',#885,#856,#887,.T.);
#885 = VERTEX_POINT('',#886);
#886 = CARTESIAN_POINT('',(-27.76452015196,-46.31556348282,5.));
#887 = SURFACE_CURVE('',#888,(#893,#900),.PCURVE_S1.);
#888 = CIRCLE('',#889,54.);
#889 = AXIS2_PLACEMENT_3D('',#890,#891,#892);
#890 = CARTESIAN_POINT('',(0.,0.,5.));
#891 = DIRECTION('',(0.,-0.,1.));
#892 = DIRECTION('',(0.984807753012,0.173648177667,0.));
#893 = PCURVE('',#96,#894);
#894 = DEFINITIONAL_REPRESENTATION('',(#895),#899);
#895 = LINE('',#896,#897);
#896 = CARTESIAN_POINT('',(0.,13.));
#897 = VECTOR('',#898,1.);
#898 = DIRECTION('',(1.,0.));
#899 = ( GEOMETRIC_REPRESENTATION_CONTEXT(2) 
PARAMETRIC_REPRESENTATION_CONTEXT() REPRESENTATION_CONTEXT('2D SPACE',''
  ) );
#900 = PCURVE('',#901,#906);
#901 = PLANE('',#902);
#902 = AXIS2_PLACEMENT_3D('',#903,#904,#905);
#903 = CARTESIAN_POINT('',(0.,0.,5.));
#904 = DIRECTION('',(0.,0.,1.));
#905 = DIRECTION('',(0.984807753012,0.173648177667,0.));
#906 = DEFINITIONAL_REPRESENTATION('',(#907),#911);
#907 = CIRCLE('',#908,54.);
#908 = AXIS2_PLACEMENT_2D('',#909,#910);
#909 = CARTESIAN_POINT('',(0.,0.));
#910 = DIRECTION('',(1.,-4.74729883959E-18));
#911 = ( GEOMETRIC_REPRESENTATION_CONTEXT(2) 
PARAMETRIC_REPRESENTATION_CONTEXT() REPRESENTATION_CONTEXT('2D SPACE',''
  ) );
#912 = ORIENTED_EDGE('',*,*,#913,.F.);
#913 = EDGE_CURVE('',#914,#885,#916,.T.);
#914 = VERTEX_POINT('',#915);
#915 = CARTESIAN_POINT('',(-29.2941716751,-45.36354820634,5.));
#916 = SURFACE_CURVE('',#917,(#922,#929),.PCURVE_S1.);
#917 = CIRCLE('',#918,54.);
#918 = AXIS2_PLACEMENT_3D('',#919,#920,#921);
#919 = CARTESIAN_POINT('',(0.,0.,5.));
#920 = DIRECTION('',(0.,-0.,1.));
#921 = DIRECTION('',(0.984807753012,0.173648177667,0.));
#922 = PCURVE('',#96,#923);
#923 = DEFINITIONAL_REPRESENTATION('',(#924),#928);
#924 = LINE('',#925,#926);
#925 = CARTESIAN_POINT('',(0.,13.));
#926 = VECTOR('',#927,1.);
#927 = DIRECTION('',(1.,0.));
#928 = ( GEOMETRIC_REPRESENTATION_CONTEXT(2) 
PARAMETRIC_REPRESENTATION_CONTEXT() REPRESENTATION_CONTEXT('2D SPACE',''
  ) );
#929 = PCURVE('',#930,#935);
#930 = PLANE('',#931);
#931 = AXIS2_PLACEMENT_3D('',#932,#933,#934);
#932 = CARTESIAN_POINT('',(0.,0.,5.));
#933 = DIRECTION('',(0.,0.,1.));
#934 = DIRECTION('',(0.984807753012,0.173648177667,0.));
#935 = DEFINITIONAL_REPRESENTATION('',(#936),#940);
#936 = CIRCLE('',#937,54.);
#937 = AXIS2_PLACEMENT_2D('',#938,#939);
#938 = CARTESIAN_POINT('',(0.,0.));
#939 = DIRECTION('',(1.,-4.74729883959E-18));
#940 = ( GEOMETRIC_REPRESENTATION_CONTEXT(2) 
PARAMETRIC_REPRESENTATION_CONTEXT() REPRESENTATION_CONTEXT('2D SPACE',''
  ) );
#941 = ORIENTED_EDGE('',*,*,#942,.F.);
#942 = EDGE_CURVE('',#943,#914,#945,.T.);
#943 = VERTEX_POINT('',#944);
#944 = CARTESIAN_POINT('',(-30.79121216615,-44.36103305085,5.));
#945 = SURFACE_CURVE('',#946,(#951,#958),.PCURVE_S1.);
#946 = CIRCLE('',#947,54.);
#947 = AXIS2_PLACEMENT_3D('',#948,#949,#950);
#948 = CARTESIAN_POINT('',(0.,0.,5.));
#949 = DIRECTION('',(0.,-0.,1.));
#950 = DIRECTION('',(0.984807753012,0.173648177667,0.));
#951 = PCURVE('',#96,#952);
#952 = DEFINITIONAL_REPRESENTATION('',(#953),#957);
#953 = LINE('',#954,#955);
#954 = CARTESIAN_POINT('',(0.,13.));
#955 = VECTOR('',#956,1.);
#956 = DIRECTION('',(1.,0.));
#957 = ( GEOMETRIC_REPRESENTATION_CONTEXT(2) 
PARAMETRIC_REPRESENTATION_CONTEXT() REPRESENTATION_CONTEXT('2D SPACE',''
  ) );
#958 = PCURVE('',#959,#964);
#959 = PLANE('',#960);
#960 = AXIS2_PLACEMENT_3D('',#961,#962,#963);
#961 = CARTESIAN_POINT('',(0.,0.,5.));
#962 = DIRECTION('',(0.,0.,1.));
#963 = DIRECTION('',(0.984807753012,0.173648177667,0.));
#964 = DEFINITIONAL_REPRESENTATION('',(#965),#969);
#965 = CIRCLE('',#966,54.);
#966 = AXIS2_PLACEMENT_2D('',#967,#968);
#967 = CARTESIAN_POINT('',(0.,0.));
#968 = DIRECTION('',(1.,-4.74729883959E-18));
#969 = ( GEOMETRIC_REPRESENTATION_CONTEXT(2) 
PARAMETRIC_REPRESENTATION_CONTEXT() REPRESENTATION_CONTEXT('2D SPACE',''
  ) );
#970 = ORIENTED_EDGE('',*,*,#971,.F.);
#971 = EDGE_CURVE('',#972,#943,#974,.T.);
#972 = VERTEX_POINT('',#973);
#973 = CARTESIAN_POINT('',(-32.25397508081,-43.30913404221,5.));
#974 = SURFACE_CURVE('',#975,(#980,#987),.PCURVE_S1.);
#975 = CIRCLE('',#976,54.);
#976 = AXIS2_PLACEMENT_3D('',#977,#978,#979);
#977 = CARTESIAN_POINT('',(0.,0.,5.));
#978 = DIRECTION('',(0.,-0.,1.));
#979 = DIRECTION('',(0.984807753012,0.173648177667,0.));
#980 = PCURVE('',#96,#981);
#981 = DEFINITIONAL_REPRESENTATION('',(#982),#986);
#982 = LINE('',#983,#984);
#983 = CARTESIAN_POINT('',(0.,13.));
#984 = VECTOR('',#985,1.);
#985 = DIRECTION('',(1.,0.));
#986 = ( GEOMETRIC_REPRESENTATION_CONTEXT(2) 
PARAMETRIC_REPRESENTATION_CONTEXT() REPRESENTATION_CONTEXT('2D SPACE',''
  ) );
#987 = PCURVE('',#988,#993);
#988 = PLANE('',#989);
#989 = AXIS2_PLACEMENT_3D('',#990,#991,#992);
#990 = CARTESIAN_POINT('',(0.,0.,5.));
#991 = DIRECTION('',(0.,0.,1.));
#992 = DIRECTION('',(0.984807753012,0.173648177667,0.));
#993 = DEFINITIONAL_REPRESENTATION('',(#994),#998);
#994 = CIRCLE('',#995,54.);
#995 = AXIS2_PLACEMENT_2D('',#996,#997);
#996 = CARTESIAN_POINT('',(0.,0.));
#997 = DIRECTION('',(1.,-4.74729883959E-18));
#998 = ( GEOMETRIC_REPRESENTATION_CONTEXT(2) 
PARAMETRIC_REPRESENTATION_CONTEXT() REPRESENTATION_CONTEXT('2D SPACE',''
  ) );
#999 = ORIENTED_EDGE('',*,*,#1000,.F.);
#1000 = EDGE_CURVE('',#1001,#972,#1003,.T.);
#1001 = VERTEX_POINT('',#1002);
#1002 = CARTESIAN_POINT('',(-33.68083203343,-42.2090221817,5.));
#1003 = SURFACE_CURVE('',#1004,(#1009,#1016),.PCURVE_S1.);
#1004 = CIRCLE('',#1005,54.);
#1005 = AXIS2_PLACEMENT_3D('',#1006,#1007,#1008);
#1006 = CARTESIAN_POINT('',(0.,0.,5.));
#1007 = DIRECTION('',(0.,-0.,1.));
#1008 = DIRECTION('',(0.984807753012,0.173648177667,0.));
#1009 = PCURVE('',#96,#1010);
#1010 = DEFINITIONAL_REPRESENTATION('',(#1011),#1015);
#1011 = LINE('',#1012,#1013);
#1012 = CARTESIAN_POINT('',(0.,13.));
#1013 = VECTOR('',#1014,1.);
#1014 = DIRECTION('',(1.,0.));
#1015 = ( GEOMETRIC_REPRESENTATION_CONTEXT(2) 
PARAMETRIC_REPRESENTATION_CONTEXT() REPRESENTATION_CONTEXT('2D SPACE',''
  ) );
#1016 = PCURVE('',#1017,#1022);
#1017 = PLANE('',#1018);
#1018 = AXIS2_PLACEMENT_3D('',#1019,#1020,#1021);
#1019 = CARTESIAN_POINT('',(0.,0.,5.));
#1020 = DIRECTION('',(0.,0.,1.));
#1021 = DIRECTION('',(0.984807753012,0.173648177667,0.));
#1022 = DEFINITIONAL_REPRESENTATION('',(#1023),#1027);
#1023 = CIRCLE('',#1024,54.);
#1024 = AXIS2_PLACEMENT_2D('',#1025,#1026);
#1025 = CARTESIAN_POINT('',(0.,0.));
#1026 = DIRECTION('',(1.,-4.74729883959E-18));
#1027 = ( GEOMETRIC_REPRESENTATION_CONTEXT(2) 
PARAMETRIC_REPRESENTATION_CONTEXT() REPRESENTATION_CONTEXT('2D SPACE',''
  ) );
#1028 = ORIENTED_EDGE('',*,*,#1029,.F.);
#1029 = EDGE_CURVE('',#1030,#1001,#1032,.T.);
#1030 = VERTEX_POINT('',#1031);
#1031 = CARTESIAN_POINT('',(-35.07019460983,-41.0619221424,5.));
#1032 = SURFACE_CURVE('',#1033,(#1038,#1045),.PCURVE_S1.);
#1033 = CIRCLE('',#1034,54.);
#1034 = AXIS2_PLACEMENT_3D('',#1035,#1036,#1037);
#1035 = CARTESIAN_POINT('',(0.,0.,5.));
#1036 = DIRECTION('',(0.,-0.,1.));
#1037 = DIRECTION('',(0.984807753012,0.173648177667,0.));
#1038 = PCURVE('',#96,#1039);
#1039 = DEFINITIONAL_REPRESENTATION('',(#1040),#1044);
#1040 = LINE('',#1041,#1042);
#1041 = CARTESIAN_POINT('',(0.,13.));
#1042 = VECTOR('',#1043,1.);
#1043 = DIRECTION('',(1.,0.));
#1044 = ( GEOMETRIC_REPRESENTATION_CONTEXT(2) 
PARAMETRIC_REPRESENTATION_CONTEXT() REPRESENTATION_CONTEXT('2D SPACE',''
  ) );
#1045 = PCURVE('',#1046,#1051);
#1046 = PLANE('',#1047);
#1047 = AXIS2_PLACEMENT_3D('',#1048,#1049,#1050);
#1048 = CARTESIAN_POINT('',(0.,0.,5.));
#1049 = DIRECTION('',(0.,0.,1.));
#1050 = DIRECTION('',(0.984807753012,0.173648177667,0.));
#1051 = DEFINITIONAL_REPRESENTATION('',(#1052),#1056);
#1052 = CIRCLE('',#1053,54.);
#1053 = AXIS2_PLACEMENT_2D('',#1054,#1055);
#1054 = CARTESIAN_POINT('',(0.,0.));
#1055 = DIRECTION('',(1.,-4.74729883959E-18));
#1056 = ( GEOMETRIC_REPRESENTATION_CONTEXT(2) 
PARAMETRIC_REPRESENTATION_CONTEXT() REPRESENTATION_CONTEXT('2D SPACE',''
  ) );
#1057 = ORIENTED_EDGE('',*,*,#1058,.F.);
#1058 = EDGE_CURVE('',#1059,#1030,#1061,.T.);
#1059 = VERTEX_POINT('',#1060);
#1060 = CARTESIAN_POINT('',(-42.55258069476,33.245719667586,5.));
#1061 = SURFACE_CURVE('',#1062,(#1067,#1074),.PCURVE_S1.);
#1062 = CIRCLE('',#1063,54.);
#1063 = AXIS2_PLACEMENT_3D('',#1064,#1065,#1066);
#1064 = CARTESIAN_POINT('',(0.,0.,5.));
#1065 = DIRECTION('',(0.,-0.,1.));
#1066 = DIRECTION('',(0.984807753012,0.173648177667,0.));
#1067 = PCURVE('',#96,#1068);
#1068 = DEFINITIONAL_REPRESENTATION('',(#1069),#1073);
#1069 = LINE('',#1070,#1071);
#1070 = CARTESIAN_POINT('',(0.,13.));
#1071 = VECTOR('',#1072,1.);
#1072 = DIRECTION('',(1.,0.));
#1073 = ( GEOMETRIC_REPRESENTATION_CONTEXT(2) 
PARAMETRIC_REPRESENTATION_CONTEXT() REPRESENTATION_CONTEXT('2D SPACE',''
  ) );
#1074 = PCURVE('',#1075,#1080);
#1075 = PLANE('',#1076);
#1076 = AXIS2_PLACEMENT_3D('',#1077,#1078,#1079);
#1077 = CARTESIAN_POINT('',(0.,0.,5.));
#1078 = DIRECTION('',(0.,0.,1.));
#1079 = DIRECTION('',(0.984807753012,0.173648177667,0.));
#1080 = DEFINITIONAL_REPRESENTATION('',(#1081),#1085);
#1081 = CIRCLE('',#1082,54.);
#1082 = AXIS2_PLACEMENT_2D('',#1083,#1084);
#1083 = CARTESIAN_POINT('',(0.,0.));
#1084 = DIRECTION('',(1.,-4.74729883959E-18));
#1085 = ( GEOMETRIC_REPRESENTATION_CONTEXT(2) 
PARAMETRIC_REPRESENTATION_CONTEXT() REPRESENTATION_CONTEXT('2D SPACE',''
  ) );
#1086 = ORIENTED_EDGE('',*,*,#1087,.F.);
#1087 = EDGE_CURVE('',#1088,#1059,#1090,.T.);
#1088 = VERTEX_POINT('',#1089);
#1089 = CARTESIAN_POINT('',(-41.41980494788,34.646785681784,5.));
#1090 = SURFACE_CURVE('',#1091,(#1096,#1103),.PCURVE_S1.);
#1091 = CIRCLE('',#1092,54.);
#1092 = AXIS2_PLACEMENT_3D('',#1093,#1094,#1095);
#1093 = CARTESIAN_POINT('',(0.,0.,5.));
#1094 = DIRECTION('',(0.,-0.,1.));
#1095 = DIRECTION('',(0.984807753012,0.173648177667,0.));
#1096 = PCURVE('',#96,#1097);
#1097 = DEFINITIONAL_REPRESENTATION('',(#1098),#1102);
#1098 = LINE('',#1099,#1100);
#1099 = CARTESIAN_POINT('',(0.,13.));
#1100 = VECTOR('',#1101,1.);
#1101 = DIRECTION('',(1.,0.));
#1102 = ( GEOMETRIC_REPRESENTATION_CONTEXT(2) 
PARAMETRIC_REPRESENTATION_CONTEXT() REPRESENTATION_CONTEXT('2D SPACE',''
  ) );
#1103 = PCURVE('',#1104,#1109);
#1104 = PLANE('',#1105);
#1105 = AXIS2_PLACEMENT_3D('',#1106,#1107,#1108);
#1106 = CARTESIAN_POINT('',(0.,0.,5.));
#1107 = DIRECTION('',(0.,0.,1.));
#1108 = DIRECTION('',(0.984807753012,0.173648177667,0.));
#1109 = DEFINITIONAL_REPRESENTATION('',(#1110),#1114);
#1110 = CIRCLE('',#1111,54.);
#1111 = AXIS2_PLACEMENT_2D('',#1112,#1113);
#1112 = CARTESIAN_POINT('',(0.,0.));
#1113 = DIRECTION('',(1.,-4.74729883959E-18));
#1114 = ( GEOMETRIC_REPRESENTATION_CONTEXT(2) 
PARAMETRIC_REPRESENTATION_CONTEXT() REPRESENTATION_CONTEXT('2D SPACE',''
  ) );
#1115 = ORIENTED_EDGE('',*,*,#1116,.F.);
#1116 = EDGE_CURVE('',#1117,#1088,#1119,.T.);
#1117 = VERTEX_POINT('',#1118);
#1118 = CARTESIAN_POINT('',(-40.2409195993,36.009281995094,5.));
#1119 = SURFACE_CURVE('',#1120,(#1125,#1132),.PCURVE_S1.);
#1120 = CIRCLE('',#1121,54.);
#1121 = AXIS2_PLACEMENT_3D('',#1122,#1123,#1124);
#1122 = CARTESIAN_POINT('',(0.,0.,5.));
#1123 = DIRECTION('',(0.,-0.,1.));
#1124 = DIRECTION('',(0.984807753012,0.173648177667,0.));
#1125 = PCURVE('',#96,#1126);
#1126 = DEFINITIONAL_REPRESENTATION('',(#1127),#1131);
#1127 = LINE('',#1128,#1129);
#1128 = CARTESIAN_POINT('',(0.,13.));
#1129 = VECTOR('',#1130,1.);
#1130 = DIRECTION('',(1.,0.));
#1131 = ( GEOMETRIC_REPRESENTATION_CONTEXT(2) 
PARAMETRIC_REPRESENTATION_CONTEXT() REPRESENTATION_CONTEXT('2D SPACE',''
  ) );
#1132 = PCURVE('',#1133,#1138);
#1133 = PLANE('',#1134);
#1134 = AXIS2_PLACEMENT_3D('',#1135,#1136,#1137);
#1135 = CARTESIAN_POINT('',(0.,0.,5.));
#1136 = DIRECTION('',(0.,0.,1.));
#1137 = DIRECTION('',(0.984807753012,0.173648177667,0.));
#1138 = DEFINITIONAL_REPRESENTATION('',(#1139),#1143);
#1139 = CIRCLE('',#1140,54.);
#1140 = AXIS2_PLACEMENT_2D('',#1141,#1142);
#1141 = CARTESIAN_POINT('',(0.,0.));
#1142 = DIRECTION('',(1.,-4.74729883959E-18));
#1143 = ( GEOMETRIC_REPRESENTATION_CONTEXT(2) 
PARAMETRIC_REPRESENTATION_CONTEXT() REPRESENTATION_CONTEXT('2D SPACE',''
  ) );
#1144 = ORIENTED_EDGE('',*,*,#1145,.F.);
#1145 = EDGE_CURVE('',#1146,#1117,#1148,.T.);
#1146 = VERTEX_POINT('',#1147);
#1147 = CARTESIAN_POINT('',(-39.0172370148,37.331691841262,5.));
#1148 = SURFACE_CURVE('',#1149,(#1154,#1161),.PCURVE_S1.);
#1149 = CIRCLE('',#1150,54.);
#1150 = AXIS2_PLACEMENT_3D('',#1151,#1152,#1153);
#1151 = CARTESIAN_POINT('',(0.,0.,5.));
#1152 = DIRECTION('',(0.,-0.,1.));
#1153 = DIRECTION('',(0.984807753012,0.173648177667,0.));
#1154 = PCURVE('',#96,#1155);
#1155 = DEFINITIONAL_REPRESENTATION('',(#1156),#1160);
#1156 = LINE('',#1157,#1158);
#1157 = CARTESIAN_POINT('',(0.,13.));
#1158 = VECTOR('',#1159,1.);
#1159 = DIRECTION('',(1.,0.));
#1160 = ( GEOMETRIC_REPRESENTATION_CONTEXT(2) 
PARAMETRIC_REPRESENTATION_CONTEXT() REPRESENTATION_CONTEXT('2D SPACE',''
  ) );
#1161 = PCURVE('',#1162,#1167);
#1162 = PLANE('',#1163);
#1163 = AXIS2_PLACEMENT_3D('',#1164,#1165,#1166);
#1164 = CARTESIAN_POINT('',(0.,0.,5.));
#1165 = DIRECTION('',(0.,0.,1.));
#1166 = DIRECTION('',(0.984807753012,0.173648177667,0.));
#1167 = DEFINITIONAL_REPRESENTATION('',(#1168),#1172);
#1168 = CIRCLE('',#1169,54.);
#1169 = AXIS2_PLACEMENT_2D('',#1170,#1171);
#1170 = CARTESIAN_POINT('',(0.,0.));
#1171 = DIRECTION('',(1.,-4.74729883959E-18));
#1172 = ( GEOMETRIC_REPRESENTATION_CONTEXT(2) 
PARAMETRIC_REPRESENTATION_CONTEXT() REPRESENTATION_CONTEXT('2D SPACE',''
  ) );
#1173 = ORIENTED_EDGE('',*,*,#1174,.F.);
#1174 = EDGE_CURVE('',#1175,#1146,#1177,.T.);
#1175 = VERTEX_POINT('',#1176);
#1176 = CARTESIAN_POINT('',(-37.75011942956,38.612543079332,5.));
#1177 = SURFACE_CURVE('',#1178,(#1183,#1190),.PCURVE_S1.);
#1178 = CIRCLE('',#1179,54.);
#1179 = AXIS2_PLACEMENT_3D('',#1180,#1181,#1182);
#1180 = CARTESIAN_POINT('',(0.,0.,5.));
#1181 = DIRECTION('',(0.,-0.,1.));
#1182 = DIRECTION('',(0.984807753012,0.173648177667,0.));
#1183 = PCURVE('',#96,#1184);
#1184 = DEFINITIONAL_REPRESENTATION('',(#1185),#1189);
#1185 = LINE('',#1186,#1187);
#1186 = CARTESIAN_POINT('',(0.,13.));
#1187 = VECTOR('',#1188,1.);
#1188 = DIRECTION('',(1.,0.));
#1189 = ( GEOMETRIC_REPRESENTATION_CONTEXT(2) 
PARAMETRIC_REPRESENTATION_CONTEXT() REPRESENTATION_CONTEXT('2D SPACE',''
  ) );
#1190 = PCURVE('',#1191,#1196);
#1191 = PLANE('',#1192);
#1192 = AXIS2_PLACEMENT_3D('',#1193,#1194,#1195);
#1193 = CARTESIAN_POINT('',(0.,0.,5.));
#1194 = DIRECTION('',(0.,0.,1.));
#1195 = DIRECTION('',(0.984807753012,0.173648177667,0.));
#1196 = DEFINITIONAL_REPRESENTATION('',(#1197),#1201);
#1197 = CIRCLE('',#1198,54.);
#1198 = AXIS2_PLACEMENT_2D('',#1199,#1200);
#1199 = CARTESIAN_POINT('',(0.,0.));
#1200 = DIRECTION('',(1.,-4.74729883959E-18));
#1201 = ( GEOMETRIC_REPRESENTATION_CONTEXT(2) 
PARAMETRIC_REPRESENTATION_CONTEXT() REPRESENTATION_CONTEXT('2D SPACE',''
  ) );
#1202 = ORIENTED_EDGE('',*,*,#1203,.F.);
#1203 = EDGE_CURVE('',#1204,#1175,#1206,.T.);
#1204 = VERTEX_POINT('',#1205);
#1205 = CARTESIAN_POINT('',(-36.44097743179,39.850409832469,5.));
#1206 = SURFACE_CURVE('',#1207,(#1212,#1219),.PCURVE_S1.);
#1207 = CIRCLE('',#1208,54.);
#1208 = AXIS2_PLACEMENT_3D('',#1209,#1210,#1211);
#1209 = CARTESIAN_POINT('',(0.,0.,5.));
#1210 = DIRECTION('',(0.,-0.,1.));
#1211 = DIRECTION('',(0.984807753012,0.173648177667,0.));
#1212 = PCURVE('',#96,#1213);
#1213 = DEFINITIONAL_REPRESENTATION('',(#1214),#1218);
#1214 = LINE('',#1215,#1216);
#1215 = CARTESIAN_POINT('',(0.,13.));
#1216 = VECTOR('',#1217,1.);
#1217 = DIRECTION('',(1.,0.));
#1218 = ( GEOMETRIC_REPRESENTATION_CONTEXT(2) 
PARAMETRIC_REPRESENTATION_CONTEXT() REPRESENTATION_CONTEXT('2D SPACE',''
  ) );
#1219 = PCURVE('',#1220,#1225);
#1220 = PLANE('',#1221);
#1221 = AXIS2_PLACEMENT_3D('',#1222,#1223,#1224);
#1222 = CARTESIAN_POINT('',(0.,0.,5.));
#1223 = DIRECTION('',(0.,0.,1.));
#1224 = DIRECTION('',(0.984807753012,0.173648177667,0.));
#1225 = DEFINITIONAL_REPRESENTATION('',(#1226),#1230);
#1226 = CIRCLE('',#1227,54.);
#1227 = AXIS2_PLACEMENT_2D('',#1228,#1229);
#1228 = CARTESIAN_POINT('',(0.,0.));
#1229 = DIRECTION('',(1.,-4.74729883959E-18));
#1230 = ( GEOMETRIC_REPRESENTATION_CONTEXT(2) 
PARAMETRIC_REPRESENTATION_CONTEXT() REPRESENTATION_CONTEXT('2D SPACE',''
  ) );
#1231 = ORIENTED_EDGE('',*,*,#1232,.F.);
#1232 = EDGE_CURVE('',#1233,#1204,#1235,.T.);
#1233 = VERTEX_POINT('',#1234);
#1234 = CARTESIAN_POINT('',(-35.0912683923,41.04391407528,5.));
#1235 = SURFACE_CURVE('',#1236,(#1241,#1248),.PCURVE_S1.);
#1236 = CIRCLE('',#1237,54.);
#1237 = AXIS2_PLACEMENT_3D('',#1238,#1239,#1240);
#1238 = CARTESIAN_POINT('',(0.,0.,5.));
#1239 = DIRECTION('',(0.,-0.,1.));
#1240 = DIRECTION('',(0.984807753012,0.173648177667,0.));
#1241 = PCURVE('',#96,#1242);
#1242 = DEFINITIONAL_REPRESENTATION('',(#1243),#1247);
#1243 = LINE('',#1244,#1245);
#1244 = CARTESIAN_POINT('',(0.,13.));
#1245 = VECTOR('',#1246,1.);
#1246 = DIRECTION('',(1.,0.));
#1247 = ( GEOMETRIC_REPRESENTATION_CONTEXT(2) 
PARAMETRIC_REPRESENTATION_CONTEXT() REPRESENTATION_CONTEXT('2D SPACE',''
  ) );
#1248 = PCURVE('',#1249,#1254);
#1249 = PLANE('',#1250);
#1250 = AXIS2_PLACEMENT_3D('',#1251,#1252,#1253);
#1251 = CARTESIAN_POINT('',(0.,0.,5.));
#1252 = DIRECTION('',(0.,0.,1.));
#1253 = DIRECTION('',(0.984807753012,0.173648177667,0.));
#1254 = DEFINITIONAL_REPRESENTATION('',(#1255),#1259);
#1255 = CIRCLE('',#1256,54.);
#1256 = AXIS2_PLACEMENT_2D('',#1257,#1258);
#1257 = CARTESIAN_POINT('',(0.,0.));
#1258 = DIRECTION('',(1.,-4.74729883959E-18));
#1259 = ( GEOMETRIC_REPRESENTATION_CONTEXT(2) 
PARAMETRIC_REPRESENTATION_CONTEXT() REPRESENTATION_CONTEXT('2D SPACE',''
  ) );
#1260 = ORIENTED_EDGE('',*,*,#1261,.F.);
#1261 = EDGE_CURVE('',#1262,#1233,#1264,.T.);
#1262 = VERTEX_POINT('',#1263);
#1263 = CARTESIAN_POINT('',(-33.70249484225,42.191727167871,5.));
#1264 = SURFACE_CURVE('',#1265,(#1270,#1277),.PCURVE_S1.);
#1265 = CIRCLE('',#1266,54.);
#1266 = AXIS2_PLACEMENT_3D('',#1267,#1268,#1269);
#1267 = CARTESIAN_POINT('',(0.,0.,5.));
#1268 = DIRECTION('',(0.,-0.,1.));
#1269 = DIRECTION('',(0.984807753012,0.173648177667,0.));
#1270 = PCURVE('',#96,#1271);
#1271 = DEFINITIONAL_REPRESENTATION('',(#1272),#1276);
#1272 = LINE('',#1273,#1274);
#1273 = CARTESIAN_POINT('',(0.,13.));
#1274 = VECTOR('',#1275,1.);
#1275 = DIRECTION('',(1.,0.));
#1276 = ( GEOMETRIC_REPRESENTATION_CONTEXT(2) 
PARAMETRIC_REPRESENTATION_CONTEXT() REPRESENTATION_CONTEXT('2D SPACE',''
  ) );
#1277 = PCURVE('',#1278,#1283);
#1278 = PLANE('',#1279);
#1279 = AXIS2_PLACEMENT_3D('',#1280,#1281,#1282);
#1280 = CARTESIAN_POINT('',(0.,0.,5.));
#1281 = DIRECTION('',(0.,0.,1.));
#1282 = DIRECTION('',(0.984807753012,0.173648177667,0.));
#1283 = DEFINITIONAL_REPRESENTATION('',(#1284),#1288);
#1284 = CIRCLE('',#1285,54.);
#1285 = AXIS2_PLACEMENT_2D('',#1286,#1287);
#1286 = CARTESIAN_POINT('',(0.,0.));
#1287 = DIRECTION('',(1.,-4.74729883959E-18));
#1288 = ( GEOMETRIC_REPRESENTATION_CONTEXT(2) 
PARAMETRIC_REPRESENTATION_CONTEXT() REPRESENTATION_CONTEXT('2D SPACE',''
  ) );
#1289 = ORIENTED_EDGE('',*,*,#1290,.F.);
#1290 = EDGE_CURVE('',#1291,#1262,#1293,.T.);
#1291 = VERTEX_POINT('',#1292);
#1292 = CARTESIAN_POINT('',(-32.27620280036,43.292571334924,5.));
#1293 = SURFACE_CURVE('',#1294,(#1299,#1306),.PCURVE_S1.);
#1294 = CIRCLE('',#1295,54.);
#1295 = AXIS2_PLACEMENT_3D('',#1296,#1297,#1298);
#1296 = CARTESIAN_POINT('',(0.,0.,5.));
#1297 = DIRECTION('',(0.,-0.,1.));
#1298 = DIRECTION('',(0.984807753012,0.173648177667,0.));
#1299 = PCURVE('',#96,#1300);
#1300 = DEFINITIONAL_REPRESENTATION('',(#1301),#1305);
#1301 = LINE('',#1302,#1303);
#1302 = CARTESIAN_POINT('',(0.,13.));
#1303 = VECTOR('',#1304,1.);
#1304 = DIRECTION('',(1.,0.));
#1305 = ( GEOMETRIC_REPRESENTATION_CONTEXT(2) 
PARAMETRIC_REPRESENTATION_CONTEXT() REPRESENTATION_CONTEXT('2D SPACE',''
  ) );
#1306 = PCURVE('',#1307,#1312);
#1307 = PLANE('',#1308);
#1308 = AXIS2_PLACEMENT_3D('',#1309,#1310,#1311);
#1309 = CARTESIAN_POINT('',(0.,0.,5.));
#1310 = DIRECTION('',(0.,0.,1.));
#1311 = DIRECTION('',(0.984807753012,0.173648177667,0.));
#1312 = DEFINITIONAL_REPRESENTATION('',(#1313),#1317);
#1313 = CIRCLE('',#1314,54.);
#1314 = AXIS2_PLACEMENT_2D('',#1315,#1316);
#1315 = CARTESIAN_POINT('',(0.,0.));
#1316 = DIRECTION('',(1.,-4.74729883959E-18));
#1317 = ( GEOMETRIC_REPRESENTATION_CONTEXT(2) 
PARAMETRIC_REPRESENTATION_CONTEXT() REPRESENTATION_CONTEXT('2D SPACE',''
  ) );
#1318 = ORIENTED_EDGE('',*,*,#1319,.F.);
#1319 = EDGE_CURVE('',#1320,#1291,#1322,.T.);
#1320 = VERTEX_POINT('',#1321);
#1321 = CARTESIAN_POINT('',(-30.81398005197,44.345221088143,5.));
#1322 = SURFACE_CURVE('',#1323,(#1328,#1335),.PCURVE_S1.);
#1323 = CIRCLE('',#1324,54.);
#1324 = AXIS2_PLACEMENT_3D('',#1325,#1326,#1327);
#1325 = CARTESIAN_POINT('',(0.,0.,5.));
#1326 = DIRECTION('',(0.,-0.,1.));
#1327 = DIRECTION('',(0.984807753012,0.173648177667,0.));
#1328 = PCURVE('',#96,#1329);
#1329 = DEFINITIONAL_REPRESENTATION('',(#1330),#1334);
#1330 = LINE('',#1331,#1332);
#1331 = CARTESIAN_POINT('',(0.,13.));
#1332 = VECTOR('',#1333,1.);
#1333 = DIRECTION('',(1.,0.));
#1334 = ( GEOMETRIC_REPRESENTATION_CONTEXT(2) 
PARAMETRIC_REPRESENTATION_CONTEXT() REPRESENTATION_CONTEXT('2D SPACE',''
  ) );
#1335 = PCURVE('',#1336,#1341);
#1336 = PLANE('',#1337);
#1337 = AXIS2_PLACEMENT_3D('',#1338,#1339,#1340);
#1338 = CARTESIAN_POINT('',(0.,0.,5.));
#1339 = DIRECTION('',(0.,0.,1.));
#1340 = DIRECTION('',(0.984807753012,0.173648177667,0.));
#1341 = DEFINITIONAL_REPRESENTATION('',(#1342),#1346);
#1342 = CIRCLE('',#1343,54.);
#1343 = AXIS2_PLACEMENT_2D('',#1344,#1345);
#1344 = CARTESIAN_POINT('',(0.,0.));
#1345 = DIRECTION('',(1.,-4.74729883959E-18));
#1346 = ( GEOMETRIC_REPRESENTATION_CONTEXT(2) 
PARAMETRIC_REPRESENTATION_CONTEXT() REPRESENTATION_CONTEXT('2D SPACE',''
  ) );
#1347 = ORIENTED_EDGE('',*,*,#1348,.F.);
#1348 = EDGE_CURVE('',#1349,#1320,#1351,.T.);
#1349 = VERTEX_POINT('',#1350);
#1350 = CARTESIAN_POINT('',(-29.31745438138,45.34850459051,5.));
#1351 = SURFACE_CURVE('',#1352,(#1357,#1364),.PCURVE_S1.);
#1352 = CIRCLE('',#1353,54.);
#1353 = AXIS2_PLACEMENT_3D('',#1354,#1355,#1356);
#1354 = CARTESIAN_POINT('',(0.,0.,5.));
#1355 = DIRECTION('',(0.,-0.,1.));
#1356 = DIRECTION('',(0.984807753012,0.173648177667,0.));
#1357 = PCURVE('',#96,#1358);
#1358 = DEFINITIONAL_REPRESENTATION('',(#1359),#1363);
#1359 = LINE('',#1360,#1361);
#1360 = CARTESIAN_POINT('',(0.,13.));
#1361 = VECTOR('',#1362,1.);
#1362 = DIRECTION('',(1.,0.));
#1363 = ( GEOMETRIC_REPRESENTATION_CONTEXT(2) 
PARAMETRIC_REPRESENTATION_CONTEXT() REPRESENTATION_CONTEXT('2D SPACE',''
  ) );
#1364 = PCURVE('',#1365,#1370);
#1365 = PLANE('',#1366);
#1366 = AXIS2_PLACEMENT_3D('',#1367,#1368,#1369);
#1367 = CARTESIAN_POINT('',(0.,0.,5.));
#1368 = DIRECTION('',(0.,0.,1.));
#1369 = DIRECTION('',(0.984807753012,0.173648177667,0.));
#1370 = DEFINITIONAL_REPRESENTATION('',(#1371),#1375);
#1371 = CIRCLE('',#1372,54.);
#1372 = AXIS2_PLACEMENT_2D('',#1373,#1374);
#1373 = CARTESIAN_POINT('',(0.,0.));
#1374 = DIRECTION('',(1.,-4.74729883959E-18));
#1375 = ( GEOMETRIC_REPRESENTATION_CONTEXT(2) 
PARAMETRIC_REPRESENTATION_CONTEXT() REPRESENTATION_CONTEXT('2D SPACE',''
  ) );
#1376 = ORIENTED_EDGE('',*,*,#1377,.F.);
#1377 = EDGE_CURVE('',#1378,#1349,#1380,.T.);
#1378 = VERTEX_POINT('',#1379);
#1379 = CARTESIAN_POINT('',(-27.78829175979,46.301304960793,5.));
#1380 = SURFACE_CURVE('',#1381,(#1386,#1393),.PCURVE_S1.);
#1381 = CIRCLE('',#1382,54.);
#1382 = AXIS2_PLACEMENT_3D('',#1383,#1384,#1385);
#1383 = CARTESIAN_POINT('',(0.,0.,5.));
#1384 = DIRECTION('',(0.,-0.,1.));
#1385 = DIRECTION('',(0.984807753012,0.173648177667,0.));
#1386 = PCURVE('',#96,#1387);
#1387 = DEFINITIONAL_REPRESENTATION('',(#1388),#1392);
#1388 = LINE('',#1389,#1390);
#1389 = CARTESIAN_POINT('',(0.,13.));
#1390 = VECTOR('',#1391,1.);
#1391 = DIRECTION('',(1.,0.));
#1392 = ( GEOMETRIC_REPRESENTATION_CONTEXT(2) 
PARAMETRIC_REPRESENTATION_CONTEXT() REPRESENTATION_CONTEXT('2D SPACE',''
  ) );
#1393 = PCURVE('',#1394,#1399);
#1394 = PLANE('',#1395);
#1395 = AXIS2_PLACEMENT_3D('',#1396,#1397,#1398);
#1396 = CARTESIAN_POINT('',(0.,0.,5.));
#1397 = DIRECTION('',(0.,0.,1.));
#1398 = DIRECTION('',(0.984807753012,0.173648177667,0.));
#1399 = DEFINITIONAL_REPRESENTATION('',(#1400),#1404);
#1400 = CIRCLE('',#1401,54.);
#1401 = AXIS2_PLACEMENT_2D('',#1402,#1403);
#1402 = CARTESIAN_POINT('',(0.,0.));
#1403 = DIRECTION('',(1.,-4.74729883959E-18));
#1404 = ( GEOMETRIC_REPRESENTATION_CONTEXT(2) 
PARAMETRIC_REPRESENTATION_CONTEXT() REPRESENTATION_CONTEXT('2D SPACE',''
  ) );
#1405 = ORIENTED_EDGE('',*,*,#1406,.F.);
#1406 = EDGE_CURVE('',#1407,#1378,#1409,.T.);
#1407 = VERTEX_POINT('',#1408);
#1408 = CARTESIAN_POINT('',(-26.22819449073,47.202561516896,5.));
#1409 = SURFACE_CURVE('',#1410,(#1415,#1422),.PCURVE_S1.);
#1410 = CIRCLE('',#1411,54.);
#1411 = AXIS2_PLACEMENT_3D('',#1412,#1413,#1414);
#1412 = CARTESIAN_POINT('',(0.,0.,5.));
#1413 = DIRECTION('',(0.,-0.,1.));
#1414 = DIRECTION('',(0.984807753012,0.173648177667,0.));
#1415 = PCURVE('',#96,#1416);
#1416 = DEFINITIONAL_REPRESENTATION('',(#1417),#1421);
#1417 = LINE('',#1418,#1419);
#1418 = CARTESIAN_POINT('',(0.,13.));
#1419 = VECTOR('',#1420,1.);
#1420 = DIRECTION('',(1.,0.));
#1421 = ( GEOMETRIC_REPRESENTATION_CONTEXT(2) 
PARAMETRIC_REPRESENTATION_CONTEXT() REPRESENTATION_CONTEXT('2D SPACE',''
  ) );
#1422 = PCURVE('',#1423,#1428);
#1423 = PLANE('',#1424);
#1424 = AXIS2_PLACEMENT_3D('',#1425,#1426,#1427);
#1425 = CARTESIAN_POINT('',(0.,0.,5.));
#1426 = DIRECTION('',(0.,0.,1.));
#1427 = DIRECTION('',(0.984807753012,0.173648177667,0.));
#1428 = DEFINITIONAL_REPRESENTATION('',(#1429),#1433);
#1429 = CIRCLE('',#1430,54.);
#1430 = AXIS2_PLACEMENT_2D('',#1431,#1432);
#1431 = CARTESIAN_POINT('',(0.,0.));
#1432 = DIRECTION('',(1.,-4.74729883959E-18));
#1433 = ( GEOMETRIC_REPRESENTATION_CONTEXT(2) 
PARAMETRIC_REPRESENTATION_CONTEXT() REPRESENTATION_CONTEXT('2D SPACE',''
  ) );
#1434 = ORIENTED_EDGE('',*,*,#1435,.F.);
#1435 = EDGE_CURVE('',#1436,#1407,#1438,.T.);
#1436 = VERTEX_POINT('',#1437);
#1437 = CARTESIAN_POINT('',(-24.63889931494,48.051270956634,5.));
#1438 = SURFACE_CURVE('',#1439,(#1444,#1451),.PCURVE_S1.);
#1439 = CIRCLE('',#1440,54.);
#1440 = AXIS2_PLACEMENT_3D('',#1441,#1442,#1443);
#1441 = CARTESIAN_POINT('',(0.,0.,5.));
#1442 = DIRECTION('',(0.,-0.,1.));
#1443 = DIRECTION('',(0.984807753012,0.173648177667,0.));
#1444 = PCURVE('',#96,#1445);
#1445 = DEFINITIONAL_REPRESENTATION('',(#1446),#1450);
#1446 = LINE('',#1447,#1448);
#1447 = CARTESIAN_POINT('',(0.,13.));
#1448 = VECTOR('',#1449,1.);
#1449 = DIRECTION('',(1.,0.));
#1450 = ( GEOMETRIC_REPRESENTATION_CONTEXT(2) 
PARAMETRIC_REPRESENTATION_CONTEXT() REPRESENTATION_CONTEXT('2D SPACE',''
  ) );
#1451 = PCURVE('',#1452,#1457);
#1452 = PLANE('',#1453);
#1453 = AXIS2_PLACEMENT_3D('',#1454,#1455,#1456);
#1454 = CARTESIAN_POINT('',(0.,0.,5.));
#1455 = DIRECTION('',(0.,0.,1.));
#1456 = DIRECTION('',(0.984807753012,0.173648177667,0.));
#1457 = DEFINITIONAL_REPRESENTATION('',(#1458),#1462);
#1458 = CIRCLE('',#1459,54.);
#1459 = AXIS2_PLACEMENT_2D('',#1460,#1461);
#1460 = CARTESIAN_POINT('',(0.,0.));
#1461 = DIRECTION('',(1.,-4.74729883959E-18));
#1462 = ( GEOMETRIC_REPRESENTATION_CONTEXT(2) 
PARAMETRIC_REPRESENTATION_CONTEXT() REPRESENTATION_CONTEXT('2D SPACE',''
  ) );
#1463 = ORIENTED_EDGE('',*,*,#1464,.F.);
#1464 = EDGE_CURVE('',#1465,#1436,#1467,.T.);
#1465 = VERTEX_POINT('',#1466);
#1466 = CARTESIAN_POINT('',(-23.02217547708,48.846488474634,5.));
#1467 = SURFACE_CURVE('',#1468,(#1473,#1480),.PCURVE_S1.);
#1468 = CIRCLE('',#1469,54.);
#1469 = AXIS2_PLACEMENT_3D('',#1470,#1471,#1472);
#1470 = CARTESIAN_POINT('',(0.,0.,5.));
#1471 = DIRECTION('',(0.,-0.,1.));
#1472 = DIRECTION('',(0.984807753012,0.173648177667,0.));
#1473 = PCURVE('',#96,#1474);
#1474 = DEFINITIONAL_REPRESENTATION('',(#1475),#1479);
#1475 = LINE('',#1476,#1477);
#1476 = CARTESIAN_POINT('',(0.,13.));
#1477 = VECTOR('',#1478,1.);
#1478 = DIRECTION('',(1.,0.));
#1479 = ( GEOMETRIC_REPRESENTATION_CONTEXT(2) 
PARAMETRIC_REPRESENTATION_CONTEXT() REPRESENTATION_CONTEXT('2D SPACE',''
  ) );
#1480 = PCURVE('',#1481,#1486);
#1481 = PLANE('',#1482);
#1482 = AXIS2_PLACEMENT_3D('',#1483,#1484,#1485);
#1483 = CARTESIAN_POINT('',(0.,0.,5.));
#1484 = DIRECTION('',(0.,0.,1.));
#1485 = DIRECTION('',(0.984807753012,0.173648177667,0.));
#1486 = DEFINITIONAL_REPRESENTATION('',(#1487),#1491);
#1487 = CIRCLE('',#1488,54.);
#1488 = AXIS2_PLACEMENT_2D('',#1489,#1490);
#1489 = CARTESIAN_POINT('',(0.,0.));
#1490 = DIRECTION('',(1.,-4.74729883959E-18));
#1491 = ( GEOMETRIC_REPRESENTATION_CONTEXT(2) 
PARAMETRIC_REPRESENTATION_CONTEXT() REPRESENTATION_CONTEXT('2D SPACE',''
  ) );
#1492 = ORIENTED_EDGE('',*,*,#1493,.F.);
#1493 = EDGE_CURVE('',#1494,#1465,#1496,.T.);
#1494 = VERTEX_POINT('',#1495);
#1495 = CARTESIAN_POINT('',(-21.37982275605,49.58732881412,5.));
#1496 = SURFACE_CURVE('',#1497,(#1502,#1509),.PCURVE_S1.);
#1497 = CIRCLE('',#1498,54.);
#1498 = AXIS2_PLACEMENT_3D('',#1499,#1500,#1501);
#1499 = CARTESIAN_POINT('',(0.,0.,5.));
#1500 = DIRECTION('',(0.,-0.,1.));
#1501 = DIRECTION('',(0.984807753012,0.173648177667,0.));
#1502 = PCURVE('',#96,#1503);
#1503 = DEFINITIONAL_REPRESENTATION('',(#1504),#1508);
#1504 = LINE('',#1505,#1506);
#1505 = CARTESIAN_POINT('',(0.,13.));
#1506 = VECTOR('',#1507,1.);
#1507 = DIRECTION('',(1.,0.));
#1508 = ( GEOMETRIC_REPRESENTATION_CONTEXT(2) 
PARAMETRIC_REPRESENTATION_CONTEXT() REPRESENTATION_CONTEXT('2D SPACE',''
  ) );
#1509 = PCURVE('',#1510,#1515);
#1510 = PLANE('',#1511);
#1511 = AXIS2_PLACEMENT_3D('',#1512,#1513,#1514);
#1512 = CARTESIAN_POINT('',(0.,0.,5.));
#1513 = DIRECTION('',(0.,0.,1.));
#1514 = DIRECTION('',(0.984807753012,0.173648177667,0.));
#1515 = DEFINITIONAL_REPRESENTATION('',(#1516),#1520);
#1516 = CIRCLE('',#1517,54.);
#1517 = AXIS2_PLACEMENT_2D('',#1518,#1519);
#1518 = CARTESIAN_POINT('',(0.,0.));
#1519 = DIRECTION('',(1.,-4.74729883959E-18));
#1520 = ( GEOMETRIC_REPRESENTATION_CONTEXT(2) 
PARAMETRIC_REPRESENTATION_CONTEXT() REPRESENTATION_CONTEXT('2D SPACE',''
  ) );
#1521 = ORIENTED_EDGE('',*,*,#1522,.F.);
#1522 = EDGE_CURVE('',#1523,#1494,#1525,.T.);
#1523 = VERTEX_POINT('',#1524);
#1524 = CARTESIAN_POINT('',(-19.71366946154,50.272967252402,5.));
#1525 = SURFACE_CURVE('',#1526,(#1531,#1538),.PCURVE_S1.);
#1526 = CIRCLE('',#1527,54.);
#1527 = AXIS2_PLACEMENT_3D('',#1528,#1529,#1530);
#1528 = CARTESIAN_POINT('',(0.,0.,5.));
#1529 = DIRECTION('',(0.,-0.,1.));
#1530 = DIRECTION('',(0.984807753012,0.173648177667,0.));
#1531 = PCURVE('',#96,#1532);
#1532 = DEFINITIONAL_REPRESENTATION('',(#1533),#1537);
#1533 = LINE('',#1534,#1535);
#1534 = CARTESIAN_POINT('',(0.,13.));
#1535 = VECTOR('',#1536,1.);
#1536 = DIRECTION('',(1.,0.));
#1537 = ( GEOMETRIC_REPRESENTATION_CONTEXT(2) 
PARAMETRIC_REPRESENTATION_CONTEXT() REPRESENTATION_CONTEXT('2D SPACE',''
  ) );
#1538 = PCURVE('',#1539,#1544);
#1539 = PLANE('',#1540);
#1540 = AXIS2_PLACEMENT_3D('',#1541,#1542,#1543);
#1541 = CARTESIAN_POINT('',(0.,0.,5.));
#1542 = DIRECTION('',(0.,0.,1.));
#1543 = DIRECTION('',(0.984807753012,0.173648177667,0.));
#1544 = DEFINITIONAL_REPRESENTATION('',(#1545),#1549);
#1545 = CIRCLE('',#1546,54.);
#1546 = AXIS2_PLACEMENT_2D('',#1547,#1548);
#1547 = CARTESIAN_POINT('',(0.,0.));
#1548 = DIRECTION('',(1.,-4.74729883959E-18));
#1549 = ( GEOMETRIC_REPRESENTATION_CONTEXT(2) 
PARAMETRIC_REPRESENTATION_CONTEXT() REPRESENTATION_CONTEXT('2D SPACE',''
  ) );
#1550 = ORIENTED_EDGE('',*,*,#1551,.F.);
#1551 = EDGE_CURVE('',#1552,#1523,#1554,.T.);
#1552 = VERTEX_POINT('',#1553);
#1553 = CARTESIAN_POINT('',(-18.02557039862,50.902640518978,5.));
#1554 = SURFACE_CURVE('',#1555,(#1560,#1567),.PCURVE_S1.);
#1555 = CIRCLE('',#1556,54.);
#1556 = AXIS2_PLACEMENT_3D('',#1557,#1558,#1559);
#1557 = CARTESIAN_POINT('',(0.,0.,5.));
#1558 = DIRECTION('',(0.,-0.,1.));
#1559 = DIRECTION('',(0.984807753012,0.173648177667,0.));
#1560 = PCURVE('',#96,#1561);
#1561 = DEFINITIONAL_REPRESENTATION('',(#1562),#1566);
#1562 = LINE('',#1563,#1564);
#1563 = CARTESIAN_POINT('',(0.,13.));
#1564 = VECTOR('',#1565,1.);
#1565 = DIRECTION('',(1.,0.));
#1566 = ( GEOMETRIC_REPRESENTATION_CONTEXT(2) 
PARAMETRIC_REPRESENTATION_CONTEXT() REPRESENTATION_CONTEXT('2D SPACE',''
  ) );
#1567 = PCURVE('',#1568,#1573);
#1568 = PLANE('',#1569);
#1569 = AXIS2_PLACEMENT_3D('',#1570,#1571,#1572);
#1570 = CARTESIAN_POINT('',(0.,0.,5.));
#1571 = DIRECTION('',(0.,0.,1.));
#1572 = DIRECTION('',(0.984807753012,0.173648177667,0.));
#1573 = DEFINITIONAL_REPRESENTATION('',(#1574),#1578);
#1574 = CIRCLE('',#1575,54.);
#1575 = AXIS2_PLACEMENT_2D('',#1576,#1577);
#1576 = CARTESIAN_POINT('',(0.,0.));
#1577 = DIRECTION('',(1.,-4.74729883959E-18));
#1578 = ( GEOMETRIC_REPRESENTATION_CONTEXT(2) 
PARAMETRIC_REPRESENTATION_CONTEXT() REPRESENTATION_CONTEXT('2D SPACE',''
  ) );
#1579 = ORIENTED_EDGE('',*,*,#1580,.F.);
#1580 = EDGE_CURVE('',#1581,#1552,#1583,.T.);
#1581 = VERTEX_POINT('',#1582);
#1582 = CARTESIAN_POINT('',(50.067928146607,20.228756044459,5.));
#1583 = SURFACE_CURVE('',#1584,(#1589,#1596),.PCURVE_S1.);
#1584 = CIRCLE('',#1585,54.);
#1585 = AXIS2_PLACEMENT_3D('',#1586,#1587,#1588);
#1586 = CARTESIAN_POINT('',(0.,0.,5.));
#1587 = DIRECTION('',(0.,-0.,1.));
#1588 = DIRECTION('',(0.984807753012,0.173648177667,0.));
#1589 = PCURVE('',#96,#1590);
#1590 = DEFINITIONAL_REPRESENTATION('',(#1591),#1595);
#1591 = LINE('',#1592,#1593);
#1592 = CARTESIAN_POINT('',(0.,13.));
#1593 = VECTOR('',#1594,1.);
#1594 = DIRECTION('',(1.,0.));
#1595 = ( GEOMETRIC_REPRESENTATION_CONTEXT(2) 
PARAMETRIC_REPRESENTATION_CONTEXT() REPRESENTATION_CONTEXT('2D SPACE',''
  ) );
#1596 = PCURVE('',#1597,#1602);
#1597 = PLANE('',#1598);
#1598 = AXIS2_PLACEMENT_3D('',#1599,#1600,#1601);
#1599 = CARTESIAN_POINT('',(0.,0.,5.));
#1600 = DIRECTION('',(0.,0.,1.));
#1601 = DIRECTION('',(0.984807753012,0.173648177667,0.));
#1602 = DEFINITIONAL_REPRESENTATION('',(#1603),#1607);
#1603 = CIRCLE('',#1604,54.);
#1604 = AXIS2_PLACEMENT_2D('',#1605,#1606);
#1605 = CARTESIAN_POINT('',(0.,0.));
#1606 = DIRECTION('',(1.,-4.74729883959E-18));
#1607 = ( GEOMETRIC_REPRESENTATION_CONTEXT(2) 
PARAMETRIC_REPRESENTATION_CONTEXT() REPRESENTATION_CONTEXT('2D SPACE',''
  ) );
#1608 = ORIENTED_EDGE('',*,*,#1609,.F.);
#1609 = EDGE_CURVE('',#1610,#1581,#1612,.T.);
#1610 = VERTEX_POINT('',#1611);
#1611 = CARTESIAN_POINT('',(50.714899033841,18.547210463769,5.));
#1612 = SURFACE_CURVE('',#1613,(#1618,#1625),.PCURVE_S1.);
#1613 = CIRCLE('',#1614,54.);
#1614 = AXIS2_PLACEMENT_3D('',#1615,#1616,#1617);
#1615 = CARTESIAN_POINT('',(0.,0.,5.));
#1616 = DIRECTION('',(0.,-0.,1.));
#1617 = DIRECTION('',(0.984807753012,0.173648177667,0.));
#1618 = PCURVE('',#96,#1619);
#1619 = DEFINITIONAL_REPRESENTATION('',(#1620),#1624);
#1620 = LINE('',#1621,#1622);
#1621 = CARTESIAN_POINT('',(0.,13.));
#1622 = VECTOR('',#1623,1.);
#1623 = DIRECTION('',(1.,0.));
#1624 = ( GEOMETRIC_REPRESENTATION_CONTEXT(2) 
PARAMETRIC_REPRESENTATION_CONTEXT() REPRESENTATION_CONTEXT('2D SPACE',''
  ) );
#1625 = PCURVE('',#1626,#1631);
#1626 = PLANE('',#1627);
#1627 = AXIS2_PLACEMENT_3D('',#1628,#1629,#1630);
#1628 = CARTESIAN_POINT('',(0.,0.,5.));
#1629 = DIRECTION('',(0.,0.,1.));
#1630 = DIRECTION('',(0.984807753012,0.173648177667,0.));
#1631 = DEFINITIONAL_REPRESENTATION('',(#1632),#1636);
#1632 = CIRCLE('',#1633,54.);
#1633 = AXIS2_PLACEMENT_2D('',#1634,#1635);
#1634 = CARTESIAN_POINT('',(0.,0.));
#1635 = DIRECTION('',(1.,-4.74729883959E-18));
#1636 = ( GEOMETRIC_REPRESENTATION_CONTEXT(2) 
PARAMETRIC_REPRESENTATION_CONTEXT() REPRESENTATION_CONTEXT('2D SPACE',''
  ) );
#1637 = ORIENTED_EDGE('',*,*,#1638,.F.);
#1638 = EDGE_CURVE('',#1639,#1610,#1641,.T.);
#1639 = VERTEX_POINT('',#1640);
#1640 = CARTESIAN_POINT('',(51.305412779442,16.845017647099,5.));
#1641 = SURFACE_CURVE('',#1642,(#1647,#1654),.PCURVE_S1.);
#1642 = CIRCLE('',#1643,54.);
#1643 = AXIS2_PLACEMENT_3D('',#1644,#1645,#1646);
#1644 = CARTESIAN_POINT('',(0.,0.,5.));
#1645 = DIRECTION('',(0.,-0.,1.));
#1646 = DIRECTION('',(0.984807753012,0.173648177667,0.));
#1647 = PCURVE('',#96,#1648);
#1648 = DEFINITIONAL_REPRESENTATION('',(#1649),#1653);
#1649 = LINE('',#1650,#1651);
#1650 = CARTESIAN_POINT('',(0.,13.));
#1651 = VECTOR('',#1652,1.);
#1652 = DIRECTION('',(1.,0.));
#1653 = ( GEOMETRIC_REPRESENTATION_CONTEXT(2) 
PARAMETRIC_REPRESENTATION_CONTEXT() REPRESENTATION_CONTEXT('2D SPACE',''
  ) );
#1654 = PCURVE('',#1655,#1660);
#1655 = PLANE('',#1656);
#1656 = AXIS2_PLACEMENT_3D('',#1657,#1658,#1659);
#1657 = CARTESIAN_POINT('',(0.,0.,5.));
#1658 = DIRECTION('',(0.,0.,1.));
#1659 = DIRECTION('',(0.984807753012,0.173648177667,0.));
#1660 = DEFINITIONAL_REPRESENTATION('',(#1661),#1665);
#1661 = CIRCLE('',#1662,54.);
#1662 = AXIS2_PLACEMENT_2D('',#1663,#1664);
#1663 = CARTESIAN_POINT('',(0.,0.));
#1664 = DIRECTION('',(1.,-4.74729883959E-18));
#1665 = ( GEOMETRIC_REPRESENTATION_CONTEXT(2) 
PARAMETRIC_REPRESENTATION_CONTEXT() REPRESENTATION_CONTEXT('2D SPACE',''
  ) );
#1666 = ORIENTED_EDGE('',*,*,#1667,.F.);
#1667 = EDGE_CURVE('',#1668,#1639,#1670,.T.);
#1668 = VERTEX_POINT('',#1669);
#1669 = CARTESIAN_POINT('',(51.838812008185,15.124072519664,5.));
#1670 = SURFACE_CURVE('',#1671,(#1676,#1683),.PCURVE_S1.);
#1671 = CIRCLE('',#1672,54.);
#1672 = AXIS2_PLACEMENT_3D('',#1673,#1674,#1675);
#1673 = CARTESIAN_POINT('',(0.,0.,5.));
#1674 = DIRECTION('',(0.,-0.,1.));
#1675 = DIRECTION('',(0.984807753012,0.173648177667,0.));
#1676 = PCURVE('',#96,#1677);
#1677 = DEFINITIONAL_REPRESENTATION('',(#1678),#1682);
#1678 = LINE('',#1679,#1680);
#1679 = CARTESIAN_POINT('',(0.,13.));
#1680 = VECTOR('',#1681,1.);
#1681 = DIRECTION('',(1.,0.));
#1682 = ( GEOMETRIC_REPRESENTATION_CONTEXT(2) 
PARAMETRIC_REPRESENTATION_CONTEXT() REPRESENTATION_CONTEXT('2D SPACE',''
  ) );
#1683 = PCURVE('',#1684,#1689);
#1684 = PLANE('',#1685);
#1685 = AXIS2_PLACEMENT_3D('',#1686,#1687,#1688);
#1686 = CARTESIAN_POINT('',(0.,0.,5.));
#1687 = DIRECTION('',(0.,0.,1.));
#1688 = DIRECTION('',(0.984807753012,0.173648177667,0.));
#1689 = DEFINITIONAL_REPRESENTATION('',(#1690),#1694);
#1690 = CIRCLE('',#1691,54.);
#1691 = AXIS2_PLACEMENT_2D('',#1692,#1693);
#1692 = CARTESIAN_POINT('',(0.,0.));
#1693 = DIRECTION('',(1.,-4.74729883959E-18));
#1694 = ( GEOMETRIC_REPRESENTATION_CONTEXT(2) 
PARAMETRIC_REPRESENTATION_CONTEXT() REPRESENTATION_CONTEXT('2D SPACE',''
  ) );
#1695 = ORIENTED_EDGE('',*,*,#1696,.F.);
#1696 = EDGE_CURVE('',#1697,#1668,#1699,.T.);
#1697 = VERTEX_POINT('',#1698);
#1698 = CARTESIAN_POINT('',(52.314502926207,13.386290882237,5.));
#1699 = SURFACE_CURVE('',#1700,(#1705,#1712),.PCURVE_S1.);
#1700 = CIRCLE('',#1701,54.);
#1701 = AXIS2_PLACEMENT_3D('',#1702,#1703,#1704);
#1702 = CARTESIAN_POINT('',(0.,0.,5.));
#1703 = DIRECTION('',(0.,-0.,1.));
#1704 = DIRECTION('',(0.984807753012,0.173648177667,0.));
#1705 = PCURVE('',#96,#1706);
#1706 = DEFINITIONAL_REPRESENTATION('',(#1707),#1711);
#1707 = LINE('',#1708,#1709);
#1708 = CARTESIAN_POINT('',(0.,13.));
#1709 = VECTOR('',#1710,1.);
#1710 = DIRECTION('',(1.,0.));
#1711 = ( GEOMETRIC_REPRESENTATION_CONTEXT(2) 
PARAMETRIC_REPRESENTATION_CONTEXT() REPRESENTATION_CONTEXT('2D SPACE',''
  ) );
#1712 = PCURVE('',#1713,#1718);
#1713 = PLANE('',#1714);
#1714 = AXIS2_PLACEMENT_3D('',#1715,#1716,#1717);
#1715 = CARTESIAN_POINT('',(0.,0.,5.));
#1716 = DIRECTION('',(0.,0.,1.));
#1717 = DIRECTION('',(0.984807753012,0.173648177667,0.));
#1718 = DEFINITIONAL_REPRESENTATION('',(#1719),#1723);
#1719 = CIRCLE('',#1720,54.);
#1720 = AXIS2_PLACEMENT_2D('',#1721,#1722);
#1721 = CARTESIAN_POINT('',(0.,0.));
#1722 = DIRECTION('',(1.,-4.74729883959E-18));
#1723 = ( GEOMETRIC_REPRESENTATION_CONTEXT(2) 
PARAMETRIC_REPRESENTATION_CONTEXT() REPRESENTATION_CONTEXT('2D SPACE',''
  ) );
#1724 = ORIENTED_EDGE('',*,*,#1725,.F.);
#1725 = EDGE_CURVE('',#1726,#1697,#1728,.T.);
#1726 = VERTEX_POINT('',#1727);
#1727 = CARTESIAN_POINT('',(52.731955982034,11.633607278432,5.));
#1728 = SURFACE_CURVE('',#1729,(#1734,#1741),.PCURVE_S1.);
#1729 = CIRCLE('',#1730,54.);
#1730 = AXIS2_PLACEMENT_3D('',#1731,#1732,#1733);
#1731 = CARTESIAN_POINT('',(0.,0.,5.));
#1732 = DIRECTION('',(0.,-0.,1.));
#1733 = DIRECTION('',(0.984807753012,0.173648177667,0.));
#1734 = PCURVE('',#96,#1735);
#1735 = DEFINITIONAL_REPRESENTATION('',(#1736),#1740);
#1736 = LINE('',#1737,#1738);
#1737 = CARTESIAN_POINT('',(0.,13.));
#1738 = VECTOR('',#1739,1.);
#1739 = DIRECTION('',(1.,0.));
#1740 = ( GEOMETRIC_REPRESENTATION_CONTEXT(2) 
PARAMETRIC_REPRESENTATION_CONTEXT() REPRESENTATION_CONTEXT('2D SPACE',''
  ) );
#1741 = PCURVE('',#1742,#1747);
#1742 = PLANE('',#1743);
#1743 = AXIS2_PLACEMENT_3D('',#1744,#1745,#1746);
#1744 = CARTESIAN_POINT('',(0.,0.,5.));
#1745 = DIRECTION('',(0.,0.,1.));
#1746 = DIRECTION('',(0.984807753012,0.173648177667,0.));
#1747 = DEFINITIONAL_REPRESENTATION('',(#1748),#1752);
#1748 = CIRCLE('',#1749,54.);
#1749 = AXIS2_PLACEMENT_2D('',#1750,#1751);
#1750 = CARTESIAN_POINT('',(0.,0.));
#1751 = DIRECTION('',(1.,-4.74729883959E-18));
#1752 = ( GEOMETRIC_REPRESENTATION_CONTEXT(2) 
PARAMETRIC_REPRESENTATION_CONTEXT() REPRESENTATION_CONTEXT('2D SPACE',''
  ) );
#1753 = ORIENTED_EDGE('',*,*,#1754,.F.);
#1754 = EDGE_CURVE('',#1755,#1726,#1757,.T.);
#1755 = VERTEX_POINT('',#1756);
#1756 = CARTESIAN_POINT('',(53.090706456092,9.867972841118,5.));
#1757 = SURFACE_CURVE('',#1758,(#1763,#1770),.PCURVE_S1.);
#1758 = CIRCLE('',#1759,54.);
#1759 = AXIS2_PLACEMENT_3D('',#1760,#1761,#1762);
#1760 = CARTESIAN_POINT('',(0.,0.,5.));
#1761 = DIRECTION('',(0.,-0.,1.));
#1762 = DIRECTION('',(0.984807753012,0.173648177667,0.));
#1763 = PCURVE('',#96,#1764);
#1764 = DEFINITIONAL_REPRESENTATION('',(#1765),#1769);
#1765 = LINE('',#1766,#1767);
#1766 = CARTESIAN_POINT('',(0.,13.));
#1767 = VECTOR('',#1768,1.);
#1768 = DIRECTION('',(1.,0.));
#1769 = ( GEOMETRIC_REPRESENTATION_CONTEXT(2) 
PARAMETRIC_REPRESENTATION_CONTEXT() REPRESENTATION_CONTEXT('2D SPACE',''
  ) );
#1770 = PCURVE('',#1771,#1776);
#1771 = PLANE('',#1772);
#1772 = AXIS2_PLACEMENT_3D('',#1773,#1774,#1775);
#1773 = CARTESIAN_POINT('',(0.,0.,5.));
#1774 = DIRECTION('',(0.,0.,1.));
#1775 = DIRECTION('',(0.984807753012,0.173648177667,0.));
#1776 = DEFINITIONAL_REPRESENTATION('',(#1777),#1781);
#1777 = CIRCLE('',#1778,54.);
#1778 = AXIS2_PLACEMENT_2D('',#1779,#1780);
#1779 = CARTESIAN_POINT('',(0.,0.));
#1780 = DIRECTION('',(1.,-4.74729883959E-18));
#1781 = ( GEOMETRIC_REPRESENTATION_CONTEXT(2) 
PARAMETRIC_REPRESENTATION_CONTEXT() REPRESENTATION_CONTEXT('2D SPACE',''
  ) );
#1782 = ORIENTED_EDGE('',*,*,#1783,.F.);
#1783 = EDGE_CURVE('',#195,#1755,#1784,.T.);
#1784 = SURFACE_CURVE('',#1785,(#1790,#1797),.PCURVE_S1.);
#1785 = CIRCLE('',#1786,54.);
#1786 = AXIS2_PLACEMENT_3D('',#1787,#1788,#1789);
#1787 = CARTESIAN_POINT('',(0.,0.,5.));
#1788 = DIRECTION('',(0.,-0.,1.));
#1789 = DIRECTION('',(0.984807753012,0.173648177667,0.));
#1790 = PCURVE('',#96,#1791);
#1791 = DEFINITIONAL_REPRESENTATION('',(#1792),#1796);
#1792 = LINE('',#1793,#1794);
#1793 = CARTESIAN_POINT('',(0.,13.));
#1794 = VECTOR('',#1795,1.);
#1795 = DIRECTION('',(1.,0.));
#1796 = ( GEOMETRIC_REPRESENTATION_CONTEXT(2) 
PARAMETRIC_REPRESENTATION_CONTEXT() REPRESENTATION_CONTEXT('2D SPACE',''
  ) );
#1797 = PCURVE('',#234,#1798);
#1798 = DEFINITIONAL_REPRESENTATION('',(#1799),#1803);
#1799 = CIRCLE('',#1800,54.);
#1800 = AXIS2_PLACEMENT_2D('',#1801,#1802);
#1801 = CARTESIAN_POINT('',(0.,0.));
#1802 = DIRECTION('',(1.,-4.74729883959E-18));
#1803 = ( GEOMETRIC_REPRESENTATION_CONTEXT(2) 
PARAMETRIC_REPRESENTATION_CONTEXT() REPRESENTATION_CONTEXT('2D SPACE',''
  ) );
#1804 = ORIENTED_EDGE('',*,*,#194,.F.);
#1805 = ORIENTED_EDGE('',*,*,#81,.T.);
#1806 = ADVANCED_FACE('',(#1807),#177,.T.);
#1807 = FACE_BOUND('',#1808,.T.);
#1808 = EDGE_LOOP('',(#1809,#1838,#1859,#1860));
#1809 = ORIENTED_EDGE('',*,*,#1810,.T.);
#1810 = EDGE_CURVE('',#1811,#1811,#1813,.T.);
#1811 = VERTEX_POINT('',#1812);
#1812 = CARTESIAN_POINT('',(52.936079294635,9.334059032567,
    -8.130384493976));
#1813 = SURFACE_CURVE('',#1814,(#1819,#1826),.PCURVE_S1.);
#1814 = CIRCLE('',#1815,53.752703644666);
#1815 = AXIS2_PLACEMENT_3D('',#1816,#1817,#1818);
#1816 = CARTESIAN_POINT('',(0.,0.,-8.130384493976));
#1817 = DIRECTION('',(0.,-0.,1.));
#1818 = DIRECTION('',(0.984807753012,0.173648177667,0.));
#1819 = PCURVE('',#177,#1820);
#1820 = DEFINITIONAL_REPRESENTATION('',(#1821),#1825);
#1821 = LINE('',#1822,#1823);
#1822 = CARTESIAN_POINT('',(0.,0.));
#1823 = VECTOR('',#1824,1.);
#1824 = DIRECTION('',(1.,0.));
#1825 = ( GEOMETRIC_REPRESENTATION_CONTEXT(2) 
PARAMETRIC_REPRESENTATION_CONTEXT() REPRESENTATION_CONTEXT('2D SPACE',''
  ) );
#1826 = PCURVE('',#1827,#1832);
#1827 = CONICAL_SURFACE('',#1828,53.582361909795,1.352630170296);
#1828 = AXIS2_PLACEMENT_3D('',#1829,#1830,#1831);
#1829 = CARTESIAN_POINT('',(0.,0.,-8.168148347422));
#1830 = DIRECTION('',(0.,0.,1.));
#1831 = DIRECTION('',(0.984807753012,0.173648177667,0.));
#1832 = DEFINITIONAL_REPRESENTATION('',(#1833),#1837);
#1833 = LINE('',#1834,#1835);
#1834 = CARTESIAN_POINT('',(0.,3.776385344628E-02));
#1835 = VECTOR('',#1836,1.);
#1836 = DIRECTION('',(1.,0.));
#1837 = ( GEOMETRIC_REPRESENTATION_CONTEXT(2) 
PARAMETRIC_REPRESENTATION_CONTEXT() REPRESENTATION_CONTEXT('2D SPACE',''
  ) );
#1838 = ORIENTED_EDGE('',*,*,#1839,.T.);
#1839 = EDGE_CURVE('',#1811,#140,#1840,.T.);
#1840 = SEAM_CURVE('',#1841,(#1845,#1852),.PCURVE_S1.);
#1841 = LINE('',#1842,#1843);
#1842 = CARTESIAN_POINT('',(52.936079294635,9.334059032567,
    -8.130384493976));
#1843 = VECTOR('',#1844,1.);
#1844 = DIRECTION('',(0.976382586165,0.172162593435,0.13052619222));
#1845 = PCURVE('',#177,#1846);
#1846 = DEFINITIONAL_REPRESENTATION('',(#1847),#1851);
#1847 = LINE('',#1848,#1849);
#1848 = CARTESIAN_POINT('',(0.,0.));
#1849 = VECTOR('',#1850,1.);
#1850 = DIRECTION('',(0.,1.));
#1851 = ( GEOMETRIC_REPRESENTATION_CONTEXT(2) 
PARAMETRIC_REPRESENTATION_CONTEXT() REPRESENTATION_CONTEXT('2D SPACE',''
  ) );
#1852 = PCURVE('',#177,#1853);
#1853 = DEFINITIONAL_REPRESENTATION('',(#1854),#1858);
#1854 = LINE('',#1855,#1856);
#1855 = CARTESIAN_POINT('',(6.28318530718,0.));
#1856 = VECTOR('',#1857,1.);
#1857 = DIRECTION('',(0.,1.));
#1858 = ( GEOMETRIC_REPRESENTATION_CONTEXT(2) 
PARAMETRIC_REPRESENTATION_CONTEXT() REPRESENTATION_CONTEXT('2D SPACE',''
  ) );
#1859 = ORIENTED_EDGE('',*,*,#162,.F.);
#1860 = ORIENTED_EDGE('',*,*,#1839,.F.);
#1861 = ADVANCED_FACE('',(#1862),#234,.T.);
#1862 = FACE_BOUND('',#1863,.T.);
#1863 = EDGE_LOOP('',(#1864,#1865,#1866));
#1864 = ORIENTED_EDGE('',*,*,#217,.T.);
#1865 = ORIENTED_EDGE('',*,*,#1783,.T.);
#1866 = ORIENTED_EDGE('',*,*,#1867,.F.);
#1867 = EDGE_CURVE('',#218,#1755,#1868,.T.);
#1868 = SURFACE_CURVE('',#1869,(#1873,#1880),.PCURVE_S1.);
#1869 = LINE('',#1870,#1871);
#1870 = CARTESIAN_POINT('',(53.390354978044,8.091353120367,5.));
#1871 = VECTOR('',#1872,1.);
#1872 = DIRECTION('',(-0.166313199831,0.986072978822,0.));
#1873 = PCURVE('',#234,#1874);
#1874 = DEFINITIONAL_REPRESENTATION('',(#1875),#1879);
#1875 = LINE('',#1876,#1877);
#1876 = CARTESIAN_POINT('',(53.984284242663,-1.302710561631));
#1877 = VECTOR('',#1878,1.);
#1878 = DIRECTION('',(7.443247197533E-03,0.999972298652));
#1879 = ( GEOMETRIC_REPRESENTATION_CONTEXT(2) 
PARAMETRIC_REPRESENTATION_CONTEXT() REPRESENTATION_CONTEXT('2D SPACE',''
  ) );
#1880 = PCURVE('',#1881,#1886);
#1881 = PLANE('',#1882);
#1882 = AXIS2_PLACEMENT_3D('',#1883,#1884,#1885);
#1883 = CARTESIAN_POINT('',(0.,0.,5.));
#1884 = DIRECTION('',(0.,0.,1.));
#1885 = DIRECTION('',(0.984807753012,0.173648177667,0.));
#1886 = DEFINITIONAL_REPRESENTATION('',(#1887),#1891);
#1887 = LINE('',#1888,#1889);
#1888 = CARTESIAN_POINT('',(53.984284242663,-1.302710561631));
#1889 = VECTOR('',#1890,1.);
#1890 = DIRECTION('',(7.443247197533E-03,0.999972298652));
#1891 = ( GEOMETRIC_REPRESENTATION_CONTEXT(2) 
PARAMETRIC_REPRESENTATION_CONTEXT() REPRESENTATION_CONTEXT('2D SPACE',''
  ) );
#1892 = ADVANCED_FACE('',(#1893),#1771,.T.);
#1893 = FACE_BOUND('',#1894,.T.);
#1894 = EDGE_LOOP('',(#1895,#1916));
#1895 = ORIENTED_EDGE('',*,*,#1896,.F.);
#1896 = EDGE_CURVE('',#1755,#1726,#1897,.T.);
#1897 = SURFACE_CURVE('',#1898,(#1902,#1909),.PCURVE_S1.);
#1898 = LINE('',#1899,#1900);
#1899 = CARTESIAN_POINT('',(53.090706456092,9.867972841118,5.));
#1900 = VECTOR('',#1901,1.);
#1901 = DIRECTION('',(-0.199116414434,0.979975843326,0.));
#1902 = PCURVE('',#1771,#1903);
#1903 = DEFINITIONAL_REPRESENTATION('',(#1904),#1908);
#1904 = LINE('',#1905,#1906);
#1905 = CARTESIAN_POINT('',(53.997694831982,0.498951733296));
#1906 = VECTOR('',#1907,1.);
#1907 = DIRECTION('',(-2.592036933504E-02,0.999664010782));
#1908 = ( GEOMETRIC_REPRESENTATION_CONTEXT(2) 
PARAMETRIC_REPRESENTATION_CONTEXT() REPRESENTATION_CONTEXT('2D SPACE',''
  ) );
#1909 = PCURVE('',#1881,#1910);
#1910 = DEFINITIONAL_REPRESENTATION('',(#1911),#1915);
#1911 = LINE('',#1912,#1913);
#1912 = CARTESIAN_POINT('',(53.997694831982,0.498951733296));
#1913 = VECTOR('',#1914,1.);
#1914 = DIRECTION('',(-2.592036933504E-02,0.999664010782));
#1915 = ( GEOMETRIC_REPRESENTATION_CONTEXT(2) 
PARAMETRIC_REPRESENTATION_CONTEXT() REPRESENTATION_CONTEXT('2D SPACE',''
  ) );
#1916 = ORIENTED_EDGE('',*,*,#1754,.T.);
#1917 = ADVANCED_FACE('',(#1918),#1742,.T.);
#1918 = FACE_BOUND('',#1919,.T.);
#1919 = EDGE_LOOP('',(#1920,#1941));
#1920 = ORIENTED_EDGE('',*,*,#1921,.F.);
#1921 = EDGE_CURVE('',#1726,#1697,#1922,.T.);
#1922 = SURFACE_CURVE('',#1923,(#1927,#1934),.PCURVE_S1.);
#1923 = LINE('',#1924,#1925);
#1924 = CARTESIAN_POINT('',(52.731955982034,11.633607278432,5.));
#1925 = VECTOR('',#1926,1.);
#1926 = DIRECTION('',(-0.231697967477,0.972787773292,0.));
#1927 = PCURVE('',#1742,#1928);
#1928 = DEFINITIONAL_REPRESENTATION('',(#1929),#1933);
#1929 = LINE('',#1930,#1931);
#1930 = CARTESIAN_POINT('',(53.950993786198,2.300058582206));
#1931 = VECTOR('',#1932,1.);
#1932 = DIRECTION('',(-5.925513063984E-02,0.998242870995));
#1933 = ( GEOMETRIC_REPRESENTATION_CONTEXT(2) 
PARAMETRIC_REPRESENTATION_CONTEXT() REPRESENTATION_CONTEXT('2D SPACE',''
  ) );
#1934 = PCURVE('',#1881,#1935);
#1935 = DEFINITIONAL_REPRESENTATION('',(#1936),#1940);
#1936 = LINE('',#1937,#1938);
#1937 = CARTESIAN_POINT('',(53.950993786198,2.300058582206));
#1938 = VECTOR('',#1939,1.);
#1939 = DIRECTION('',(-5.925513063984E-02,0.998242870995));
#1940 = ( GEOMETRIC_REPRESENTATION_CONTEXT(2) 
PARAMETRIC_REPRESENTATION_CONTEXT() REPRESENTATION_CONTEXT('2D SPACE',''
  ) );
#1941 = ORIENTED_EDGE('',*,*,#1725,.T.);
#1942 = ADVANCED_FACE('',(#1943),#1713,.T.);
#1943 = FACE_BOUND('',#1944,.T.);
#1944 = EDGE_LOOP('',(#1945,#1966));
#1945 = ORIENTED_EDGE('',*,*,#1946,.F.);
#1946 = EDGE_CURVE('',#1697,#1668,#1947,.T.);
#1947 = SURFACE_CURVE('',#1948,(#1952,#1959),.PCURVE_S1.);
#1948 = LINE('',#1949,#1950);
#1949 = CARTESIAN_POINT('',(52.314502926207,13.386290882237,5.));
#1950 = VECTOR('',#1951,1.);
#1951 = DIRECTION('',(-0.264021588331,0.964516770666,0.));
#1952 = PCURVE('',#1713,#1953);
#1953 = DEFINITIONAL_REPRESENTATION('',(#1954),#1958);
#1954 = LINE('',#1955,#1956);
#1955 = CARTESIAN_POINT('',(53.844233094129,4.098604946216));
#1956 = VECTOR('',#1957,1.);
#1957 = DIRECTION('',(-9.252392759557E-02,0.99571046134));
#1958 = ( GEOMETRIC_REPRESENTATION_CONTEXT(2) 
PARAMETRIC_REPRESENTATION_CONTEXT() REPRESENTATION_CONTEXT('2D SPACE',''
  ) );
#1959 = PCURVE('',#1881,#1960);
#1960 = DEFINITIONAL_REPRESENTATION('',(#1961),#1965);
#1961 = LINE('',#1962,#1963);
#1962 = CARTESIAN_POINT('',(53.844233094129,4.098604946216));
#1963 = VECTOR('',#1964,1.);
#1964 = DIRECTION('',(-9.252392759557E-02,0.99571046134));
#1965 = ( GEOMETRIC_REPRESENTATION_CONTEXT(2) 
PARAMETRIC_REPRESENTATION_CONTEXT() REPRESENTATION_CONTEXT('2D SPACE',''
  ) );
#1966 = ORIENTED_EDGE('',*,*,#1696,.T.);
#1967 = ADVANCED_FACE('',(#1968),#1684,.T.);
#1968 = FACE_BOUND('',#1969,.T.);
#1969 = EDGE_LOOP('',(#1970,#1991));
#1970 = ORIENTED_EDGE('',*,*,#1971,.F.);
#1971 = EDGE_CURVE('',#1668,#1639,#1972,.T.);
#1972 = SURFACE_CURVE('',#1973,(#1977,#1984),.PCURVE_S1.);
#1973 = LINE('',#1974,#1975);
#1974 = CARTESIAN_POINT('',(51.838812008185,15.124072519664,5.));
#1975 = VECTOR('',#1976,1.);
#1976 = DIRECTION('',(-0.296051293501,0.955172042941,0.));
#1977 = PCURVE('',#1684,#1978);
#1978 = DEFINITIONAL_REPRESENTATION('',(#1979),#1983);
#1979 = LINE('',#1980,#1981);
#1980 = CARTESIAN_POINT('',(53.677531604545,5.892588636844));
#1981 = VECTOR('',#1982,1.);
#1982 = DIRECTION('',(-0.125689724514,0.992069600961));
#1983 = ( GEOMETRIC_REPRESENTATION_CONTEXT(2) 
PARAMETRIC_REPRESENTATION_CONTEXT() REPRESENTATION_CONTEXT('2D SPACE',''
  ) );
#1984 = PCURVE('',#1881,#1985);
#1985 = DEFINITIONAL_REPRESENTATION('',(#1986),#1990);
#1986 = LINE('',#1987,#1988);
#1987 = CARTESIAN_POINT('',(53.677531604545,5.892588636844));
#1988 = VECTOR('',#1989,1.);
#1989 = DIRECTION('',(-0.125689724514,0.992069600961));
#1990 = ( GEOMETRIC_REPRESENTATION_CONTEXT(2) 
PARAMETRIC_REPRESENTATION_CONTEXT() REPRESENTATION_CONTEXT('2D SPACE',''
  ) );
#1991 = ORIENTED_EDGE('',*,*,#1667,.T.);
#1992 = ADVANCED_FACE('',(#1993),#1655,.T.);
#1993 = FACE_BOUND('',#1994,.T.);
#1994 = EDGE_LOOP('',(#1995,#2016));
#1995 = ORIENTED_EDGE('',*,*,#1996,.F.);
#1996 = EDGE_CURVE('',#1639,#1610,#1997,.T.);
#1997 = SURFACE_CURVE('',#1998,(#2002,#2009),.PCURVE_S1.);
#1998 = LINE('',#1999,#2000);
#1999 = CARTESIAN_POINT('',(51.305412779442,16.845017647099,5.));
#2000 = VECTOR('',#2001,1.);
#2001 = DIRECTION('',(-0.327751426689,0.944763992912,0.));
#2002 = PCURVE('',#1655,#2003);
#2003 = DEFINITIONAL_REPRESENTATION('',(#2004),#2008);
#2004 = LINE('',#2005,#2006);
#2005 = CARTESIAN_POINT('',(53.451074893872,7.680012544891));
#2006 = VECTOR('',#2007,1.);
#2007 = DIRECTION('',(-0.15871560037,0.987324342959));
#2008 = ( GEOMETRIC_REPRESENTATION_CONTEXT(2) 
PARAMETRIC_REPRESENTATION_CONTEXT() REPRESENTATION_CONTEXT('2D SPACE',''
  ) );
#2009 = PCURVE('',#1881,#2010);
#2010 = DEFINITIONAL_REPRESENTATION('',(#2011),#2015);
#2011 = LINE('',#2012,#2013);
#2012 = CARTESIAN_POINT('',(53.451074893872,7.680012544891));
#2013 = VECTOR('',#2014,1.);
#2014 = DIRECTION('',(-0.15871560037,0.987324342959));
#2015 = ( GEOMETRIC_REPRESENTATION_CONTEXT(2) 
PARAMETRIC_REPRESENTATION_CONTEXT() REPRESENTATION_CONTEXT('2D SPACE',''
  ) );
#2016 = ORIENTED_EDGE('',*,*,#1638,.T.);
#2017 = ADVANCED_FACE('',(#2018),#1626,.T.);
#2018 = FACE_BOUND('',#2019,.T.);
#2019 = EDGE_LOOP('',(#2020,#2041));
#2020 = ORIENTED_EDGE('',*,*,#2021,.F.);
#2021 = EDGE_CURVE('',#1610,#1581,#2022,.T.);
#2022 = SURFACE_CURVE('',#2023,(#2027,#2034),.PCURVE_S1.);
#2023 = LINE('',#2024,#2025);
#2024 = CARTESIAN_POINT('',(50.714899033841,18.547210463769,5.));
#2025 = VECTOR('',#2026,1.);
#2026 = DIRECTION('',(-0.359086698484,0.93330420709,0.));
#2027 = PCURVE('',#1626,#2028);
#2028 = DEFINITIONAL_REPRESENTATION('',(#2029),#2033);
#2029 = LINE('',#2030,#2031);
#2030 = CARTESIAN_POINT('',(53.165115059596,9.45888686368));
#2031 = VECTOR('',#2032,1.);
#2032 = DIRECTION('',(-0.191564789901,0.981479969877));
#2033 = ( GEOMETRIC_REPRESENTATION_CONTEXT(2) 
PARAMETRIC_REPRESENTATION_CONTEXT() REPRESENTATION_CONTEXT('2D SPACE',''
  ) );
#2034 = PCURVE('',#1881,#2035);
#2035 = DEFINITIONAL_REPRESENTATION('',(#2036),#2040);
#2036 = LINE('',#2037,#2038);
#2037 = CARTESIAN_POINT('',(53.165115059596,9.45888686368));
#2038 = VECTOR('',#2039,1.);
#2039 = DIRECTION('',(-0.191564789901,0.981479969877));
#2040 = ( GEOMETRIC_REPRESENTATION_CONTEXT(2) 
PARAMETRIC_REPRESENTATION_CONTEXT() REPRESENTATION_CONTEXT('2D SPACE',''
  ) );
#2041 = ORIENTED_EDGE('',*,*,#1609,.T.);
#2042 = ADVANCED_FACE('',(#2043),#1597,.T.);
#2043 = FACE_BOUND('',#2044,.T.);
#2044 = EDGE_LOOP('',(#2045,#2068,#2069,#2097));
#2045 = ORIENTED_EDGE('',*,*,#2046,.F.);
#2046 = EDGE_CURVE('',#1581,#2047,#2049,.T.);
#2047 = VERTEX_POINT('',#2048);
#2048 = CARTESIAN_POINT('',(48.398997208386,19.554464176311,5.));
#2049 = SURFACE_CURVE('',#2050,(#2054,#2061),.PCURVE_S1.);
#2050 = LINE('',#2051,#2052);
#2051 = CARTESIAN_POINT('',(50.067928146607,20.228756044459,5.));
#2052 = VECTOR('',#2053,1.);
#2053 = DIRECTION('',(-0.927183854567,-0.374606593416,0.));
#2054 = PCURVE('',#1597,#2055);
#2055 = DEFINITIONAL_REPRESENTATION('',(#2056),#2060);
#2056 = LINE('',#2057,#2058);
#2057 = CARTESIAN_POINT('',(52.819970439626,11.227231304159));
#2058 = VECTOR('',#2059,1.);
#2059 = DIRECTION('',(-0.978147600734,-0.207911690818));
#2060 = ( GEOMETRIC_REPRESENTATION_CONTEXT(2) 
PARAMETRIC_REPRESENTATION_CONTEXT() REPRESENTATION_CONTEXT('2D SPACE',''
  ) );
#2061 = PCURVE('',#1881,#2062);
#2062 = DEFINITIONAL_REPRESENTATION('',(#2063),#2067);
#2063 = LINE('',#2064,#2065);
#2064 = CARTESIAN_POINT('',(52.819970439626,11.227231304159));
#2065 = VECTOR('',#2066,1.);
#2066 = DIRECTION('',(-0.978147600734,-0.207911690818));
#2067 = ( GEOMETRIC_REPRESENTATION_CONTEXT(2) 
PARAMETRIC_REPRESENTATION_CONTEXT() REPRESENTATION_CONTEXT('2D SPACE',''
  ) );
#2068 = ORIENTED_EDGE('',*,*,#1580,.T.);
#2069 = ORIENTED_EDGE('',*,*,#2070,.F.);
#2070 = EDGE_CURVE('',#2071,#1552,#2073,.T.);
#2071 = VERTEX_POINT('',#2072);
#2072 = CARTESIAN_POINT('',(-17.424718052,49.205885835012,5.));
#2073 = SURFACE_CURVE('',#2074,(#2078,#2085),.PCURVE_S1.);
#2074 = LINE('',#2075,#2076);
#2075 = CARTESIAN_POINT('',(-17.424718052,49.205885835012,5.));
#2076 = VECTOR('',#2077,1.);
#2077 = DIRECTION('',(-0.333806859234,0.942641491092,0.));
#2078 = PCURVE('',#1597,#2079);
#2079 = DEFINITIONAL_REPRESENTATION('',(#2080),#2084);
#2080 = LINE('',#2081,#2082);
#2081 = CARTESIAN_POINT('',(-8.615485025927,51.484108400243));
#2082 = VECTOR('',#2083,1.);
#2083 = DIRECTION('',(-0.165047605861,0.986285601537));
#2084 = ( GEOMETRIC_REPRESENTATION_CONTEXT(2) 
PARAMETRIC_REPRESENTATION_CONTEXT() REPRESENTATION_CONTEXT('2D SPACE',''
  ) );
#2085 = PCURVE('',#2086,#2091);
#2086 = PLANE('',#2087);
#2087 = AXIS2_PLACEMENT_3D('',#2088,#2089,#2090);
#2088 = CARTESIAN_POINT('',(0.,0.,5.));
#2089 = DIRECTION('',(0.,0.,1.));
#2090 = DIRECTION('',(0.984807753012,0.173648177667,0.));
#2091 = DEFINITIONAL_REPRESENTATION('',(#2092),#2096);
#2092 = LINE('',#2093,#2094);
#2093 = CARTESIAN_POINT('',(-8.615485025927,51.484108400243));
#2094 = VECTOR('',#2095,1.);
#2095 = DIRECTION('',(-0.165047605861,0.986285601537));
#2096 = ( GEOMETRIC_REPRESENTATION_CONTEXT(2) 
PARAMETRIC_REPRESENTATION_CONTEXT() REPRESENTATION_CONTEXT('2D SPACE',''
  ) );
#2097 = ORIENTED_EDGE('',*,*,#2098,.F.);
#2098 = EDGE_CURVE('',#2047,#2071,#2099,.T.);
#2099 = SURFACE_CURVE('',#2100,(#2105,#2112),.PCURVE_S1.);
#2100 = CIRCLE('',#2101,52.2);
#2101 = AXIS2_PLACEMENT_3D('',#2102,#2103,#2104);
#2102 = CARTESIAN_POINT('',(0.,0.,5.));
#2103 = DIRECTION('',(0.,-0.,1.));
#2104 = DIRECTION('',(0.984807753012,0.173648177667,0.));
#2105 = PCURVE('',#1597,#2106);
#2106 = DEFINITIONAL_REPRESENTATION('',(#2107),#2111);
#2107 = CIRCLE('',#2108,52.2);
#2108 = AXIS2_PLACEMENT_2D('',#2109,#2110);
#2109 = CARTESIAN_POINT('',(0.,0.));
#2110 = DIRECTION('',(1.,-4.74729883959E-18));
#2111 = ( GEOMETRIC_REPRESENTATION_CONTEXT(2) 
PARAMETRIC_REPRESENTATION_CONTEXT() REPRESENTATION_CONTEXT('2D SPACE',''
  ) );
#2112 = PCURVE('',#2113,#2118);
#2113 = CYLINDRICAL_SURFACE('',#2114,52.2);
#2114 = AXIS2_PLACEMENT_3D('',#2115,#2116,#2117);
#2115 = CARTESIAN_POINT('',(0.,0.,-8.1));
#2116 = DIRECTION('',(0.,0.,1.));
#2117 = DIRECTION('',(0.984807753012,0.173648177667,0.));
#2118 = DEFINITIONAL_REPRESENTATION('',(#2119),#2123);
#2119 = LINE('',#2120,#2121);
#2120 = CARTESIAN_POINT('',(0.,13.1));
#2121 = VECTOR('',#2122,1.);
#2122 = DIRECTION('',(1.,0.));
#2123 = ( GEOMETRIC_REPRESENTATION_CONTEXT(2) 
PARAMETRIC_REPRESENTATION_CONTEXT() REPRESENTATION_CONTEXT('2D SPACE',''
  ) );
#2124 = ADVANCED_FACE('',(#2125),#1568,.T.);
#2125 = FACE_BOUND('',#2126,.T.);
#2126 = EDGE_LOOP('',(#2127,#2148));
#2127 = ORIENTED_EDGE('',*,*,#2128,.F.);
#2128 = EDGE_CURVE('',#1552,#1523,#2129,.T.);
#2129 = SURFACE_CURVE('',#2130,(#2134,#2141),.PCURVE_S1.);
#2130 = LINE('',#2131,#2132);
#2131 = CARTESIAN_POINT('',(-18.02557039862,50.902640518978,5.));
#2132 = VECTOR('',#2133,1.);
#2133 = DIRECTION('',(-0.9369415706,-0.349486041613,0.));
#2134 = PCURVE('',#1568,#2135);
#2135 = DEFINITIONAL_REPRESENTATION('',(#2136),#2140);
#2136 = LINE('',#2137,#2138);
#2137 = CARTESIAN_POINT('',(-8.912570716477,53.25942248301));
#2138 = VECTOR('',#2139,1.);
#2139 = DIRECTION('',(-0.983394937092,-0.181478367035));
#2140 = ( GEOMETRIC_REPRESENTATION_CONTEXT(2) 
PARAMETRIC_REPRESENTATION_CONTEXT() REPRESENTATION_CONTEXT('2D SPACE',''
  ) );
#2141 = PCURVE('',#2086,#2142);
#2142 = DEFINITIONAL_REPRESENTATION('',(#2143),#2147);
#2143 = LINE('',#2144,#2145);
#2144 = CARTESIAN_POINT('',(-8.912570716477,53.25942248301));
#2145 = VECTOR('',#2146,1.);
#2146 = DIRECTION('',(-0.983394937092,-0.181478367035));
#2147 = ( GEOMETRIC_REPRESENTATION_CONTEXT(2) 
PARAMETRIC_REPRESENTATION_CONTEXT() REPRESENTATION_CONTEXT('2D SPACE',''
  ) );
#2148 = ORIENTED_EDGE('',*,*,#1551,.T.);
#2149 = ADVANCED_FACE('',(#2150),#1539,.T.);
#2150 = FACE_BOUND('',#2151,.T.);
#2151 = EDGE_LOOP('',(#2152,#2173));
#2152 = ORIENTED_EDGE('',*,*,#2153,.F.);
#2153 = EDGE_CURVE('',#1523,#1494,#2154,.T.);
#2154 = SURFACE_CURVE('',#2155,(#2159,#2166),.PCURVE_S1.);
#2155 = LINE('',#2156,#2157);
#2156 = CARTESIAN_POINT('',(-19.71366946154,50.272967252402,5.));
#2157 = VECTOR('',#2158,1.);
#2158 = DIRECTION('',(-0.924761063443,-0.38054825652,0.));
#2159 = PCURVE('',#1539,#2160);
#2160 = DEFINITIONAL_REPRESENTATION('',(#2161),#2165);
#2161 = LINE('',#2162,#2163);
#2162 = CARTESIAN_POINT('',(-10.68436537675,52.932450694219));
#2163 = VECTOR('',#2164,1.);
#2164 = DIRECTION('',(-0.976793376221,-0.214183799972));
#2165 = ( GEOMETRIC_REPRESENTATION_CONTEXT(2) 
PARAMETRIC_REPRESENTATION_CONTEXT() REPRESENTATION_CONTEXT('2D SPACE',''
  ) );
#2166 = PCURVE('',#2086,#2167);
#2167 = DEFINITIONAL_REPRESENTATION('',(#2168),#2172);
#2168 = LINE('',#2169,#2170);
#2169 = CARTESIAN_POINT('',(-10.68436537675,52.932450694219));
#2170 = VECTOR('',#2171,1.);
#2171 = DIRECTION('',(-0.976793376221,-0.214183799972));
#2172 = ( GEOMETRIC_REPRESENTATION_CONTEXT(2) 
PARAMETRIC_REPRESENTATION_CONTEXT() REPRESENTATION_CONTEXT('2D SPACE',''
  ) );
#2173 = ORIENTED_EDGE('',*,*,#1522,.T.);
#2174 = ADVANCED_FACE('',(#2175),#1510,.T.);
#2175 = FACE_BOUND('',#2176,.T.);
#2176 = EDGE_LOOP('',(#2177,#2198));
#2177 = ORIENTED_EDGE('',*,*,#2178,.F.);
#2178 = EDGE_CURVE('',#1494,#1465,#2179,.T.);
#2179 = SURFACE_CURVE('',#2180,(#2184,#2191),.PCURVE_S1.);
#2180 = LINE('',#2181,#2182);
#2181 = CARTESIAN_POINT('',(-21.37982275605,49.58732881412,5.));
#2182 = VECTOR('',#2183,1.);
#2183 = DIRECTION('',(-0.911551088273,-0.411186835233,0.));
#2184 = PCURVE('',#1510,#2185);
#2185 = DEFINITIONAL_REPRESENTATION('',(#2186),#2190);
#2186 = LINE('',#2187,#2188);
#2187 = CARTESIAN_POINT('',(-12.44426592424,52.546553127742));
#2188 = VECTOR('',#2189,1.);
#2189 = DIRECTION('',(-0.969104423616,-0.246650797945));
#2190 = ( GEOMETRIC_REPRESENTATION_CONTEXT(2) 
PARAMETRIC_REPRESENTATION_CONTEXT() REPRESENTATION_CONTEXT('2D SPACE',''
  ) );
#2191 = PCURVE('',#2086,#2192);
#2192 = DEFINITIONAL_REPRESENTATION('',(#2193),#2197);
#2193 = LINE('',#2194,#2195);
#2194 = CARTESIAN_POINT('',(-12.44426592424,52.546553127742));
#2195 = VECTOR('',#2196,1.);
#2196 = DIRECTION('',(-0.969104423616,-0.246650797945));
#2197 = ( GEOMETRIC_REPRESENTATION_CONTEXT(2) 
PARAMETRIC_REPRESENTATION_CONTEXT() REPRESENTATION_CONTEXT('2D SPACE',''
  ) );
#2198 = ORIENTED_EDGE('',*,*,#1493,.T.);
#2199 = ADVANCED_FACE('',(#2200),#1481,.T.);
#2200 = FACE_BOUND('',#2201,.T.);
#2201 = EDGE_LOOP('',(#2202,#2223));
#2202 = ORIENTED_EDGE('',*,*,#2203,.F.);
#2203 = EDGE_CURVE('',#1465,#1436,#2204,.T.);
#2204 = SURFACE_CURVE('',#2205,(#2209,#2216),.PCURVE_S1.);
#2205 = LINE('',#2206,#2207);
#2206 = CARTESIAN_POINT('',(-23.02217547708,48.846488474634,5.));
#2207 = VECTOR('',#2208,1.);
#2208 = DIRECTION('',(-0.897326350777,-0.441367670091,0.));
#2209 = PCURVE('',#1481,#2210);
#2210 = DEFINITIONAL_REPRESENTATION('',(#2211),#2215);
#2211 = LINE('',#2212,#2213);
#2212 = CARTESIAN_POINT('',(-14.19031319198,52.102159374764));
#2213 = VECTOR('',#2214,1.);
#2214 = DIRECTION('',(-0.96033663882,-0.27884321785));
#2215 = ( GEOMETRIC_REPRESENTATION_CONTEXT(2) 
PARAMETRIC_REPRESENTATION_CONTEXT() REPRESENTATION_CONTEXT('2D SPACE',''
  ) );
#2216 = PCURVE('',#2086,#2217);
#2217 = DEFINITIONAL_REPRESENTATION('',(#2218),#2222);
#2218 = LINE('',#2219,#2220);
#2219 = CARTESIAN_POINT('',(-14.19031319198,52.102159374764));
#2220 = VECTOR('',#2221,1.);
#2221 = DIRECTION('',(-0.96033663882,-0.27884321785));
#2222 = ( GEOMETRIC_REPRESENTATION_CONTEXT(2) 
PARAMETRIC_REPRESENTATION_CONTEXT() REPRESENTATION_CONTEXT('2D SPACE',''
  ) );
#2223 = ORIENTED_EDGE('',*,*,#1464,.T.);
#2224 = ADVANCED_FACE('',(#2225),#1452,.T.);
#2225 = FACE_BOUND('',#2226,.T.);
#2226 = EDGE_LOOP('',(#2227,#2248));
#2227 = ORIENTED_EDGE('',*,*,#2228,.F.);
#2228 = EDGE_CURVE('',#1436,#1407,#2229,.T.);
#2229 = SURFACE_CURVE('',#2230,(#2234,#2241),.PCURVE_S1.);
#2230 = LINE('',#2231,#2232);
#2231 = CARTESIAN_POINT('',(-24.63889931494,48.051270956634,5.));
#2232 = VECTOR('',#2233,1.);
#2233 = DIRECTION('',(-0.882102686302,-0.471057163005,0.));
#2234 = PCURVE('',#1452,#2235);
#2235 = DEFINITIONAL_REPRESENTATION('',(#2236),#2240);
#2236 = LINE('',#2237,#2238);
#2237 = CARTESIAN_POINT('',(-15.92056343484,51.599764145943));
#2238 = VECTOR('',#2239,1.);
#2239 = DIRECTION('',(-0.950499782356,-0.310725222248));
#2240 = ( GEOMETRIC_REPRESENTATION_CONTEXT(2) 
PARAMETRIC_REPRESENTATION_CONTEXT() REPRESENTATION_CONTEXT('2D SPACE',''
  ) );
#2241 = PCURVE('',#2086,#2242);
#2242 = DEFINITIONAL_REPRESENTATION('',(#2243),#2247);
#2243 = LINE('',#2244,#2245);
#2244 = CARTESIAN_POINT('',(-15.92056343484,51.599764145943));
#2245 = VECTOR('',#2246,1.);
#2246 = DIRECTION('',(-0.950499782356,-0.310725222248));
#2247 = ( GEOMETRIC_REPRESENTATION_CONTEXT(2) 
PARAMETRIC_REPRESENTATION_CONTEXT() REPRESENTATION_CONTEXT('2D SPACE',''
  ) );
#2248 = ORIENTED_EDGE('',*,*,#1435,.T.);
#2249 = ADVANCED_FACE('',(#2250),#1423,.T.);
#2250 = FACE_BOUND('',#2251,.T.);
#2251 = EDGE_LOOP('',(#2252,#2273));
#2252 = ORIENTED_EDGE('',*,*,#2253,.F.);
#2253 = EDGE_CURVE('',#1407,#1378,#2254,.T.);
#2254 = SURFACE_CURVE('',#2255,(#2259,#2266),.PCURVE_S1.);
#2255 = LINE('',#2256,#2257);
#2256 = CARTESIAN_POINT('',(-26.22819449073,47.202561516896,5.));
#2257 = VECTOR('',#2258,1.);
#2258 = DIRECTION('',(-0.865897042227,-0.500222262862,0.));
#2259 = PCURVE('',#1423,#2260);
#2260 = DEFINITIONAL_REPRESENTATION('',(#2261),#2265);
#2261 = LINE('',#2262,#2263);
#2262 = CARTESIAN_POINT('',(-17.63309049336,51.039926720684));
#2263 = VECTOR('',#2264,1.);
#2264 = DIRECTION('',(-0.93960480487,-0.342261319266));
#2265 = ( GEOMETRIC_REPRESENTATION_CONTEXT(2) 
PARAMETRIC_REPRESENTATION_CONTEXT() REPRESENTATION_CONTEXT('2D SPACE',''
  ) );
#2266 = PCURVE('',#2086,#2267);
#2267 = DEFINITIONAL_REPRESENTATION('',(#2268),#2272);
#2268 = LINE('',#2269,#2270);
#2269 = CARTESIAN_POINT('',(-17.63309049336,51.039926720684));
#2270 = VECTOR('',#2271,1.);
#2271 = DIRECTION('',(-0.93960480487,-0.342261319266));
#2272 = ( GEOMETRIC_REPRESENTATION_CONTEXT(2) 
PARAMETRIC_REPRESENTATION_CONTEXT() REPRESENTATION_CONTEXT('2D SPACE',''
  ) );
#2273 = ORIENTED_EDGE('',*,*,#1406,.T.);
#2274 = ADVANCED_FACE('',(#2275),#1394,.T.);
#2275 = FACE_BOUND('',#2276,.T.);
#2276 = EDGE_LOOP('',(#2277,#2298));
#2277 = ORIENTED_EDGE('',*,*,#2278,.F.);
#2278 = EDGE_CURVE('',#1378,#1349,#2279,.T.);
#2279 = SURFACE_CURVE('',#2280,(#2284,#2291),.PCURVE_S1.);
#2280 = LINE('',#2281,#2282);
#2281 = CARTESIAN_POINT('',(-27.78829175979,46.301304960793,5.));
#2282 = VECTOR('',#2283,1.);
#2283 = DIRECTION('',(-0.848727459095,-0.528830502315,0.));
#2284 = PCURVE('',#1394,#2285);
#2285 = DEFINITIONAL_REPRESENTATION('',(#2286),#2290);
#2286 = LINE('',#2287,#2288);
#2287 = CARTESIAN_POINT('',(-19.32598793797,50.423270324537));
#2288 = VECTOR('',#2289,1.);
#2289 = DIRECTION('',(-0.927663834932,-0.373416402102));
#2290 = ( GEOMETRIC_REPRESENTATION_CONTEXT(2) 
PARAMETRIC_REPRESENTATION_CONTEXT() REPRESENTATION_CONTEXT('2D SPACE',''
  ) );
#2291 = PCURVE('',#2086,#2292);
#2292 = DEFINITIONAL_REPRESENTATION('',(#2293),#2297);
#2293 = LINE('',#2294,#2295);
#2294 = CARTESIAN_POINT('',(-19.32598793797,50.423270324537));
#2295 = VECTOR('',#2296,1.);
#2296 = DIRECTION('',(-0.927663834932,-0.373416402102));
#2297 = ( GEOMETRIC_REPRESENTATION_CONTEXT(2) 
PARAMETRIC_REPRESENTATION_CONTEXT() REPRESENTATION_CONTEXT('2D SPACE',''
  ) );
#2298 = ORIENTED_EDGE('',*,*,#1377,.T.);
#2299 = ADVANCED_FACE('',(#2300),#1365,.T.);
#2300 = FACE_BOUND('',#2301,.T.);
#2301 = EDGE_LOOP('',(#2302,#2323));
#2302 = ORIENTED_EDGE('',*,*,#2303,.F.);
#2303 = EDGE_CURVE('',#1349,#1320,#2304,.T.);
#2304 = SURFACE_CURVE('',#2305,(#2309,#2316),.PCURVE_S1.);
#2305 = LINE('',#2306,#2307);
#2306 = CARTESIAN_POINT('',(-29.31745438138,45.34850459051,5.));
#2307 = VECTOR('',#2308,1.);
#2308 = DIRECTION('',(-0.830613050531,-0.55685003393,0.));
#2309 = PCURVE('',#1365,#2310);
#2310 = DEFINITIONAL_REPRESENTATION('',(#2311),#2315);
#2311 = LINE('',#2312,#2313);
#2312 = CARTESIAN_POINT('',(-20.9973711913,49.750481435404));
#2313 = VECTOR('',#2314,1.);
#2314 = DIRECTION('',(-0.914690165542,-0.404155788109));
#2315 = ( GEOMETRIC_REPRESENTATION_CONTEXT(2) 
PARAMETRIC_REPRESENTATION_CONTEXT() REPRESENTATION_CONTEXT('2D SPACE',''
  ) );
#2316 = PCURVE('',#2086,#2317);
#2317 = DEFINITIONAL_REPRESENTATION('',(#2318),#2322);
#2318 = LINE('',#2319,#2320);
#2319 = CARTESIAN_POINT('',(-20.9973711913,49.750481435404));
#2320 = VECTOR('',#2321,1.);
#2321 = DIRECTION('',(-0.914690165542,-0.404155788109));
#2322 = ( GEOMETRIC_REPRESENTATION_CONTEXT(2) 
PARAMETRIC_REPRESENTATION_CONTEXT() REPRESENTATION_CONTEXT('2D SPACE',''
  ) );
#2323 = ORIENTED_EDGE('',*,*,#1348,.T.);
#2324 = ADVANCED_FACE('',(#2325),#1336,.T.);
#2325 = FACE_BOUND('',#2326,.T.);
#2326 = EDGE_LOOP('',(#2327,#2348));
#2327 = ORIENTED_EDGE('',*,*,#2328,.F.);
#2328 = EDGE_CURVE('',#1320,#1291,#2329,.T.);
#2329 = SURFACE_CURVE('',#2330,(#2334,#2341),.PCURVE_S1.);
#2330 = LINE('',#2331,#2332);
#2331 = CARTESIAN_POINT('',(-30.81398005197,44.345221088143,5.));
#2332 = VECTOR('',#2333,1.);
#2333 = DIRECTION('',(-0.811573981965,-0.584249665637,0.));
#2334 = PCURVE('',#1336,#2335);
#2335 = DEFINITIONAL_REPRESENTATION('',(#2336),#2340);
#2336 = LINE('',#2337,#2338);
#2337 = CARTESIAN_POINT('',(-22.64537962615,49.022309019335));
#2338 = VECTOR('',#2339,1.);
#2339 = DIRECTION('',(-0.900698239323,-0.434445257404));
#2340 = ( GEOMETRIC_REPRESENTATION_CONTEXT(2) 
PARAMETRIC_REPRESENTATION_CONTEXT() REPRESENTATION_CONTEXT('2D SPACE',''
  ) );
#2341 = PCURVE('',#2086,#2342);
#2342 = DEFINITIONAL_REPRESENTATION('',(#2343),#2347);
#2343 = LINE('',#2344,#2345);
#2344 = CARTESIAN_POINT('',(-22.64537962615,49.022309019335));
#2345 = VECTOR('',#2346,1.);
#2346 = DIRECTION('',(-0.900698239323,-0.434445257404));
#2347 = ( GEOMETRIC_REPRESENTATION_CONTEXT(2) 
PARAMETRIC_REPRESENTATION_CONTEXT() REPRESENTATION_CONTEXT('2D SPACE',''
  ) );
#2348 = ORIENTED_EDGE('',*,*,#1319,.T.);
#2349 = ADVANCED_FACE('',(#2350),#1307,.T.);
#2350 = FACE_BOUND('',#2351,.T.);
#2351 = EDGE_LOOP('',(#2352,#2373));
#2352 = ORIENTED_EDGE('',*,*,#2353,.F.);
#2353 = EDGE_CURVE('',#1291,#1262,#2354,.T.);
#2354 = SURFACE_CURVE('',#2355,(#2359,#2366),.PCURVE_S1.);
#2355 = LINE('',#2356,#2357);
#2356 = CARTESIAN_POINT('',(-32.27620280036,43.292571334924,5.));
#2357 = VECTOR('',#2358,1.);
#2358 = DIRECTION('',(-0.791631448183,-0.610998895456,0.));
#2359 = PCURVE('',#1307,#2360);
#2360 = DEFINITIONAL_REPRESENTATION('',(#2361),#2365);
#2361 = LINE('',#2362,#2363);
#2362 = CARTESIAN_POINT('',(-24.26817863677,48.239563696759));
#2363 = VECTOR('',#2364,1.);
#2364 = DIRECTION('',(-0.885703632451,-0.464251090966));
#2365 = ( GEOMETRIC_REPRESENTATION_CONTEXT(2) 
PARAMETRIC_REPRESENTATION_CONTEXT() REPRESENTATION_CONTEXT('2D SPACE',''
  ) );
#2366 = PCURVE('',#2086,#2367);
#2367 = DEFINITIONAL_REPRESENTATION('',(#2368),#2372);
#2368 = LINE('',#2369,#2370);
#2369 = CARTESIAN_POINT('',(-24.26817863677,48.239563696759));
#2370 = VECTOR('',#2371,1.);
#2371 = DIRECTION('',(-0.885703632451,-0.464251090966));
#2372 = ( GEOMETRIC_REPRESENTATION_CONTEXT(2) 
PARAMETRIC_REPRESENTATION_CONTEXT() REPRESENTATION_CONTEXT('2D SPACE',''
  ) );
#2373 = ORIENTED_EDGE('',*,*,#1290,.T.);
#2374 = ADVANCED_FACE('',(#2375),#1278,.T.);
#2375 = FACE_BOUND('',#2376,.T.);
#2376 = EDGE_LOOP('',(#2377,#2398));
#2377 = ORIENTED_EDGE('',*,*,#2378,.F.);
#2378 = EDGE_CURVE('',#1262,#1233,#2379,.T.);
#2379 = SURFACE_CURVE('',#2380,(#2384,#2391),.PCURVE_S1.);
#2380 = LINE('',#2381,#2382);
#2381 = CARTESIAN_POINT('',(-33.70249484225,42.191727167871,5.));
#2382 = VECTOR('',#2383,1.);
#2383 = DIRECTION('',(-0.77080764973,-0.637067945449,0.));
#2384 = PCURVE('',#1278,#2385);
#2385 = DEFINITIONAL_REPRESENTATION('',(#2386),#2390);
#2386 = LINE('',#2387,#2388);
#2387 = CARTESIAN_POINT('',(-25.86396168118,47.403116840081));
#2388 = VECTOR('',#2389,1.);
#2389 = DIRECTION('',(-0.869723037312,-0.493540108166));
#2390 = ( GEOMETRIC_REPRESENTATION_CONTEXT(2) 
PARAMETRIC_REPRESENTATION_CONTEXT() REPRESENTATION_CONTEXT('2D SPACE',''
  ) );
#2391 = PCURVE('',#2086,#2392);
#2392 = DEFINITIONAL_REPRESENTATION('',(#2393),#2397);
#2393 = LINE('',#2394,#2395);
#2394 = CARTESIAN_POINT('',(-25.86396168118,47.403116840081));
#2395 = VECTOR('',#2396,1.);
#2396 = DIRECTION('',(-0.869723037312,-0.493540108166));
#2397 = ( GEOMETRIC_REPRESENTATION_CONTEXT(2) 
PARAMETRIC_REPRESENTATION_CONTEXT() REPRESENTATION_CONTEXT('2D SPACE',''
  ) );
#2398 = ORIENTED_EDGE('',*,*,#1261,.T.);
#2399 = ADVANCED_FACE('',(#2400),#1249,.T.);
#2400 = FACE_BOUND('',#2401,.T.);
#2401 = EDGE_LOOP('',(#2402,#2423));
#2402 = ORIENTED_EDGE('',*,*,#2403,.F.);
#2403 = EDGE_CURVE('',#1233,#1204,#2404,.T.);
#2404 = SURFACE_CURVE('',#2405,(#2409,#2416),.PCURVE_S1.);
#2405 = LINE('',#2406,#2407);
#2406 = CARTESIAN_POINT('',(-35.0912683923,41.04391407528,5.));
#2407 = VECTOR('',#2408,1.);
#2408 = DIRECTION('',(-0.749125768199,-0.662427794873,0.));
#2409 = PCURVE('',#1249,#2410);
#2410 = DEFINITIONAL_REPRESENTATION('',(#2411),#2415);
#2411 = LINE('',#2412,#2413);
#2412 = CARTESIAN_POINT('',(-27.43095229228,46.513899603648));
#2413 = VECTOR('',#2414,1.);
#2414 = DIRECTION('',(-0.852774243919,-0.522279703711));
#2415 = ( GEOMETRIC_REPRESENTATION_CONTEXT(2) 
PARAMETRIC_REPRESENTATION_CONTEXT() REPRESENTATION_CONTEXT('2D SPACE',''
  ) );
#2416 = PCURVE('',#2086,#2417);
#2417 = DEFINITIONAL_REPRESENTATION('',(#2418),#2422);
#2418 = LINE('',#2419,#2420);
#2419 = CARTESIAN_POINT('',(-27.43095229228,46.513899603648));
#2420 = VECTOR('',#2421,1.);
#2421 = DIRECTION('',(-0.852774243919,-0.522279703711));
#2422 = ( GEOMETRIC_REPRESENTATION_CONTEXT(2) 
PARAMETRIC_REPRESENTATION_CONTEXT() REPRESENTATION_CONTEXT('2D SPACE',''
  ) );
#2423 = ORIENTED_EDGE('',*,*,#1232,.T.);
#2424 = ADVANCED_FACE('',(#2425),#1220,.T.);
#2425 = FACE_BOUND('',#2426,.T.);
#2426 = EDGE_LOOP('',(#2427,#2448));
#2427 = ORIENTED_EDGE('',*,*,#2428,.F.);
#2428 = EDGE_CURVE('',#1204,#1175,#2429,.T.);
#2429 = SURFACE_CURVE('',#2430,(#2434,#2441),.PCURVE_S1.);
#2430 = LINE('',#2431,#2432);
#2431 = CARTESIAN_POINT('',(-36.44097743179,39.850409832469,5.));
#2432 = VECTOR('',#2433,1.);
#2433 = DIRECTION('',(-0.726609940423,-0.687050212487,0.));
#2434 = PCURVE('',#1220,#2435);
#2435 = DEFINITIONAL_REPRESENTATION('',(#2436),#2440);
#2436 = LINE('',#2437,#2438);
#2437 = CARTESIAN_POINT('',(-28.96740605548,45.572901887161));
#2438 = VECTOR('',#2439,1.);
#2439 = DIRECTION('',(-0.834876120109,-0.550437883936));
#2440 = ( GEOMETRIC_REPRESENTATION_CONTEXT(2) 
PARAMETRIC_REPRESENTATION_CONTEXT() REPRESENTATION_CONTEXT('2D SPACE',''
  ) );
#2441 = PCURVE('',#2086,#2442);
#2442 = DEFINITIONAL_REPRESENTATION('',(#2443),#2447);
#2443 = LINE('',#2444,#2445);
#2444 = CARTESIAN_POINT('',(-28.96740605548,45.572901887161));
#2445 = VECTOR('',#2446,1.);
#2446 = DIRECTION('',(-0.834876120109,-0.550437883936));
#2447 = ( GEOMETRIC_REPRESENTATION_CONTEXT(2) 
PARAMETRIC_REPRESENTATION_CONTEXT() REPRESENTATION_CONTEXT('2D SPACE',''
  ) );
#2448 = ORIENTED_EDGE('',*,*,#1203,.T.);
#2449 = ADVANCED_FACE('',(#2450),#1191,.T.);
#2450 = FACE_BOUND('',#2451,.T.);
#2451 = EDGE_LOOP('',(#2452,#2473));
#2452 = ORIENTED_EDGE('',*,*,#2453,.F.);
#2453 = EDGE_CURVE('',#1175,#1146,#2454,.T.);
#2454 = SURFACE_CURVE('',#2455,(#2459,#2466),.PCURVE_S1.);
#2455 = LINE('',#2456,#2457);
#2456 = CARTESIAN_POINT('',(-37.75011942956,38.612543079332,5.));
#2457 = VECTOR('',#2458,1.);
#2458 = DIRECTION('',(-0.703285231607,-0.710907787975,0.));
#2459 = PCURVE('',#1191,#2460);
#2460 = DEFINITIONAL_REPRESENTATION('',(#2461),#2465);
#2461 = LINE('',#2462,#2463);
#2462 = CARTESIAN_POINT('',(-30.47161255056,44.581171233698));
#2463 = VECTOR('',#2464,1.);
#2464 = DIRECTION('',(-0.816048590537,-0.577983302426));
#2465 = ( GEOMETRIC_REPRESENTATION_CONTEXT(2) 
PARAMETRIC_REPRESENTATION_CONTEXT() REPRESENTATION_CONTEXT('2D SPACE',''
  ) );
#2466 = PCURVE('',#2086,#2467);
#2467 = DEFINITIONAL_REPRESENTATION('',(#2468),#2472);
#2468 = LINE('',#2469,#2470);
#2469 = CARTESIAN_POINT('',(-30.47161255056,44.581171233698));
#2470 = VECTOR('',#2471,1.);
#2471 = DIRECTION('',(-0.816048590537,-0.577983302426));
#2472 = ( GEOMETRIC_REPRESENTATION_CONTEXT(2) 
PARAMETRIC_REPRESENTATION_CONTEXT() REPRESENTATION_CONTEXT('2D SPACE',''
  ) );
#2473 = ORIENTED_EDGE('',*,*,#1174,.T.);
#2474 = ADVANCED_FACE('',(#2475),#1162,.T.);
#2475 = FACE_BOUND('',#2476,.T.);
#2476 = EDGE_LOOP('',(#2477,#2498));
#2477 = ORIENTED_EDGE('',*,*,#2478,.F.);
#2478 = EDGE_CURVE('',#1146,#1117,#2479,.T.);
#2479 = SURFACE_CURVE('',#2480,(#2484,#2491),.PCURVE_S1.);
#2480 = LINE('',#2481,#2482);
#2481 = CARTESIAN_POINT('',(-39.0172370148,37.331691841262,5.));
#2482 = VECTOR('',#2483,1.);
#2483 = DIRECTION('',(-0.679177607421,-0.733973962466,0.));
#2484 = PCURVE('',#1162,#2485);
#2485 = DEFINITIONAL_REPRESENTATION('',(#2486),#2490);
#2486 = LINE('',#2487,#2488);
#2487 = CARTESIAN_POINT('',(-31.94189725583,43.539811663556));
#2488 = VECTOR('',#2489,1.);
#2489 = DIRECTION('',(-0.796312614498,-0.604885294905));
#2490 = ( GEOMETRIC_REPRESENTATION_CONTEXT(2) 
PARAMETRIC_REPRESENTATION_CONTEXT() REPRESENTATION_CONTEXT('2D SPACE',''
  ) );
#2491 = PCURVE('',#2086,#2492);
#2492 = DEFINITIONAL_REPRESENTATION('',(#2493),#2497);
#2493 = LINE('',#2494,#2495);
#2494 = CARTESIAN_POINT('',(-31.94189725583,43.539811663556));
#2495 = VECTOR('',#2496,1.);
#2496 = DIRECTION('',(-0.796312614498,-0.604885294905));
#2497 = ( GEOMETRIC_REPRESENTATION_CONTEXT(2) 
PARAMETRIC_REPRESENTATION_CONTEXT() REPRESENTATION_CONTEXT('2D SPACE',''
  ) );
#2498 = ORIENTED_EDGE('',*,*,#1145,.T.);
#2499 = ADVANCED_FACE('',(#2500),#1133,.T.);
#2500 = FACE_BOUND('',#2501,.T.);
#2501 = EDGE_LOOP('',(#2502,#2523));
#2502 = ORIENTED_EDGE('',*,*,#2503,.F.);
#2503 = EDGE_CURVE('',#1117,#1088,#2504,.T.);
#2504 = SURFACE_CURVE('',#2505,(#2509,#2516),.PCURVE_S1.);
#2505 = LINE('',#2506,#2507);
#2506 = CARTESIAN_POINT('',(-40.2409195993,36.009281995094,5.));
#2507 = VECTOR('',#2508,1.);
#2508 = DIRECTION('',(-0.654313905098,-0.756223058095,0.));
#2509 = PCURVE('',#1133,#2510);
#2510 = DEFINITIONAL_REPRESENTATION('',(#2511),#2515);
#2511 = LINE('',#2512,#2513);
#2512 = CARTESIAN_POINT('',(-33.37662341219,42.449982445232));
#2513 = VECTOR('',#2514,1.);
#2514 = DIRECTION('',(-0.775690162592,-0.631113913377));
#2515 = ( GEOMETRIC_REPRESENTATION_CONTEXT(2) 
PARAMETRIC_REPRESENTATION_CONTEXT() REPRESENTATION_CONTEXT('2D SPACE',''
  ) );
#2516 = PCURVE('',#2086,#2517);
#2517 = DEFINITIONAL_REPRESENTATION('',(#2518),#2522);
#2518 = LINE('',#2519,#2520);
#2519 = CARTESIAN_POINT('',(-33.37662341219,42.449982445232));
#2520 = VECTOR('',#2521,1.);
#2521 = DIRECTION('',(-0.775690162592,-0.631113913377));
#2522 = ( GEOMETRIC_REPRESENTATION_CONTEXT(2) 
PARAMETRIC_REPRESENTATION_CONTEXT() REPRESENTATION_CONTEXT('2D SPACE',''
  ) );
#2523 = ORIENTED_EDGE('',*,*,#1116,.T.);
#2524 = ADVANCED_FACE('',(#2525),#1104,.T.);
#2525 = FACE_BOUND('',#2526,.T.);
#2526 = EDGE_LOOP('',(#2527,#2548));
#2527 = ORIENTED_EDGE('',*,*,#2528,.F.);
#2528 = EDGE_CURVE('',#1088,#1059,#2529,.T.);
#2529 = SURFACE_CURVE('',#2530,(#2534,#2541),.PCURVE_S1.);
#2530 = LINE('',#2531,#2532);
#2531 = CARTESIAN_POINT('',(-41.41980494788,34.646785681784,5.));
#2532 = VECTOR('',#2533,1.);
#2533 = DIRECTION('',(-0.628721803557,-0.777630306593,0.));
#2534 = PCURVE('',#1104,#2535);
#2535 = DEFINITIONAL_REPRESENTATION('',(#2536),#2540);
#2536 = LINE('',#2537,#2538);
#2537 = CARTESIAN_POINT('',(-34.77419384526,41.312896804893));
#2538 = VECTOR('',#2539,1.);
#2539 = DIRECTION('',(-0.754204192269,-0.656639959463));
#2540 = ( GEOMETRIC_REPRESENTATION_CONTEXT(2) 
PARAMETRIC_REPRESENTATION_CONTEXT() REPRESENTATION_CONTEXT('2D SPACE',''
  ) );
#2541 = PCURVE('',#2086,#2542);
#2542 = DEFINITIONAL_REPRESENTATION('',(#2543),#2547);
#2543 = LINE('',#2544,#2545);
#2544 = CARTESIAN_POINT('',(-34.77419384526,41.312896804893));
#2545 = VECTOR('',#2546,1.);
#2546 = DIRECTION('',(-0.754204192269,-0.656639959463));
#2547 = ( GEOMETRIC_REPRESENTATION_CONTEXT(2) 
PARAMETRIC_REPRESENTATION_CONTEXT() REPRESENTATION_CONTEXT('2D SPACE',''
  ) );
#2548 = ORIENTED_EDGE('',*,*,#1087,.T.);
#2549 = ADVANCED_FACE('',(#2550),#1075,.T.);
#2550 = FACE_BOUND('',#2551,.T.);
#2551 = EDGE_LOOP('',(#2552,#2575,#2576,#2604));
#2552 = ORIENTED_EDGE('',*,*,#2553,.F.);
#2553 = EDGE_CURVE('',#1059,#2554,#2556,.T.);
#2554 = VERTEX_POINT('',#2555);
#2555 = CARTESIAN_POINT('',(-41.13416133827,32.137529011999,5.));
#2556 = SURFACE_CURVE('',#2557,(#2561,#2568),.PCURVE_S1.);
#2557 = LINE('',#2558,#2559);
#2558 = CARTESIAN_POINT('',(-42.55258069476,33.245719667586,5.));
#2559 = VECTOR('',#2560,1.);
#2560 = DIRECTION('',(0.788010753607,-0.615661475326,0.));
#2561 = PCURVE('',#1075,#2562);
#2562 = DEFINITIONAL_REPRESENTATION('',(#2563),#2567);
#2563 = LINE('',#2564,#2565);
#2564 = CARTESIAN_POINT('',(-36.13305274337,40.129820575779));
#2565 = VECTOR('',#2566,1.);
#2566 = DIRECTION('',(0.669130606359,-0.743144825477));
#2567 = ( GEOMETRIC_REPRESENTATION_CONTEXT(2) 
PARAMETRIC_REPRESENTATION_CONTEXT() REPRESENTATION_CONTEXT('2D SPACE',''
  ) );
#2568 = PCURVE('',#2086,#2569);
#2569 = DEFINITIONAL_REPRESENTATION('',(#2570),#2574);
#2570 = LINE('',#2571,#2572);
#2571 = CARTESIAN_POINT('',(-36.13305274337,40.129820575779));
#2572 = VECTOR('',#2573,1.);
#2573 = DIRECTION('',(0.669130606359,-0.743144825477));
#2574 = ( GEOMETRIC_REPRESENTATION_CONTEXT(2) 
PARAMETRIC_REPRESENTATION_CONTEXT() REPRESENTATION_CONTEXT('2D SPACE',''
  ) );
#2575 = ORIENTED_EDGE('',*,*,#1058,.T.);
#2576 = ORIENTED_EDGE('',*,*,#2577,.F.);
#2577 = EDGE_CURVE('',#2578,#1030,#2580,.T.);
#2578 = VERTEX_POINT('',#2579);
#2579 = CARTESIAN_POINT('',(-33.90118812283,-39.69319140432,5.));
#2580 = SURFACE_CURVE('',#2581,(#2585,#2592),.PCURVE_S1.);
#2581 = LINE('',#2582,#2583);
#2582 = CARTESIAN_POINT('',(-33.90118812283,-39.69319140432,5.));
#2583 = VECTOR('',#2584,1.);
#2584 = DIRECTION('',(-0.64944804833,-0.7604059656,0.));
#2585 = PCURVE('',#1075,#2586);
#2586 = DEFINITIONAL_REPRESENTATION('',(#2587),#2591);
#2587 = LINE('',#2588,#2589);
#2588 = CARTESIAN_POINT('',(-40.27880325283,-33.20328309849));
#2589 = VECTOR('',#2590,1.);
#2590 = DIRECTION('',(-0.771624583388,-0.636078220278));
#2591 = ( GEOMETRIC_REPRESENTATION_CONTEXT(2) 
PARAMETRIC_REPRESENTATION_CONTEXT() REPRESENTATION_CONTEXT('2D SPACE',''
  ) );
#2592 = PCURVE('',#2593,#2598);
#2593 = PLANE('',#2594);
#2594 = AXIS2_PLACEMENT_3D('',#2595,#2596,#2597);
#2595 = CARTESIAN_POINT('',(0.,0.,5.));
#2596 = DIRECTION('',(0.,0.,1.));
#2597 = DIRECTION('',(0.984807753012,0.173648177667,0.));
#2598 = DEFINITIONAL_REPRESENTATION('',(#2599),#2603);
#2599 = LINE('',#2600,#2601);
#2600 = CARTESIAN_POINT('',(-40.27880325283,-33.20328309849));
#2601 = VECTOR('',#2602,1.);
#2602 = DIRECTION('',(-0.771624583388,-0.636078220278));
#2603 = ( GEOMETRIC_REPRESENTATION_CONTEXT(2) 
PARAMETRIC_REPRESENTATION_CONTEXT() REPRESENTATION_CONTEXT('2D SPACE',''
  ) );
#2604 = ORIENTED_EDGE('',*,*,#2605,.F.);
#2605 = EDGE_CURVE('',#2554,#2578,#2606,.T.);
#2606 = SURFACE_CURVE('',#2607,(#2612,#2619),.PCURVE_S1.);
#2607 = CIRCLE('',#2608,52.2);
#2608 = AXIS2_PLACEMENT_3D('',#2609,#2610,#2611);
#2609 = CARTESIAN_POINT('',(0.,0.,5.));
#2610 = DIRECTION('',(0.,-0.,1.));
#2611 = DIRECTION('',(0.984807753012,0.173648177667,0.));
#2612 = PCURVE('',#1075,#2613);
#2613 = DEFINITIONAL_REPRESENTATION('',(#2614),#2618);
#2614 = CIRCLE('',#2615,52.2);
#2615 = AXIS2_PLACEMENT_2D('',#2616,#2617);
#2616 = CARTESIAN_POINT('',(0.,0.));
#2617 = DIRECTION('',(1.,-4.74729883959E-18));
#2618 = ( GEOMETRIC_REPRESENTATION_CONTEXT(2) 
PARAMETRIC_REPRESENTATION_CONTEXT() REPRESENTATION_CONTEXT('2D SPACE',''
  ) );
#2619 = PCURVE('',#2113,#2620);
#2620 = DEFINITIONAL_REPRESENTATION('',(#2621),#2625);
#2621 = LINE('',#2622,#2623);
#2622 = CARTESIAN_POINT('',(0.,13.1));
#2623 = VECTOR('',#2624,1.);
#2624 = DIRECTION('',(1.,0.));
#2625 = ( GEOMETRIC_REPRESENTATION_CONTEXT(2) 
PARAMETRIC_REPRESENTATION_CONTEXT() REPRESENTATION_CONTEXT('2D SPACE',''
  ) );
#2626 = ADVANCED_FACE('',(#2627),#1046,.T.);
#2627 = FACE_BOUND('',#2628,.T.);
#2628 = EDGE_LOOP('',(#2629,#2650));
#2629 = ORIENTED_EDGE('',*,*,#2630,.F.);
#2630 = EDGE_CURVE('',#1030,#1001,#2631,.T.);
#2631 = SURFACE_CURVE('',#2632,(#2636,#2643),.PCURVE_S1.);
#2632 = LINE('',#2633,#2634);
#2633 = CARTESIAN_POINT('',(-35.07019460983,-41.0619221424,5.));
#2634 = VECTOR('',#2635,1.);
#2635 = DIRECTION('',(0.771134575605,-0.636672181194,0.));
#2636 = PCURVE('',#1046,#2637);
#2637 = DEFINITIONAL_REPRESENTATION('',(#2638),#2642);
#2638 = LINE('',#2639,#2640);
#2639 = CARTESIAN_POINT('',(-41.66772750293,-34.34822389499));
#2640 = VECTOR('',#2641,1.);
#2641 = DIRECTION('',(0.648862344636,-0.760905813957));
#2642 = ( GEOMETRIC_REPRESENTATION_CONTEXT(2) 
PARAMETRIC_REPRESENTATION_CONTEXT() REPRESENTATION_CONTEXT('2D SPACE',''
  ) );
#2643 = PCURVE('',#2593,#2644);
#2644 = DEFINITIONAL_REPRESENTATION('',(#2645),#2649);
#2645 = LINE('',#2646,#2647);
#2646 = CARTESIAN_POINT('',(-41.66772750293,-34.34822389499));
#2647 = VECTOR('',#2648,1.);
#2648 = DIRECTION('',(0.648862344636,-0.760905813957));
#2649 = ( GEOMETRIC_REPRESENTATION_CONTEXT(2) 
PARAMETRIC_REPRESENTATION_CONTEXT() REPRESENTATION_CONTEXT('2D SPACE',''
  ) );
#2650 = ORIENTED_EDGE('',*,*,#1029,.T.);
#2651 = ADVANCED_FACE('',(#2652),#1017,.T.);
#2652 = FACE_BOUND('',#2653,.T.);
#2653 = EDGE_LOOP('',(#2654,#2675));
#2654 = ORIENTED_EDGE('',*,*,#2655,.F.);
#2655 = EDGE_CURVE('',#1001,#972,#2656,.T.);
#2656 = SURFACE_CURVE('',#2657,(#2661,#2668),.PCURVE_S1.);
#2657 = LINE('',#2658,#2659);
#2658 = CARTESIAN_POINT('',(-33.68083203343,-42.2090221817,5.));
#2659 = VECTOR('',#2660,1.);
#2660 = DIRECTION('',(0.791944989234,-0.610592445112,0.));
#2661 = PCURVE('',#1017,#2662);
#2662 = DEFINITIONAL_REPRESENTATION('',(#2663),#2667);
#2663 = LINE('',#2664,#2665);
#2664 = CARTESIAN_POINT('',(-40.49866429738,-35.71915718669));
#2665 = VECTOR('',#2666,1.);
#2666 = DIRECTION('',(0.673885299966,-0.73883597807));
#2667 = ( GEOMETRIC_REPRESENTATION_CONTEXT(2) 
PARAMETRIC_REPRESENTATION_CONTEXT() REPRESENTATION_CONTEXT('2D SPACE',''
  ) );
#2668 = PCURVE('',#2593,#2669);
#2669 = DEFINITIONAL_REPRESENTATION('',(#2670),#2674);
#2670 = LINE('',#2671,#2672);
#2671 = CARTESIAN_POINT('',(-40.49866429738,-35.71915718669));
#2672 = VECTOR('',#2673,1.);
#2673 = DIRECTION('',(0.673885299966,-0.73883597807));
#2674 = ( GEOMETRIC_REPRESENTATION_CONTEXT(2) 
PARAMETRIC_REPRESENTATION_CONTEXT() REPRESENTATION_CONTEXT('2D SPACE',''
  ) );
#2675 = ORIENTED_EDGE('',*,*,#1000,.T.);
#2676 = ADVANCED_FACE('',(#2677),#988,.T.);
#2677 = FACE_BOUND('',#2678,.T.);
#2678 = EDGE_LOOP('',(#2679,#2680));
#2679 = ORIENTED_EDGE('',*,*,#971,.T.);
#2680 = ORIENTED_EDGE('',*,*,#2681,.F.);
#2681 = EDGE_CURVE('',#972,#943,#2682,.T.);
#2682 = SURFACE_CURVE('',#2683,(#2687,#2694),.PCURVE_S1.);
#2683 = LINE('',#2684,#2685);
#2684 = CARTESIAN_POINT('',(-32.25397508081,-43.30913404221,5.));
#2685 = VECTOR('',#2686,1.);
#2686 = DIRECTION('',(0.81187378915,-0.583832981675,0.));
#2687 = PCURVE('',#988,#2688);
#2688 = DEFINITIONAL_REPRESENTATION('',(#2689),#2693);
#2689 = LINE('',#2690,#2691);
#2690 = CARTESIAN_POINT('',(-39.2845169278,-37.05032698571));
#2691 = VECTOR('',#2692,1.);
#2692 = DIRECTION('',(0.698158068693,-0.715943650799));
#2693 = ( GEOMETRIC_REPRESENTATION_CONTEXT(2) 
PARAMETRIC_REPRESENTATION_CONTEXT() REPRESENTATION_CONTEXT('2D SPACE',''
  ) );
#2694 = PCURVE('',#2593,#2695);
#2695 = DEFINITIONAL_REPRESENTATION('',(#2696),#2700);
#2696 = LINE('',#2697,#2698);
#2697 = CARTESIAN_POINT('',(-39.2845169278,-37.05032698571));
#2698 = VECTOR('',#2699,1.);
#2699 = DIRECTION('',(0.698158068693,-0.715943650799));
#2700 = ( GEOMETRIC_REPRESENTATION_CONTEXT(2) 
PARAMETRIC_REPRESENTATION_CONTEXT() REPRESENTATION_CONTEXT('2D SPACE',''
  ) );
#2701 = ADVANCED_FACE('',(#2702),#959,.T.);
#2702 = FACE_BOUND('',#2703,.T.);
#2703 = EDGE_LOOP('',(#2704,#2705));
#2704 = ORIENTED_EDGE('',*,*,#942,.T.);
#2705 = ORIENTED_EDGE('',*,*,#2706,.F.);
#2706 = EDGE_CURVE('',#943,#914,#2707,.T.);
#2707 = SURFACE_CURVE('',#2708,(#2712,#2719),.PCURVE_S1.);
#2708 = LINE('',#2709,#2710);
#2709 = CARTESIAN_POINT('',(-30.79121216615,-44.36103305085,5.));
#2710 = VECTOR('',#2711,1.);
#2711 = DIRECTION('',(0.830898790096,-0.556423580212,0.));
#2712 = PCURVE('',#959,#2713);
#2713 = DEFINITIONAL_REPRESENTATION('',(#2714),#2718);
#2714 = LINE('',#2715,#2716);
#2715 = CARTESIAN_POINT('',(-38.02663701457,-38.3402513993));
#2716 = VECTOR('',#2717,1.);
#2717 = DIRECTION('',(0.721653629741,-0.692254316478));
#2718 = ( GEOMETRIC_REPRESENTATION_CONTEXT(2) 
PARAMETRIC_REPRESENTATION_CONTEXT() REPRESENTATION_CONTEXT('2D SPACE',''
  ) );
#2719 = PCURVE('',#2593,#2720);
#2720 = DEFINITIONAL_REPRESENTATION('',(#2721),#2725);
#2721 = LINE('',#2722,#2723);
#2722 = CARTESIAN_POINT('',(-38.02663701457,-38.3402513993));
#2723 = VECTOR('',#2724,1.);
#2724 = DIRECTION('',(0.721653629741,-0.692254316478));
#2725 = ( GEOMETRIC_REPRESENTATION_CONTEXT(2) 
PARAMETRIC_REPRESENTATION_CONTEXT() REPRESENTATION_CONTEXT('2D SPACE',''
  ) );
#2726 = ADVANCED_FACE('',(#2727),#930,.T.);
#2727 = FACE_BOUND('',#2728,.T.);
#2728 = EDGE_LOOP('',(#2729,#2730));
#2729 = ORIENTED_EDGE('',*,*,#913,.T.);
#2730 = ORIENTED_EDGE('',*,*,#2731,.F.);
#2731 = EDGE_CURVE('',#914,#885,#2732,.T.);
#2732 = SURFACE_CURVE('',#2733,(#2737,#2744),.PCURVE_S1.);
#2733 = LINE('',#2734,#2735);
#2734 = CARTESIAN_POINT('',(-29.2941716751,-45.36354820634,5.));
#2735 = VECTOR('',#2736,1.);
#2736 = DIRECTION('',(0.848998812948,-0.528394753581,0.));
#2737 = PCURVE('',#930,#2738);
#2738 = DEFINITIONAL_REPRESENTATION('',(#2739),#2743);
#2739 = LINE('',#2740,#2741);
#2740 = CARTESIAN_POINT('',(-36.72642486224,-39.58749445011));
#2741 = VECTOR('',#2742,1.);
#2742 = DIRECTION('',(0.744345827241,-0.667794346688));
#2743 = ( GEOMETRIC_REPRESENTATION_CONTEXT(2) 
PARAMETRIC_REPRESENTATION_CONTEXT() REPRESENTATION_CONTEXT('2D SPACE',''
  ) );
#2744 = PCURVE('',#2593,#2745);
#2745 = DEFINITIONAL_REPRESENTATION('',(#2746),#2750);
#2746 = LINE('',#2747,#2748);
#2747 = CARTESIAN_POINT('',(-36.72642486224,-39.58749445011));
#2748 = VECTOR('',#2749,1.);
#2749 = DIRECTION('',(0.744345827241,-0.667794346688));
#2750 = ( GEOMETRIC_REPRESENTATION_CONTEXT(2) 
PARAMETRIC_REPRESENTATION_CONTEXT() REPRESENTATION_CONTEXT('2D SPACE',''
  ) );
#2751 = ADVANCED_FACE('',(#2752),#901,.T.);
#2752 = FACE_BOUND('',#2753,.T.);
#2753 = EDGE_LOOP('',(#2754,#2755));
#2754 = ORIENTED_EDGE('',*,*,#884,.T.);
#2755 = ORIENTED_EDGE('',*,*,#2756,.F.);
#2756 = EDGE_CURVE('',#885,#856,#2757,.T.);
#2757 = SURFACE_CURVE('',#2758,(#2762,#2769),.PCURVE_S1.);
#2758 = LINE('',#2759,#2760);
#2759 = CARTESIAN_POINT('',(-27.76452015196,-46.31556348282,5.));
#2760 = VECTOR('',#2761,1.);
#2761 = DIRECTION('',(0.86615370829,-0.499777704199,0.));
#2762 = PCURVE('',#901,#2763);
#2763 = DEFINITIONAL_REPRESENTATION('',(#2764),#2768);
#2764 = LINE('',#2765,#2766);
#2765 = CARTESIAN_POINT('',(-35.38532790072,-40.79066767482));
#2766 = VECTOR('',#2767,1.);
#2767 = DIRECTION('',(0.766209399652,-0.642590970902));
#2768 = ( GEOMETRIC_REPRESENTATION_CONTEXT(2) 
PARAMETRIC_REPRESENTATION_CONTEXT() REPRESENTATION_CONTEXT('2D SPACE',''
  ) );
#2769 = PCURVE('',#2593,#2770);
#2770 = DEFINITIONAL_REPRESENTATION('',(#2771),#2775);
#2771 = LINE('',#2772,#2773);
#2772 = CARTESIAN_POINT('',(-35.38532790072,-40.79066767482));
#2773 = VECTOR('',#2774,1.);
#2774 = DIRECTION('',(0.766209399652,-0.642590970902));
#2775 = ( GEOMETRIC_REPRESENTATION_CONTEXT(2) 
PARAMETRIC_REPRESENTATION_CONTEXT() REPRESENTATION_CONTEXT('2D SPACE',''
  ) );
#2776 = ADVANCED_FACE('',(#2777),#872,.T.);
#2777 = FACE_BOUND('',#2778,.T.);
#2778 = EDGE_LOOP('',(#2779,#2780));
#2779 = ORIENTED_EDGE('',*,*,#855,.T.);
#2780 = ORIENTED_EDGE('',*,*,#2781,.F.);
#2781 = EDGE_CURVE('',#856,#827,#2782,.T.);
#2782 = SURFACE_CURVE('',#2783,(#2787,#2794),.PCURVE_S1.);
#2783 = LINE('',#2784,#2785);
#2784 = CARTESIAN_POINT('',(-26.20396044451,-47.21601907215,5.));
#2785 = VECTOR('',#2786,1.);
#2786 = DIRECTION('',(0.882344378848,-0.470604289308,0.));
#2787 = PCURVE('',#872,#2788);
#2788 = DEFINITIONAL_REPRESENTATION('',(#2789),#2793);
#2789 = LINE('',#2790,#2791);
#2790 = CARTESIAN_POINT('',(-34.00483907395,-41.94843166978));
#2791 = VECTOR('',#2792,1.);
#2792 = DIRECTION('',(0.787220007876,-0.616672246173));
#2793 = ( GEOMETRIC_REPRESENTATION_CONTEXT(2) 
PARAMETRIC_REPRESENTATION_CONTEXT() REPRESENTATION_CONTEXT('2D SPACE',''
  ) );
#2794 = PCURVE('',#2593,#2795);
#2795 = DEFINITIONAL_REPRESENTATION('',(#2796),#2800);
#2796 = LINE('',#2797,#2798);
#2797 = CARTESIAN_POINT('',(-34.00483907395,-41.94843166978));
#2798 = VECTOR('',#2799,1.);
#2799 = DIRECTION('',(0.787220007876,-0.616672246173));
#2800 = ( GEOMETRIC_REPRESENTATION_CONTEXT(2) 
PARAMETRIC_REPRESENTATION_CONTEXT() REPRESENTATION_CONTEXT('2D SPACE',''
  ) );
#2801 = ADVANCED_FACE('',(#2802),#843,.T.);
#2802 = FACE_BOUND('',#2803,.T.);
#2803 = EDGE_LOOP('',(#2804,#2805));
#2804 = ORIENTED_EDGE('',*,*,#826,.T.);
#2805 = ORIENTED_EDGE('',*,*,#2806,.F.);
#2806 = EDGE_CURVE('',#827,#798,#2807,.T.);
#2807 = SURFACE_CURVE('',#2808,(#2812,#2819),.PCURVE_S1.);
#2808 = LINE('',#2809,#2810);
#2809 = CARTESIAN_POINT('',(-24.61422980832,-48.06391256382,5.));
#2810 = VECTOR('',#2811,1.);
#2811 = DIRECTION('',(0.897552800747,-0.440906985509,0.));
#2812 = PCURVE('',#843,#2813);
#2813 = DEFINITIONAL_REPRESENTATION('',(#2814),#2818);
#2814 = LINE('',#2815,#2816);
#2815 = CARTESIAN_POINT('',(-32.58649517791,-43.05949758206));
#2816 = VECTOR('',#2817,1.);
#2817 = DIRECTION('',(0.807354262359,-0.590067025896));
#2818 = ( GEOMETRIC_REPRESENTATION_CONTEXT(2) 
PARAMETRIC_REPRESENTATION_CONTEXT() REPRESENTATION_CONTEXT('2D SPACE',''
  ) );
#2819 = PCURVE('',#2593,#2820);
#2820 = DEFINITIONAL_REPRESENTATION('',(#2821),#2825);
#2821 = LINE('',#2822,#2823);
#2822 = CARTESIAN_POINT('',(-32.58649517791,-43.05949758206));
#2823 = VECTOR('',#2824,1.);
#2824 = DIRECTION('',(0.807354262359,-0.590067025896));
#2825 = ( GEOMETRIC_REPRESENTATION_CONTEXT(2) 
PARAMETRIC_REPRESENTATION_CONTEXT() REPRESENTATION_CONTEXT('2D SPACE',''
  ) );
#2826 = ADVANCED_FACE('',(#2827),#814,.T.);
#2827 = FACE_BOUND('',#2828,.T.);
#2828 = EDGE_LOOP('',(#2829,#2830));
#2829 = ORIENTED_EDGE('',*,*,#797,.T.);
#2830 = ORIENTED_EDGE('',*,*,#2831,.F.);
#2831 = EDGE_CURVE('',#798,#769,#2832,.T.);
#2832 = SURFACE_CURVE('',#2833,(#2837,#2844),.PCURVE_S1.);
#2833 = LINE('',#2834,#2835);
#2834 = CARTESIAN_POINT('',(-22.99709797278,-48.85830006079,5.));
#2835 = VECTOR('',#2836,1.);
#2836 = DIRECTION('',(0.911762043577,-0.410718852613,0.));
#2837 = PCURVE('',#814,#2838);
#2838 = DEFINITIONAL_REPRESENTATION('',(#2839),#2843);
#2839 = LINE('',#2840,#2841);
#2840 = CARTESIAN_POINT('',(-31.13187514983,-44.12262854426));
#2841 = VECTOR('',#2842,1.);
#2842 = DIRECTION('',(0.826589749127,-0.562804927695));
#2843 = ( GEOMETRIC_REPRESENTATION_CONTEXT(2) 
PARAMETRIC_REPRESENTATION_CONTEXT() REPRESENTATION_CONTEXT('2D SPACE',''
  ) );
#2844 = PCURVE('',#2593,#2845);
#2845 = DEFINITIONAL_REPRESENTATION('',(#2846),#2850);
#2846 = LINE('',#2847,#2848);
#2847 = CARTESIAN_POINT('',(-31.13187514983,-44.12262854426));
#2848 = VECTOR('',#2849,1.);
#2849 = DIRECTION('',(0.826589749127,-0.562804927695));
#2850 = ( GEOMETRIC_REPRESENTATION_CONTEXT(2) 
PARAMETRIC_REPRESENTATION_CONTEXT() REPRESENTATION_CONTEXT('2D SPACE',''
  ) );
#2851 = ADVANCED_FACE('',(#2852),#785,.T.);
#2852 = FACE_BOUND('',#2853,.T.);
#2853 = EDGE_LOOP('',(#2854,#2855));
#2854 = ORIENTED_EDGE('',*,*,#768,.T.);
#2855 = ORIENTED_EDGE('',*,*,#2856,.F.);
#2856 = EDGE_CURVE('',#769,#740,#2857,.T.);
#2857 = SURFACE_CURVE('',#2858,(#2862,#2869),.PCURVE_S1.);
#2858 = LINE('',#2859,#2860);
#2859 = CARTESIAN_POINT('',(-21.354365171,-49.59829723028,5.));
#2860 = VECTOR('',#2861,1.);
#2861 = DIRECTION('',(0.92495628924,-0.380073496833,0.));
#2862 = PCURVE('',#785,#2863);
#2863 = DEFINITIONAL_REPRESENTATION('',(#2864),#2868);
#2864 = LINE('',#2865,#2866);
#2865 = CARTESIAN_POINT('',(-29.64259831048,-45.1366410514));
#2866 = VECTOR('',#2867,1.);
#2867 = DIRECTION('',(0.844905054737,-0.534916300444));
#2868 = ( GEOMETRIC_REPRESENTATION_CONTEXT(2) 
PARAMETRIC_REPRESENTATION_CONTEXT() REPRESENTATION_CONTEXT('2D SPACE',''
  ) );
#2869 = PCURVE('',#2593,#2870);
#2870 = DEFINITIONAL_REPRESENTATION('',(#2871),#2875);
#2871 = LINE('',#2872,#2873);
#2872 = CARTESIAN_POINT('',(-29.64259831048,-45.1366410514));
#2873 = VECTOR('',#2874,1.);
#2874 = DIRECTION('',(0.844905054737,-0.534916300444));
#2875 = ( GEOMETRIC_REPRESENTATION_CONTEXT(2) 
PARAMETRIC_REPRESENTATION_CONTEXT() REPRESENTATION_CONTEXT('2D SPACE',''
  ) );
#2876 = ADVANCED_FACE('',(#2877),#756,.T.);
#2877 = FACE_BOUND('',#2878,.T.);
#2878 = EDGE_LOOP('',(#2879,#2880));
#2879 = ORIENTED_EDGE('',*,*,#739,.T.);
#2880 = ORIENTED_EDGE('',*,*,#2881,.F.);
#2881 = EDGE_CURVE('',#740,#711,#2882,.T.);
#2882 = SURFACE_CURVE('',#2883,(#2887,#2894),.PCURVE_S1.);
#2883 = LINE('',#2884,#2885);
#2884 = CARTESIAN_POINT('',(-19.68786013579,-50.28308028823,5.));
#2885 = VECTOR('',#2886,1.);
#2886 = DIRECTION('',(0.93712084956,-0.349005033373,0.));
#2887 = PCURVE('',#756,#2888);
#2888 = DEFINITIONAL_REPRESENTATION('',(#2889),#2893);
#2889 = LINE('',#2890,#2891);
#2890 = CARTESIAN_POINT('',(-28.12032256148,-46.10040627845));
#2891 = VECTOR('',#2892,1.);
#2892 = DIRECTION('',(0.862279790114,-0.506432190486));
#2893 = ( GEOMETRIC_REPRESENTATION_CONTEXT(2) 
PARAMETRIC_REPRESENTATION_CONTEXT() REPRESENTATION_CONTEXT('2D SPACE',''
  ) );
#2894 = PCURVE('',#2593,#2895);
#2895 = DEFINITIONAL_REPRESENTATION('',(#2896),#2900);
#2896 = LINE('',#2897,#2898);
#2897 = CARTESIAN_POINT('',(-28.12032256148,-46.10040627845));
#2898 = VECTOR('',#2899,1.);
#2899 = DIRECTION('',(0.862279790114,-0.506432190486));
#2900 = ( GEOMETRIC_REPRESENTATION_CONTEXT(2) 
PARAMETRIC_REPRESENTATION_CONTEXT() REPRESENTATION_CONTEXT('2D SPACE',''
  ) );
#2901 = ADVANCED_FACE('',(#2902),#727,.T.);
#2902 = FACE_BOUND('',#2903,.T.);
#2903 = EDGE_LOOP('',(#2904,#2905));
#2904 = ORIENTED_EDGE('',*,*,#710,.T.);
#2905 = ORIENTED_EDGE('',*,*,#2906,.F.);
#2906 = EDGE_CURVE('',#711,#682,#2907,.T.);
#2907 = SURFACE_CURVE('',#2908,(#2912,#2919),.PCURVE_S1.);
#2908 = LINE('',#2909,#2910);
#2909 = CARTESIAN_POINT('',(-17.99943806378,-50.91188691639,5.));
#2910 = VECTOR('',#2911,1.);
#2911 = DIRECTION('',(0.948242182632,-0.317548048453,0.));
#2912 = PCURVE('',#727,#2913);
#2913 = DEFINITIONAL_REPRESENTATION('',(#2914),#2918);
#2914 = LINE('',#2915,#2916);
#2915 = CARTESIAN_POINT('',(-26.56674253969,-47.01285133694));
#2916 = VECTOR('',#2917,1.);
#2917 = DIRECTION('',(0.878694613254,-0.477384307072));
#2918 = ( GEOMETRIC_REPRESENTATION_CONTEXT(2) 
PARAMETRIC_REPRESENTATION_CONTEXT() REPRESENTATION_CONTEXT('2D SPACE',''
  ) );
#2919 = PCURVE('',#2593,#2920);
#2920 = DEFINITIONAL_REPRESENTATION('',(#2921),#2925);
#2921 = LINE('',#2922,#2923);
#2922 = CARTESIAN_POINT('',(-26.56674253969,-47.01285133694));
#2923 = VECTOR('',#2924,1.);
#2924 = DIRECTION('',(0.878694613254,-0.477384307072));
#2925 = ( GEOMETRIC_REPRESENTATION_CONTEXT(2) 
PARAMETRIC_REPRESENTATION_CONTEXT() REPRESENTATION_CONTEXT('2D SPACE',''
  ) );
#2926 = ADVANCED_FACE('',(#2927),#698,.T.);
#2927 = FACE_BOUND('',#2928,.T.);
#2928 = EDGE_LOOP('',(#2929,#2930));
#2929 = ORIENTED_EDGE('',*,*,#681,.T.);
#2930 = ORIENTED_EDGE('',*,*,#2931,.F.);
#2931 = EDGE_CURVE('',#682,#653,#2932,.T.);
#2932 = SURFACE_CURVE('',#2933,(#2937,#2944),.PCURVE_S1.);
#2933 = LINE('',#2934,#2935);
#2934 = CARTESIAN_POINT('',(-16.29097855024,-51.4840171109,5.));
#2935 = VECTOR('',#2936,1.);
#2936 = DIRECTION('',(0.958307907901,-0.285737560806,0.));
#2937 = PCURVE('',#698,#2938);
#2938 = DEFINITIONAL_REPRESENTATION('',(#2939),#2943);
#2939 = LINE('',#2940,#2941);
#2940 = CARTESIAN_POINT('',(-24.98358773071,-47.87296046936));
#2941 = VECTOR('',#2942,1.);
#2942 = DIRECTION('',(0.894131250749,-0.447804987059));
#2943 = ( GEOMETRIC_REPRESENTATION_CONTEXT(2) 
PARAMETRIC_REPRESENTATION_CONTEXT() REPRESENTATION_CONTEXT('2D SPACE',''
  ) );
#2944 = PCURVE('',#2593,#2945);
#2945 = DEFINITIONAL_REPRESENTATION('',(#2946),#2950);
#2946 = LINE('',#2947,#2948);
#2947 = CARTESIAN_POINT('',(-24.98358773071,-47.87296046936));
#2948 = VECTOR('',#2949,1.);
#2949 = DIRECTION('',(0.894131250749,-0.447804987059));
#2950 = ( GEOMETRIC_REPRESENTATION_CONTEXT(2) 
PARAMETRIC_REPRESENTATION_CONTEXT() REPRESENTATION_CONTEXT('2D SPACE',''
  ) );
#2951 = ADVANCED_FACE('',(#2952),#669,.T.);
#2952 = FACE_BOUND('',#2953,.T.);
#2953 = EDGE_LOOP('',(#2954,#2955));
#2954 = ORIENTED_EDGE('',*,*,#652,.T.);
#2955 = ORIENTED_EDGE('',*,*,#2956,.F.);
#2956 = EDGE_CURVE('',#653,#624,#2957,.T.);
#2957 = SURFACE_CURVE('',#2958,(#2962,#2969),.PCURVE_S1.);
#2958 = LINE('',#2959,#2960);
#2959 = CARTESIAN_POINT('',(-14.56438349663,-51.99883396156,5.));
#2960 = VECTOR('',#2961,1.);
#2961 = DIRECTION('',(0.967306819938,-0.253608982691,0.));
#2962 = PCURVE('',#669,#2963);
#2963 = DEFINITIONAL_REPRESENTATION('',(#2964),#2968);
#2964 = LINE('',#2965,#2966);
#2965 = CARTESIAN_POINT('',(-23.37262054356,-48.67977617991));
#2966 = VECTOR('',#2967,1.);
#2967 = DIRECTION('',(0.908572518132,-0.417727158914));
#2968 = ( GEOMETRIC_REPRESENTATION_CONTEXT(2) 
PARAMETRIC_REPRESENTATION_CONTEXT() REPRESENTATION_CONTEXT('2D SPACE',''
  ) );
#2969 = PCURVE('',#2593,#2970);
#2970 = DEFINITIONAL_REPRESENTATION('',(#2971),#2975);
#2971 = LINE('',#2972,#2973);
#2972 = CARTESIAN_POINT('',(-23.37262054356,-48.67977617991));
#2973 = VECTOR('',#2974,1.);
#2974 = DIRECTION('',(0.908572518132,-0.417727158914));
#2975 = ( GEOMETRIC_REPRESENTATION_CONTEXT(2) 
PARAMETRIC_REPRESENTATION_CONTEXT() REPRESENTATION_CONTEXT('2D SPACE',''
  ) );
#2976 = ADVANCED_FACE('',(#2977),#640,.T.);
#2977 = FACE_BOUND('',#2978,.T.);
#2978 = EDGE_LOOP('',(#2979,#2980));
#2979 = ORIENTED_EDGE('',*,*,#623,.T.);
#2980 = ORIENTED_EDGE('',*,*,#2981,.F.);
#2981 = EDGE_CURVE('',#624,#595,#2982,.T.);
#2982 = SURFACE_CURVE('',#2983,(#2987,#2994),.PCURVE_S1.);
#2983 = LINE('',#2984,#2985);
#2984 = CARTESIAN_POINT('',(-12.82157499338,-52.45576436092,5.));
#2985 = VECTOR('',#2986,1.);
#2986 = DIRECTION('',(0.975228900922,-0.221198080475,0.));
#2987 = PCURVE('',#640,#2988);
#2988 = DEFINITIONAL_REPRESENTATION('',(#2989),#2993);
#2989 = LINE('',#2990,#2991);
#2990 = CARTESIAN_POINT('',(-21.73563434871,-49.4324003004));
#2991 = VECTOR('',#2992,1.);
#2992 = DIRECTION('',(0.922002339012,-0.387184306057));
#2993 = ( GEOMETRIC_REPRESENTATION_CONTEXT(2) 
PARAMETRIC_REPRESENTATION_CONTEXT() REPRESENTATION_CONTEXT('2D SPACE',''
  ) );
#2994 = PCURVE('',#2593,#2995);
#2995 = DEFINITIONAL_REPRESENTATION('',(#2996),#3000);
#2996 = LINE('',#2997,#2998);
#2997 = CARTESIAN_POINT('',(-21.73563434871,-49.4324003004));
#2998 = VECTOR('',#2999,1.);
#2999 = DIRECTION('',(0.922002339012,-0.387184306057));
#3000 = ( GEOMETRIC_REPRESENTATION_CONTEXT(2) 
PARAMETRIC_REPRESENTATION_CONTEXT() REPRESENTATION_CONTEXT('2D SPACE',''
  ) );
#3001 = ADVANCED_FACE('',(#3002),#611,.T.);
#3002 = FACE_BOUND('',#3003,.T.);
#3003 = EDGE_LOOP('',(#3004,#3005));
#3004 = ORIENTED_EDGE('',*,*,#594,.T.);
#3005 = ORIENTED_EDGE('',*,*,#3006,.F.);
#3006 = EDGE_CURVE('',#595,#566,#3007,.T.);
#3007 = SURFACE_CURVE('',#3008,(#3012,#3019),.PCURVE_S1.);
#3008 = LINE('',#3009,#3010);
#3009 = CARTESIAN_POINT('',(-11.06449318013,-52.85429964219,5.));
#3010 = VECTOR('',#3011,1.);
#3011 = DIRECTION('',(0.982065331787,-0.188540934817,0.));
#3012 = PCURVE('',#611,#3013);
#3013 = DEFINITIONAL_REPRESENTATION('',(#3014),#3018);
#3014 = LINE('',#3015,#3016);
#3015 = CARTESIAN_POINT('',(-20.07445148167,-50.12999499012));
#3016 = VECTOR('',#3017,1.);
#3017 = DIRECTION('',(0.934405762962,-0.356210429582));
#3018 = ( GEOMETRIC_REPRESENTATION_CONTEXT(2) 
PARAMETRIC_REPRESENTATION_CONTEXT() REPRESENTATION_CONTEXT('2D SPACE',''
  ) );
#3019 = PCURVE('',#2593,#3020);
#3020 = DEFINITIONAL_REPRESENTATION('',(#3021),#3025);
#3021 = LINE('',#3022,#3023);
#3022 = CARTESIAN_POINT('',(-20.07445148167,-50.12999499012));
#3023 = VECTOR('',#3024,1.);
#3024 = DIRECTION('',(0.934405762962,-0.356210429582));
#3025 = ( GEOMETRIC_REPRESENTATION_CONTEXT(2) 
PARAMETRIC_REPRESENTATION_CONTEXT() REPRESENTATION_CONTEXT('2D SPACE',''
  ) );
#3026 = ADVANCED_FACE('',(#3027),#582,.T.);
#3027 = FACE_BOUND('',#3028,.T.);
#3028 = EDGE_LOOP('',(#3029,#3030));
#3029 = ORIENTED_EDGE('',*,*,#565,.T.);
#3030 = ORIENTED_EDGE('',*,*,#3031,.F.);
#3031 = EDGE_CURVE('',#566,#537,#3032,.T.);
#3032 = SURFACE_CURVE('',#3033,(#3037,#3044),.PCURVE_S1.);
#3033 = LINE('',#3034,#3035);
#3034 = CARTESIAN_POINT('',(-9.29509408596,-53.19399614555,5.));
#3035 = VECTOR('',#3036,1.);
#3036 = DIRECTION('',(0.987808502041,-0.155673900497,0.));
#3037 = PCURVE('',#582,#3038);
#3038 = DEFINITIONAL_REPRESENTATION('',(#3039),#3043);
#3039 = LINE('',#3040,#3041);
#3040 = CARTESIAN_POINT('',(-18.39092121432,-50.77178366857));
#3041 = VECTOR('',#3042,1.);
#3042 = DIRECTION('',(0.94576898217,-0.324840010414));
#3043 = ( GEOMETRIC_REPRESENTATION_CONTEXT(2) 
PARAMETRIC_REPRESENTATION_CONTEXT() REPRESENTATION_CONTEXT('2D SPACE',''
  ) );
#3044 = PCURVE('',#2593,#3045);
#3045 = DEFINITIONAL_REPRESENTATION('',(#3046),#3050);
#3046 = LINE('',#3047,#3048);
#3047 = CARTESIAN_POINT('',(-18.39092121432,-50.77178366857));
#3048 = VECTOR('',#3049,1.);
#3049 = DIRECTION('',(0.94576898217,-0.324840010414));
#3050 = ( GEOMETRIC_REPRESENTATION_CONTEXT(2) 
PARAMETRIC_REPRESENTATION_CONTEXT() REPRESENTATION_CONTEXT('2D SPACE',''
  ) );
#3051 = ADVANCED_FACE('',(#3052),#553,.T.);
#3052 = FACE_BOUND('',#3053,.T.);
#3053 = EDGE_LOOP('',(#3054,#3055,#3078,#3102));
#3054 = ORIENTED_EDGE('',*,*,#536,.T.);
#3055 = ORIENTED_EDGE('',*,*,#3056,.F.);
#3056 = EDGE_CURVE('',#3057,#508,#3059,.T.);
#3057 = VERTEX_POINT('',#3058);
#3058 = CARTESIAN_POINT('',(51.325906174838,-9.51269443069,5.));
#3059 = SURFACE_CURVE('',#3060,(#3064,#3071),.PCURVE_S1.);
#3060 = LINE('',#3061,#3062);
#3061 = CARTESIAN_POINT('',(51.325906174838,-9.51269443069,5.));
#3062 = VECTOR('',#3063,1.);
#3063 = DIRECTION('',(0.983254907564,-0.182235525492,0.));
#3064 = PCURVE('',#553,#3065);
#3065 = DEFINITIONAL_REPRESENTATION('',(#3066),#3070);
#3066 = LINE('',#3067,#3068);
#3067 = CARTESIAN_POINT('',(48.894288278766,-18.28082530174));
#3068 = VECTOR('',#3069,1.);
#3069 = DIRECTION('',(0.936672189248,-0.350207381259));
#3070 = ( GEOMETRIC_REPRESENTATION_CONTEXT(2) 
PARAMETRIC_REPRESENTATION_CONTEXT() REPRESENTATION_CONTEXT('2D SPACE',''
  ) );
#3071 = PCURVE('',#1881,#3072);
#3072 = DEFINITIONAL_REPRESENTATION('',(#3073),#3077);
#3073 = LINE('',#3074,#3075);
#3074 = CARTESIAN_POINT('',(48.894288278766,-18.28082530174));
#3075 = VECTOR('',#3076,1.);
#3076 = DIRECTION('',(0.936672189248,-0.350207381259));
#3077 = ( GEOMETRIC_REPRESENTATION_CONTEXT(2) 
PARAMETRIC_REPRESENTATION_CONTEXT() REPRESENTATION_CONTEXT('2D SPACE',''
  ) );
#3078 = ORIENTED_EDGE('',*,*,#3079,.F.);
#3079 = EDGE_CURVE('',#3080,#3057,#3082,.T.);
#3080 = VERTEX_POINT('',#3081);
#3081 = CARTESIAN_POINT('',(-7.264835870115,-51.69199318831,5.));
#3082 = SURFACE_CURVE('',#3083,(#3088,#3095),.PCURVE_S1.);
#3083 = CIRCLE('',#3084,52.2);
#3084 = AXIS2_PLACEMENT_3D('',#3085,#3086,#3087);
#3085 = CARTESIAN_POINT('',(0.,0.,5.));
#3086 = DIRECTION('',(0.,-0.,1.));
#3087 = DIRECTION('',(0.984807753012,0.173648177667,0.));
#3088 = PCURVE('',#553,#3089);
#3089 = DEFINITIONAL_REPRESENTATION('',(#3090),#3094);
#3090 = CIRCLE('',#3091,52.2);
#3091 = AXIS2_PLACEMENT_2D('',#3092,#3093);
#3092 = CARTESIAN_POINT('',(0.,0.));
#3093 = DIRECTION('',(1.,-4.74729883959E-18));
#3094 = ( GEOMETRIC_REPRESENTATION_CONTEXT(2) 
PARAMETRIC_REPRESENTATION_CONTEXT() REPRESENTATION_CONTEXT('2D SPACE',''
  ) );
#3095 = PCURVE('',#2113,#3096);
#3096 = DEFINITIONAL_REPRESENTATION('',(#3097),#3101);
#3097 = LINE('',#3098,#3099);
#3098 = CARTESIAN_POINT('',(0.,13.1));
#3099 = VECTOR('',#3100,1.);
#3100 = DIRECTION('',(1.,0.));
#3101 = ( GEOMETRIC_REPRESENTATION_CONTEXT(2) 
PARAMETRIC_REPRESENTATION_CONTEXT() REPRESENTATION_CONTEXT('2D SPACE',''
  ) );
#3102 = ORIENTED_EDGE('',*,*,#3103,.F.);
#3103 = EDGE_CURVE('',#537,#3080,#3104,.T.);
#3104 = SURFACE_CURVE('',#3105,(#3109,#3116),.PCURVE_S1.);
#3105 = LINE('',#3106,#3107);
#3106 = CARTESIAN_POINT('',(-7.515347451844,-53.47447571204,5.));
#3107 = VECTOR('',#3108,1.);
#3108 = DIRECTION('',(0.13917310096,0.990268068742,0.));
#3109 = PCURVE('',#553,#3110);
#3110 = DEFINITIONAL_REPRESENTATION('',(#3111),#3115);
#3111 = LINE('',#3112,#3113);
#3112 = CARTESIAN_POINT('',(-16.68691769624,-51.35705187993));
#3113 = VECTOR('',#3114,1.);
#3114 = DIRECTION('',(0.309016994375,0.951056516295));
#3115 = ( GEOMETRIC_REPRESENTATION_CONTEXT(2) 
PARAMETRIC_REPRESENTATION_CONTEXT() REPRESENTATION_CONTEXT('2D SPACE',''
  ) );
#3116 = PCURVE('',#2593,#3117);
#3117 = DEFINITIONAL_REPRESENTATION('',(#3118),#3122);
#3118 = LINE('',#3119,#3120);
#3119 = CARTESIAN_POINT('',(-16.68691769624,-51.35705187993));
#3120 = VECTOR('',#3121,1.);
#3121 = DIRECTION('',(0.309016994375,0.951056516295));
#3122 = ( GEOMETRIC_REPRESENTATION_CONTEXT(2) 
PARAMETRIC_REPRESENTATION_CONTEXT() REPRESENTATION_CONTEXT('2D SPACE',''
  ) );
#3123 = ADVANCED_FACE('',(#3124),#524,.T.);
#3124 = FACE_BOUND('',#3125,.T.);
#3125 = EDGE_LOOP('',(#3126,#3127));
#3126 = ORIENTED_EDGE('',*,*,#507,.T.);
#3127 = ORIENTED_EDGE('',*,*,#3128,.F.);
#3128 = EDGE_CURVE('',#508,#479,#3129,.T.);
#3129 = SURFACE_CURVE('',#3130,(#3134,#3141),.PCURVE_S1.);
#3130 = LINE('',#3131,#3132);
#3131 = CARTESIAN_POINT('',(53.095765008454,-9.840718376576,5.));
#3132 = VECTOR('',#3133,1.);
#3133 = DIRECTION('',(0.165806994995,0.986158222807,0.));
#3134 = PCURVE('',#524,#3135);
#3135 = DEFINITIONAL_REPRESENTATION('',(#3136),#3140);
#3136 = LINE('',#3137,#3138);
#3137 = CARTESIAN_POINT('',(50.580298219413,-18.91119858801));
#3138 = VECTOR('',#3139,1.);
#3139 = DIRECTION('',(0.334532592456,0.942384180992));
#3140 = ( GEOMETRIC_REPRESENTATION_CONTEXT(2) 
PARAMETRIC_REPRESENTATION_CONTEXT() REPRESENTATION_CONTEXT('2D SPACE',''
  ) );
#3141 = PCURVE('',#1881,#3142);
#3142 = DEFINITIONAL_REPRESENTATION('',(#3143),#3147);
#3143 = LINE('',#3144,#3145);
#3144 = CARTESIAN_POINT('',(50.580298219413,-18.91119858801));
#3145 = VECTOR('',#3146,1.);
#3146 = DIRECTION('',(0.334532592456,0.942384180992));
#3147 = ( GEOMETRIC_REPRESENTATION_CONTEXT(2) 
PARAMETRIC_REPRESENTATION_CONTEXT() REPRESENTATION_CONTEXT('2D SPACE',''
  ) );
#3148 = ADVANCED_FACE('',(#3149),#495,.T.);
#3149 = FACE_BOUND('',#3150,.T.);
#3150 = EDGE_LOOP('',(#3151,#3152));
#3151 = ORIENTED_EDGE('',*,*,#478,.T.);
#3152 = ORIENTED_EDGE('',*,*,#3153,.F.);
#3153 = EDGE_CURVE('',#479,#450,#3154,.T.);
#3154 = SURFACE_CURVE('',#3155,(#3159,#3166),.PCURVE_S1.);
#3155 = LINE('',#3156,#3157);
#3156 = CARTESIAN_POINT('',(53.394501494974,-8.063945070696,5.));
#3157 = VECTOR('',#3158,1.);
#3158 = DIRECTION('',(0.132816074209,0.991140701632,0.));
#3159 = PCURVE('',#495,#3160);
#3160 = DEFINITIONAL_REPRESENTATION('',(#3161),#3165);
#3161 = LINE('',#3162,#3163);
#3162 = CARTESIAN_POINT('',(51.18302967414,-17.21329350752));
#3163 = VECTOR('',#3164,1.);
#3164 = DIRECTION('',(0.302908076255,0.953019778042));
#3165 = ( GEOMETRIC_REPRESENTATION_CONTEXT(2) 
PARAMETRIC_REPRESENTATION_CONTEXT() REPRESENTATION_CONTEXT('2D SPACE',''
  ) );
#3166 = PCURVE('',#1881,#3167);
#3167 = DEFINITIONAL_REPRESENTATION('',(#3168),#3172);
#3168 = LINE('',#3169,#3170);
#3169 = CARTESIAN_POINT('',(51.18302967414,-17.21329350752));
#3170 = VECTOR('',#3171,1.);
#3171 = DIRECTION('',(0.302908076255,0.953019778042));
#3172 = ( GEOMETRIC_REPRESENTATION_CONTEXT(2) 
PARAMETRIC_REPRESENTATION_CONTEXT() REPRESENTATION_CONTEXT('2D SPACE',''
  ) );
#3173 = ADVANCED_FACE('',(#3174),#466,.T.);
#3174 = FACE_BOUND('',#3175,.T.);
#3175 = EDGE_LOOP('',(#3176,#3177));
#3176 = ORIENTED_EDGE('',*,*,#449,.T.);
#3177 = ORIENTED_EDGE('',*,*,#3178,.F.);
#3178 = EDGE_CURVE('',#450,#421,#3179,.T.);
#3179 = SURFACE_CURVE('',#3180,(#3184,#3191),.PCURVE_S1.);
#3180 = LINE('',#3181,#3182);
#3181 = CARTESIAN_POINT('',(53.633797836868,-6.278194771907,5.));
#3182 = VECTOR('',#3183,1.);
#3183 = DIRECTION('',(9.967729912256E-02,0.995019816908,0.));
#3184 = PCURVE('',#466,#3185);
#3185 = DEFINITIONAL_REPRESENTATION('',(#3186),#3190);
#3186 = LINE('',#3187,#3188);
#3187 = CARTESIAN_POINT('',(51.728782852057,-15.49622614202));
#3188 = VECTOR('',#3189,1.);
#3189 = DIRECTION('',(0.270946354924,0.962594448744));
#3190 = ( GEOMETRIC_REPRESENTATION_CONTEXT(2) 
PARAMETRIC_REPRESENTATION_CONTEXT() REPRESENTATION_CONTEXT('2D SPACE',''
  ) );
#3191 = PCURVE('',#1881,#3192);
#3192 = DEFINITIONAL_REPRESENTATION('',(#3193),#3197);
#3193 = LINE('',#3194,#3195);
#3194 = CARTESIAN_POINT('',(51.728782852057,-15.49622614202));
#3195 = VECTOR('',#3196,1.);
#3196 = DIRECTION('',(0.270946354924,0.962594448744));
#3197 = ( GEOMETRIC_REPRESENTATION_CONTEXT(2) 
PARAMETRIC_REPRESENTATION_CONTEXT() REPRESENTATION_CONTEXT('2D SPACE',''
  ) );
#3198 = ADVANCED_FACE('',(#3199),#437,.T.);
#3199 = FACE_BOUND('',#3200,.T.);
#3200 = EDGE_LOOP('',(#3201,#3202));
#3201 = ORIENTED_EDGE('',*,*,#420,.T.);
#3202 = ORIENTED_EDGE('',*,*,#3203,.F.);
#3203 = EDGE_CURVE('',#421,#392,#3204,.T.);
#3204 = SURFACE_CURVE('',#3205,(#3209,#3216),.PCURVE_S1.);
#3205 = LINE('',#3206,#3207);
#3206 = CARTESIAN_POINT('',(53.813387643237,-4.485455423782,5.));
#3207 = VECTOR('',#3208,1.);
#3208 = DIRECTION('',(6.642756068031E-02,0.997791250303,0.));
#3209 = PCURVE('',#437,#3210);
#3210 = DEFINITIONAL_REPRESENTATION('',(#3211),#3215);
#3211 = LINE('',#3212,#3213);
#3212 = CARTESIAN_POINT('',(52.216950206565,-13.76190797546));
#3213 = VECTOR('',#3214,1.);
#3214 = DIRECTION('',(0.238683009079,0.971097534328));
#3215 = ( GEOMETRIC_REPRESENTATION_CONTEXT(2) 
PARAMETRIC_REPRESENTATION_CONTEXT() REPRESENTATION_CONTEXT('2D SPACE',''
  ) );
#3216 = PCURVE('',#1881,#3217);
#3217 = DEFINITIONAL_REPRESENTATION('',(#3218),#3222);
#3218 = LINE('',#3219,#3220);
#3219 = CARTESIAN_POINT('',(52.216950206565,-13.76190797546));
#3220 = VECTOR('',#3221,1.);
#3221 = DIRECTION('',(0.238683009079,0.971097534328));
#3222 = ( GEOMETRIC_REPRESENTATION_CONTEXT(2) 
PARAMETRIC_REPRESENTATION_CONTEXT() REPRESENTATION_CONTEXT('2D SPACE',''
  ) );
#3223 = ADVANCED_FACE('',(#3224),#408,.T.);
#3224 = FACE_BOUND('',#3225,.T.);
#3225 = EDGE_LOOP('',(#3226,#3227));
#3226 = ORIENTED_EDGE('',*,*,#391,.T.);
#3227 = ORIENTED_EDGE('',*,*,#3228,.F.);
#3228 = EDGE_CURVE('',#392,#363,#3229,.T.);
#3229 = SURFACE_CURVE('',#3230,(#3234,#3241),.PCURVE_S1.);
#3230 = LINE('',#3231,#3232);
#3231 = CARTESIAN_POINT('',(53.933070990048,-2.687722750284,5.));
#3232 = VECTOR('',#3233,1.);
#3233 = DIRECTION('',(3.310387335376E-02,0.999451916587,0.));
#3234 = PCURVE('',#408,#3235);
#3235 = DEFINITIONAL_REPRESENTATION('',(#3236),#3240);
#3236 = LINE('',#3237,#3238);
#3237 = CARTESIAN_POINT('',(52.646988297097,-12.01226969583));
#3238 = VECTOR('',#3239,1.);
#3239 = DIRECTION('',(0.206153955115,0.978519568936));
#3240 = ( GEOMETRIC_REPRESENTATION_CONTEXT(2) 
PARAMETRIC_REPRESENTATION_CONTEXT() REPRESENTATION_CONTEXT('2D SPACE',''
  ) );
#3241 = PCURVE('',#1881,#3242);
#3242 = DEFINITIONAL_REPRESENTATION('',(#3243),#3247);
#3243 = LINE('',#3244,#3245);
#3244 = CARTESIAN_POINT('',(52.646988297097,-12.01226969583));
#3245 = VECTOR('',#3246,1.);
#3246 = DIRECTION('',(0.206153955115,0.978519568936));
#3247 = ( GEOMETRIC_REPRESENTATION_CONTEXT(2) 
PARAMETRIC_REPRESENTATION_CONTEXT() REPRESENTATION_CONTEXT('2D SPACE',''
  ) );
#3248 = ADVANCED_FACE('',(#3249),#379,.T.);
#3249 = FACE_BOUND('',#3250,.T.);
#3250 = EDGE_LOOP('',(#3251,#3252));
#3251 = ORIENTED_EDGE('',*,*,#362,.T.);
#3252 = ORIENTED_EDGE('',*,*,#3253,.F.);
#3253 = EDGE_CURVE('',#363,#334,#3254,.T.);
#3254 = SURFACE_CURVE('',#3255,(#3259,#3266),.PCURVE_S1.);
#3255 = LINE('',#3256,#3257);
#3256 = CARTESIAN_POINT('',(53.992714642696,-0.886998034075,5.));
#3257 = VECTOR('',#3258,1.);
#3258 = DIRECTION('',(-2.566660636525E-04,0.999999967061,0.));
#3259 = PCURVE('',#379,#3260);
#3260 = DEFINITIONAL_REPRESENTATION('',(#3261),#3265);
#3261 = LINE('',#3262,#3263);
#3262 = CARTESIAN_POINT('',(53.018418394091,-10.24925904585));
#3263 = VECTOR('',#3264,1.);
#3264 = DIRECTION('',(0.173395405218,0.984852290168));
#3265 = ( GEOMETRIC_REPRESENTATION_CONTEXT(2) 
PARAMETRIC_REPRESENTATION_CONTEXT() REPRESENTATION_CONTEXT('2D SPACE',''
  ) );
#3266 = PCURVE('',#1881,#3267);
#3267 = DEFINITIONAL_REPRESENTATION('',(#3268),#3272);
#3268 = LINE('',#3269,#3270);
#3269 = CARTESIAN_POINT('',(53.018418394091,-10.24925904585));
#3270 = VECTOR('',#3271,1.);
#3271 = DIRECTION('',(0.173395405218,0.984852290168));
#3272 = ( GEOMETRIC_REPRESENTATION_CONTEXT(2) 
PARAMETRIC_REPRESENTATION_CONTEXT() REPRESENTATION_CONTEXT('2D SPACE',''
  ) );
#3273 = ADVANCED_FACE('',(#3274),#350,.T.);
#3274 = FACE_BOUND('',#3275,.T.);
#3275 = EDGE_LOOP('',(#3276,#3277));
#3276 = ORIENTED_EDGE('',*,*,#333,.T.);
#3277 = ORIENTED_EDGE('',*,*,#3278,.F.);
#3278 = EDGE_CURVE('',#334,#305,#3279,.T.);
#3279 = SURFACE_CURVE('',#3280,(#3284,#3291),.PCURVE_S1.);
#3280 = LINE('',#3281,#3282);
#3281 = CARTESIAN_POINT('',(53.992252204316,0.914714111362,5.));
#3282 = VECTOR('',#3283,1.);
#3283 = DIRECTION('',(-3.361691975373E-02,0.999434791623,0.));
#3284 = PCURVE('',#350,#3285);
#3285 = DEFINITIONAL_REPRESENTATION('',(#3286),#3290);
#3286 = LINE('',#3287,#3288);
#3287 = CARTESIAN_POINT('',(53.330827011925,-8.474838654753));
#3288 = VECTOR('',#3289,1.);
#3289 = DIRECTION('',(0.140443827056,0.990088648274));
#3290 = ( GEOMETRIC_REPRESENTATION_CONTEXT(2) 
PARAMETRIC_REPRESENTATION_CONTEXT() REPRESENTATION_CONTEXT('2D SPACE',''
  ) );
#3291 = PCURVE('',#1881,#3292);
#3292 = DEFINITIONAL_REPRESENTATION('',(#3293),#3297);
#3293 = LINE('',#3294,#3295);
#3294 = CARTESIAN_POINT('',(53.330827011925,-8.474838654753));
#3295 = VECTOR('',#3296,1.);
#3296 = DIRECTION('',(0.140443827056,0.990088648274));
#3297 = ( GEOMETRIC_REPRESENTATION_CONTEXT(2) 
PARAMETRIC_REPRESENTATION_CONTEXT() REPRESENTATION_CONTEXT('2D SPACE',''
  ) );
#3298 = ADVANCED_FACE('',(#3299),#321,.T.);
#3299 = FACE_BOUND('',#3300,.T.);
#3300 = EDGE_LOOP('',(#3301,#3302));
#3301 = ORIENTED_EDGE('',*,*,#304,.T.);
#3302 = ORIENTED_EDGE('',*,*,#3303,.F.);
#3303 = EDGE_CURVE('',#305,#276,#3304,.T.);
#3304 = SURFACE_CURVE('',#3305,(#3309,#3316),.PCURVE_S1.);
#3305 = LINE('',#3306,#3307);
#3306 = CARTESIAN_POINT('',(53.931684189709,2.715407973315,5.));
#3307 = VECTOR('',#3308,1.);
#3308 = DIRECTION('',(-6.693975021641E-02,0.99775701944,0.));
#3309 = PCURVE('',#321,#3310);
#3310 = DEFINITIONAL_REPRESENTATION('',(#3311),#3315);
#3311 = LINE('',#3312,#3313);
#3312 = CARTESIAN_POINT('',(53.583866369219,-6.69098385334));
#3313 = VECTOR('',#3314,1.);
#3314 = DIRECTION('',(0.107335903182,0.994222814005));
#3315 = ( GEOMETRIC_REPRESENTATION_CONTEXT(2) 
PARAMETRIC_REPRESENTATION_CONTEXT() REPRESENTATION_CONTEXT('2D SPACE',''
  ) );
#3316 = PCURVE('',#1881,#3317);
#3317 = DEFINITIONAL_REPRESENTATION('',(#3318),#3322);
#3318 = LINE('',#3319,#3320);
#3319 = CARTESIAN_POINT('',(53.583866369219,-6.69098385334));
#3320 = VECTOR('',#3321,1.);
#3321 = DIRECTION('',(0.107335903182,0.994222814005));
#3322 = ( GEOMETRIC_REPRESENTATION_CONTEXT(2) 
PARAMETRIC_REPRESENTATION_CONTEXT() REPRESENTATION_CONTEXT('2D SPACE',''
  ) );
#3323 = ADVANCED_FACE('',(#3324),#292,.T.);
#3324 = FACE_BOUND('',#3325,.T.);
#3325 = EDGE_LOOP('',(#3326,#3327));
#3326 = ORIENTED_EDGE('',*,*,#275,.T.);
#3327 = ORIENTED_EDGE('',*,*,#3328,.F.);
#3328 = EDGE_CURVE('',#276,#247,#3329,.T.);
#3329 = SURFACE_CURVE('',#3330,(#3334,#3341),.PCURVE_S1.);
#3330 = LINE('',#3331,#3332);
#3331 = CARTESIAN_POINT('',(53.811078024758,4.513078972648,5.));
#3332 = VECTOR('',#3333,1.);
#3333 = DIRECTION('',(-0.100188061612,0.994968518251,0.));
#3334 = PCURVE('',#292,#3335);
#3335 = DEFINITIONAL_REPRESENTATION('',(#3336),#3340);
#3336 = LINE('',#3337,#3338);
#3337 = CARTESIAN_POINT('',(53.777254775994,-4.899680475072));
#3338 = VECTOR('',#3339,1.);
#3339 = DIRECTION('',(7.41084901954E-02,0.997250185099));
#3340 = ( GEOMETRIC_REPRESENTATION_CONTEXT(2) 
PARAMETRIC_REPRESENTATION_CONTEXT() REPRESENTATION_CONTEXT('2D SPACE',''
  ) );
#3341 = PCURVE('',#1881,#3342);
#3342 = DEFINITIONAL_REPRESENTATION('',(#3343),#3347);
#3343 = LINE('',#3344,#3345);
#3344 = CARTESIAN_POINT('',(53.777254775994,-4.899680475072));
#3345 = VECTOR('',#3346,1.);
#3346 = DIRECTION('',(7.41084901954E-02,0.997250185099));
#3347 = ( GEOMETRIC_REPRESENTATION_CONTEXT(2) 
PARAMETRIC_REPRESENTATION_CONTEXT() REPRESENTATION_CONTEXT('2D SPACE',''
  ) );
#3348 = ADVANCED_FACE('',(#3349),#263,.T.);
#3349 = FACE_BOUND('',#3350,.T.);
#3350 = EDGE_LOOP('',(#3351,#3352));
#3351 = ORIENTED_EDGE('',*,*,#246,.T.);
#3352 = ORIENTED_EDGE('',*,*,#3353,.F.);
#3353 = EDGE_CURVE('',#247,#218,#3354,.T.);
#3354 = SURFACE_CURVE('',#3355,(#3359,#3366),.PCURVE_S1.);
#3355 = LINE('',#3356,#3357);
#3356 = CARTESIAN_POINT('',(53.630567971378,6.305725895356,5.));
#3357 = VECTOR('',#3358,1.);
#3358 = DIRECTION('',(-0.133324841058,0.991072392289,0.));
#3359 = PCURVE('',#263,#3360);
#3360 = DEFINITIONAL_REPRESENTATION('',(#3361),#3365);
#3361 = LINE('',#3362,#3363);
#3362 = CARTESIAN_POINT('',(53.910776947257,-3.102922645356));
#3363 = VECTOR('',#3364,1.);
#3364 = DIRECTION('',(4.079857771418E-02,0.99916739141));
#3365 = ( GEOMETRIC_REPRESENTATION_CONTEXT(2) 
PARAMETRIC_REPRESENTATION_CONTEXT() REPRESENTATION_CONTEXT('2D SPACE',''
  ) );
#3366 = PCURVE('',#1881,#3367);
#3367 = DEFINITIONAL_REPRESENTATION('',(#3368),#3372);
#3368 = LINE('',#3369,#3370);
#3369 = CARTESIAN_POINT('',(53.910776947257,-3.102922645356));
#3370 = VECTOR('',#3371,1.);
#3371 = DIRECTION('',(4.079857771418E-02,0.99916739141));
#3372 = ( GEOMETRIC_REPRESENTATION_CONTEXT(2) 
PARAMETRIC_REPRESENTATION_CONTEXT() REPRESENTATION_CONTEXT('2D SPACE',''
  ) );
#3373 = ADVANCED_FACE('',(#3374),#1827,.T.);
#3374 = FACE_BOUND('',#3375,.T.);
#3375 = EDGE_LOOP('',(#3376,#3405,#3426,#3427));
#3376 = ORIENTED_EDGE('',*,*,#3377,.T.);
#3377 = EDGE_CURVE('',#3378,#3378,#3380,.T.);
#3378 = VERTEX_POINT('',#3379);
#3379 = CARTESIAN_POINT('',(52.768325433472,9.304479500726,
    -8.168148347422));
#3380 = SURFACE_CURVE('',#3381,(#3386,#3393),.PCURVE_S1.);
#3381 = CIRCLE('',#3382,53.582361909795);
#3382 = AXIS2_PLACEMENT_3D('',#3383,#3384,#3385);
#3383 = CARTESIAN_POINT('',(0.,0.,-8.168148347422));
#3384 = DIRECTION('',(0.,-0.,1.));
#3385 = DIRECTION('',(0.984807753012,0.173648177667,0.));
#3386 = PCURVE('',#1827,#3387);
#3387 = DEFINITIONAL_REPRESENTATION('',(#3388),#3392);
#3388 = LINE('',#3389,#3390);
#3389 = CARTESIAN_POINT('',(0.,0.));
#3390 = VECTOR('',#3391,1.);
#3391 = DIRECTION('',(1.,0.));
#3392 = ( GEOMETRIC_REPRESENTATION_CONTEXT(2) 
PARAMETRIC_REPRESENTATION_CONTEXT() REPRESENTATION_CONTEXT('2D SPACE',''
  ) );
#3393 = PCURVE('',#3394,#3399);
#3394 = CONICAL_SURFACE('',#3395,53.415959713349,1.265363707696);
#3395 = AXIS2_PLACEMENT_3D('',#3396,#3397,#3398);
#3396 = CARTESIAN_POINT('',(0.,0.,-8.220614758428));
#3397 = DIRECTION('',(0.,0.,1.));
#3398 = DIRECTION('',(0.984807753012,0.173648177667,0.));
#3399 = DEFINITIONAL_REPRESENTATION('',(#3400),#3404);
#3400 = LINE('',#3401,#3402);
#3401 = CARTESIAN_POINT('',(0.,5.246641100632E-02));
#3402 = VECTOR('',#3403,1.);
#3403 = DIRECTION('',(1.,0.));
#3404 = ( GEOMETRIC_REPRESENTATION_CONTEXT(2) 
PARAMETRIC_REPRESENTATION_CONTEXT() REPRESENTATION_CONTEXT('2D SPACE',''
  ) );
#3405 = ORIENTED_EDGE('',*,*,#3406,.T.);
#3406 = EDGE_CURVE('',#3378,#1811,#3407,.T.);
#3407 = SEAM_CURVE('',#3408,(#3412,#3419),.PCURVE_S1.);
#3408 = LINE('',#3409,#3410);
#3409 = CARTESIAN_POINT('',(52.768325433472,9.304479500726,
    -8.168148347422));
#3410 = VECTOR('',#3411,1.);
#3411 = DIRECTION('',(0.961463877047,0.1695320225,0.216439613938));
#3412 = PCURVE('',#1827,#3413);
#3413 = DEFINITIONAL_REPRESENTATION('',(#3414),#3418);
#3414 = LINE('',#3415,#3416);
#3415 = CARTESIAN_POINT('',(0.,0.));
#3416 = VECTOR('',#3417,1.);
#3417 = DIRECTION('',(0.,1.));
#3418 = ( GEOMETRIC_REPRESENTATION_CONTEXT(2) 
PARAMETRIC_REPRESENTATION_CONTEXT() REPRESENTATION_CONTEXT('2D SPACE',''
  ) );
#3419 = PCURVE('',#1827,#3420);
#3420 = DEFINITIONAL_REPRESENTATION('',(#3421),#3425);
#3421 = LINE('',#3422,#3423);
#3422 = CARTESIAN_POINT('',(6.28318530718,0.));
#3423 = VECTOR('',#3424,1.);
#3424 = DIRECTION('',(0.,1.));
#3425 = ( GEOMETRIC_REPRESENTATION_CONTEXT(2) 
PARAMETRIC_REPRESENTATION_CONTEXT() REPRESENTATION_CONTEXT('2D SPACE',''
  ) );
#3426 = ORIENTED_EDGE('',*,*,#1810,.F.);
#3427 = ORIENTED_EDGE('',*,*,#3406,.F.);
#3428 = ADVANCED_FACE('',(#3429),#1881,.T.);
#3429 = FACE_BOUND('',#3430,.T.);
#3430 = EDGE_LOOP('',(#3431,#3432,#3433,#3434,#3435,#3436,#3437,#3438,
    #3439,#3468,#3497,#3526,#3555,#3584,#3613,#3642,#3666,#3695,#3724,
    #3753,#3782,#3811,#3840,#3869,#3898,#3927,#3954,#3955,#3956,#3957,
    #3958,#3959,#3960,#3961,#3962,#3963,#3964));
#3431 = ORIENTED_EDGE('',*,*,#1867,.T.);
#3432 = ORIENTED_EDGE('',*,*,#1896,.T.);
#3433 = ORIENTED_EDGE('',*,*,#1921,.T.);
#3434 = ORIENTED_EDGE('',*,*,#1946,.T.);
#3435 = ORIENTED_EDGE('',*,*,#1971,.T.);
#3436 = ORIENTED_EDGE('',*,*,#1996,.T.);
#3437 = ORIENTED_EDGE('',*,*,#2021,.T.);
#3438 = ORIENTED_EDGE('',*,*,#2046,.T.);
#3439 = ORIENTED_EDGE('',*,*,#3440,.F.);
#3440 = EDGE_CURVE('',#3441,#2047,#3443,.T.);
#3441 = VERTEX_POINT('',#3442);
#3442 = CARTESIAN_POINT('',(49.024402399379,17.928970114977,5.));
#3443 = SURFACE_CURVE('',#3444,(#3449,#3456),.PCURVE_S1.);
#3444 = CIRCLE('',#3445,52.2);
#3445 = AXIS2_PLACEMENT_3D('',#3446,#3447,#3448);
#3446 = CARTESIAN_POINT('',(0.,0.,5.));
#3447 = DIRECTION('',(0.,-0.,1.));
#3448 = DIRECTION('',(0.984807753012,0.173648177667,0.));
#3449 = PCURVE('',#1881,#3450);
#3450 = DEFINITIONAL_REPRESENTATION('',(#3451),#3455);
#3451 = CIRCLE('',#3452,52.2);
#3452 = AXIS2_PLACEMENT_2D('',#3453,#3454);
#3453 = CARTESIAN_POINT('',(0.,0.));
#3454 = DIRECTION('',(1.,-4.74729883959E-18));
#3455 = ( GEOMETRIC_REPRESENTATION_CONTEXT(2) 
PARAMETRIC_REPRESENTATION_CONTEXT() REPRESENTATION_CONTEXT('2D SPACE',''
  ) );
#3456 = PCURVE('',#3457,#3462);
#3457 = PLANE('',#3458);
#3458 = AXIS2_PLACEMENT_3D('',#3459,#3460,#3461);
#3459 = CARTESIAN_POINT('',(52.057696586142,5.24193441027,5.));
#3460 = DIRECTION('',(0.,0.,1.));
#3461 = DIRECTION('',(1.,5.168968399631E-18,0.));
#3462 = DEFINITIONAL_REPRESENTATION('',(#3463),#3467);
#3463 = CIRCLE('',#3464,52.2);
#3464 = AXIS2_PLACEMENT_2D('',#3465,#3466);
#3465 = CARTESIAN_POINT('',(-52.05769658614,-5.24193441027));
#3466 = DIRECTION('',(0.984807753012,0.173648177667));
#3467 = ( GEOMETRIC_REPRESENTATION_CONTEXT(2) 
PARAMETRIC_REPRESENTATION_CONTEXT() REPRESENTATION_CONTEXT('2D SPACE',''
  ) );
#3468 = ORIENTED_EDGE('',*,*,#3469,.F.);
#3469 = EDGE_CURVE('',#3470,#3441,#3472,.T.);
#3470 = VERTEX_POINT('',#3471);
#3471 = CARTESIAN_POINT('',(49.59523235346,16.283517058863,5.));
#3472 = SURFACE_CURVE('',#3473,(#3478,#3485),.PCURVE_S1.);
#3473 = CIRCLE('',#3474,52.2);
#3474 = AXIS2_PLACEMENT_3D('',#3475,#3476,#3477);
#3475 = CARTESIAN_POINT('',(0.,0.,5.));
#3476 = DIRECTION('',(0.,-0.,1.));
#3477 = DIRECTION('',(0.984807753012,0.173648177667,0.));
#3478 = PCURVE('',#1881,#3479);
#3479 = DEFINITIONAL_REPRESENTATION('',(#3480),#3484);
#3480 = CIRCLE('',#3481,52.2);
#3481 = AXIS2_PLACEMENT_2D('',#3482,#3483);
#3482 = CARTESIAN_POINT('',(0.,0.));
#3483 = DIRECTION('',(1.,-4.74729883959E-18));
#3484 = ( GEOMETRIC_REPRESENTATION_CONTEXT(2) 
PARAMETRIC_REPRESENTATION_CONTEXT() REPRESENTATION_CONTEXT('2D SPACE',''
  ) );
#3485 = PCURVE('',#3486,#3491);
#3486 = PLANE('',#3487);
#3487 = AXIS2_PLACEMENT_3D('',#3488,#3489,#3490);
#3488 = CARTESIAN_POINT('',(52.057696586142,5.24193441027,5.));
#3489 = DIRECTION('',(0.,0.,1.));
#3490 = DIRECTION('',(1.,5.168968399631E-18,0.));
#3491 = DEFINITIONAL_REPRESENTATION('',(#3492),#3496);
#3492 = CIRCLE('',#3493,52.2);
#3493 = AXIS2_PLACEMENT_2D('',#3494,#3495);
#3494 = CARTESIAN_POINT('',(-52.05769658614,-5.24193441027));
#3495 = DIRECTION('',(0.984807753012,0.173648177667));
#3496 = ( GEOMETRIC_REPRESENTATION_CONTEXT(2) 
PARAMETRIC_REPRESENTATION_CONTEXT() REPRESENTATION_CONTEXT('2D SPACE',''
  ) );
#3497 = ORIENTED_EDGE('',*,*,#3498,.F.);
#3498 = EDGE_CURVE('',#3499,#3470,#3501,.T.);
#3499 = VERTEX_POINT('',#3500);
#3500 = CARTESIAN_POINT('',(50.110851607912,14.619936769008,5.));
#3501 = SURFACE_CURVE('',#3502,(#3507,#3514),.PCURVE_S1.);
#3502 = CIRCLE('',#3503,52.2);
#3503 = AXIS2_PLACEMENT_3D('',#3504,#3505,#3506);
#3504 = CARTESIAN_POINT('',(0.,0.,5.));
#3505 = DIRECTION('',(0.,-0.,1.));
#3506 = DIRECTION('',(0.984807753012,0.173648177667,0.));
#3507 = PCURVE('',#1881,#3508);
#3508 = DEFINITIONAL_REPRESENTATION('',(#3509),#3513);
#3509 = CIRCLE('',#3510,52.2);
#3510 = AXIS2_PLACEMENT_2D('',#3511,#3512);
#3511 = CARTESIAN_POINT('',(0.,0.));
#3512 = DIRECTION('',(1.,-4.74729883959E-18));
#3513 = ( GEOMETRIC_REPRESENTATION_CONTEXT(2) 
PARAMETRIC_REPRESENTATION_CONTEXT() REPRESENTATION_CONTEXT('2D SPACE',''
  ) );
#3514 = PCURVE('',#3515,#3520);
#3515 = PLANE('',#3516);
#3516 = AXIS2_PLACEMENT_3D('',#3517,#3518,#3519);
#3517 = CARTESIAN_POINT('',(52.057696586142,5.24193441027,5.));
#3518 = DIRECTION('',(0.,0.,1.));
#3519 = DIRECTION('',(1.,5.168968399631E-18,0.));
#3520 = DEFINITIONAL_REPRESENTATION('',(#3521),#3525);
#3521 = CIRCLE('',#3522,52.2);
#3522 = AXIS2_PLACEMENT_2D('',#3523,#3524);
#3523 = CARTESIAN_POINT('',(-52.05769658614,-5.24193441027));
#3524 = DIRECTION('',(0.984807753012,0.173648177667));
#3525 = ( GEOMETRIC_REPRESENTATION_CONTEXT(2) 
PARAMETRIC_REPRESENTATION_CONTEXT() REPRESENTATION_CONTEXT('2D SPACE',''
  ) );
#3526 = ORIENTED_EDGE('',*,*,#3527,.F.);
#3527 = EDGE_CURVE('',#3528,#3499,#3530,.T.);
#3528 = VERTEX_POINT('',#3529);
#3529 = CARTESIAN_POINT('',(50.570686162,12.940081186162,5.));
#3530 = SURFACE_CURVE('',#3531,(#3536,#3543),.PCURVE_S1.);
#3531 = CIRCLE('',#3532,52.2);
#3532 = AXIS2_PLACEMENT_3D('',#3533,#3534,#3535);
#3533 = CARTESIAN_POINT('',(0.,0.,5.));
#3534 = DIRECTION('',(0.,-0.,1.));
#3535 = DIRECTION('',(0.984807753012,0.173648177667,0.));
#3536 = PCURVE('',#1881,#3537);
#3537 = DEFINITIONAL_REPRESENTATION('',(#3538),#3542);
#3538 = CIRCLE('',#3539,52.2);
#3539 = AXIS2_PLACEMENT_2D('',#3540,#3541);
#3540 = CARTESIAN_POINT('',(0.,0.));
#3541 = DIRECTION('',(1.,-4.74729883959E-18));
#3542 = ( GEOMETRIC_REPRESENTATION_CONTEXT(2) 
PARAMETRIC_REPRESENTATION_CONTEXT() REPRESENTATION_CONTEXT('2D SPACE',''
  ) );
#3543 = PCURVE('',#3544,#3549);
#3544 = PLANE('',#3545);
#3545 = AXIS2_PLACEMENT_3D('',#3546,#3547,#3548);
#3546 = CARTESIAN_POINT('',(52.057696586142,5.24193441027,5.));
#3547 = DIRECTION('',(0.,0.,1.));
#3548 = DIRECTION('',(1.,5.168968399631E-18,0.));
#3549 = DEFINITIONAL_REPRESENTATION('',(#3550),#3554);
#3550 = CIRCLE('',#3551,52.2);
#3551 = AXIS2_PLACEMENT_2D('',#3552,#3553);
#3552 = CARTESIAN_POINT('',(-52.05769658614,-5.24193441027));
#3553 = DIRECTION('',(0.984807753012,0.173648177667));
#3554 = ( GEOMETRIC_REPRESENTATION_CONTEXT(2) 
PARAMETRIC_REPRESENTATION_CONTEXT() REPRESENTATION_CONTEXT('2D SPACE',''
  ) );
#3555 = ORIENTED_EDGE('',*,*,#3556,.F.);
#3556 = EDGE_CURVE('',#3557,#3528,#3559,.T.);
#3557 = VERTEX_POINT('',#3558);
#3558 = CARTESIAN_POINT('',(50.974224115967,11.245820369151,5.));
#3559 = SURFACE_CURVE('',#3560,(#3565,#3572),.PCURVE_S1.);
#3560 = CIRCLE('',#3561,52.2);
#3561 = AXIS2_PLACEMENT_3D('',#3562,#3563,#3564);
#3562 = CARTESIAN_POINT('',(0.,0.,5.));
#3563 = DIRECTION('',(0.,-0.,1.));
#3564 = DIRECTION('',(0.984807753012,0.173648177667,0.));
#3565 = PCURVE('',#1881,#3566);
#3566 = DEFINITIONAL_REPRESENTATION('',(#3567),#3571);
#3567 = CIRCLE('',#3568,52.2);
#3568 = AXIS2_PLACEMENT_2D('',#3569,#3570);
#3569 = CARTESIAN_POINT('',(0.,0.));
#3570 = DIRECTION('',(1.,-4.74729883959E-18));
#3571 = ( GEOMETRIC_REPRESENTATION_CONTEXT(2) 
PARAMETRIC_REPRESENTATION_CONTEXT() REPRESENTATION_CONTEXT('2D SPACE',''
  ) );
#3572 = PCURVE('',#3573,#3578);
#3573 = PLANE('',#3574);
#3574 = AXIS2_PLACEMENT_3D('',#3575,#3576,#3577);
#3575 = CARTESIAN_POINT('',(52.057696586142,5.24193441027,5.));
#3576 = DIRECTION('',(0.,0.,1.));
#3577 = DIRECTION('',(1.,5.168968399631E-18,0.));
#3578 = DEFINITIONAL_REPRESENTATION('',(#3579),#3583);
#3579 = CIRCLE('',#3580,52.2);
#3580 = AXIS2_PLACEMENT_2D('',#3581,#3582);
#3581 = CARTESIAN_POINT('',(-52.05769658614,-5.24193441027));
#3582 = DIRECTION('',(0.984807753012,0.173648177667));
#3583 = ( GEOMETRIC_REPRESENTATION_CONTEXT(2) 
PARAMETRIC_REPRESENTATION_CONTEXT() REPRESENTATION_CONTEXT('2D SPACE',''
  ) );
#3584 = ORIENTED_EDGE('',*,*,#3585,.F.);
#3585 = EDGE_CURVE('',#3586,#3557,#3588,.T.);
#3586 = VERTEX_POINT('',#3587);
#3587 = CARTESIAN_POINT('',(51.321016240889,9.53904041308,5.));
#3588 = SURFACE_CURVE('',#3589,(#3594,#3601),.PCURVE_S1.);
#3589 = CIRCLE('',#3590,52.2);
#3590 = AXIS2_PLACEMENT_3D('',#3591,#3592,#3593);
#3591 = CARTESIAN_POINT('',(0.,0.,5.));
#3592 = DIRECTION('',(0.,-0.,1.));
#3593 = DIRECTION('',(0.984807753012,0.173648177667,0.));
#3594 = PCURVE('',#1881,#3595);
#3595 = DEFINITIONAL_REPRESENTATION('',(#3596),#3600);
#3596 = CIRCLE('',#3597,52.2);
#3597 = AXIS2_PLACEMENT_2D('',#3598,#3599);
#3598 = CARTESIAN_POINT('',(0.,0.));
#3599 = DIRECTION('',(1.,-4.74729883959E-18));
#3600 = ( GEOMETRIC_REPRESENTATION_CONTEXT(2) 
PARAMETRIC_REPRESENTATION_CONTEXT() REPRESENTATION_CONTEXT('2D SPACE',''
  ) );
#3601 = PCURVE('',#3602,#3607);
#3602 = PLANE('',#3603);
#3603 = AXIS2_PLACEMENT_3D('',#3604,#3605,#3606);
#3604 = CARTESIAN_POINT('',(52.057696586142,5.24193441027,5.));
#3605 = DIRECTION('',(0.,0.,1.));
#3606 = DIRECTION('',(1.,5.168968399631E-18,0.));
#3607 = DEFINITIONAL_REPRESENTATION('',(#3608),#3612);
#3608 = CIRCLE('',#3609,52.2);
#3609 = AXIS2_PLACEMENT_2D('',#3610,#3611);
#3610 = CARTESIAN_POINT('',(-52.05769658614,-5.24193441027));
#3611 = DIRECTION('',(0.984807753012,0.173648177667));
#3612 = ( GEOMETRIC_REPRESENTATION_CONTEXT(2) 
PARAMETRIC_REPRESENTATION_CONTEXT() REPRESENTATION_CONTEXT('2D SPACE',''
  ) );
#3613 = ORIENTED_EDGE('',*,*,#3614,.F.);
#3614 = EDGE_CURVE('',#3615,#3586,#3617,.T.);
#3615 = VERTEX_POINT('',#3616);
#3616 = CARTESIAN_POINT('',(51.406964707237,9.064434874214,5.));
#3617 = SURFACE_CURVE('',#3618,(#3623,#3630),.PCURVE_S1.);
#3618 = CIRCLE('',#3619,52.2);
#3619 = AXIS2_PLACEMENT_3D('',#3620,#3621,#3622);
#3620 = CARTESIAN_POINT('',(0.,0.,5.));
#3621 = DIRECTION('',(0.,-0.,1.));
#3622 = DIRECTION('',(0.984807753012,0.173648177667,0.));
#3623 = PCURVE('',#1881,#3624);
#3624 = DEFINITIONAL_REPRESENTATION('',(#3625),#3629);
#3625 = CIRCLE('',#3626,52.2);
#3626 = AXIS2_PLACEMENT_2D('',#3627,#3628);
#3627 = CARTESIAN_POINT('',(0.,0.));
#3628 = DIRECTION('',(1.,-4.74729883959E-18));
#3629 = ( GEOMETRIC_REPRESENTATION_CONTEXT(2) 
PARAMETRIC_REPRESENTATION_CONTEXT() REPRESENTATION_CONTEXT('2D SPACE',''
  ) );
#3630 = PCURVE('',#3631,#3636);
#3631 = PLANE('',#3632);
#3632 = AXIS2_PLACEMENT_3D('',#3633,#3634,#3635);
#3633 = CARTESIAN_POINT('',(52.057696586142,5.24193441027,5.));
#3634 = DIRECTION('',(0.,0.,1.));
#3635 = DIRECTION('',(1.,5.168968399631E-18,0.));
#3636 = DEFINITIONAL_REPRESENTATION('',(#3637),#3641);
#3637 = CIRCLE('',#3638,52.2);
#3638 = AXIS2_PLACEMENT_2D('',#3639,#3640);
#3639 = CARTESIAN_POINT('',(-52.05769658614,-5.24193441027));
#3640 = DIRECTION('',(0.984807753012,0.173648177667));
#3641 = ( GEOMETRIC_REPRESENTATION_CONTEXT(2) 
PARAMETRIC_REPRESENTATION_CONTEXT() REPRESENTATION_CONTEXT('2D SPACE',''
  ) );
#3642 = ORIENTED_EDGE('',*,*,#3643,.F.);
#3643 = EDGE_CURVE('',#3644,#3615,#3646,.T.);
#3644 = VERTEX_POINT('',#3645);
#3645 = CARTESIAN_POINT('',(51.610676478776,7.821641349688,5.));
#3646 = SURFACE_CURVE('',#3647,(#3652,#3659),.PCURVE_S1.);
#3647 = CIRCLE('',#3648,52.2);
#3648 = AXIS2_PLACEMENT_3D('',#3649,#3650,#3651);
#3649 = CARTESIAN_POINT('',(0.,0.,5.));
#3650 = DIRECTION('',(0.,-0.,1.));
#3651 = DIRECTION('',(0.984807753012,0.173648177667,0.));
#3652 = PCURVE('',#1881,#3653);
#3653 = DEFINITIONAL_REPRESENTATION('',(#3654),#3658);
#3654 = CIRCLE('',#3655,52.2);
#3655 = AXIS2_PLACEMENT_2D('',#3656,#3657);
#3656 = CARTESIAN_POINT('',(0.,0.));
#3657 = DIRECTION('',(1.,-4.74729883959E-18));
#3658 = ( GEOMETRIC_REPRESENTATION_CONTEXT(2) 
PARAMETRIC_REPRESENTATION_CONTEXT() REPRESENTATION_CONTEXT('2D SPACE',''
  ) );
#3659 = PCURVE('',#3631,#3660);
#3660 = DEFINITIONAL_REPRESENTATION('',(#3661),#3665);
#3661 = CIRCLE('',#3662,52.2);
#3662 = AXIS2_PLACEMENT_2D('',#3663,#3664);
#3663 = CARTESIAN_POINT('',(-52.05769658614,-5.24193441027));
#3664 = DIRECTION('',(0.984807753012,0.173648177667));
#3665 = ( GEOMETRIC_REPRESENTATION_CONTEXT(2) 
PARAMETRIC_REPRESENTATION_CONTEXT() REPRESENTATION_CONTEXT('2D SPACE',''
  ) );
#3666 = ORIENTED_EDGE('',*,*,#3667,.F.);
#3667 = EDGE_CURVE('',#3668,#3644,#3670,.T.);
#3668 = VERTEX_POINT('',#3669);
#3669 = CARTESIAN_POINT('',(51.842882372332,6.095535032178,5.));
#3670 = SURFACE_CURVE('',#3671,(#3676,#3683),.PCURVE_S1.);
#3671 = CIRCLE('',#3672,52.2);
#3672 = AXIS2_PLACEMENT_3D('',#3673,#3674,#3675);
#3673 = CARTESIAN_POINT('',(0.,0.,5.));
#3674 = DIRECTION('',(0.,-0.,1.));
#3675 = DIRECTION('',(0.984807753012,0.173648177667,0.));
#3676 = PCURVE('',#1881,#3677);
#3677 = DEFINITIONAL_REPRESENTATION('',(#3678),#3682);
#3678 = CIRCLE('',#3679,52.2);
#3679 = AXIS2_PLACEMENT_2D('',#3680,#3681);
#3680 = CARTESIAN_POINT('',(0.,0.));
#3681 = DIRECTION('',(1.,-4.74729883959E-18));
#3682 = ( GEOMETRIC_REPRESENTATION_CONTEXT(2) 
PARAMETRIC_REPRESENTATION_CONTEXT() REPRESENTATION_CONTEXT('2D SPACE',''
  ) );
#3683 = PCURVE('',#3684,#3689);
#3684 = PLANE('',#3685);
#3685 = AXIS2_PLACEMENT_3D('',#3686,#3687,#3688);
#3686 = CARTESIAN_POINT('',(52.057696586142,5.24193441027,5.));
#3687 = DIRECTION('',(0.,0.,1.));
#3688 = DIRECTION('',(1.,5.168968399631E-18,0.));
#3689 = DEFINITIONAL_REPRESENTATION('',(#3690),#3694);
#3690 = CIRCLE('',#3691,52.2);
#3691 = AXIS2_PLACEMENT_2D('',#3692,#3693);
#3692 = CARTESIAN_POINT('',(-52.05769658614,-5.24193441027));
#3693 = DIRECTION('',(0.984807753012,0.173648177667));
#3694 = ( GEOMETRIC_REPRESENTATION_CONTEXT(2) 
PARAMETRIC_REPRESENTATION_CONTEXT() REPRESENTATION_CONTEXT('2D SPACE',''
  ) );
#3695 = ORIENTED_EDGE('',*,*,#3696,.F.);
#3696 = EDGE_CURVE('',#3697,#3668,#3699,.T.);
#3697 = VERTEX_POINT('',#3698);
#3698 = CARTESIAN_POINT('',(52.017375423933,4.362643006893,5.));
#3699 = SURFACE_CURVE('',#3700,(#3705,#3712),.PCURVE_S1.);
#3700 = CIRCLE('',#3701,52.2);
#3701 = AXIS2_PLACEMENT_3D('',#3702,#3703,#3704);
#3702 = CARTESIAN_POINT('',(0.,0.,5.));
#3703 = DIRECTION('',(0.,-0.,1.));
#3704 = DIRECTION('',(0.984807753012,0.173648177667,0.));
#3705 = PCURVE('',#1881,#3706);
#3706 = DEFINITIONAL_REPRESENTATION('',(#3707),#3711);
#3707 = CIRCLE('',#3708,52.2);
#3708 = AXIS2_PLACEMENT_2D('',#3709,#3710);
#3709 = CARTESIAN_POINT('',(0.,0.));
#3710 = DIRECTION('',(1.,-4.74729883959E-18));
#3711 = ( GEOMETRIC_REPRESENTATION_CONTEXT(2) 
PARAMETRIC_REPRESENTATION_CONTEXT() REPRESENTATION_CONTEXT('2D SPACE',''
  ) );
#3712 = PCURVE('',#3713,#3718);
#3713 = PLANE('',#3714);
#3714 = AXIS2_PLACEMENT_3D('',#3715,#3716,#3717);
#3715 = CARTESIAN_POINT('',(52.057696586142,5.24193441027,5.));
#3716 = DIRECTION('',(0.,0.,1.));
#3717 = DIRECTION('',(1.,5.168968399631E-18,0.));
#3718 = DEFINITIONAL_REPRESENTATION('',(#3719),#3723);
#3719 = CIRCLE('',#3720,52.2);
#3720 = AXIS2_PLACEMENT_2D('',#3721,#3722);
#3721 = CARTESIAN_POINT('',(-52.05769658614,-5.24193441027));
#3722 = DIRECTION('',(0.984807753012,0.173648177667));
#3723 = ( GEOMETRIC_REPRESENTATION_CONTEXT(2) 
PARAMETRIC_REPRESENTATION_CONTEXT() REPRESENTATION_CONTEXT('2D SPACE',''
  ) );
#3724 = ORIENTED_EDGE('',*,*,#3725,.F.);
#3725 = EDGE_CURVE('',#3726,#3697,#3728,.T.);
#3726 = VERTEX_POINT('',#3727);
#3727 = CARTESIAN_POINT('',(52.133961383385,2.624894374204,5.));
#3728 = SURFACE_CURVE('',#3729,(#3734,#3741),.PCURVE_S1.);
#3729 = CIRCLE('',#3730,52.2);
#3730 = AXIS2_PLACEMENT_3D('',#3731,#3732,#3733);
#3731 = CARTESIAN_POINT('',(0.,0.,5.));
#3732 = DIRECTION('',(0.,-0.,1.));
#3733 = DIRECTION('',(0.984807753012,0.173648177667,0.));
#3734 = PCURVE('',#1881,#3735);
#3735 = DEFINITIONAL_REPRESENTATION('',(#3736),#3740);
#3736 = CIRCLE('',#3737,52.2);
#3737 = AXIS2_PLACEMENT_2D('',#3738,#3739);
#3738 = CARTESIAN_POINT('',(0.,0.));
#3739 = DIRECTION('',(1.,-4.74729883959E-18));
#3740 = ( GEOMETRIC_REPRESENTATION_CONTEXT(2) 
PARAMETRIC_REPRESENTATION_CONTEXT() REPRESENTATION_CONTEXT('2D SPACE',''
  ) );
#3741 = PCURVE('',#3742,#3747);
#3742 = PLANE('',#3743);
#3743 = AXIS2_PLACEMENT_3D('',#3744,#3745,#3746);
#3744 = CARTESIAN_POINT('',(52.057696586142,5.24193441027,5.));
#3745 = DIRECTION('',(0.,0.,1.));
#3746 = DIRECTION('',(1.,5.168968399631E-18,0.));
#3747 = DEFINITIONAL_REPRESENTATION('',(#3748),#3752);
#3748 = CIRCLE('',#3749,52.2);
#3749 = AXIS2_PLACEMENT_2D('',#3750,#3751);
#3750 = CARTESIAN_POINT('',(-52.05769658614,-5.24193441027));
#3751 = DIRECTION('',(0.984807753012,0.173648177667));
#3752 = ( GEOMETRIC_REPRESENTATION_CONTEXT(2) 
PARAMETRIC_REPRESENTATION_CONTEXT() REPRESENTATION_CONTEXT('2D SPACE',''
  ) );
#3753 = ORIENTED_EDGE('',*,*,#3754,.F.);
#3754 = EDGE_CURVE('',#3755,#3726,#3757,.T.);
#3755 = VERTEX_POINT('',#3756);
#3756 = CARTESIAN_POINT('',(52.192510464172,0.884223640984,5.));
#3757 = SURFACE_CURVE('',#3758,(#3763,#3770),.PCURVE_S1.);
#3758 = CIRCLE('',#3759,52.2);
#3759 = AXIS2_PLACEMENT_3D('',#3760,#3761,#3762);
#3760 = CARTESIAN_POINT('',(0.,0.,5.));
#3761 = DIRECTION('',(0.,-0.,1.));
#3762 = DIRECTION('',(0.984807753012,0.173648177667,0.));
#3763 = PCURVE('',#1881,#3764);
#3764 = DEFINITIONAL_REPRESENTATION('',(#3765),#3769);
#3765 = CIRCLE('',#3766,52.2);
#3766 = AXIS2_PLACEMENT_2D('',#3767,#3768);
#3767 = CARTESIAN_POINT('',(0.,0.));
#3768 = DIRECTION('',(1.,-4.74729883959E-18));
#3769 = ( GEOMETRIC_REPRESENTATION_CONTEXT(2) 
PARAMETRIC_REPRESENTATION_CONTEXT() REPRESENTATION_CONTEXT('2D SPACE',''
  ) );
#3770 = PCURVE('',#3771,#3776);
#3771 = PLANE('',#3772);
#3772 = AXIS2_PLACEMENT_3D('',#3773,#3774,#3775);
#3773 = CARTESIAN_POINT('',(52.057696586142,5.24193441027,5.));
#3774 = DIRECTION('',(0.,0.,1.));
#3775 = DIRECTION('',(1.,5.168968399631E-18,0.));
#3776 = DEFINITIONAL_REPRESENTATION('',(#3777),#3781);
#3777 = CIRCLE('',#3778,52.2);
#3778 = AXIS2_PLACEMENT_2D('',#3779,#3780);
#3779 = CARTESIAN_POINT('',(-52.05769658614,-5.24193441027));
#3780 = DIRECTION('',(0.984807753012,0.173648177667));
#3781 = ( GEOMETRIC_REPRESENTATION_CONTEXT(2) 
PARAMETRIC_REPRESENTATION_CONTEXT() REPRESENTATION_CONTEXT('2D SPACE',''
  ) );
#3782 = ORIENTED_EDGE('',*,*,#3783,.F.);
#3783 = EDGE_CURVE('',#3784,#3755,#3786,.T.);
#3784 = VERTEX_POINT('',#3785);
#3785 = CARTESIAN_POINT('',(52.192957487939,-0.857431432939,5.));
#3786 = SURFACE_CURVE('',#3787,(#3792,#3799),.PCURVE_S1.);
#3787 = CIRCLE('',#3788,52.2);
#3788 = AXIS2_PLACEMENT_3D('',#3789,#3790,#3791);
#3789 = CARTESIAN_POINT('',(0.,0.,5.));
#3790 = DIRECTION('',(0.,-0.,1.));
#3791 = DIRECTION('',(0.984807753012,0.173648177667,0.));
#3792 = PCURVE('',#1881,#3793);
#3793 = DEFINITIONAL_REPRESENTATION('',(#3794),#3798);
#3794 = CIRCLE('',#3795,52.2);
#3795 = AXIS2_PLACEMENT_2D('',#3796,#3797);
#3796 = CARTESIAN_POINT('',(0.,0.));
#3797 = DIRECTION('',(1.,-4.74729883959E-18));
#3798 = ( GEOMETRIC_REPRESENTATION_CONTEXT(2) 
PARAMETRIC_REPRESENTATION_CONTEXT() REPRESENTATION_CONTEXT('2D SPACE',''
  ) );
#3799 = PCURVE('',#3800,#3805);
#3800 = PLANE('',#3801);
#3801 = AXIS2_PLACEMENT_3D('',#3802,#3803,#3804);
#3802 = CARTESIAN_POINT('',(52.057696586142,5.24193441027,5.));
#3803 = DIRECTION('',(0.,0.,1.));
#3804 = DIRECTION('',(1.,5.168968399631E-18,0.));
#3805 = DEFINITIONAL_REPRESENTATION('',(#3806),#3810);
#3806 = CIRCLE('',#3807,52.2);
#3807 = AXIS2_PLACEMENT_2D('',#3808,#3809);
#3808 = CARTESIAN_POINT('',(-52.05769658614,-5.24193441027));
#3809 = DIRECTION('',(0.984807753012,0.173648177667));
#3810 = ( GEOMETRIC_REPRESENTATION_CONTEXT(2) 
PARAMETRIC_REPRESENTATION_CONTEXT() REPRESENTATION_CONTEXT('2D SPACE',''
  ) );
#3811 = ORIENTED_EDGE('',*,*,#3812,.F.);
#3812 = EDGE_CURVE('',#3813,#3784,#3815,.T.);
#3813 = VERTEX_POINT('',#3814);
#3814 = CARTESIAN_POINT('',(52.135301957047,-2.598131991941,5.));
#3815 = SURFACE_CURVE('',#3816,(#3821,#3828),.PCURVE_S1.);
#3816 = CIRCLE('',#3817,52.2);
#3817 = AXIS2_PLACEMENT_3D('',#3818,#3819,#3820);
#3818 = CARTESIAN_POINT('',(0.,0.,5.));
#3819 = DIRECTION('',(0.,-0.,1.));
#3820 = DIRECTION('',(0.984807753012,0.173648177667,0.));
#3821 = PCURVE('',#1881,#3822);
#3822 = DEFINITIONAL_REPRESENTATION('',(#3823),#3827);
#3823 = CIRCLE('',#3824,52.2);
#3824 = AXIS2_PLACEMENT_2D('',#3825,#3826);
#3825 = CARTESIAN_POINT('',(0.,0.));
#3826 = DIRECTION('',(1.,-4.74729883959E-18));
#3827 = ( GEOMETRIC_REPRESENTATION_CONTEXT(2) 
PARAMETRIC_REPRESENTATION_CONTEXT() REPRESENTATION_CONTEXT('2D SPACE',''
  ) );
#3828 = PCURVE('',#3829,#3834);
#3829 = PLANE('',#3830);
#3830 = AXIS2_PLACEMENT_3D('',#3831,#3832,#3833);
#3831 = CARTESIAN_POINT('',(52.057696586142,5.24193441027,5.));
#3832 = DIRECTION('',(0.,0.,1.));
#3833 = DIRECTION('',(1.,5.168968399631E-18,0.));
#3834 = DEFINITIONAL_REPRESENTATION('',(#3835),#3839);
#3835 = CIRCLE('',#3836,52.2);
#3836 = AXIS2_PLACEMENT_2D('',#3837,#3838);
#3837 = CARTESIAN_POINT('',(-52.05769658614,-5.24193441027));
#3838 = DIRECTION('',(0.984807753012,0.173648177667));
#3839 = ( GEOMETRIC_REPRESENTATION_CONTEXT(2) 
PARAMETRIC_REPRESENTATION_CONTEXT() REPRESENTATION_CONTEXT('2D SPACE',''
  ) );
#3840 = ORIENTED_EDGE('',*,*,#3841,.F.);
#3841 = EDGE_CURVE('',#3842,#3813,#3844,.T.);
#3842 = VERTEX_POINT('',#3843);
#3843 = CARTESIAN_POINT('',(52.019608055129,-4.33594024299,5.));
#3844 = SURFACE_CURVE('',#3845,(#3850,#3857),.PCURVE_S1.);
#3845 = CIRCLE('',#3846,52.2);
#3846 = AXIS2_PLACEMENT_3D('',#3847,#3848,#3849);
#3847 = CARTESIAN_POINT('',(0.,0.,5.));
#3848 = DIRECTION('',(0.,-0.,1.));
#3849 = DIRECTION('',(0.984807753012,0.173648177667,0.));
#3850 = PCURVE('',#1881,#3851);
#3851 = DEFINITIONAL_REPRESENTATION('',(#3852),#3856);
#3852 = CIRCLE('',#3853,52.2);
#3853 = AXIS2_PLACEMENT_2D('',#3854,#3855);
#3854 = CARTESIAN_POINT('',(0.,0.));
#3855 = DIRECTION('',(1.,-4.74729883959E-18));
#3856 = ( GEOMETRIC_REPRESENTATION_CONTEXT(2) 
PARAMETRIC_REPRESENTATION_CONTEXT() REPRESENTATION_CONTEXT('2D SPACE',''
  ) );
#3857 = PCURVE('',#3858,#3863);
#3858 = PLANE('',#3859);
#3859 = AXIS2_PLACEMENT_3D('',#3860,#3861,#3862);
#3860 = CARTESIAN_POINT('',(52.057696586142,5.24193441027,5.));
#3861 = DIRECTION('',(0.,0.,1.));
#3862 = DIRECTION('',(1.,5.168968399631E-18,0.));
#3863 = DEFINITIONAL_REPRESENTATION('',(#3864),#3868);
#3864 = CIRCLE('',#3865,52.2);
#3865 = AXIS2_PLACEMENT_2D('',#3866,#3867);
#3866 = CARTESIAN_POINT('',(-52.05769658614,-5.24193441027));
#3867 = DIRECTION('',(0.984807753012,0.173648177667));
#3868 = ( GEOMETRIC_REPRESENTATION_CONTEXT(2) 
PARAMETRIC_REPRESENTATION_CONTEXT() REPRESENTATION_CONTEXT('2D SPACE',''
  ) );
#3869 = ORIENTED_EDGE('',*,*,#3870,.F.);
#3870 = EDGE_CURVE('',#3871,#3842,#3873,.T.);
#3871 = VERTEX_POINT('',#3872);
#3872 = CARTESIAN_POINT('',(51.846004575639,-6.068921612844,5.));
#3873 = SURFACE_CURVE('',#3874,(#3879,#3886),.PCURVE_S1.);
#3874 = CIRCLE('',#3875,52.2);
#3875 = AXIS2_PLACEMENT_3D('',#3876,#3877,#3878);
#3876 = CARTESIAN_POINT('',(0.,0.,5.));
#3877 = DIRECTION('',(0.,-0.,1.));
#3878 = DIRECTION('',(0.984807753012,0.173648177667,0.));
#3879 = PCURVE('',#1881,#3880);
#3880 = DEFINITIONAL_REPRESENTATION('',(#3881),#3885);
#3881 = CIRCLE('',#3882,52.2);
#3882 = AXIS2_PLACEMENT_2D('',#3883,#3884);
#3883 = CARTESIAN_POINT('',(0.,0.));
#3884 = DIRECTION('',(1.,-4.74729883959E-18));
#3885 = ( GEOMETRIC_REPRESENTATION_CONTEXT(2) 
PARAMETRIC_REPRESENTATION_CONTEXT() REPRESENTATION_CONTEXT('2D SPACE',''
  ) );
#3886 = PCURVE('',#3887,#3892);
#3887 = PLANE('',#3888);
#3888 = AXIS2_PLACEMENT_3D('',#3889,#3890,#3891);
#3889 = CARTESIAN_POINT('',(52.057696586142,5.24193441027,5.));
#3890 = DIRECTION('',(0.,0.,1.));
#3891 = DIRECTION('',(1.,5.168968399631E-18,0.));
#3892 = DEFINITIONAL_REPRESENTATION('',(#3893),#3897);
#3893 = CIRCLE('',#3894,52.2);
#3894 = AXIS2_PLACEMENT_2D('',#3895,#3896);
#3895 = CARTESIAN_POINT('',(-52.05769658614,-5.24193441027));
#3896 = DIRECTION('',(0.984807753012,0.173648177667));
#3897 = ( GEOMETRIC_REPRESENTATION_CONTEXT(2) 
PARAMETRIC_REPRESENTATION_CONTEXT() REPRESENTATION_CONTEXT('2D SPACE',''
  ) );
#3898 = ORIENTED_EDGE('',*,*,#3899,.F.);
#3899 = EDGE_CURVE('',#3900,#3871,#3902,.T.);
#3900 = VERTEX_POINT('',#3901);
#3901 = CARTESIAN_POINT('',(51.614684778475,-7.795146901673,5.));
#3902 = SURFACE_CURVE('',#3903,(#3908,#3915),.PCURVE_S1.);
#3903 = CIRCLE('',#3904,52.2);
#3904 = AXIS2_PLACEMENT_3D('',#3905,#3906,#3907);
#3905 = CARTESIAN_POINT('',(0.,0.,5.));
#3906 = DIRECTION('',(0.,-0.,1.));
#3907 = DIRECTION('',(0.984807753012,0.173648177667,0.));
#3908 = PCURVE('',#1881,#3909);
#3909 = DEFINITIONAL_REPRESENTATION('',(#3910),#3914);
#3910 = CIRCLE('',#3911,52.2);
#3911 = AXIS2_PLACEMENT_2D('',#3912,#3913);
#3912 = CARTESIAN_POINT('',(0.,0.));
#3913 = DIRECTION('',(1.,-4.74729883959E-18));
#3914 = ( GEOMETRIC_REPRESENTATION_CONTEXT(2) 
PARAMETRIC_REPRESENTATION_CONTEXT() REPRESENTATION_CONTEXT('2D SPACE',''
  ) );
#3915 = PCURVE('',#3916,#3921);
#3916 = PLANE('',#3917);
#3917 = AXIS2_PLACEMENT_3D('',#3918,#3919,#3920);
#3918 = CARTESIAN_POINT('',(52.057696586142,5.24193441027,5.));
#3919 = DIRECTION('',(0.,0.,1.));
#3920 = DIRECTION('',(1.,5.168968399631E-18,0.));
#3921 = DEFINITIONAL_REPRESENTATION('',(#3922),#3926);
#3922 = CIRCLE('',#3923,52.2);
#3923 = AXIS2_PLACEMENT_2D('',#3924,#3925);
#3924 = CARTESIAN_POINT('',(-52.05769658614,-5.24193441027));
#3925 = DIRECTION('',(0.984807753012,0.173648177667));
#3926 = ( GEOMETRIC_REPRESENTATION_CONTEXT(2) 
PARAMETRIC_REPRESENTATION_CONTEXT() REPRESENTATION_CONTEXT('2D SPACE',''
  ) );
#3927 = ORIENTED_EDGE('',*,*,#3928,.F.);
#3928 = EDGE_CURVE('',#3057,#3900,#3929,.T.);
#3929 = SURFACE_CURVE('',#3930,(#3935,#3942),.PCURVE_S1.);
#3930 = CIRCLE('',#3931,52.2);
#3931 = AXIS2_PLACEMENT_3D('',#3932,#3933,#3934);
#3932 = CARTESIAN_POINT('',(0.,0.,5.));
#3933 = DIRECTION('',(0.,-0.,1.));
#3934 = DIRECTION('',(0.984807753012,0.173648177667,0.));
#3935 = PCURVE('',#1881,#3936);
#3936 = DEFINITIONAL_REPRESENTATION('',(#3937),#3941);
#3937 = CIRCLE('',#3938,52.2);
#3938 = AXIS2_PLACEMENT_2D('',#3939,#3940);
#3939 = CARTESIAN_POINT('',(0.,0.));
#3940 = DIRECTION('',(1.,-4.74729883959E-18));
#3941 = ( GEOMETRIC_REPRESENTATION_CONTEXT(2) 
PARAMETRIC_REPRESENTATION_CONTEXT() REPRESENTATION_CONTEXT('2D SPACE',''
  ) );
#3942 = PCURVE('',#3943,#3948);
#3943 = PLANE('',#3944);
#3944 = AXIS2_PLACEMENT_3D('',#3945,#3946,#3947);
#3945 = CARTESIAN_POINT('',(52.057696586142,5.24193441027,5.));
#3946 = DIRECTION('',(0.,0.,1.));
#3947 = DIRECTION('',(1.,5.168968399631E-18,0.));
#3948 = DEFINITIONAL_REPRESENTATION('',(#3949),#3953);
#3949 = CIRCLE('',#3950,52.2);
#3950 = AXIS2_PLACEMENT_2D('',#3951,#3952);
#3951 = CARTESIAN_POINT('',(-52.05769658614,-5.24193441027));
#3952 = DIRECTION('',(0.984807753012,0.173648177667));
#3953 = ( GEOMETRIC_REPRESENTATION_CONTEXT(2) 
PARAMETRIC_REPRESENTATION_CONTEXT() REPRESENTATION_CONTEXT('2D SPACE',''
  ) );
#3954 = ORIENTED_EDGE('',*,*,#3056,.T.);
#3955 = ORIENTED_EDGE('',*,*,#3128,.T.);
#3956 = ORIENTED_EDGE('',*,*,#3153,.T.);
#3957 = ORIENTED_EDGE('',*,*,#3178,.T.);
#3958 = ORIENTED_EDGE('',*,*,#3203,.T.);
#3959 = ORIENTED_EDGE('',*,*,#3228,.T.);
#3960 = ORIENTED_EDGE('',*,*,#3253,.T.);
#3961 = ORIENTED_EDGE('',*,*,#3278,.T.);
#3962 = ORIENTED_EDGE('',*,*,#3303,.T.);
#3963 = ORIENTED_EDGE('',*,*,#3328,.T.);
#3964 = ORIENTED_EDGE('',*,*,#3353,.T.);
#3965 = ADVANCED_FACE('',(#3966),#2113,.F.);
#3966 = FACE_BOUND('',#3967,.F.);
#3967 = EDGE_LOOP('',(#3968,#3999,#4022,#4049,#4050,#4074,#4103,#4132,
    #4161,#4190,#4219,#4248,#4277,#4306,#4335,#4364,#4392,#4418,#4419,
    #4447,#4475,#4504,#4533,#4562,#4591,#4620,#4649,#4678,#4707,#4736,
    #4765,#4794,#4823,#4852,#4881,#4910,#4939,#4968,#4996,#5022,#5023,
    #5051,#5079,#5108,#5137,#5166,#5195,#5224,#5253,#5282,#5311,#5340,
    #5369,#5398,#5427,#5456,#5485,#5514,#5543,#5572,#5600,#5626,#5627,
    #5655,#5683,#5712,#5741,#5770,#5799,#5828));
#3968 = ORIENTED_EDGE('',*,*,#3969,.F.);
#3969 = EDGE_CURVE('',#3970,#3972,#3974,.T.);
#3970 = VERTEX_POINT('',#3971);
#3971 = CARTESIAN_POINT('',(51.406964707237,9.064434874214,1.5));
#3972 = VERTEX_POINT('',#3973);
#3973 = CARTESIAN_POINT('',(51.321016240889,9.53904041308,1.5));
#3974 = SURFACE_CURVE('',#3975,(#3980,#3987),.PCURVE_S1.);
#3975 = CIRCLE('',#3976,52.2);
#3976 = AXIS2_PLACEMENT_3D('',#3977,#3978,#3979);
#3977 = CARTESIAN_POINT('',(0.,0.,1.5));
#3978 = DIRECTION('',(0.,-0.,1.));
#3979 = DIRECTION('',(0.984807753012,0.173648177667,0.));
#3980 = PCURVE('',#2113,#3981);
#3981 = DEFINITIONAL_REPRESENTATION('',(#3982),#3986);
#3982 = LINE('',#3983,#3984);
#3983 = CARTESIAN_POINT('',(0.,9.6));
#3984 = VECTOR('',#3985,1.);
#3985 = DIRECTION('',(1.,0.));
#3986 = ( GEOMETRIC_REPRESENTATION_CONTEXT(2) 
PARAMETRIC_REPRESENTATION_CONTEXT() REPRESENTATION_CONTEXT('2D SPACE',''
  ) );
#3987 = PCURVE('',#3988,#3993);
#3988 = PLANE('',#3989);
#3989 = AXIS2_PLACEMENT_3D('',#3990,#3991,#3992);
#3990 = CARTESIAN_POINT('',(52.057696586142,5.24193441027,1.5));
#3991 = DIRECTION('',(0.,0.,1.));
#3992 = DIRECTION('',(1.,5.168968399631E-18,0.));
#3993 = DEFINITIONAL_REPRESENTATION('',(#3994),#3998);
#3994 = CIRCLE('',#3995,52.2);
#3995 = AXIS2_PLACEMENT_2D('',#3996,#3997);
#3996 = CARTESIAN_POINT('',(-52.05769658614,-5.24193441027));
#3997 = DIRECTION('',(0.984807753012,0.173648177667));
#3998 = ( GEOMETRIC_REPRESENTATION_CONTEXT(2) 
PARAMETRIC_REPRESENTATION_CONTEXT() REPRESENTATION_CONTEXT('2D SPACE',''
  ) );
#3999 = ORIENTED_EDGE('',*,*,#4000,.F.);
#4000 = EDGE_CURVE('',#4001,#3970,#4003,.T.);
#4001 = VERTEX_POINT('',#4002);
#4002 = CARTESIAN_POINT('',(51.406964707237,9.064434874214,-8.1));
#4003 = SEAM_CURVE('',#4004,(#4008,#4015),.PCURVE_S1.);
#4004 = LINE('',#4005,#4006);
#4005 = CARTESIAN_POINT('',(51.406964707237,9.064434874214,-8.1));
#4006 = VECTOR('',#4007,1.);
#4007 = DIRECTION('',(0.,0.,1.));
#4008 = PCURVE('',#2113,#4009);
#4009 = DEFINITIONAL_REPRESENTATION('',(#4010),#4014);
#4010 = LINE('',#4011,#4012);
#4011 = CARTESIAN_POINT('',(6.28318530718,-0.));
#4012 = VECTOR('',#4013,1.);
#4013 = DIRECTION('',(0.,1.));
#4014 = ( GEOMETRIC_REPRESENTATION_CONTEXT(2) 
PARAMETRIC_REPRESENTATION_CONTEXT() REPRESENTATION_CONTEXT('2D SPACE',''
  ) );
#4015 = PCURVE('',#2113,#4016);
#4016 = DEFINITIONAL_REPRESENTATION('',(#4017),#4021);
#4017 = LINE('',#4018,#4019);
#4018 = CARTESIAN_POINT('',(0.,-0.));
#4019 = VECTOR('',#4020,1.);
#4020 = DIRECTION('',(0.,1.));
#4021 = ( GEOMETRIC_REPRESENTATION_CONTEXT(2) 
PARAMETRIC_REPRESENTATION_CONTEXT() REPRESENTATION_CONTEXT('2D SPACE',''
  ) );
#4022 = ORIENTED_EDGE('',*,*,#4023,.T.);
#4023 = EDGE_CURVE('',#4001,#4001,#4024,.T.);
#4024 = SURFACE_CURVE('',#4025,(#4030,#4037),.PCURVE_S1.);
#4025 = CIRCLE('',#4026,52.2);
#4026 = AXIS2_PLACEMENT_3D('',#4027,#4028,#4029);
#4027 = CARTESIAN_POINT('',(0.,0.,-8.1));
#4028 = DIRECTION('',(0.,-0.,1.));
#4029 = DIRECTION('',(0.984807753012,0.173648177667,0.));
#4030 = PCURVE('',#2113,#4031);
#4031 = DEFINITIONAL_REPRESENTATION('',(#4032),#4036);
#4032 = LINE('',#4033,#4034);
#4033 = CARTESIAN_POINT('',(0.,0.));
#4034 = VECTOR('',#4035,1.);
#4035 = DIRECTION('',(1.,0.));
#4036 = ( GEOMETRIC_REPRESENTATION_CONTEXT(2) 
PARAMETRIC_REPRESENTATION_CONTEXT() REPRESENTATION_CONTEXT('2D SPACE',''
  ) );
#4037 = PCURVE('',#4038,#4043);
#4038 = PLANE('',#4039);
#4039 = AXIS2_PLACEMENT_3D('',#4040,#4041,#4042);
#4040 = CARTESIAN_POINT('',(0.,0.,-8.1));
#4041 = DIRECTION('',(0.,0.,1.));
#4042 = DIRECTION('',(0.984807753012,0.173648177667,0.));
#4043 = DEFINITIONAL_REPRESENTATION('',(#4044),#4048);
#4044 = CIRCLE('',#4045,52.2);
#4045 = AXIS2_PLACEMENT_2D('',#4046,#4047);
#4046 = CARTESIAN_POINT('',(0.,0.));
#4047 = DIRECTION('',(1.,-4.74729883959E-18));
#4048 = ( GEOMETRIC_REPRESENTATION_CONTEXT(2) 
PARAMETRIC_REPRESENTATION_CONTEXT() REPRESENTATION_CONTEXT('2D SPACE',''
  ) );
#4049 = ORIENTED_EDGE('',*,*,#4000,.T.);
#4050 = ORIENTED_EDGE('',*,*,#4051,.F.);
#4051 = EDGE_CURVE('',#4052,#3970,#4054,.T.);
#4052 = VERTEX_POINT('',#4053);
#4053 = CARTESIAN_POINT('',(51.610676478776,7.821641349688,1.5));
#4054 = SURFACE_CURVE('',#4055,(#4060,#4067),.PCURVE_S1.);
#4055 = CIRCLE('',#4056,52.2);
#4056 = AXIS2_PLACEMENT_3D('',#4057,#4058,#4059);
#4057 = CARTESIAN_POINT('',(0.,0.,1.5));
#4058 = DIRECTION('',(0.,-0.,1.));
#4059 = DIRECTION('',(0.984807753012,0.173648177667,0.));
#4060 = PCURVE('',#2113,#4061);
#4061 = DEFINITIONAL_REPRESENTATION('',(#4062),#4066);
#4062 = LINE('',#4063,#4064);
#4063 = CARTESIAN_POINT('',(0.,9.6));
#4064 = VECTOR('',#4065,1.);
#4065 = DIRECTION('',(1.,0.));
#4066 = ( GEOMETRIC_REPRESENTATION_CONTEXT(2) 
PARAMETRIC_REPRESENTATION_CONTEXT() REPRESENTATION_CONTEXT('2D SPACE',''
  ) );
#4067 = PCURVE('',#3988,#4068);
#4068 = DEFINITIONAL_REPRESENTATION('',(#4069),#4073);
#4069 = CIRCLE('',#4070,52.2);
#4070 = AXIS2_PLACEMENT_2D('',#4071,#4072);
#4071 = CARTESIAN_POINT('',(-52.05769658614,-5.24193441027));
#4072 = DIRECTION('',(0.984807753012,0.173648177667));
#4073 = ( GEOMETRIC_REPRESENTATION_CONTEXT(2) 
PARAMETRIC_REPRESENTATION_CONTEXT() REPRESENTATION_CONTEXT('2D SPACE',''
  ) );
#4074 = ORIENTED_EDGE('',*,*,#4075,.F.);
#4075 = EDGE_CURVE('',#4076,#4052,#4078,.T.);
#4076 = VERTEX_POINT('',#4077);
#4077 = CARTESIAN_POINT('',(51.842882372332,6.095535032178,1.5));
#4078 = SURFACE_CURVE('',#4079,(#4084,#4091),.PCURVE_S1.);
#4079 = CIRCLE('',#4080,52.2);
#4080 = AXIS2_PLACEMENT_3D('',#4081,#4082,#4083);
#4081 = CARTESIAN_POINT('',(0.,0.,1.5));
#4082 = DIRECTION('',(0.,-0.,1.));
#4083 = DIRECTION('',(0.984807753012,0.173648177667,0.));
#4084 = PCURVE('',#2113,#4085);
#4085 = DEFINITIONAL_REPRESENTATION('',(#4086),#4090);
#4086 = LINE('',#4087,#4088);
#4087 = CARTESIAN_POINT('',(0.,9.6));
#4088 = VECTOR('',#4089,1.);
#4089 = DIRECTION('',(1.,0.));
#4090 = ( GEOMETRIC_REPRESENTATION_CONTEXT(2) 
PARAMETRIC_REPRESENTATION_CONTEXT() REPRESENTATION_CONTEXT('2D SPACE',''
  ) );
#4091 = PCURVE('',#4092,#4097);
#4092 = PLANE('',#4093);
#4093 = AXIS2_PLACEMENT_3D('',#4094,#4095,#4096);
#4094 = CARTESIAN_POINT('',(52.057696586142,5.24193441027,1.5));
#4095 = DIRECTION('',(0.,0.,1.));
#4096 = DIRECTION('',(1.,5.168968399631E-18,0.));
#4097 = DEFINITIONAL_REPRESENTATION('',(#4098),#4102);
#4098 = CIRCLE('',#4099,52.2);
#4099 = AXIS2_PLACEMENT_2D('',#4100,#4101);
#4100 = CARTESIAN_POINT('',(-52.05769658614,-5.24193441027));
#4101 = DIRECTION('',(0.984807753012,0.173648177667));
#4102 = ( GEOMETRIC_REPRESENTATION_CONTEXT(2) 
PARAMETRIC_REPRESENTATION_CONTEXT() REPRESENTATION_CONTEXT('2D SPACE',''
  ) );
#4103 = ORIENTED_EDGE('',*,*,#4104,.F.);
#4104 = EDGE_CURVE('',#4105,#4076,#4107,.T.);
#4105 = VERTEX_POINT('',#4106);
#4106 = CARTESIAN_POINT('',(52.017375423933,4.362643006893,1.5));
#4107 = SURFACE_CURVE('',#4108,(#4113,#4120),.PCURVE_S1.);
#4108 = CIRCLE('',#4109,52.2);
#4109 = AXIS2_PLACEMENT_3D('',#4110,#4111,#4112);
#4110 = CARTESIAN_POINT('',(0.,0.,1.5));
#4111 = DIRECTION('',(0.,-0.,1.));
#4112 = DIRECTION('',(0.984807753012,0.173648177667,0.));
#4113 = PCURVE('',#2113,#4114);
#4114 = DEFINITIONAL_REPRESENTATION('',(#4115),#4119);
#4115 = LINE('',#4116,#4117);
#4116 = CARTESIAN_POINT('',(0.,9.6));
#4117 = VECTOR('',#4118,1.);
#4118 = DIRECTION('',(1.,0.));
#4119 = ( GEOMETRIC_REPRESENTATION_CONTEXT(2) 
PARAMETRIC_REPRESENTATION_CONTEXT() REPRESENTATION_CONTEXT('2D SPACE',''
  ) );
#4120 = PCURVE('',#4121,#4126);
#4121 = PLANE('',#4122);
#4122 = AXIS2_PLACEMENT_3D('',#4123,#4124,#4125);
#4123 = CARTESIAN_POINT('',(52.057696586142,5.24193441027,1.5));
#4124 = DIRECTION('',(0.,0.,1.));
#4125 = DIRECTION('',(1.,5.168968399631E-18,0.));
#4126 = DEFINITIONAL_REPRESENTATION('',(#4127),#4131);
#4127 = CIRCLE('',#4128,52.2);
#4128 = AXIS2_PLACEMENT_2D('',#4129,#4130);
#4129 = CARTESIAN_POINT('',(-52.05769658614,-5.24193441027));
#4130 = DIRECTION('',(0.984807753012,0.173648177667));
#4131 = ( GEOMETRIC_REPRESENTATION_CONTEXT(2) 
PARAMETRIC_REPRESENTATION_CONTEXT() REPRESENTATION_CONTEXT('2D SPACE',''
  ) );
#4132 = ORIENTED_EDGE('',*,*,#4133,.F.);
#4133 = EDGE_CURVE('',#4134,#4105,#4136,.T.);
#4134 = VERTEX_POINT('',#4135);
#4135 = CARTESIAN_POINT('',(52.133961383385,2.624894374204,1.5));
#4136 = SURFACE_CURVE('',#4137,(#4142,#4149),.PCURVE_S1.);
#4137 = CIRCLE('',#4138,52.2);
#4138 = AXIS2_PLACEMENT_3D('',#4139,#4140,#4141);
#4139 = CARTESIAN_POINT('',(0.,0.,1.5));
#4140 = DIRECTION('',(0.,-0.,1.));
#4141 = DIRECTION('',(0.984807753012,0.173648177667,0.));
#4142 = PCURVE('',#2113,#4143);
#4143 = DEFINITIONAL_REPRESENTATION('',(#4144),#4148);
#4144 = LINE('',#4145,#4146);
#4145 = CARTESIAN_POINT('',(0.,9.6));
#4146 = VECTOR('',#4147,1.);
#4147 = DIRECTION('',(1.,0.));
#4148 = ( GEOMETRIC_REPRESENTATION_CONTEXT(2) 
PARAMETRIC_REPRESENTATION_CONTEXT() REPRESENTATION_CONTEXT('2D SPACE',''
  ) );
#4149 = PCURVE('',#4150,#4155);
#4150 = PLANE('',#4151);
#4151 = AXIS2_PLACEMENT_3D('',#4152,#4153,#4154);
#4152 = CARTESIAN_POINT('',(52.057696586142,5.24193441027,1.5));
#4153 = DIRECTION('',(0.,0.,1.));
#4154 = DIRECTION('',(1.,5.168968399631E-18,0.));
#4155 = DEFINITIONAL_REPRESENTATION('',(#4156),#4160);
#4156 = CIRCLE('',#4157,52.2);
#4157 = AXIS2_PLACEMENT_2D('',#4158,#4159);
#4158 = CARTESIAN_POINT('',(-52.05769658614,-5.24193441027));
#4159 = DIRECTION('',(0.984807753012,0.173648177667));
#4160 = ( GEOMETRIC_REPRESENTATION_CONTEXT(2) 
PARAMETRIC_REPRESENTATION_CONTEXT() REPRESENTATION_CONTEXT('2D SPACE',''
  ) );
#4161 = ORIENTED_EDGE('',*,*,#4162,.F.);
#4162 = EDGE_CURVE('',#4163,#4134,#4165,.T.);
#4163 = VERTEX_POINT('',#4164);
#4164 = CARTESIAN_POINT('',(52.192510464172,0.884223640984,1.5));
#4165 = SURFACE_CURVE('',#4166,(#4171,#4178),.PCURVE_S1.);
#4166 = CIRCLE('',#4167,52.2);
#4167 = AXIS2_PLACEMENT_3D('',#4168,#4169,#4170);
#4168 = CARTESIAN_POINT('',(0.,0.,1.5));
#4169 = DIRECTION('',(0.,-0.,1.));
#4170 = DIRECTION('',(0.984807753012,0.173648177667,0.));
#4171 = PCURVE('',#2113,#4172);
#4172 = DEFINITIONAL_REPRESENTATION('',(#4173),#4177);
#4173 = LINE('',#4174,#4175);
#4174 = CARTESIAN_POINT('',(0.,9.6));
#4175 = VECTOR('',#4176,1.);
#4176 = DIRECTION('',(1.,0.));
#4177 = ( GEOMETRIC_REPRESENTATION_CONTEXT(2) 
PARAMETRIC_REPRESENTATION_CONTEXT() REPRESENTATION_CONTEXT('2D SPACE',''
  ) );
#4178 = PCURVE('',#4179,#4184);
#4179 = PLANE('',#4180);
#4180 = AXIS2_PLACEMENT_3D('',#4181,#4182,#4183);
#4181 = CARTESIAN_POINT('',(52.057696586142,5.24193441027,1.5));
#4182 = DIRECTION('',(0.,0.,1.));
#4183 = DIRECTION('',(1.,5.168968399631E-18,0.));
#4184 = DEFINITIONAL_REPRESENTATION('',(#4185),#4189);
#4185 = CIRCLE('',#4186,52.2);
#4186 = AXIS2_PLACEMENT_2D('',#4187,#4188);
#4187 = CARTESIAN_POINT('',(-52.05769658614,-5.24193441027));
#4188 = DIRECTION('',(0.984807753012,0.173648177667));
#4189 = ( GEOMETRIC_REPRESENTATION_CONTEXT(2) 
PARAMETRIC_REPRESENTATION_CONTEXT() REPRESENTATION_CONTEXT('2D SPACE',''
  ) );
#4190 = ORIENTED_EDGE('',*,*,#4191,.F.);
#4191 = EDGE_CURVE('',#4192,#4163,#4194,.T.);
#4192 = VERTEX_POINT('',#4193);
#4193 = CARTESIAN_POINT('',(52.192957487939,-0.857431432939,1.5));
#4194 = SURFACE_CURVE('',#4195,(#4200,#4207),.PCURVE_S1.);
#4195 = CIRCLE('',#4196,52.2);
#4196 = AXIS2_PLACEMENT_3D('',#4197,#4198,#4199);
#4197 = CARTESIAN_POINT('',(0.,0.,1.5));
#4198 = DIRECTION('',(0.,-0.,1.));
#4199 = DIRECTION('',(0.984807753012,0.173648177667,0.));
#4200 = PCURVE('',#2113,#4201);
#4201 = DEFINITIONAL_REPRESENTATION('',(#4202),#4206);
#4202 = LINE('',#4203,#4204);
#4203 = CARTESIAN_POINT('',(0.,9.6));
#4204 = VECTOR('',#4205,1.);
#4205 = DIRECTION('',(1.,0.));
#4206 = ( GEOMETRIC_REPRESENTATION_CONTEXT(2) 
PARAMETRIC_REPRESENTATION_CONTEXT() REPRESENTATION_CONTEXT('2D SPACE',''
  ) );
#4207 = PCURVE('',#4208,#4213);
#4208 = PLANE('',#4209);
#4209 = AXIS2_PLACEMENT_3D('',#4210,#4211,#4212);
#4210 = CARTESIAN_POINT('',(52.057696586142,5.24193441027,1.5));
#4211 = DIRECTION('',(0.,0.,1.));
#4212 = DIRECTION('',(1.,5.168968399631E-18,0.));
#4213 = DEFINITIONAL_REPRESENTATION('',(#4214),#4218);
#4214 = CIRCLE('',#4215,52.2);
#4215 = AXIS2_PLACEMENT_2D('',#4216,#4217);
#4216 = CARTESIAN_POINT('',(-52.05769658614,-5.24193441027));
#4217 = DIRECTION('',(0.984807753012,0.173648177667));
#4218 = ( GEOMETRIC_REPRESENTATION_CONTEXT(2) 
PARAMETRIC_REPRESENTATION_CONTEXT() REPRESENTATION_CONTEXT('2D SPACE',''
  ) );
#4219 = ORIENTED_EDGE('',*,*,#4220,.F.);
#4220 = EDGE_CURVE('',#4221,#4192,#4223,.T.);
#4221 = VERTEX_POINT('',#4222);
#4222 = CARTESIAN_POINT('',(52.135301957047,-2.598131991941,1.5));
#4223 = SURFACE_CURVE('',#4224,(#4229,#4236),.PCURVE_S1.);
#4224 = CIRCLE('',#4225,52.2);
#4225 = AXIS2_PLACEMENT_3D('',#4226,#4227,#4228);
#4226 = CARTESIAN_POINT('',(0.,0.,1.5));
#4227 = DIRECTION('',(0.,-0.,1.));
#4228 = DIRECTION('',(0.984807753012,0.173648177667,0.));
#4229 = PCURVE('',#2113,#4230);
#4230 = DEFINITIONAL_REPRESENTATION('',(#4231),#4235);
#4231 = LINE('',#4232,#4233);
#4232 = CARTESIAN_POINT('',(0.,9.6));
#4233 = VECTOR('',#4234,1.);
#4234 = DIRECTION('',(1.,0.));
#4235 = ( GEOMETRIC_REPRESENTATION_CONTEXT(2) 
PARAMETRIC_REPRESENTATION_CONTEXT() REPRESENTATION_CONTEXT('2D SPACE',''
  ) );
#4236 = PCURVE('',#4237,#4242);
#4237 = PLANE('',#4238);
#4238 = AXIS2_PLACEMENT_3D('',#4239,#4240,#4241);
#4239 = CARTESIAN_POINT('',(52.057696586142,5.24193441027,1.5));
#4240 = DIRECTION('',(0.,0.,1.));
#4241 = DIRECTION('',(1.,5.168968399631E-18,0.));
#4242 = DEFINITIONAL_REPRESENTATION('',(#4243),#4247);
#4243 = CIRCLE('',#4244,52.2);
#4244 = AXIS2_PLACEMENT_2D('',#4245,#4246);
#4245 = CARTESIAN_POINT('',(-52.05769658614,-5.24193441027));
#4246 = DIRECTION('',(0.984807753012,0.173648177667));
#4247 = ( GEOMETRIC_REPRESENTATION_CONTEXT(2) 
PARAMETRIC_REPRESENTATION_CONTEXT() REPRESENTATION_CONTEXT('2D SPACE',''
  ) );
#4248 = ORIENTED_EDGE('',*,*,#4249,.F.);
#4249 = EDGE_CURVE('',#4250,#4221,#4252,.T.);
#4250 = VERTEX_POINT('',#4251);
#4251 = CARTESIAN_POINT('',(52.019608055129,-4.33594024299,1.5));
#4252 = SURFACE_CURVE('',#4253,(#4258,#4265),.PCURVE_S1.);
#4253 = CIRCLE('',#4254,52.2);
#4254 = AXIS2_PLACEMENT_3D('',#4255,#4256,#4257);
#4255 = CARTESIAN_POINT('',(0.,0.,1.5));
#4256 = DIRECTION('',(0.,-0.,1.));
#4257 = DIRECTION('',(0.984807753012,0.173648177667,0.));
#4258 = PCURVE('',#2113,#4259);
#4259 = DEFINITIONAL_REPRESENTATION('',(#4260),#4264);
#4260 = LINE('',#4261,#4262);
#4261 = CARTESIAN_POINT('',(0.,9.6));
#4262 = VECTOR('',#4263,1.);
#4263 = DIRECTION('',(1.,0.));
#4264 = ( GEOMETRIC_REPRESENTATION_CONTEXT(2) 
PARAMETRIC_REPRESENTATION_CONTEXT() REPRESENTATION_CONTEXT('2D SPACE',''
  ) );
#4265 = PCURVE('',#4266,#4271);
#4266 = PLANE('',#4267);
#4267 = AXIS2_PLACEMENT_3D('',#4268,#4269,#4270);
#4268 = CARTESIAN_POINT('',(52.057696586142,5.24193441027,1.5));
#4269 = DIRECTION('',(0.,0.,1.));
#4270 = DIRECTION('',(1.,5.168968399631E-18,0.));
#4271 = DEFINITIONAL_REPRESENTATION('',(#4272),#4276);
#4272 = CIRCLE('',#4273,52.2);
#4273 = AXIS2_PLACEMENT_2D('',#4274,#4275);
#4274 = CARTESIAN_POINT('',(-52.05769658614,-5.24193441027));
#4275 = DIRECTION('',(0.984807753012,0.173648177667));
#4276 = ( GEOMETRIC_REPRESENTATION_CONTEXT(2) 
PARAMETRIC_REPRESENTATION_CONTEXT() REPRESENTATION_CONTEXT('2D SPACE',''
  ) );
#4277 = ORIENTED_EDGE('',*,*,#4278,.F.);
#4278 = EDGE_CURVE('',#4279,#4250,#4281,.T.);
#4279 = VERTEX_POINT('',#4280);
#4280 = CARTESIAN_POINT('',(51.846004575639,-6.068921612844,1.5));
#4281 = SURFACE_CURVE('',#4282,(#4287,#4294),.PCURVE_S1.);
#4282 = CIRCLE('',#4283,52.2);
#4283 = AXIS2_PLACEMENT_3D('',#4284,#4285,#4286);
#4284 = CARTESIAN_POINT('',(0.,0.,1.5));
#4285 = DIRECTION('',(0.,-0.,1.));
#4286 = DIRECTION('',(0.984807753012,0.173648177667,0.));
#4287 = PCURVE('',#2113,#4288);
#4288 = DEFINITIONAL_REPRESENTATION('',(#4289),#4293);
#4289 = LINE('',#4290,#4291);
#4290 = CARTESIAN_POINT('',(0.,9.6));
#4291 = VECTOR('',#4292,1.);
#4292 = DIRECTION('',(1.,0.));
#4293 = ( GEOMETRIC_REPRESENTATION_CONTEXT(2) 
PARAMETRIC_REPRESENTATION_CONTEXT() REPRESENTATION_CONTEXT('2D SPACE',''
  ) );
#4294 = PCURVE('',#4295,#4300);
#4295 = PLANE('',#4296);
#4296 = AXIS2_PLACEMENT_3D('',#4297,#4298,#4299);
#4297 = CARTESIAN_POINT('',(52.057696586142,5.24193441027,1.5));
#4298 = DIRECTION('',(0.,0.,1.));
#4299 = DIRECTION('',(1.,5.168968399631E-18,0.));
#4300 = DEFINITIONAL_REPRESENTATION('',(#4301),#4305);
#4301 = CIRCLE('',#4302,52.2);
#4302 = AXIS2_PLACEMENT_2D('',#4303,#4304);
#4303 = CARTESIAN_POINT('',(-52.05769658614,-5.24193441027));
#4304 = DIRECTION('',(0.984807753012,0.173648177667));
#4305 = ( GEOMETRIC_REPRESENTATION_CONTEXT(2) 
PARAMETRIC_REPRESENTATION_CONTEXT() REPRESENTATION_CONTEXT('2D SPACE',''
  ) );
#4306 = ORIENTED_EDGE('',*,*,#4307,.F.);
#4307 = EDGE_CURVE('',#4308,#4279,#4310,.T.);
#4308 = VERTEX_POINT('',#4309);
#4309 = CARTESIAN_POINT('',(51.614684778475,-7.795146901673,1.5));
#4310 = SURFACE_CURVE('',#4311,(#4316,#4323),.PCURVE_S1.);
#4311 = CIRCLE('',#4312,52.2);
#4312 = AXIS2_PLACEMENT_3D('',#4313,#4314,#4315);
#4313 = CARTESIAN_POINT('',(0.,0.,1.5));
#4314 = DIRECTION('',(0.,-0.,1.));
#4315 = DIRECTION('',(0.984807753012,0.173648177667,0.));
#4316 = PCURVE('',#2113,#4317);
#4317 = DEFINITIONAL_REPRESENTATION('',(#4318),#4322);
#4318 = LINE('',#4319,#4320);
#4319 = CARTESIAN_POINT('',(0.,9.6));
#4320 = VECTOR('',#4321,1.);
#4321 = DIRECTION('',(1.,0.));
#4322 = ( GEOMETRIC_REPRESENTATION_CONTEXT(2) 
PARAMETRIC_REPRESENTATION_CONTEXT() REPRESENTATION_CONTEXT('2D SPACE',''
  ) );
#4323 = PCURVE('',#4324,#4329);
#4324 = PLANE('',#4325);
#4325 = AXIS2_PLACEMENT_3D('',#4326,#4327,#4328);
#4326 = CARTESIAN_POINT('',(52.057696586142,5.24193441027,1.5));
#4327 = DIRECTION('',(0.,0.,1.));
#4328 = DIRECTION('',(1.,5.168968399631E-18,0.));
#4329 = DEFINITIONAL_REPRESENTATION('',(#4330),#4334);
#4330 = CIRCLE('',#4331,52.2);
#4331 = AXIS2_PLACEMENT_2D('',#4332,#4333);
#4332 = CARTESIAN_POINT('',(-52.05769658614,-5.24193441027));
#4333 = DIRECTION('',(0.984807753012,0.173648177667));
#4334 = ( GEOMETRIC_REPRESENTATION_CONTEXT(2) 
PARAMETRIC_REPRESENTATION_CONTEXT() REPRESENTATION_CONTEXT('2D SPACE',''
  ) );
#4335 = ORIENTED_EDGE('',*,*,#4336,.F.);
#4336 = EDGE_CURVE('',#4337,#4308,#4339,.T.);
#4337 = VERTEX_POINT('',#4338);
#4338 = CARTESIAN_POINT('',(51.325906174838,-9.51269443069,1.5));
#4339 = SURFACE_CURVE('',#4340,(#4345,#4352),.PCURVE_S1.);
#4340 = CIRCLE('',#4341,52.2);
#4341 = AXIS2_PLACEMENT_3D('',#4342,#4343,#4344);
#4342 = CARTESIAN_POINT('',(0.,0.,1.5));
#4343 = DIRECTION('',(0.,-0.,1.));
#4344 = DIRECTION('',(0.984807753012,0.173648177667,0.));
#4345 = PCURVE('',#2113,#4346);
#4346 = DEFINITIONAL_REPRESENTATION('',(#4347),#4351);
#4347 = LINE('',#4348,#4349);
#4348 = CARTESIAN_POINT('',(0.,9.6));
#4349 = VECTOR('',#4350,1.);
#4350 = DIRECTION('',(1.,0.));
#4351 = ( GEOMETRIC_REPRESENTATION_CONTEXT(2) 
PARAMETRIC_REPRESENTATION_CONTEXT() REPRESENTATION_CONTEXT('2D SPACE',''
  ) );
#4352 = PCURVE('',#4353,#4358);
#4353 = PLANE('',#4354);
#4354 = AXIS2_PLACEMENT_3D('',#4355,#4356,#4357);
#4355 = CARTESIAN_POINT('',(52.057696586142,5.24193441027,1.5));
#4356 = DIRECTION('',(0.,0.,1.));
#4357 = DIRECTION('',(1.,5.168968399631E-18,0.));
#4358 = DEFINITIONAL_REPRESENTATION('',(#4359),#4363);
#4359 = CIRCLE('',#4360,52.2);
#4360 = AXIS2_PLACEMENT_2D('',#4361,#4362);
#4361 = CARTESIAN_POINT('',(-52.05769658614,-5.24193441027));
#4362 = DIRECTION('',(0.984807753012,0.173648177667));
#4363 = ( GEOMETRIC_REPRESENTATION_CONTEXT(2) 
PARAMETRIC_REPRESENTATION_CONTEXT() REPRESENTATION_CONTEXT('2D SPACE',''
  ) );
#4364 = ORIENTED_EDGE('',*,*,#4365,.T.);
#4365 = EDGE_CURVE('',#4337,#4366,#4368,.T.);
#4366 = VERTEX_POINT('',#4367);
#4367 = CARTESIAN_POINT('',(51.325906174838,-9.51269443069,4.));
#4368 = SURFACE_CURVE('',#4369,(#4373,#4380),.PCURVE_S1.);
#4369 = LINE('',#4370,#4371);
#4370 = CARTESIAN_POINT('',(51.325906174838,-9.51269443069,1.5));
#4371 = VECTOR('',#4372,1.);
#4372 = DIRECTION('',(0.,0.,1.));
#4373 = PCURVE('',#2113,#4374);
#4374 = DEFINITIONAL_REPRESENTATION('',(#4375),#4379);
#4375 = LINE('',#4376,#4377);
#4376 = CARTESIAN_POINT('',(5.925392810521,9.6));
#4377 = VECTOR('',#4378,1.);
#4378 = DIRECTION('',(0.,1.));
#4379 = ( GEOMETRIC_REPRESENTATION_CONTEXT(2) 
PARAMETRIC_REPRESENTATION_CONTEXT() REPRESENTATION_CONTEXT('2D SPACE',''
  ) );
#4380 = PCURVE('',#4381,#4386);
#4381 = PLANE('',#4382);
#4382 = AXIS2_PLACEMENT_3D('',#4383,#4384,#4385);
#4383 = CARTESIAN_POINT('',(51.614684778475,-7.795146901673,1.5));
#4384 = DIRECTION('',(0.986158222807,-0.165806994995,0.));
#4385 = DIRECTION('',(-0.165806994995,-0.986158222807,0.));
#4386 = DEFINITIONAL_REPRESENTATION('',(#4387),#4391);
#4387 = LINE('',#4388,#4389);
#4388 = CARTESIAN_POINT('',(1.741655131291,-0.));
#4389 = VECTOR('',#4390,1.);
#4390 = DIRECTION('',(0.,-1.));
#4391 = ( GEOMETRIC_REPRESENTATION_CONTEXT(2) 
PARAMETRIC_REPRESENTATION_CONTEXT() REPRESENTATION_CONTEXT('2D SPACE',''
  ) );
#4392 = ORIENTED_EDGE('',*,*,#4393,.T.);
#4393 = EDGE_CURVE('',#4366,#3057,#4394,.T.);
#4394 = SURFACE_CURVE('',#4395,(#4399,#4406),.PCURVE_S1.);
#4395 = LINE('',#4396,#4397);
#4396 = CARTESIAN_POINT('',(51.325906174838,-9.51269443069,1.5));
#4397 = VECTOR('',#4398,1.);
#4398 = DIRECTION('',(0.,0.,1.));
#4399 = PCURVE('',#2113,#4400);
#4400 = DEFINITIONAL_REPRESENTATION('',(#4401),#4405);
#4401 = LINE('',#4402,#4403);
#4402 = CARTESIAN_POINT('',(5.925392810521,9.6));
#4403 = VECTOR('',#4404,1.);
#4404 = DIRECTION('',(0.,1.));
#4405 = ( GEOMETRIC_REPRESENTATION_CONTEXT(2) 
PARAMETRIC_REPRESENTATION_CONTEXT() REPRESENTATION_CONTEXT('2D SPACE',''
  ) );
#4406 = PCURVE('',#4407,#4412);
#4407 = PLANE('',#4408);
#4408 = AXIS2_PLACEMENT_3D('',#4409,#4410,#4411);
#4409 = CARTESIAN_POINT('',(50.637627739544,-9.385129562846,4.));
#4410 = DIRECTION('',(0.182235525492,0.983254907564,0.));
#4411 = DIRECTION('',(0.983254907564,-0.182235525492,0.));
#4412 = DEFINITIONAL_REPRESENTATION('',(#4413),#4417);
#4413 = LINE('',#4414,#4415);
#4414 = CARTESIAN_POINT('',(0.7,2.5));
#4415 = VECTOR('',#4416,1.);
#4416 = DIRECTION('',(0.,-1.));
#4417 = ( GEOMETRIC_REPRESENTATION_CONTEXT(2) 
PARAMETRIC_REPRESENTATION_CONTEXT() REPRESENTATION_CONTEXT('2D SPACE',''
  ) );
#4418 = ORIENTED_EDGE('',*,*,#3079,.F.);
#4419 = ORIENTED_EDGE('',*,*,#4420,.F.);
#4420 = EDGE_CURVE('',#4421,#3080,#4423,.T.);
#4421 = VERTEX_POINT('',#4422);
#4422 = CARTESIAN_POINT('',(-7.264835870115,-51.69199318831,4.));
#4423 = SURFACE_CURVE('',#4424,(#4428,#4435),.PCURVE_S1.);
#4424 = LINE('',#4425,#4426);
#4425 = CARTESIAN_POINT('',(-7.264835870115,-51.69199318831,1.5));
#4426 = VECTOR('',#4427,1.);
#4427 = DIRECTION('',(0.,0.,1.));
#4428 = PCURVE('',#2113,#4429);
#4429 = DEFINITIONAL_REPRESENTATION('',(#4430),#4434);
#4430 = LINE('',#4431,#4432);
#4431 = CARTESIAN_POINT('',(4.398229715026,9.6));
#4432 = VECTOR('',#4433,1.);
#4433 = DIRECTION('',(0.,1.));
#4434 = ( GEOMETRIC_REPRESENTATION_CONTEXT(2) 
PARAMETRIC_REPRESENTATION_CONTEXT() REPRESENTATION_CONTEXT('2D SPACE',''
  ) );
#4435 = PCURVE('',#4436,#4441);
#4436 = PLANE('',#4437);
#4437 = AXIS2_PLACEMENT_3D('',#4438,#4439,#4440);
#4438 = CARTESIAN_POINT('',(-7.264835870115,-51.69199318831,4.));
#4439 = DIRECTION('',(-0.990268068742,0.13917310096,0.));
#4440 = DIRECTION('',(0.13917310096,0.990268068742,0.));
#4441 = DEFINITIONAL_REPRESENTATION('',(#4442),#4446);
#4442 = LINE('',#4443,#4444);
#4443 = CARTESIAN_POINT('',(0.,2.5));
#4444 = VECTOR('',#4445,1.);
#4445 = DIRECTION('',(0.,-1.));
#4446 = ( GEOMETRIC_REPRESENTATION_CONTEXT(2) 
PARAMETRIC_REPRESENTATION_CONTEXT() REPRESENTATION_CONTEXT('2D SPACE',''
  ) );
#4447 = ORIENTED_EDGE('',*,*,#4448,.F.);
#4448 = EDGE_CURVE('',#4449,#4421,#4451,.T.);
#4449 = VERTEX_POINT('',#4450);
#4450 = CARTESIAN_POINT('',(-7.264835870115,-51.69199318831,1.5));
#4451 = SURFACE_CURVE('',#4452,(#4456,#4463),.PCURVE_S1.);
#4452 = LINE('',#4453,#4454);
#4453 = CARTESIAN_POINT('',(-7.264835870115,-51.69199318831,1.5));
#4454 = VECTOR('',#4455,1.);
#4455 = DIRECTION('',(0.,0.,1.));
#4456 = PCURVE('',#2113,#4457);
#4457 = DEFINITIONAL_REPRESENTATION('',(#4458),#4462);
#4458 = LINE('',#4459,#4460);
#4459 = CARTESIAN_POINT('',(4.398229715026,9.6));
#4460 = VECTOR('',#4461,1.);
#4461 = DIRECTION('',(0.,1.));
#4462 = ( GEOMETRIC_REPRESENTATION_CONTEXT(2) 
PARAMETRIC_REPRESENTATION_CONTEXT() REPRESENTATION_CONTEXT('2D SPACE',''
  ) );
#4463 = PCURVE('',#4464,#4469);
#4464 = PLANE('',#4465);
#4465 = AXIS2_PLACEMENT_3D('',#4466,#4467,#4468);
#4466 = CARTESIAN_POINT('',(-7.264835870115,-51.69199318831,1.5));
#4467 = DIRECTION('',(-0.155673900497,-0.987808502041,0.));
#4468 = DIRECTION('',(-0.987808502041,0.155673900497,0.));
#4469 = DEFINITIONAL_REPRESENTATION('',(#4470),#4474);
#4470 = LINE('',#4471,#4472);
#4471 = CARTESIAN_POINT('',(0.,0.));
#4472 = VECTOR('',#4473,1.);
#4473 = DIRECTION('',(0.,-1.));
#4474 = ( GEOMETRIC_REPRESENTATION_CONTEXT(2) 
PARAMETRIC_REPRESENTATION_CONTEXT() REPRESENTATION_CONTEXT('2D SPACE',''
  ) );
#4475 = ORIENTED_EDGE('',*,*,#4476,.F.);
#4476 = EDGE_CURVE('',#4477,#4449,#4479,.T.);
#4477 = VERTEX_POINT('',#4478);
#4478 = CARTESIAN_POINT('',(-8.985257616428,-51.4208629407,1.5));
#4479 = SURFACE_CURVE('',#4480,(#4485,#4492),.PCURVE_S1.);
#4480 = CIRCLE('',#4481,52.2);
#4481 = AXIS2_PLACEMENT_3D('',#4482,#4483,#4484);
#4482 = CARTESIAN_POINT('',(0.,0.,1.5));
#4483 = DIRECTION('',(0.,-0.,1.));
#4484 = DIRECTION('',(0.984807753012,0.173648177667,0.));
#4485 = PCURVE('',#2113,#4486);
#4486 = DEFINITIONAL_REPRESENTATION('',(#4487),#4491);
#4487 = LINE('',#4488,#4489);
#4488 = CARTESIAN_POINT('',(0.,9.6));
#4489 = VECTOR('',#4490,1.);
#4490 = DIRECTION('',(1.,0.));
#4491 = ( GEOMETRIC_REPRESENTATION_CONTEXT(2) 
PARAMETRIC_REPRESENTATION_CONTEXT() REPRESENTATION_CONTEXT('2D SPACE',''
  ) );
#4492 = PCURVE('',#4493,#4498);
#4493 = PLANE('',#4494);
#4494 = AXIS2_PLACEMENT_3D('',#4495,#4496,#4497);
#4495 = CARTESIAN_POINT('',(-21.4891999288,-47.70425491123,1.5));
#4496 = DIRECTION('',(0.,0.,1.));
#4497 = DIRECTION('',(-0.5,-0.866025403784,0.));
#4498 = DEFINITIONAL_REPRESENTATION('',(#4499),#4503);
#4499 = CIRCLE('',#4500,52.2);
#4500 = AXIS2_PLACEMENT_2D('',#4501,#4502);
#4501 = CARTESIAN_POINT('',(-52.05769658614,-5.24193441027));
#4502 = DIRECTION('',(-0.642787609687,0.766044443119));
#4503 = ( GEOMETRIC_REPRESENTATION_CONTEXT(2) 
PARAMETRIC_REPRESENTATION_CONTEXT() REPRESENTATION_CONTEXT('2D SPACE',''
  ) );
#4504 = ORIENTED_EDGE('',*,*,#4505,.F.);
#4505 = EDGE_CURVE('',#4506,#4477,#4508,.T.);
#4506 = VERTEX_POINT('',#4507);
#4507 = CARTESIAN_POINT('',(-10.69567674079,-51.09248965412,1.5));
#4508 = SURFACE_CURVE('',#4509,(#4514,#4521),.PCURVE_S1.);
#4509 = CIRCLE('',#4510,52.2);
#4510 = AXIS2_PLACEMENT_3D('',#4511,#4512,#4513);
#4511 = CARTESIAN_POINT('',(0.,0.,1.5));
#4512 = DIRECTION('',(0.,-0.,1.));
#4513 = DIRECTION('',(0.984807753012,0.173648177667,0.));
#4514 = PCURVE('',#2113,#4515);
#4515 = DEFINITIONAL_REPRESENTATION('',(#4516),#4520);
#4516 = LINE('',#4517,#4518);
#4517 = CARTESIAN_POINT('',(0.,9.6));
#4518 = VECTOR('',#4519,1.);
#4519 = DIRECTION('',(1.,0.));
#4520 = ( GEOMETRIC_REPRESENTATION_CONTEXT(2) 
PARAMETRIC_REPRESENTATION_CONTEXT() REPRESENTATION_CONTEXT('2D SPACE',''
  ) );
#4521 = PCURVE('',#4522,#4527);
#4522 = PLANE('',#4523);
#4523 = AXIS2_PLACEMENT_3D('',#4524,#4525,#4526);
#4524 = CARTESIAN_POINT('',(-21.4891999288,-47.70425491123,1.5));
#4525 = DIRECTION('',(0.,0.,1.));
#4526 = DIRECTION('',(-0.5,-0.866025403784,0.));
#4527 = DEFINITIONAL_REPRESENTATION('',(#4528),#4532);
#4528 = CIRCLE('',#4529,52.2);
#4529 = AXIS2_PLACEMENT_2D('',#4530,#4531);
#4530 = CARTESIAN_POINT('',(-52.05769658614,-5.24193441027));
#4531 = DIRECTION('',(-0.642787609687,0.766044443119));
#4532 = ( GEOMETRIC_REPRESENTATION_CONTEXT(2) 
PARAMETRIC_REPRESENTATION_CONTEXT() REPRESENTATION_CONTEXT('2D SPACE',''
  ) );
#4533 = ORIENTED_EDGE('',*,*,#4534,.F.);
#4534 = EDGE_CURVE('',#4535,#4506,#4537,.T.);
#4535 = VERTEX_POINT('',#4536);
#4536 = CARTESIAN_POINT('',(-12.39418916027,-50.70723888222,1.5));
#4537 = SURFACE_CURVE('',#4538,(#4543,#4550),.PCURVE_S1.);
#4538 = CIRCLE('',#4539,52.2);
#4539 = AXIS2_PLACEMENT_3D('',#4540,#4541,#4542);
#4540 = CARTESIAN_POINT('',(0.,0.,1.5));
#4541 = DIRECTION('',(0.,-0.,1.));
#4542 = DIRECTION('',(0.984807753012,0.173648177667,0.));
#4543 = PCURVE('',#2113,#4544);
#4544 = DEFINITIONAL_REPRESENTATION('',(#4545),#4549);
#4545 = LINE('',#4546,#4547);
#4546 = CARTESIAN_POINT('',(0.,9.6));
#4547 = VECTOR('',#4548,1.);
#4548 = DIRECTION('',(1.,0.));
#4549 = ( GEOMETRIC_REPRESENTATION_CONTEXT(2) 
PARAMETRIC_REPRESENTATION_CONTEXT() REPRESENTATION_CONTEXT('2D SPACE',''
  ) );
#4550 = PCURVE('',#4551,#4556);
#4551 = PLANE('',#4552);
#4552 = AXIS2_PLACEMENT_3D('',#4553,#4554,#4555);
#4553 = CARTESIAN_POINT('',(-21.4891999288,-47.70425491123,1.5));
#4554 = DIRECTION('',(0.,0.,1.));
#4555 = DIRECTION('',(-0.5,-0.866025403784,0.));
#4556 = DEFINITIONAL_REPRESENTATION('',(#4557),#4561);
#4557 = CIRCLE('',#4558,52.2);
#4558 = AXIS2_PLACEMENT_2D('',#4559,#4560);
#4559 = CARTESIAN_POINT('',(-52.05769658614,-5.24193441027));
#4560 = DIRECTION('',(-0.642787609687,0.766044443119));
#4561 = ( GEOMETRIC_REPRESENTATION_CONTEXT(2) 
PARAMETRIC_REPRESENTATION_CONTEXT() REPRESENTATION_CONTEXT('2D SPACE',''
  ) );
#4562 = ORIENTED_EDGE('',*,*,#4563,.F.);
#4563 = EDGE_CURVE('',#4564,#4535,#4566,.T.);
#4564 = VERTEX_POINT('',#4565);
#4565 = CARTESIAN_POINT('',(-14.07890404675,-50.26553949618,1.5));
#4566 = SURFACE_CURVE('',#4567,(#4572,#4579),.PCURVE_S1.);
#4567 = CIRCLE('',#4568,52.2);
#4568 = AXIS2_PLACEMENT_3D('',#4569,#4570,#4571);
#4569 = CARTESIAN_POINT('',(0.,0.,1.5));
#4570 = DIRECTION('',(0.,-0.,1.));
#4571 = DIRECTION('',(0.984807753012,0.173648177667,0.));
#4572 = PCURVE('',#2113,#4573);
#4573 = DEFINITIONAL_REPRESENTATION('',(#4574),#4578);
#4574 = LINE('',#4575,#4576);
#4575 = CARTESIAN_POINT('',(0.,9.6));
#4576 = VECTOR('',#4577,1.);
#4577 = DIRECTION('',(1.,0.));
#4578 = ( GEOMETRIC_REPRESENTATION_CONTEXT(2) 
PARAMETRIC_REPRESENTATION_CONTEXT() REPRESENTATION_CONTEXT('2D SPACE',''
  ) );
#4579 = PCURVE('',#4580,#4585);
#4580 = PLANE('',#4581);
#4581 = AXIS2_PLACEMENT_3D('',#4582,#4583,#4584);
#4582 = CARTESIAN_POINT('',(-21.4891999288,-47.70425491123,1.5));
#4583 = DIRECTION('',(0.,0.,1.));
#4584 = DIRECTION('',(-0.5,-0.866025403784,0.));
#4585 = DEFINITIONAL_REPRESENTATION('',(#4586),#4590);
#4586 = CIRCLE('',#4587,52.2);
#4587 = AXIS2_PLACEMENT_2D('',#4588,#4589);
#4588 = CARTESIAN_POINT('',(-52.05769658614,-5.24193441027));
#4589 = DIRECTION('',(-0.642787609687,0.766044443119));
#4590 = ( GEOMETRIC_REPRESENTATION_CONTEXT(2) 
PARAMETRIC_REPRESENTATION_CONTEXT() REPRESENTATION_CONTEXT('2D SPACE',''
  ) );
#4591 = ORIENTED_EDGE('',*,*,#4592,.F.);
#4592 = EDGE_CURVE('',#4593,#4564,#4595,.T.);
#4593 = VERTEX_POINT('',#4594);
#4594 = CARTESIAN_POINT('',(-15.7479459319,-49.7678832072,1.5));
#4595 = SURFACE_CURVE('',#4596,(#4601,#4608),.PCURVE_S1.);
#4596 = CIRCLE('',#4597,52.2);
#4597 = AXIS2_PLACEMENT_3D('',#4598,#4599,#4600);
#4598 = CARTESIAN_POINT('',(0.,0.,1.5));
#4599 = DIRECTION('',(0.,-0.,1.));
#4600 = DIRECTION('',(0.984807753012,0.173648177667,0.));
#4601 = PCURVE('',#2113,#4602);
#4602 = DEFINITIONAL_REPRESENTATION('',(#4603),#4607);
#4603 = LINE('',#4604,#4605);
#4604 = CARTESIAN_POINT('',(0.,9.6));
#4605 = VECTOR('',#4606,1.);
#4606 = DIRECTION('',(1.,0.));
#4607 = ( GEOMETRIC_REPRESENTATION_CONTEXT(2) 
PARAMETRIC_REPRESENTATION_CONTEXT() REPRESENTATION_CONTEXT('2D SPACE',''
  ) );
#4608 = PCURVE('',#4609,#4614);
#4609 = PLANE('',#4610);
#4610 = AXIS2_PLACEMENT_3D('',#4611,#4612,#4613);
#4611 = CARTESIAN_POINT('',(-21.4891999288,-47.70425491123,1.5));
#4612 = DIRECTION('',(0.,0.,1.));
#4613 = DIRECTION('',(-0.5,-0.866025403784,0.));
#4614 = DEFINITIONAL_REPRESENTATION('',(#4615),#4619);
#4615 = CIRCLE('',#4616,52.2);
#4616 = AXIS2_PLACEMENT_2D('',#4617,#4618);
#4617 = CARTESIAN_POINT('',(-52.05769658614,-5.24193441027));
#4618 = DIRECTION('',(-0.642787609687,0.766044443119));
#4619 = ( GEOMETRIC_REPRESENTATION_CONTEXT(2) 
PARAMETRIC_REPRESENTATION_CONTEXT() REPRESENTATION_CONTEXT('2D SPACE',''
  ) );
#4620 = ORIENTED_EDGE('',*,*,#4621,.F.);
#4621 = EDGE_CURVE('',#4622,#4593,#4624,.T.);
#4622 = VERTEX_POINT('',#4623);
#4623 = CARTESIAN_POINT('',(-17.39945679499,-49.21482401918,1.5));
#4624 = SURFACE_CURVE('',#4625,(#4630,#4637),.PCURVE_S1.);
#4625 = CIRCLE('',#4626,52.2);
#4626 = AXIS2_PLACEMENT_3D('',#4627,#4628,#4629);
#4627 = CARTESIAN_POINT('',(0.,0.,1.5));
#4628 = DIRECTION('',(0.,-0.,1.));
#4629 = DIRECTION('',(0.984807753012,0.173648177667,0.));
#4630 = PCURVE('',#2113,#4631);
#4631 = DEFINITIONAL_REPRESENTATION('',(#4632),#4636);
#4632 = LINE('',#4633,#4634);
#4633 = CARTESIAN_POINT('',(0.,9.6));
#4634 = VECTOR('',#4635,1.);
#4635 = DIRECTION('',(1.,0.));
#4636 = ( GEOMETRIC_REPRESENTATION_CONTEXT(2) 
PARAMETRIC_REPRESENTATION_CONTEXT() REPRESENTATION_CONTEXT('2D SPACE',''
  ) );
#4637 = PCURVE('',#4638,#4643);
#4638 = PLANE('',#4639);
#4639 = AXIS2_PLACEMENT_3D('',#4640,#4641,#4642);
#4640 = CARTESIAN_POINT('',(-21.4891999288,-47.70425491123,1.5));
#4641 = DIRECTION('',(0.,0.,1.));
#4642 = DIRECTION('',(-0.5,-0.866025403784,0.));
#4643 = DEFINITIONAL_REPRESENTATION('',(#4644),#4648);
#4644 = CIRCLE('',#4645,52.2);
#4645 = AXIS2_PLACEMENT_2D('',#4646,#4647);
#4646 = CARTESIAN_POINT('',(-52.05769658614,-5.24193441027));
#4647 = DIRECTION('',(-0.642787609687,0.766044443119));
#4648 = ( GEOMETRIC_REPRESENTATION_CONTEXT(2) 
PARAMETRIC_REPRESENTATION_CONTEXT() REPRESENTATION_CONTEXT('2D SPACE',''
  ) );
#4649 = ORIENTED_EDGE('',*,*,#4650,.F.);
#4650 = EDGE_CURVE('',#4651,#4622,#4653,.T.);
#4651 = VERTEX_POINT('',#4652);
#4652 = CARTESIAN_POINT('',(-19.03159813126,-48.60697761196,1.5));
#4653 = SURFACE_CURVE('',#4654,(#4659,#4666),.PCURVE_S1.);
#4654 = CIRCLE('',#4655,52.2);
#4655 = AXIS2_PLACEMENT_3D('',#4656,#4657,#4658);
#4656 = CARTESIAN_POINT('',(0.,0.,1.5));
#4657 = DIRECTION('',(0.,-0.,1.));
#4658 = DIRECTION('',(0.984807753012,0.173648177667,0.));
#4659 = PCURVE('',#2113,#4660);
#4660 = DEFINITIONAL_REPRESENTATION('',(#4661),#4665);
#4661 = LINE('',#4662,#4663);
#4662 = CARTESIAN_POINT('',(0.,9.6));
#4663 = VECTOR('',#4664,1.);
#4664 = DIRECTION('',(1.,0.));
#4665 = ( GEOMETRIC_REPRESENTATION_CONTEXT(2) 
PARAMETRIC_REPRESENTATION_CONTEXT() REPRESENTATION_CONTEXT('2D SPACE',''
  ) );
#4666 = PCURVE('',#4667,#4672);
#4667 = PLANE('',#4668);
#4668 = AXIS2_PLACEMENT_3D('',#4669,#4670,#4671);
#4669 = CARTESIAN_POINT('',(-21.4891999288,-47.70425491123,1.5));
#4670 = DIRECTION('',(0.,0.,1.));
#4671 = DIRECTION('',(-0.5,-0.866025403784,0.));
#4672 = DEFINITIONAL_REPRESENTATION('',(#4673),#4677);
#4673 = CIRCLE('',#4674,52.2);
#4674 = AXIS2_PLACEMENT_2D('',#4675,#4676);
#4675 = CARTESIAN_POINT('',(-52.05769658614,-5.24193441027));
#4676 = DIRECTION('',(-0.642787609687,0.766044443119));
#4677 = ( GEOMETRIC_REPRESENTATION_CONTEXT(2) 
PARAMETRIC_REPRESENTATION_CONTEXT() REPRESENTATION_CONTEXT('2D SPACE',''
  ) );
#4678 = ORIENTED_EDGE('',*,*,#4679,.F.);
#4679 = EDGE_CURVE('',#4680,#4651,#4682,.T.);
#4680 = VERTEX_POINT('',#4681);
#4681 = CARTESIAN_POINT('',(-20.64255299864,-47.94502065593,1.5));
#4682 = SURFACE_CURVE('',#4683,(#4688,#4695),.PCURVE_S1.);
#4683 = CIRCLE('',#4684,52.2);
#4684 = AXIS2_PLACEMENT_3D('',#4685,#4686,#4687);
#4685 = CARTESIAN_POINT('',(0.,0.,1.5));
#4686 = DIRECTION('',(0.,-0.,1.));
#4687 = DIRECTION('',(0.984807753012,0.173648177667,0.));
#4688 = PCURVE('',#2113,#4689);
#4689 = DEFINITIONAL_REPRESENTATION('',(#4690),#4694);
#4690 = LINE('',#4691,#4692);
#4691 = CARTESIAN_POINT('',(0.,9.6));
#4692 = VECTOR('',#4693,1.);
#4693 = DIRECTION('',(1.,0.));
#4694 = ( GEOMETRIC_REPRESENTATION_CONTEXT(2) 
PARAMETRIC_REPRESENTATION_CONTEXT() REPRESENTATION_CONTEXT('2D SPACE',''
  ) );
#4695 = PCURVE('',#4696,#4701);
#4696 = PLANE('',#4697);
#4697 = AXIS2_PLACEMENT_3D('',#4698,#4699,#4700);
#4698 = CARTESIAN_POINT('',(-21.4891999288,-47.70425491123,1.5));
#4699 = DIRECTION('',(0.,0.,1.));
#4700 = DIRECTION('',(-0.5,-0.866025403784,0.));
#4701 = DEFINITIONAL_REPRESENTATION('',(#4702),#4706);
#4702 = CIRCLE('',#4703,52.2);
#4703 = AXIS2_PLACEMENT_2D('',#4704,#4705);
#4704 = CARTESIAN_POINT('',(-52.05769658614,-5.24193441027));
#4705 = DIRECTION('',(-0.642787609687,0.766044443119));
#4706 = ( GEOMETRIC_REPRESENTATION_CONTEXT(2) 
PARAMETRIC_REPRESENTATION_CONTEXT() REPRESENTATION_CONTEXT('2D SPACE',''
  ) );
#4707 = ORIENTED_EDGE('',*,*,#4708,.F.);
#4708 = EDGE_CURVE('',#4709,#4680,#4711,.T.);
#4709 = VERTEX_POINT('',#4710);
#4710 = CARTESIAN_POINT('',(-22.23052804035,-47.22969005876,1.5));
#4711 = SURFACE_CURVE('',#4712,(#4717,#4724),.PCURVE_S1.);
#4712 = CIRCLE('',#4713,52.2);
#4713 = AXIS2_PLACEMENT_3D('',#4714,#4715,#4716);
#4714 = CARTESIAN_POINT('',(0.,0.,1.5));
#4715 = DIRECTION('',(0.,-0.,1.));
#4716 = DIRECTION('',(0.984807753012,0.173648177667,0.));
#4717 = PCURVE('',#2113,#4718);
#4718 = DEFINITIONAL_REPRESENTATION('',(#4719),#4723);
#4719 = LINE('',#4720,#4721);
#4720 = CARTESIAN_POINT('',(0.,9.6));
#4721 = VECTOR('',#4722,1.);
#4722 = DIRECTION('',(1.,0.));
#4723 = ( GEOMETRIC_REPRESENTATION_CONTEXT(2) 
PARAMETRIC_REPRESENTATION_CONTEXT() REPRESENTATION_CONTEXT('2D SPACE',''
  ) );
#4724 = PCURVE('',#4725,#4730);
#4725 = PLANE('',#4726);
#4726 = AXIS2_PLACEMENT_3D('',#4727,#4728,#4729);
#4727 = CARTESIAN_POINT('',(-21.4891999288,-47.70425491123,1.5));
#4728 = DIRECTION('',(0.,0.,1.));
#4729 = DIRECTION('',(-0.5,-0.866025403784,0.));
#4730 = DEFINITIONAL_REPRESENTATION('',(#4731),#4735);
#4731 = CIRCLE('',#4732,52.2);
#4732 = AXIS2_PLACEMENT_2D('',#4733,#4734);
#4733 = CARTESIAN_POINT('',(-52.05769658614,-5.24193441027));
#4734 = DIRECTION('',(-0.642787609687,0.766044443119));
#4735 = ( GEOMETRIC_REPRESENTATION_CONTEXT(2) 
PARAMETRIC_REPRESENTATION_CONTEXT() REPRESENTATION_CONTEXT('2D SPACE',''
  ) );
#4736 = ORIENTED_EDGE('',*,*,#4737,.F.);
#4737 = EDGE_CURVE('',#4738,#4709,#4740,.T.);
#4738 = VERTEX_POINT('',#4739);
#4739 = CARTESIAN_POINT('',(-23.79375548138,-46.46178214503,1.5));
#4740 = SURFACE_CURVE('',#4741,(#4746,#4753),.PCURVE_S1.);
#4741 = CIRCLE('',#4742,52.2);
#4742 = AXIS2_PLACEMENT_3D('',#4743,#4744,#4745);
#4743 = CARTESIAN_POINT('',(0.,0.,1.5));
#4744 = DIRECTION('',(0.,-0.,1.));
#4745 = DIRECTION('',(0.984807753012,0.173648177667,0.));
#4746 = PCURVE('',#2113,#4747);
#4747 = DEFINITIONAL_REPRESENTATION('',(#4748),#4752);
#4748 = LINE('',#4749,#4750);
#4749 = CARTESIAN_POINT('',(0.,9.6));
#4750 = VECTOR('',#4751,1.);
#4751 = DIRECTION('',(1.,0.));
#4752 = ( GEOMETRIC_REPRESENTATION_CONTEXT(2) 
PARAMETRIC_REPRESENTATION_CONTEXT() REPRESENTATION_CONTEXT('2D SPACE',''
  ) );
#4753 = PCURVE('',#4754,#4759);
#4754 = PLANE('',#4755);
#4755 = AXIS2_PLACEMENT_3D('',#4756,#4757,#4758);
#4756 = CARTESIAN_POINT('',(-21.4891999288,-47.70425491123,1.5));
#4757 = DIRECTION('',(0.,0.,1.));
#4758 = DIRECTION('',(-0.5,-0.866025403784,0.));
#4759 = DEFINITIONAL_REPRESENTATION('',(#4760),#4764);
#4760 = CIRCLE('',#4761,52.2);
#4761 = AXIS2_PLACEMENT_2D('',#4762,#4763);
#4762 = CARTESIAN_POINT('',(-52.05769658614,-5.24193441027));
#4763 = DIRECTION('',(-0.642787609687,0.766044443119));
#4764 = ( GEOMETRIC_REPRESENTATION_CONTEXT(2) 
PARAMETRIC_REPRESENTATION_CONTEXT() REPRESENTATION_CONTEXT('2D SPACE',''
  ) );
#4765 = ORIENTED_EDGE('',*,*,#4766,.F.);
#4766 = EDGE_CURVE('',#4767,#4738,#4769,.T.);
#4767 = VERTEX_POINT('',#4768);
#4768 = CARTESIAN_POINT('',(-25.33049509636,-45.64215176975,1.5));
#4769 = SURFACE_CURVE('',#4770,(#4775,#4782),.PCURVE_S1.);
#4770 = CIRCLE('',#4771,52.2);
#4771 = AXIS2_PLACEMENT_3D('',#4772,#4773,#4774);
#4772 = CARTESIAN_POINT('',(0.,0.,1.5));
#4773 = DIRECTION('',(0.,-0.,1.));
#4774 = DIRECTION('',(0.984807753012,0.173648177667,0.));
#4775 = PCURVE('',#2113,#4776);
#4776 = DEFINITIONAL_REPRESENTATION('',(#4777),#4781);
#4777 = LINE('',#4778,#4779);
#4778 = CARTESIAN_POINT('',(0.,9.6));
#4779 = VECTOR('',#4780,1.);
#4780 = DIRECTION('',(1.,0.));
#4781 = ( GEOMETRIC_REPRESENTATION_CONTEXT(2) 
PARAMETRIC_REPRESENTATION_CONTEXT() REPRESENTATION_CONTEXT('2D SPACE',''
  ) );
#4782 = PCURVE('',#4783,#4788);
#4783 = PLANE('',#4784);
#4784 = AXIS2_PLACEMENT_3D('',#4785,#4786,#4787);
#4785 = CARTESIAN_POINT('',(-21.4891999288,-47.70425491123,1.5));
#4786 = DIRECTION('',(0.,0.,1.));
#4787 = DIRECTION('',(-0.5,-0.866025403784,0.));
#4788 = DEFINITIONAL_REPRESENTATION('',(#4789),#4793);
#4789 = CIRCLE('',#4790,52.2);
#4790 = AXIS2_PLACEMENT_2D('',#4791,#4792);
#4791 = CARTESIAN_POINT('',(-52.05769658614,-5.24193441027));
#4792 = DIRECTION('',(-0.642787609687,0.766044443119));
#4793 = ( GEOMETRIC_REPRESENTATION_CONTEXT(2) 
PARAMETRIC_REPRESENTATION_CONTEXT() REPRESENTATION_CONTEXT('2D SPACE',''
  ) );
#4794 = ORIENTED_EDGE('',*,*,#4795,.F.);
#4795 = EDGE_CURVE('',#4796,#4767,#4798,.T.);
#4796 = VERTEX_POINT('',#4797);
#4797 = CARTESIAN_POINT('',(-26.83903614689,-44.77171136672,1.5));
#4798 = SURFACE_CURVE('',#4799,(#4804,#4811),.PCURVE_S1.);
#4799 = CIRCLE('',#4800,52.2);
#4800 = AXIS2_PLACEMENT_3D('',#4801,#4802,#4803);
#4801 = CARTESIAN_POINT('',(0.,0.,1.5));
#4802 = DIRECTION('',(0.,-0.,1.));
#4803 = DIRECTION('',(0.984807753012,0.173648177667,0.));
#4804 = PCURVE('',#2113,#4805);
#4805 = DEFINITIONAL_REPRESENTATION('',(#4806),#4810);
#4806 = LINE('',#4807,#4808);
#4807 = CARTESIAN_POINT('',(0.,9.6));
#4808 = VECTOR('',#4809,1.);
#4809 = DIRECTION('',(1.,0.));
#4810 = ( GEOMETRIC_REPRESENTATION_CONTEXT(2) 
PARAMETRIC_REPRESENTATION_CONTEXT() REPRESENTATION_CONTEXT('2D SPACE',''
  ) );
#4811 = PCURVE('',#4812,#4817);
#4812 = PLANE('',#4813);
#4813 = AXIS2_PLACEMENT_3D('',#4814,#4815,#4816);
#4814 = CARTESIAN_POINT('',(-21.4891999288,-47.70425491123,1.5));
#4815 = DIRECTION('',(0.,0.,1.));
#4816 = DIRECTION('',(-0.5,-0.866025403784,0.));
#4817 = DEFINITIONAL_REPRESENTATION('',(#4818),#4822);
#4818 = CIRCLE('',#4819,52.2);
#4819 = AXIS2_PLACEMENT_2D('',#4820,#4821);
#4820 = CARTESIAN_POINT('',(-52.05769658614,-5.24193441027));
#4821 = DIRECTION('',(-0.642787609687,0.766044443119));
#4822 = ( GEOMETRIC_REPRESENTATION_CONTEXT(2) 
PARAMETRIC_REPRESENTATION_CONTEXT() REPRESENTATION_CONTEXT('2D SPACE',''
  ) );
#4823 = ORIENTED_EDGE('',*,*,#4824,.F.);
#4824 = EDGE_CURVE('',#4825,#4796,#4827,.T.);
#4825 = VERTEX_POINT('',#4826);
#4826 = CARTESIAN_POINT('',(-28.31769928593,-43.8514299328,1.5));
#4827 = SURFACE_CURVE('',#4828,(#4833,#4840),.PCURVE_S1.);
#4828 = CIRCLE('',#4829,52.2);
#4829 = AXIS2_PLACEMENT_3D('',#4830,#4831,#4832);
#4830 = CARTESIAN_POINT('',(0.,0.,1.5));
#4831 = DIRECTION('',(0.,-0.,1.));
#4832 = DIRECTION('',(0.984807753012,0.173648177667,0.));
#4833 = PCURVE('',#2113,#4834);
#4834 = DEFINITIONAL_REPRESENTATION('',(#4835),#4839);
#4835 = LINE('',#4836,#4837);
#4836 = CARTESIAN_POINT('',(0.,9.6));
#4837 = VECTOR('',#4838,1.);
#4838 = DIRECTION('',(1.,0.));
#4839 = ( GEOMETRIC_REPRESENTATION_CONTEXT(2) 
PARAMETRIC_REPRESENTATION_CONTEXT() REPRESENTATION_CONTEXT('2D SPACE',''
  ) );
#4840 = PCURVE('',#4841,#4846);
#4841 = PLANE('',#4842);
#4842 = AXIS2_PLACEMENT_3D('',#4843,#4844,#4845);
#4843 = CARTESIAN_POINT('',(-21.4891999288,-47.70425491123,1.5));
#4844 = DIRECTION('',(0.,0.,1.));
#4845 = DIRECTION('',(-0.5,-0.866025403784,0.));
#4846 = DEFINITIONAL_REPRESENTATION('',(#4847),#4851);
#4847 = CIRCLE('',#4848,52.2);
#4848 = AXIS2_PLACEMENT_2D('',#4849,#4850);
#4849 = CARTESIAN_POINT('',(-52.05769658614,-5.24193441027));
#4850 = DIRECTION('',(-0.642787609687,0.766044443119));
#4851 = ( GEOMETRIC_REPRESENTATION_CONTEXT(2) 
PARAMETRIC_REPRESENTATION_CONTEXT() REPRESENTATION_CONTEXT('2D SPACE',''
  ) );
#4852 = ORIENTED_EDGE('',*,*,#4853,.F.);
#4853 = EDGE_CURVE('',#4854,#4825,#4856,.T.);
#4854 = VERTEX_POINT('',#4855);
#4855 = CARTESIAN_POINT('',(-29.76483842728,-42.88233194915,1.5));
#4856 = SURFACE_CURVE('',#4857,(#4862,#4869),.PCURVE_S1.);
#4857 = CIRCLE('',#4858,52.2);
#4858 = AXIS2_PLACEMENT_3D('',#4859,#4860,#4861);
#4859 = CARTESIAN_POINT('',(0.,0.,1.5));
#4860 = DIRECTION('',(0.,-0.,1.));
#4861 = DIRECTION('',(0.984807753012,0.173648177667,0.));
#4862 = PCURVE('',#2113,#4863);
#4863 = DEFINITIONAL_REPRESENTATION('',(#4864),#4868);
#4864 = LINE('',#4865,#4866);
#4865 = CARTESIAN_POINT('',(0.,9.6));
#4866 = VECTOR('',#4867,1.);
#4867 = DIRECTION('',(1.,0.));
#4868 = ( GEOMETRIC_REPRESENTATION_CONTEXT(2) 
PARAMETRIC_REPRESENTATION_CONTEXT() REPRESENTATION_CONTEXT('2D SPACE',''
  ) );
#4869 = PCURVE('',#4870,#4875);
#4870 = PLANE('',#4871);
#4871 = AXIS2_PLACEMENT_3D('',#4872,#4873,#4874);
#4872 = CARTESIAN_POINT('',(-21.4891999288,-47.70425491123,1.5));
#4873 = DIRECTION('',(0.,0.,1.));
#4874 = DIRECTION('',(-0.5,-0.866025403784,0.));
#4875 = DEFINITIONAL_REPRESENTATION('',(#4876),#4880);
#4876 = CIRCLE('',#4877,52.2);
#4877 = AXIS2_PLACEMENT_2D('',#4878,#4879);
#4878 = CARTESIAN_POINT('',(-52.05769658614,-5.24193441027));
#4879 = DIRECTION('',(-0.642787609687,0.766044443119));
#4880 = ( GEOMETRIC_REPRESENTATION_CONTEXT(2) 
PARAMETRIC_REPRESENTATION_CONTEXT() REPRESENTATION_CONTEXT('2D SPACE',''
  ) );
#4881 = ORIENTED_EDGE('',*,*,#4882,.F.);
#4882 = EDGE_CURVE('',#4883,#4854,#4885,.T.);
#4883 = VERTEX_POINT('',#4884);
#4884 = CARTESIAN_POINT('',(-31.17884257811,-41.8654962408,1.5));
#4885 = SURFACE_CURVE('',#4886,(#4891,#4898),.PCURVE_S1.);
#4886 = CIRCLE('',#4887,52.2);
#4887 = AXIS2_PLACEMENT_3D('',#4888,#4889,#4890);
#4888 = CARTESIAN_POINT('',(0.,0.,1.5));
#4889 = DIRECTION('',(0.,-0.,1.));
#4890 = DIRECTION('',(0.984807753012,0.173648177667,0.));
#4891 = PCURVE('',#2113,#4892);
#4892 = DEFINITIONAL_REPRESENTATION('',(#4893),#4897);
#4893 = LINE('',#4894,#4895);
#4894 = CARTESIAN_POINT('',(0.,9.6));
#4895 = VECTOR('',#4896,1.);
#4896 = DIRECTION('',(1.,0.));
#4897 = ( GEOMETRIC_REPRESENTATION_CONTEXT(2) 
PARAMETRIC_REPRESENTATION_CONTEXT() REPRESENTATION_CONTEXT('2D SPACE',''
  ) );
#4898 = PCURVE('',#4899,#4904);
#4899 = PLANE('',#4900);
#4900 = AXIS2_PLACEMENT_3D('',#4901,#4902,#4903);
#4901 = CARTESIAN_POINT('',(-21.4891999288,-47.70425491123,1.5));
#4902 = DIRECTION('',(0.,0.,1.));
#4903 = DIRECTION('',(-0.5,-0.866025403784,0.));
#4904 = DEFINITIONAL_REPRESENTATION('',(#4905),#4909);
#4905 = CIRCLE('',#4906,52.2);
#4906 = AXIS2_PLACEMENT_2D('',#4907,#4908);
#4907 = CARTESIAN_POINT('',(-52.05769658614,-5.24193441027));
#4908 = DIRECTION('',(-0.642787609687,0.766044443119));
#4909 = ( GEOMETRIC_REPRESENTATION_CONTEXT(2) 
PARAMETRIC_REPRESENTATION_CONTEXT() REPRESENTATION_CONTEXT('2D SPACE',''
  ) );
#4910 = ORIENTED_EDGE('',*,*,#4911,.F.);
#4911 = EDGE_CURVE('',#4912,#4883,#4914,.T.);
#4912 = VERTEX_POINT('',#4913);
#4913 = CARTESIAN_POINT('',(-32.55813763231,-40.80205477564,1.5));
#4914 = SURFACE_CURVE('',#4915,(#4920,#4927),.PCURVE_S1.);
#4915 = CIRCLE('',#4916,52.2);
#4916 = AXIS2_PLACEMENT_3D('',#4917,#4918,#4919);
#4917 = CARTESIAN_POINT('',(0.,0.,1.5));
#4918 = DIRECTION('',(0.,-0.,1.));
#4919 = DIRECTION('',(0.984807753012,0.173648177667,0.));
#4920 = PCURVE('',#2113,#4921);
#4921 = DEFINITIONAL_REPRESENTATION('',(#4922),#4926);
#4922 = LINE('',#4923,#4924);
#4923 = CARTESIAN_POINT('',(0.,9.6));
#4924 = VECTOR('',#4925,1.);
#4925 = DIRECTION('',(1.,0.));
#4926 = ( GEOMETRIC_REPRESENTATION_CONTEXT(2) 
PARAMETRIC_REPRESENTATION_CONTEXT() REPRESENTATION_CONTEXT('2D SPACE',''
  ) );
#4927 = PCURVE('',#4928,#4933);
#4928 = PLANE('',#4929);
#4929 = AXIS2_PLACEMENT_3D('',#4930,#4931,#4932);
#4930 = CARTESIAN_POINT('',(-21.4891999288,-47.70425491123,1.5));
#4931 = DIRECTION('',(0.,0.,1.));
#4932 = DIRECTION('',(-0.5,-0.866025403784,0.));
#4933 = DEFINITIONAL_REPRESENTATION('',(#4934),#4938);
#4934 = CIRCLE('',#4935,52.2);
#4935 = AXIS2_PLACEMENT_2D('',#4936,#4937);
#4936 = CARTESIAN_POINT('',(-52.05769658614,-5.24193441027));
#4937 = DIRECTION('',(-0.642787609687,0.766044443119));
#4938 = ( GEOMETRIC_REPRESENTATION_CONTEXT(2) 
PARAMETRIC_REPRESENTATION_CONTEXT() REPRESENTATION_CONTEXT('2D SPACE',''
  ) );
#4939 = ORIENTED_EDGE('',*,*,#4940,.F.);
#4940 = EDGE_CURVE('',#4941,#4912,#4943,.T.);
#4941 = VERTEX_POINT('',#4942);
#4942 = CARTESIAN_POINT('',(-33.90118812283,-39.69319140432,1.5));
#4943 = SURFACE_CURVE('',#4944,(#4949,#4956),.PCURVE_S1.);
#4944 = CIRCLE('',#4945,52.2);
#4945 = AXIS2_PLACEMENT_3D('',#4946,#4947,#4948);
#4946 = CARTESIAN_POINT('',(0.,0.,1.5));
#4947 = DIRECTION('',(0.,-0.,1.));
#4948 = DIRECTION('',(0.984807753012,0.173648177667,0.));
#4949 = PCURVE('',#2113,#4950);
#4950 = DEFINITIONAL_REPRESENTATION('',(#4951),#4955);
#4951 = LINE('',#4952,#4953);
#4952 = CARTESIAN_POINT('',(0.,9.6));
#4953 = VECTOR('',#4954,1.);
#4954 = DIRECTION('',(1.,0.));
#4955 = ( GEOMETRIC_REPRESENTATION_CONTEXT(2) 
PARAMETRIC_REPRESENTATION_CONTEXT() REPRESENTATION_CONTEXT('2D SPACE',''
  ) );
#4956 = PCURVE('',#4957,#4962);
#4957 = PLANE('',#4958);
#4958 = AXIS2_PLACEMENT_3D('',#4959,#4960,#4961);
#4959 = CARTESIAN_POINT('',(-21.4891999288,-47.70425491123,1.5));
#4960 = DIRECTION('',(0.,0.,1.));
#4961 = DIRECTION('',(-0.5,-0.866025403784,0.));
#4962 = DEFINITIONAL_REPRESENTATION('',(#4963),#4967);
#4963 = CIRCLE('',#4964,52.2);
#4964 = AXIS2_PLACEMENT_2D('',#4965,#4966);
#4965 = CARTESIAN_POINT('',(-52.05769658614,-5.24193441027));
#4966 = DIRECTION('',(-0.642787609687,0.766044443119));
#4967 = ( GEOMETRIC_REPRESENTATION_CONTEXT(2) 
PARAMETRIC_REPRESENTATION_CONTEXT() REPRESENTATION_CONTEXT('2D SPACE',''
  ) );
#4968 = ORIENTED_EDGE('',*,*,#4969,.T.);
#4969 = EDGE_CURVE('',#4941,#4970,#4972,.T.);
#4970 = VERTEX_POINT('',#4971);
#4971 = CARTESIAN_POINT('',(-33.90118812283,-39.69319140432,4.));
#4972 = SURFACE_CURVE('',#4973,(#4977,#4984),.PCURVE_S1.);
#4973 = LINE('',#4974,#4975);
#4974 = CARTESIAN_POINT('',(-33.90118812283,-39.69319140432,1.5));
#4975 = VECTOR('',#4976,1.);
#4976 = DIRECTION('',(0.,0.,1.));
#4977 = PCURVE('',#2113,#4978);
#4978 = DEFINITIONAL_REPRESENTATION('',(#4979),#4983);
#4979 = LINE('',#4980,#4981);
#4980 = CARTESIAN_POINT('',(3.830997708128,9.6));
#4981 = VECTOR('',#4982,1.);
#4982 = DIRECTION('',(0.,1.));
#4983 = ( GEOMETRIC_REPRESENTATION_CONTEXT(2) 
PARAMETRIC_REPRESENTATION_CONTEXT() REPRESENTATION_CONTEXT('2D SPACE',''
  ) );
#4984 = PCURVE('',#4985,#4990);
#4985 = PLANE('',#4986);
#4986 = AXIS2_PLACEMENT_3D('',#4987,#4988,#4989);
#4987 = CARTESIAN_POINT('',(-32.55813763231,-40.80205477564,1.5));
#4988 = DIRECTION('',(-0.636672181194,-0.771134575605,0.));
#4989 = DIRECTION('',(-0.771134575605,0.636672181194,0.));
#4990 = DEFINITIONAL_REPRESENTATION('',(#4991),#4995);
#4991 = LINE('',#4992,#4993);
#4992 = CARTESIAN_POINT('',(1.741655131291,0.));
#4993 = VECTOR('',#4994,1.);
#4994 = DIRECTION('',(0.,-1.));
#4995 = ( GEOMETRIC_REPRESENTATION_CONTEXT(2) 
PARAMETRIC_REPRESENTATION_CONTEXT() REPRESENTATION_CONTEXT('2D SPACE',''
  ) );
#4996 = ORIENTED_EDGE('',*,*,#4997,.T.);
#4997 = EDGE_CURVE('',#4970,#2578,#4998,.T.);
#4998 = SURFACE_CURVE('',#4999,(#5003,#5010),.PCURVE_S1.);
#4999 = LINE('',#5000,#5001);
#5000 = CARTESIAN_POINT('',(-33.90118812283,-39.69319140432,1.5));
#5001 = VECTOR('',#5002,1.);
#5002 = DIRECTION('',(0.,0.,1.));
#5003 = PCURVE('',#2113,#5004);
#5004 = DEFINITIONAL_REPRESENTATION('',(#5005),#5009);
#5005 = LINE('',#5006,#5007);
#5006 = CARTESIAN_POINT('',(3.830997708128,9.6));
#5007 = VECTOR('',#5008,1.);
#5008 = DIRECTION('',(0.,1.));
#5009 = ( GEOMETRIC_REPRESENTATION_CONTEXT(2) 
PARAMETRIC_REPRESENTATION_CONTEXT() REPRESENTATION_CONTEXT('2D SPACE',''
  ) );
#5010 = PCURVE('',#5011,#5016);
#5011 = PLANE('',#5012);
#5012 = AXIS2_PLACEMENT_3D('',#5013,#5014,#5015);
#5013 = CARTESIAN_POINT('',(-33.446574489,-39.1609072284,4.));
#5014 = DIRECTION('',(0.7604059656,-0.64944804833,0.));
#5015 = DIRECTION('',(-0.64944804833,-0.7604059656,0.));
#5016 = DEFINITIONAL_REPRESENTATION('',(#5017),#5021);
#5017 = LINE('',#5018,#5019);
#5018 = CARTESIAN_POINT('',(0.7,2.5));
#5019 = VECTOR('',#5020,1.);
#5020 = DIRECTION('',(0.,-1.));
#5021 = ( GEOMETRIC_REPRESENTATION_CONTEXT(2) 
PARAMETRIC_REPRESENTATION_CONTEXT() REPRESENTATION_CONTEXT('2D SPACE',''
  ) );
#5022 = ORIENTED_EDGE('',*,*,#2605,.F.);
#5023 = ORIENTED_EDGE('',*,*,#5024,.F.);
#5024 = EDGE_CURVE('',#5025,#2554,#5027,.T.);
#5025 = VERTEX_POINT('',#5026);
#5026 = CARTESIAN_POINT('',(-41.13416133827,32.137529011999,4.));
#5027 = SURFACE_CURVE('',#5028,(#5032,#5039),.PCURVE_S1.);
#5028 = LINE('',#5029,#5030);
#5029 = CARTESIAN_POINT('',(-41.13416133827,32.137529011999,1.5));
#5030 = VECTOR('',#5031,1.);
#5031 = DIRECTION('',(0.,0.,1.));
#5032 = PCURVE('',#2113,#5033);
#5033 = DEFINITIONAL_REPRESENTATION('',(#5034),#5038);
#5034 = LINE('',#5035,#5036);
#5035 = CARTESIAN_POINT('',(2.303834612633,9.6));
#5036 = VECTOR('',#5037,1.);
#5037 = DIRECTION('',(0.,1.));
#5038 = ( GEOMETRIC_REPRESENTATION_CONTEXT(2) 
PARAMETRIC_REPRESENTATION_CONTEXT() REPRESENTATION_CONTEXT('2D SPACE',''
  ) );
#5039 = PCURVE('',#5040,#5045);
#5040 = PLANE('',#5041);
#5041 = AXIS2_PLACEMENT_3D('',#5042,#5043,#5044);
#5042 = CARTESIAN_POINT('',(-41.13416133827,32.137529011999,4.));
#5043 = DIRECTION('',(0.615661475326,0.788010753607,0.));
#5044 = DIRECTION('',(0.788010753607,-0.615661475326,0.));
#5045 = DEFINITIONAL_REPRESENTATION('',(#5046),#5050);
#5046 = LINE('',#5047,#5048);
#5047 = CARTESIAN_POINT('',(0.,2.5));
#5048 = VECTOR('',#5049,1.);
#5049 = DIRECTION('',(0.,-1.));
#5050 = ( GEOMETRIC_REPRESENTATION_CONTEXT(2) 
PARAMETRIC_REPRESENTATION_CONTEXT() REPRESENTATION_CONTEXT('2D SPACE',''
  ) );
#5051 = ORIENTED_EDGE('',*,*,#5052,.F.);
#5052 = EDGE_CURVE('',#5053,#5025,#5055,.T.);
#5053 = VERTEX_POINT('',#5054);
#5054 = CARTESIAN_POINT('',(-41.13416133827,32.137529011999,1.5));
#5055 = SURFACE_CURVE('',#5056,(#5060,#5067),.PCURVE_S1.);
#5056 = LINE('',#5057,#5058);
#5057 = CARTESIAN_POINT('',(-41.13416133827,32.137529011999,1.5));
#5058 = VECTOR('',#5059,1.);
#5059 = DIRECTION('',(0.,0.,1.));
#5060 = PCURVE('',#2113,#5061);
#5061 = DEFINITIONAL_REPRESENTATION('',(#5062),#5066);
#5062 = LINE('',#5063,#5064);
#5063 = CARTESIAN_POINT('',(2.303834612633,9.6));
#5064 = VECTOR('',#5065,1.);
#5065 = DIRECTION('',(0.,1.));
#5066 = ( GEOMETRIC_REPRESENTATION_CONTEXT(2) 
PARAMETRIC_REPRESENTATION_CONTEXT() REPRESENTATION_CONTEXT('2D SPACE',''
  ) );
#5067 = PCURVE('',#5068,#5073);
#5068 = PLANE('',#5069);
#5069 = AXIS2_PLACEMENT_3D('',#5070,#5071,#5072);
#5070 = CARTESIAN_POINT('',(-41.13416133827,32.137529011999,1.5));
#5071 = DIRECTION('',(-0.777630306593,0.628721803557,0.));
#5072 = DIRECTION('',(0.628721803557,0.777630306593,0.));
#5073 = DEFINITIONAL_REPRESENTATION('',(#5074),#5078);
#5074 = LINE('',#5075,#5076);
#5075 = CARTESIAN_POINT('',(0.,0.));
#5076 = VECTOR('',#5077,1.);
#5077 = DIRECTION('',(0.,-1.));
#5078 = ( GEOMETRIC_REPRESENTATION_CONTEXT(2) 
PARAMETRIC_REPRESENTATION_CONTEXT() REPRESENTATION_CONTEXT('2D SPACE',''
  ) );
#5079 = ORIENTED_EDGE('',*,*,#5080,.F.);
#5080 = EDGE_CURVE('',#5081,#5053,#5083,.T.);
#5081 = VERTEX_POINT('',#5082);
#5082 = CARTESIAN_POINT('',(-40.03914478295,33.491892825725,1.5));
#5083 = SURFACE_CURVE('',#5084,(#5089,#5096),.PCURVE_S1.);
#5084 = CIRCLE('',#5085,52.2);
#5085 = AXIS2_PLACEMENT_3D('',#5086,#5087,#5088);
#5086 = CARTESIAN_POINT('',(0.,0.,1.5));
#5087 = DIRECTION('',(0.,-0.,1.));
#5088 = DIRECTION('',(0.984807753012,0.173648177667,0.));
#5089 = PCURVE('',#2113,#5090);
#5090 = DEFINITIONAL_REPRESENTATION('',(#5091),#5095);
#5091 = LINE('',#5092,#5093);
#5092 = CARTESIAN_POINT('',(0.,9.6));
#5093 = VECTOR('',#5094,1.);
#5094 = DIRECTION('',(1.,0.));
#5095 = ( GEOMETRIC_REPRESENTATION_CONTEXT(2) 
PARAMETRIC_REPRESENTATION_CONTEXT() REPRESENTATION_CONTEXT('2D SPACE',''
  ) );
#5096 = PCURVE('',#5097,#5102);
#5097 = PLANE('',#5098);
#5098 = AXIS2_PLACEMENT_3D('',#5099,#5100,#5101);
#5099 = CARTESIAN_POINT('',(-30.56849665733,42.462320500966,1.5));
#5100 = DIRECTION('',(0.,0.,1.));
#5101 = DIRECTION('',(-0.5,0.866025403784,0.));
#5102 = DEFINITIONAL_REPRESENTATION('',(#5103),#5107);
#5103 = CIRCLE('',#5104,52.2);
#5104 = AXIS2_PLACEMENT_2D('',#5105,#5106);
#5105 = CARTESIAN_POINT('',(-52.05769658614,-5.24193441027));
#5106 = DIRECTION('',(-0.342020143326,-0.939692620786));
#5107 = ( GEOMETRIC_REPRESENTATION_CONTEXT(2) 
PARAMETRIC_REPRESENTATION_CONTEXT() REPRESENTATION_CONTEXT('2D SPACE',''
  ) );
#5108 = ORIENTED_EDGE('',*,*,#5109,.F.);
#5109 = EDGE_CURVE('',#5110,#5081,#5112,.T.);
#5110 = VERTEX_POINT('',#5111);
#5111 = CARTESIAN_POINT('',(-38.89955561266,34.808972595257,1.5));
#5112 = SURFACE_CURVE('',#5113,(#5118,#5125),.PCURVE_S1.);
#5113 = CIRCLE('',#5114,52.2);
#5114 = AXIS2_PLACEMENT_3D('',#5115,#5116,#5117);
#5115 = CARTESIAN_POINT('',(0.,0.,1.5));
#5116 = DIRECTION('',(0.,-0.,1.));
#5117 = DIRECTION('',(0.984807753012,0.173648177667,0.));
#5118 = PCURVE('',#2113,#5119);
#5119 = DEFINITIONAL_REPRESENTATION('',(#5120),#5124);
#5120 = LINE('',#5121,#5122);
#5121 = CARTESIAN_POINT('',(0.,9.6));
#5122 = VECTOR('',#5123,1.);
#5123 = DIRECTION('',(1.,0.));
#5124 = ( GEOMETRIC_REPRESENTATION_CONTEXT(2) 
PARAMETRIC_REPRESENTATION_CONTEXT() REPRESENTATION_CONTEXT('2D SPACE',''
  ) );
#5125 = PCURVE('',#5126,#5131);
#5126 = PLANE('',#5127);
#5127 = AXIS2_PLACEMENT_3D('',#5128,#5129,#5130);
#5128 = CARTESIAN_POINT('',(-30.56849665733,42.462320500966,1.5));
#5129 = DIRECTION('',(0.,0.,1.));
#5130 = DIRECTION('',(-0.5,0.866025403784,0.));
#5131 = DEFINITIONAL_REPRESENTATION('',(#5132),#5136);
#5132 = CIRCLE('',#5133,52.2);
#5133 = AXIS2_PLACEMENT_2D('',#5134,#5135);
#5134 = CARTESIAN_POINT('',(-52.05769658614,-5.24193441027));
#5135 = DIRECTION('',(-0.342020143326,-0.939692620786));
#5136 = ( GEOMETRIC_REPRESENTATION_CONTEXT(2) 
PARAMETRIC_REPRESENTATION_CONTEXT() REPRESENTATION_CONTEXT('2D SPACE',''
  ) );
#5137 = ORIENTED_EDGE('',*,*,#5138,.F.);
#5138 = EDGE_CURVE('',#5139,#5110,#5141,.T.);
#5139 = VERTEX_POINT('',#5140);
#5140 = CARTESIAN_POINT('',(-37.71666244764,36.08730211322,1.5));
#5141 = SURFACE_CURVE('',#5142,(#5147,#5154),.PCURVE_S1.);
#5142 = CIRCLE('',#5143,52.2);
#5143 = AXIS2_PLACEMENT_3D('',#5144,#5145,#5146);
#5144 = CARTESIAN_POINT('',(0.,0.,1.5));
#5145 = DIRECTION('',(0.,-0.,1.));
#5146 = DIRECTION('',(0.984807753012,0.173648177667,0.));
#5147 = PCURVE('',#2113,#5148);
#5148 = DEFINITIONAL_REPRESENTATION('',(#5149),#5153);
#5149 = LINE('',#5150,#5151);
#5150 = CARTESIAN_POINT('',(0.,9.6));
#5151 = VECTOR('',#5152,1.);
#5152 = DIRECTION('',(1.,0.));
#5153 = ( GEOMETRIC_REPRESENTATION_CONTEXT(2) 
PARAMETRIC_REPRESENTATION_CONTEXT() REPRESENTATION_CONTEXT('2D SPACE',''
  ) );
#5154 = PCURVE('',#5155,#5160);
#5155 = PLANE('',#5156);
#5156 = AXIS2_PLACEMENT_3D('',#5157,#5158,#5159);
#5157 = CARTESIAN_POINT('',(-30.56849665733,42.462320500966,1.5));
#5158 = DIRECTION('',(0.,0.,1.));
#5159 = DIRECTION('',(-0.5,0.866025403784,0.));
#5160 = DEFINITIONAL_REPRESENTATION('',(#5161),#5165);
#5161 = CIRCLE('',#5162,52.2);
#5162 = AXIS2_PLACEMENT_2D('',#5163,#5164);
#5163 = CARTESIAN_POINT('',(-52.05769658614,-5.24193441027));
#5164 = DIRECTION('',(-0.342020143326,-0.939692620786));
#5165 = ( GEOMETRIC_REPRESENTATION_CONTEXT(2) 
PARAMETRIC_REPRESENTATION_CONTEXT() REPRESENTATION_CONTEXT('2D SPACE',''
  ) );
#5166 = ORIENTED_EDGE('',*,*,#5167,.F.);
#5167 = EDGE_CURVE('',#5168,#5139,#5170,.T.);
#5168 = VERTEX_POINT('',#5169);
#5169 = CARTESIAN_POINT('',(-36.49178211525,37.325458310021,1.5));
#5170 = SURFACE_CURVE('',#5171,(#5176,#5183),.PCURVE_S1.);
#5171 = CIRCLE('',#5172,52.2);
#5172 = AXIS2_PLACEMENT_3D('',#5173,#5174,#5175);
#5173 = CARTESIAN_POINT('',(0.,0.,1.5));
#5174 = DIRECTION('',(0.,-0.,1.));
#5175 = DIRECTION('',(0.984807753012,0.173648177667,0.));
#5176 = PCURVE('',#2113,#5177);
#5177 = DEFINITIONAL_REPRESENTATION('',(#5178),#5182);
#5178 = LINE('',#5179,#5180);
#5179 = CARTESIAN_POINT('',(0.,9.6));
#5180 = VECTOR('',#5181,1.);
#5181 = DIRECTION('',(1.,0.));
#5182 = ( GEOMETRIC_REPRESENTATION_CONTEXT(2) 
PARAMETRIC_REPRESENTATION_CONTEXT() REPRESENTATION_CONTEXT('2D SPACE',''
  ) );
#5183 = PCURVE('',#5184,#5189);
#5184 = PLANE('',#5185);
#5185 = AXIS2_PLACEMENT_3D('',#5186,#5187,#5188);
#5186 = CARTESIAN_POINT('',(-30.56849665733,42.462320500966,1.5));
#5187 = DIRECTION('',(0.,0.,1.));
#5188 = DIRECTION('',(-0.5,0.866025403784,0.));
#5189 = DEFINITIONAL_REPRESENTATION('',(#5190),#5194);
#5190 = CIRCLE('',#5191,52.2);
#5191 = AXIS2_PLACEMENT_2D('',#5192,#5193);
#5192 = CARTESIAN_POINT('',(-52.05769658614,-5.24193441027));
#5193 = DIRECTION('',(-0.342020143326,-0.939692620786));
#5194 = ( GEOMETRIC_REPRESENTATION_CONTEXT(2) 
PARAMETRIC_REPRESENTATION_CONTEXT() REPRESENTATION_CONTEXT('2D SPACE',''
  ) );
#5195 = ORIENTED_EDGE('',*,*,#5196,.F.);
#5196 = EDGE_CURVE('',#5197,#5168,#5199,.T.);
#5197 = VERTEX_POINT('',#5198);
#5198 = CARTESIAN_POINT('',(-35.22627818406,38.522062838053,1.5));
#5199 = SURFACE_CURVE('',#5200,(#5205,#5212),.PCURVE_S1.);
#5200 = CIRCLE('',#5201,52.2);
#5201 = AXIS2_PLACEMENT_3D('',#5202,#5203,#5204);
#5202 = CARTESIAN_POINT('',(0.,0.,1.5));
#5203 = DIRECTION('',(0.,-0.,1.));
#5204 = DIRECTION('',(0.984807753012,0.173648177667,0.));
#5205 = PCURVE('',#2113,#5206);
#5206 = DEFINITIONAL_REPRESENTATION('',(#5207),#5211);
#5207 = LINE('',#5208,#5209);
#5208 = CARTESIAN_POINT('',(0.,9.6));
#5209 = VECTOR('',#5210,1.);
#5210 = DIRECTION('',(1.,0.));
#5211 = ( GEOMETRIC_REPRESENTATION_CONTEXT(2) 
PARAMETRIC_REPRESENTATION_CONTEXT() REPRESENTATION_CONTEXT('2D SPACE',''
  ) );
#5212 = PCURVE('',#5213,#5218);
#5213 = PLANE('',#5214);
#5214 = AXIS2_PLACEMENT_3D('',#5215,#5216,#5217);
#5215 = CARTESIAN_POINT('',(-30.56849665733,42.462320500966,1.5));
#5216 = DIRECTION('',(0.,0.,1.));
#5217 = DIRECTION('',(-0.5,0.866025403784,0.));
#5218 = DEFINITIONAL_REPRESENTATION('',(#5219),#5223);
#5219 = CIRCLE('',#5220,52.2);
#5220 = AXIS2_PLACEMENT_2D('',#5221,#5222);
#5221 = CARTESIAN_POINT('',(-52.05769658614,-5.24193441027));
#5222 = DIRECTION('',(-0.342020143326,-0.939692620786));
#5223 = ( GEOMETRIC_REPRESENTATION_CONTEXT(2) 
PARAMETRIC_REPRESENTATION_CONTEXT() REPRESENTATION_CONTEXT('2D SPACE',''
  ) );
#5224 = ORIENTED_EDGE('',*,*,#5225,.F.);
#5225 = EDGE_CURVE('',#5226,#5197,#5228,.T.);
#5226 = VERTEX_POINT('',#5227);
#5227 = CARTESIAN_POINT('',(-33.92155944589,39.675783606104,1.5));
#5228 = SURFACE_CURVE('',#5229,(#5234,#5241),.PCURVE_S1.);
#5229 = CIRCLE('',#5230,52.2);
#5230 = AXIS2_PLACEMENT_3D('',#5231,#5232,#5233);
#5231 = CARTESIAN_POINT('',(0.,0.,1.5));
#5232 = DIRECTION('',(0.,-0.,1.));
#5233 = DIRECTION('',(0.984807753012,0.173648177667,0.));
#5234 = PCURVE('',#2113,#5235);
#5235 = DEFINITIONAL_REPRESENTATION('',(#5236),#5240);
#5236 = LINE('',#5237,#5238);
#5237 = CARTESIAN_POINT('',(0.,9.6));
#5238 = VECTOR('',#5239,1.);
#5239 = DIRECTION('',(1.,0.));
#5240 = ( GEOMETRIC_REPRESENTATION_CONTEXT(2) 
PARAMETRIC_REPRESENTATION_CONTEXT() REPRESENTATION_CONTEXT('2D SPACE',''
  ) );
#5241 = PCURVE('',#5242,#5247);
#5242 = PLANE('',#5243);
#5243 = AXIS2_PLACEMENT_3D('',#5244,#5245,#5246);
#5244 = CARTESIAN_POINT('',(-30.56849665733,42.462320500966,1.5));
#5245 = DIRECTION('',(0.,0.,1.));
#5246 = DIRECTION('',(-0.5,0.866025403784,0.));
#5247 = DEFINITIONAL_REPRESENTATION('',(#5248),#5252);
#5248 = CIRCLE('',#5249,52.2);
#5249 = AXIS2_PLACEMENT_2D('',#5250,#5251);
#5250 = CARTESIAN_POINT('',(-52.05769658614,-5.24193441027));
#5251 = DIRECTION('',(-0.342020143326,-0.939692620786));
#5252 = ( GEOMETRIC_REPRESENTATION_CONTEXT(2) 
PARAMETRIC_REPRESENTATION_CONTEXT() REPRESENTATION_CONTEXT('2D SPACE',''
  ) );
#5253 = ORIENTED_EDGE('',*,*,#5254,.F.);
#5254 = EDGE_CURVE('',#5255,#5226,#5257,.T.);
#5255 = VERTEX_POINT('',#5256);
#5256 = CARTESIAN_POINT('',(-32.5790783475,40.785336262276,1.5));
#5257 = SURFACE_CURVE('',#5258,(#5263,#5270),.PCURVE_S1.);
#5258 = CIRCLE('',#5259,52.2);
#5259 = AXIS2_PLACEMENT_3D('',#5260,#5261,#5262);
#5260 = CARTESIAN_POINT('',(0.,0.,1.5));
#5261 = DIRECTION('',(0.,-0.,1.));
#5262 = DIRECTION('',(0.984807753012,0.173648177667,0.));
#5263 = PCURVE('',#2113,#5264);
#5264 = DEFINITIONAL_REPRESENTATION('',(#5265),#5269);
#5265 = LINE('',#5266,#5267);
#5266 = CARTESIAN_POINT('',(0.,9.6));
#5267 = VECTOR('',#5268,1.);
#5268 = DIRECTION('',(1.,0.));
#5269 = ( GEOMETRIC_REPRESENTATION_CONTEXT(2) 
PARAMETRIC_REPRESENTATION_CONTEXT() REPRESENTATION_CONTEXT('2D SPACE',''
  ) );
#5270 = PCURVE('',#5271,#5276);
#5271 = PLANE('',#5272);
#5272 = AXIS2_PLACEMENT_3D('',#5273,#5274,#5275);
#5273 = CARTESIAN_POINT('',(-30.56849665733,42.462320500966,1.5));
#5274 = DIRECTION('',(0.,0.,1.));
#5275 = DIRECTION('',(-0.5,0.866025403784,0.));
#5276 = DEFINITIONAL_REPRESENTATION('',(#5277),#5281);
#5277 = CIRCLE('',#5278,52.2);
#5278 = AXIS2_PLACEMENT_2D('',#5279,#5280);
#5279 = CARTESIAN_POINT('',(-52.05769658614,-5.24193441027));
#5280 = DIRECTION('',(-0.342020143326,-0.939692620786));
#5281 = ( GEOMETRIC_REPRESENTATION_CONTEXT(2) 
PARAMETRIC_REPRESENTATION_CONTEXT() REPRESENTATION_CONTEXT('2D SPACE',''
  ) );
#5282 = ORIENTED_EDGE('',*,*,#5283,.F.);
#5283 = EDGE_CURVE('',#5284,#5255,#5286,.T.);
#5284 = VERTEX_POINT('',#5285);
#5285 = CARTESIAN_POINT('',(-31.20032937369,41.849485623759,1.5));
#5286 = SURFACE_CURVE('',#5287,(#5292,#5299),.PCURVE_S1.);
#5287 = CIRCLE('',#5288,52.2);
#5288 = AXIS2_PLACEMENT_3D('',#5289,#5290,#5291);
#5289 = CARTESIAN_POINT('',(0.,0.,1.5));
#5290 = DIRECTION('',(0.,-0.,1.));
#5291 = DIRECTION('',(0.984807753012,0.173648177667,0.));
#5292 = PCURVE('',#2113,#5293);
#5293 = DEFINITIONAL_REPRESENTATION('',(#5294),#5298);
#5294 = LINE('',#5295,#5296);
#5295 = CARTESIAN_POINT('',(0.,9.6));
#5296 = VECTOR('',#5297,1.);
#5297 = DIRECTION('',(1.,0.));
#5298 = ( GEOMETRIC_REPRESENTATION_CONTEXT(2) 
PARAMETRIC_REPRESENTATION_CONTEXT() REPRESENTATION_CONTEXT('2D SPACE',''
  ) );
#5299 = PCURVE('',#5300,#5305);
#5300 = PLANE('',#5301);
#5301 = AXIS2_PLACEMENT_3D('',#5302,#5303,#5304);
#5302 = CARTESIAN_POINT('',(-30.56849665733,42.462320500966,1.5));
#5303 = DIRECTION('',(0.,0.,1.));
#5304 = DIRECTION('',(-0.5,0.866025403784,0.));
#5305 = DEFINITIONAL_REPRESENTATION('',(#5306),#5310);
#5306 = CIRCLE('',#5307,52.2);
#5307 = AXIS2_PLACEMENT_2D('',#5308,#5309);
#5308 = CARTESIAN_POINT('',(-52.05769658614,-5.24193441027));
#5309 = DIRECTION('',(-0.342020143326,-0.939692620786));
#5310 = ( GEOMETRIC_REPRESENTATION_CONTEXT(2) 
PARAMETRIC_REPRESENTATION_CONTEXT() REPRESENTATION_CONTEXT('2D SPACE',''
  ) );
#5311 = ORIENTED_EDGE('',*,*,#5312,.F.);
#5312 = EDGE_CURVE('',#5313,#5284,#5315,.T.);
#5313 = VERTEX_POINT('',#5314);
#5314 = CARTESIAN_POINT('',(-29.78684738357,42.867047051872,1.5));
#5315 = SURFACE_CURVE('',#5316,(#5321,#5328),.PCURVE_S1.);
#5316 = CIRCLE('',#5317,52.2);
#5317 = AXIS2_PLACEMENT_3D('',#5318,#5319,#5320);
#5318 = CARTESIAN_POINT('',(0.,0.,1.5));
#5319 = DIRECTION('',(0.,-0.,1.));
#5320 = DIRECTION('',(0.984807753012,0.173648177667,0.));
#5321 = PCURVE('',#2113,#5322);
#5322 = DEFINITIONAL_REPRESENTATION('',(#5323),#5327);
#5323 = LINE('',#5324,#5325);
#5324 = CARTESIAN_POINT('',(0.,9.6));
#5325 = VECTOR('',#5326,1.);
#5326 = DIRECTION('',(1.,0.));
#5327 = ( GEOMETRIC_REPRESENTATION_CONTEXT(2) 
PARAMETRIC_REPRESENTATION_CONTEXT() REPRESENTATION_CONTEXT('2D SPACE',''
  ) );
#5328 = PCURVE('',#5329,#5334);
#5329 = PLANE('',#5330);
#5330 = AXIS2_PLACEMENT_3D('',#5331,#5332,#5333);
#5331 = CARTESIAN_POINT('',(-30.56849665733,42.462320500966,1.5));
#5332 = DIRECTION('',(0.,0.,1.));
#5333 = DIRECTION('',(-0.5,0.866025403784,0.));
#5334 = DEFINITIONAL_REPRESENTATION('',(#5335),#5339);
#5335 = CIRCLE('',#5336,52.2);
#5336 = AXIS2_PLACEMENT_2D('',#5337,#5338);
#5337 = CARTESIAN_POINT('',(-52.05769658614,-5.24193441027));
#5338 = DIRECTION('',(-0.342020143326,-0.939692620786));
#5339 = ( GEOMETRIC_REPRESENTATION_CONTEXT(2) 
PARAMETRIC_REPRESENTATION_CONTEXT() REPRESENTATION_CONTEXT('2D SPACE',''
  ) );
#5340 = ORIENTED_EDGE('',*,*,#5341,.F.);
#5341 = EDGE_CURVE('',#5342,#5313,#5344,.T.);
#5342 = VERTEX_POINT('',#5343);
#5343 = CARTESIAN_POINT('',(-28.340205902,43.836887770826,1.5));
#5344 = SURFACE_CURVE('',#5345,(#5350,#5357),.PCURVE_S1.);
#5345 = CIRCLE('',#5346,52.2);
#5346 = AXIS2_PLACEMENT_3D('',#5347,#5348,#5349);
#5347 = CARTESIAN_POINT('',(0.,0.,1.5));
#5348 = DIRECTION('',(0.,-0.,1.));
#5349 = DIRECTION('',(0.984807753012,0.173648177667,0.));
#5350 = PCURVE('',#2113,#5351);
#5351 = DEFINITIONAL_REPRESENTATION('',(#5352),#5356);
#5352 = LINE('',#5353,#5354);
#5353 = CARTESIAN_POINT('',(0.,9.6));
#5354 = VECTOR('',#5355,1.);
#5355 = DIRECTION('',(1.,0.));
#5356 = ( GEOMETRIC_REPRESENTATION_CONTEXT(2) 
PARAMETRIC_REPRESENTATION_CONTEXT() REPRESENTATION_CONTEXT('2D SPACE',''
  ) );
#5357 = PCURVE('',#5358,#5363);
#5358 = PLANE('',#5359);
#5359 = AXIS2_PLACEMENT_3D('',#5360,#5361,#5362);
#5360 = CARTESIAN_POINT('',(-30.56849665733,42.462320500966,1.5));
#5361 = DIRECTION('',(0.,0.,1.));
#5362 = DIRECTION('',(-0.5,0.866025403784,0.));
#5363 = DEFINITIONAL_REPRESENTATION('',(#5364),#5368);
#5364 = CIRCLE('',#5365,52.2);
#5365 = AXIS2_PLACEMENT_2D('',#5366,#5367);
#5366 = CARTESIAN_POINT('',(-52.05769658614,-5.24193441027));
#5367 = DIRECTION('',(-0.342020143326,-0.939692620786));
#5368 = ( GEOMETRIC_REPRESENTATION_CONTEXT(2) 
PARAMETRIC_REPRESENTATION_CONTEXT() REPRESENTATION_CONTEXT('2D SPACE',''
  ) );
#5369 = ORIENTED_EDGE('',*,*,#5370,.F.);
#5370 = EDGE_CURVE('',#5371,#5342,#5373,.T.);
#5371 = VERTEX_POINT('',#5372);
#5372 = CARTESIAN_POINT('',(-26.8620153678,44.757928128766,1.5));
#5373 = SURFACE_CURVE('',#5374,(#5379,#5386),.PCURVE_S1.);
#5374 = CIRCLE('',#5375,52.2);
#5375 = AXIS2_PLACEMENT_3D('',#5376,#5377,#5378);
#5376 = CARTESIAN_POINT('',(0.,0.,1.5));
#5377 = DIRECTION('',(0.,-0.,1.));
#5378 = DIRECTION('',(0.984807753012,0.173648177667,0.));
#5379 = PCURVE('',#2113,#5380);
#5380 = DEFINITIONAL_REPRESENTATION('',(#5381),#5385);
#5381 = LINE('',#5382,#5383);
#5382 = CARTESIAN_POINT('',(0.,9.6));
#5383 = VECTOR('',#5384,1.);
#5384 = DIRECTION('',(1.,0.));
#5385 = ( GEOMETRIC_REPRESENTATION_CONTEXT(2) 
PARAMETRIC_REPRESENTATION_CONTEXT() REPRESENTATION_CONTEXT('2D SPACE',''
  ) );
#5386 = PCURVE('',#5387,#5392);
#5387 = PLANE('',#5388);
#5388 = AXIS2_PLACEMENT_3D('',#5389,#5390,#5391);
#5389 = CARTESIAN_POINT('',(-30.56849665733,42.462320500966,1.5));
#5390 = DIRECTION('',(0.,0.,1.));
#5391 = DIRECTION('',(-0.5,0.866025403784,0.));
#5392 = DEFINITIONAL_REPRESENTATION('',(#5393),#5397);
#5393 = CIRCLE('',#5394,52.2);
#5394 = AXIS2_PLACEMENT_2D('',#5395,#5396);
#5395 = CARTESIAN_POINT('',(-52.05769658614,-5.24193441027));
#5396 = DIRECTION('',(-0.342020143326,-0.939692620786));
#5397 = ( GEOMETRIC_REPRESENTATION_CONTEXT(2) 
PARAMETRIC_REPRESENTATION_CONTEXT() REPRESENTATION_CONTEXT('2D SPACE',''
  ) );
#5398 = ORIENTED_EDGE('',*,*,#5399,.F.);
#5399 = EDGE_CURVE('',#5400,#5371,#5402,.T.);
#5400 = VERTEX_POINT('',#5401);
#5401 = CARTESIAN_POINT('',(-25.35392134104,45.629142799666,1.5));
#5402 = SURFACE_CURVE('',#5403,(#5408,#5415),.PCURVE_S1.);
#5403 = CIRCLE('',#5404,52.2);
#5404 = AXIS2_PLACEMENT_3D('',#5405,#5406,#5407);
#5405 = CARTESIAN_POINT('',(0.,0.,1.5));
#5406 = DIRECTION('',(0.,-0.,1.));
#5407 = DIRECTION('',(0.984807753012,0.173648177667,0.));
#5408 = PCURVE('',#2113,#5409);
#5409 = DEFINITIONAL_REPRESENTATION('',(#5410),#5414);
#5410 = LINE('',#5411,#5412);
#5411 = CARTESIAN_POINT('',(0.,9.6));
#5412 = VECTOR('',#5413,1.);
#5413 = DIRECTION('',(1.,0.));
#5414 = ( GEOMETRIC_REPRESENTATION_CONTEXT(2) 
PARAMETRIC_REPRESENTATION_CONTEXT() REPRESENTATION_CONTEXT('2D SPACE',''
  ) );
#5415 = PCURVE('',#5416,#5421);
#5416 = PLANE('',#5417);
#5417 = AXIS2_PLACEMENT_3D('',#5418,#5419,#5420);
#5418 = CARTESIAN_POINT('',(-30.56849665733,42.462320500966,1.5));
#5419 = DIRECTION('',(0.,0.,1.));
#5420 = DIRECTION('',(-0.5,0.866025403784,0.));
#5421 = DEFINITIONAL_REPRESENTATION('',(#5422),#5426);
#5422 = CIRCLE('',#5423,52.2);
#5423 = AXIS2_PLACEMENT_2D('',#5424,#5425);
#5424 = CARTESIAN_POINT('',(-52.05769658614,-5.24193441027));
#5425 = DIRECTION('',(-0.342020143326,-0.939692620786));
#5426 = ( GEOMETRIC_REPRESENTATION_CONTEXT(2) 
PARAMETRIC_REPRESENTATION_CONTEXT() REPRESENTATION_CONTEXT('2D SPACE',''
  ) );
#5427 = ORIENTED_EDGE('',*,*,#5428,.F.);
#5428 = EDGE_CURVE('',#5429,#5400,#5431,.T.);
#5429 = VERTEX_POINT('',#5430);
#5430 = CARTESIAN_POINT('',(-23.81760267111,46.449561924746,1.5));
#5431 = SURFACE_CURVE('',#5432,(#5437,#5444),.PCURVE_S1.);
#5432 = CIRCLE('',#5433,52.2);
#5433 = AXIS2_PLACEMENT_3D('',#5434,#5435,#5436);
#5434 = CARTESIAN_POINT('',(0.,0.,1.5));
#5435 = DIRECTION('',(0.,-0.,1.));
#5436 = DIRECTION('',(0.984807753012,0.173648177667,0.));
#5437 = PCURVE('',#2113,#5438);
#5438 = DEFINITIONAL_REPRESENTATION('',(#5439),#5443);
#5439 = LINE('',#5440,#5441);
#5440 = CARTESIAN_POINT('',(0.,9.6));
#5441 = VECTOR('',#5442,1.);
#5442 = DIRECTION('',(1.,0.));
#5443 = ( GEOMETRIC_REPRESENTATION_CONTEXT(2) 
PARAMETRIC_REPRESENTATION_CONTEXT() REPRESENTATION_CONTEXT('2D SPACE',''
  ) );
#5444 = PCURVE('',#5445,#5450);
#5445 = PLANE('',#5446);
#5446 = AXIS2_PLACEMENT_3D('',#5447,#5448,#5449);
#5447 = CARTESIAN_POINT('',(-30.56849665733,42.462320500966,1.5));
#5448 = DIRECTION('',(0.,0.,1.));
#5449 = DIRECTION('',(-0.5,0.866025403784,0.));
#5450 = DEFINITIONAL_REPRESENTATION('',(#5451),#5455);
#5451 = CIRCLE('',#5452,52.2);
#5452 = AXIS2_PLACEMENT_2D('',#5453,#5454);
#5453 = CARTESIAN_POINT('',(-52.05769658614,-5.24193441027));
#5454 = DIRECTION('',(-0.342020143326,-0.939692620786));
#5455 = ( GEOMETRIC_REPRESENTATION_CONTEXT(2) 
PARAMETRIC_REPRESENTATION_CONTEXT() REPRESENTATION_CONTEXT('2D SPACE',''
  ) );
#5456 = ORIENTED_EDGE('',*,*,#5457,.F.);
#5457 = EDGE_CURVE('',#5458,#5429,#5460,.T.);
#5458 = VERTEX_POINT('',#5459);
#5459 = CARTESIAN_POINT('',(-22.25476962784,47.218272192146,1.5));
#5460 = SURFACE_CURVE('',#5461,(#5466,#5473),.PCURVE_S1.);
#5461 = CIRCLE('',#5462,52.2);
#5462 = AXIS2_PLACEMENT_3D('',#5463,#5464,#5465);
#5463 = CARTESIAN_POINT('',(0.,0.,1.5));
#5464 = DIRECTION('',(0.,-0.,1.));
#5465 = DIRECTION('',(0.984807753012,0.173648177667,0.));
#5466 = PCURVE('',#2113,#5467);
#5467 = DEFINITIONAL_REPRESENTATION('',(#5468),#5472);
#5468 = LINE('',#5469,#5470);
#5469 = CARTESIAN_POINT('',(0.,9.6));
#5470 = VECTOR('',#5471,1.);
#5471 = DIRECTION('',(1.,0.));
#5472 = ( GEOMETRIC_REPRESENTATION_CONTEXT(2) 
PARAMETRIC_REPRESENTATION_CONTEXT() REPRESENTATION_CONTEXT('2D SPACE',''
  ) );
#5473 = PCURVE('',#5474,#5479);
#5474 = PLANE('',#5475);
#5475 = AXIS2_PLACEMENT_3D('',#5476,#5477,#5478);
#5476 = CARTESIAN_POINT('',(-30.56849665733,42.462320500966,1.5));
#5477 = DIRECTION('',(0.,0.,1.));
#5478 = DIRECTION('',(-0.5,0.866025403784,0.));
#5479 = DEFINITIONAL_REPRESENTATION('',(#5480),#5484);
#5480 = CIRCLE('',#5481,52.2);
#5481 = AXIS2_PLACEMENT_2D('',#5482,#5483);
#5482 = CARTESIAN_POINT('',(-52.05769658614,-5.24193441027));
#5483 = DIRECTION('',(-0.342020143326,-0.939692620786));
#5484 = ( GEOMETRIC_REPRESENTATION_CONTEXT(2) 
PARAMETRIC_REPRESENTATION_CONTEXT() REPRESENTATION_CONTEXT('2D SPACE',''
  ) );
#5485 = ORIENTED_EDGE('',*,*,#5486,.F.);
#5486 = EDGE_CURVE('',#5487,#5458,#5489,.T.);
#5487 = VERTEX_POINT('',#5488);
#5488 = CARTESIAN_POINT('',(-20.66716199752,47.934417853649,1.5));
#5489 = SURFACE_CURVE('',#5490,(#5495,#5502),.PCURVE_S1.);
#5490 = CIRCLE('',#5491,52.2);
#5491 = AXIS2_PLACEMENT_3D('',#5492,#5493,#5494);
#5492 = CARTESIAN_POINT('',(0.,0.,1.5));
#5493 = DIRECTION('',(0.,-0.,1.));
#5494 = DIRECTION('',(0.984807753012,0.173648177667,0.));
#5495 = PCURVE('',#2113,#5496);
#5496 = DEFINITIONAL_REPRESENTATION('',(#5497),#5501);
#5497 = LINE('',#5498,#5499);
#5498 = CARTESIAN_POINT('',(0.,9.6));
#5499 = VECTOR('',#5500,1.);
#5500 = DIRECTION('',(1.,0.));
#5501 = ( GEOMETRIC_REPRESENTATION_CONTEXT(2) 
PARAMETRIC_REPRESENTATION_CONTEXT() REPRESENTATION_CONTEXT('2D SPACE',''
  ) );
#5502 = PCURVE('',#5503,#5508);
#5503 = PLANE('',#5504);
#5504 = AXIS2_PLACEMENT_3D('',#5505,#5506,#5507);
#5505 = CARTESIAN_POINT('',(-30.56849665733,42.462320500966,1.5));
#5506 = DIRECTION('',(0.,0.,1.));
#5507 = DIRECTION('',(-0.5,0.866025403784,0.));
#5508 = DEFINITIONAL_REPRESENTATION('',(#5509),#5513);
#5509 = CIRCLE('',#5510,52.2);
#5510 = AXIS2_PLACEMENT_2D('',#5511,#5512);
#5511 = CARTESIAN_POINT('',(-52.05769658614,-5.24193441027));
#5512 = DIRECTION('',(-0.342020143326,-0.939692620786));
#5513 = ( GEOMETRIC_REPRESENTATION_CONTEXT(2) 
PARAMETRIC_REPRESENTATION_CONTEXT() REPRESENTATION_CONTEXT('2D SPACE',''
  ) );
#5514 = ORIENTED_EDGE('',*,*,#5515,.F.);
#5515 = EDGE_CURVE('',#5516,#5487,#5518,.T.);
#5516 = VERTEX_POINT('',#5517);
#5517 = CARTESIAN_POINT('',(-19.05654714615,48.597201677322,1.5));
#5518 = SURFACE_CURVE('',#5519,(#5524,#5531),.PCURVE_S1.);
#5519 = CIRCLE('',#5520,52.2);
#5520 = AXIS2_PLACEMENT_3D('',#5521,#5522,#5523);
#5521 = CARTESIAN_POINT('',(0.,0.,1.5));
#5522 = DIRECTION('',(0.,-0.,1.));
#5523 = DIRECTION('',(0.984807753012,0.173648177667,0.));
#5524 = PCURVE('',#2113,#5525);
#5525 = DEFINITIONAL_REPRESENTATION('',(#5526),#5530);
#5526 = LINE('',#5527,#5528);
#5527 = CARTESIAN_POINT('',(0.,9.6));
#5528 = VECTOR('',#5529,1.);
#5529 = DIRECTION('',(1.,0.));
#5530 = ( GEOMETRIC_REPRESENTATION_CONTEXT(2) 
PARAMETRIC_REPRESENTATION_CONTEXT() REPRESENTATION_CONTEXT('2D SPACE',''
  ) );
#5531 = PCURVE('',#5532,#5537);
#5532 = PLANE('',#5533);
#5533 = AXIS2_PLACEMENT_3D('',#5534,#5535,#5536);
#5534 = CARTESIAN_POINT('',(-30.56849665733,42.462320500966,1.5));
#5535 = DIRECTION('',(0.,0.,1.));
#5536 = DIRECTION('',(-0.5,0.866025403784,0.));
#5537 = DEFINITIONAL_REPRESENTATION('',(#5538),#5542);
#5538 = CIRCLE('',#5539,52.2);
#5539 = AXIS2_PLACEMENT_2D('',#5540,#5541);
#5540 = CARTESIAN_POINT('',(-52.05769658614,-5.24193441027));
#5541 = DIRECTION('',(-0.342020143326,-0.939692620786));
#5542 = ( GEOMETRIC_REPRESENTATION_CONTEXT(2) 
PARAMETRIC_REPRESENTATION_CONTEXT() REPRESENTATION_CONTEXT('2D SPACE',''
  ) );
#5543 = ORIENTED_EDGE('',*,*,#5544,.F.);
#5544 = EDGE_CURVE('',#5545,#5516,#5547,.T.);
#5545 = VERTEX_POINT('',#5546);
#5546 = CARTESIAN_POINT('',(-17.424718052,49.205885835012,1.5));
#5547 = SURFACE_CURVE('',#5548,(#5553,#5560),.PCURVE_S1.);
#5548 = CIRCLE('',#5549,52.2);
#5549 = AXIS2_PLACEMENT_3D('',#5550,#5551,#5552);
#5550 = CARTESIAN_POINT('',(0.,0.,1.5));
#5551 = DIRECTION('',(0.,-0.,1.));
#5552 = DIRECTION('',(0.984807753012,0.173648177667,0.));
#5553 = PCURVE('',#2113,#5554);
#5554 = DEFINITIONAL_REPRESENTATION('',(#5555),#5559);
#5555 = LINE('',#5556,#5557);
#5556 = CARTESIAN_POINT('',(0.,9.6));
#5557 = VECTOR('',#5558,1.);
#5558 = DIRECTION('',(1.,0.));
#5559 = ( GEOMETRIC_REPRESENTATION_CONTEXT(2) 
PARAMETRIC_REPRESENTATION_CONTEXT() REPRESENTATION_CONTEXT('2D SPACE',''
  ) );
#5560 = PCURVE('',#5561,#5566);
#5561 = PLANE('',#5562);
#5562 = AXIS2_PLACEMENT_3D('',#5563,#5564,#5565);
#5563 = CARTESIAN_POINT('',(-30.56849665733,42.462320500966,1.5));
#5564 = DIRECTION('',(0.,0.,1.));
#5565 = DIRECTION('',(-0.5,0.866025403784,0.));
#5566 = DEFINITIONAL_REPRESENTATION('',(#5567),#5571);
#5567 = CIRCLE('',#5568,52.2);
#5568 = AXIS2_PLACEMENT_2D('',#5569,#5570);
#5569 = CARTESIAN_POINT('',(-52.05769658614,-5.24193441027));
#5570 = DIRECTION('',(-0.342020143326,-0.939692620786));
#5571 = ( GEOMETRIC_REPRESENTATION_CONTEXT(2) 
PARAMETRIC_REPRESENTATION_CONTEXT() REPRESENTATION_CONTEXT('2D SPACE',''
  ) );
#5572 = ORIENTED_EDGE('',*,*,#5573,.T.);
#5573 = EDGE_CURVE('',#5545,#5574,#5576,.T.);
#5574 = VERTEX_POINT('',#5575);
#5575 = CARTESIAN_POINT('',(-17.424718052,49.205885835012,4.));
#5576 = SURFACE_CURVE('',#5577,(#5581,#5588),.PCURVE_S1.);
#5577 = LINE('',#5578,#5579);
#5578 = CARTESIAN_POINT('',(-17.424718052,49.205885835012,1.5));
#5579 = VECTOR('',#5580,1.);
#5580 = DIRECTION('',(0.,0.,1.));
#5581 = PCURVE('',#2113,#5582);
#5582 = DEFINITIONAL_REPRESENTATION('',(#5583),#5587);
#5583 = LINE('',#5584,#5585);
#5584 = CARTESIAN_POINT('',(1.736602605734,9.6));
#5585 = VECTOR('',#5586,1.);
#5586 = DIRECTION('',(0.,1.));
#5587 = ( GEOMETRIC_REPRESENTATION_CONTEXT(2) 
PARAMETRIC_REPRESENTATION_CONTEXT() REPRESENTATION_CONTEXT('2D SPACE',''
  ) );
#5588 = PCURVE('',#5589,#5594);
#5589 = PLANE('',#5590);
#5590 = AXIS2_PLACEMENT_3D('',#5591,#5592,#5593);
#5591 = CARTESIAN_POINT('',(-19.05654714615,48.597201677322,1.5));
#5592 = DIRECTION('',(-0.349486041613,0.9369415706,0.));
#5593 = DIRECTION('',(0.9369415706,0.349486041613,0.));
#5594 = DEFINITIONAL_REPRESENTATION('',(#5595),#5599);
#5595 = LINE('',#5596,#5597);
#5596 = CARTESIAN_POINT('',(1.741655131291,0.));
#5597 = VECTOR('',#5598,1.);
#5598 = DIRECTION('',(0.,-1.));
#5599 = ( GEOMETRIC_REPRESENTATION_CONTEXT(2) 
PARAMETRIC_REPRESENTATION_CONTEXT() REPRESENTATION_CONTEXT('2D SPACE',''
  ) );
#5600 = ORIENTED_EDGE('',*,*,#5601,.T.);
#5601 = EDGE_CURVE('',#5574,#2071,#5602,.T.);
#5602 = SURFACE_CURVE('',#5603,(#5607,#5614),.PCURVE_S1.);
#5603 = LINE('',#5604,#5605);
#5604 = CARTESIAN_POINT('',(-17.424718052,49.205885835012,1.5));
#5605 = VECTOR('',#5606,1.);
#5606 = DIRECTION('',(0.,0.,1.));
#5607 = PCURVE('',#2113,#5608);
#5608 = DEFINITIONAL_REPRESENTATION('',(#5609),#5613);
#5609 = LINE('',#5610,#5611);
#5610 = CARTESIAN_POINT('',(1.736602605734,9.6));
#5611 = VECTOR('',#5612,1.);
#5612 = DIRECTION('',(0.,1.));
#5613 = ( GEOMETRIC_REPRESENTATION_CONTEXT(2) 
PARAMETRIC_REPRESENTATION_CONTEXT() REPRESENTATION_CONTEXT('2D SPACE',''
  ) );
#5614 = PCURVE('',#5615,#5620);
#5615 = PLANE('',#5616);
#5616 = AXIS2_PLACEMENT_3D('',#5617,#5618,#5619);
#5617 = CARTESIAN_POINT('',(-17.19105325053,48.546036791247,4.));
#5618 = DIRECTION('',(-0.942641491092,-0.333806859234,0.));
#5619 = DIRECTION('',(-0.333806859234,0.942641491092,0.));
#5620 = DEFINITIONAL_REPRESENTATION('',(#5621),#5625);
#5621 = LINE('',#5622,#5623);
#5622 = CARTESIAN_POINT('',(0.7,2.5));
#5623 = VECTOR('',#5624,1.);
#5624 = DIRECTION('',(0.,-1.));
#5625 = ( GEOMETRIC_REPRESENTATION_CONTEXT(2) 
PARAMETRIC_REPRESENTATION_CONTEXT() REPRESENTATION_CONTEXT('2D SPACE',''
  ) );
#5626 = ORIENTED_EDGE('',*,*,#2098,.F.);
#5627 = ORIENTED_EDGE('',*,*,#5628,.F.);
#5628 = EDGE_CURVE('',#5629,#2047,#5631,.T.);
#5629 = VERTEX_POINT('',#5630);
#5630 = CARTESIAN_POINT('',(48.398997208386,19.554464176311,4.));
#5631 = SURFACE_CURVE('',#5632,(#5636,#5643),.PCURVE_S1.);
#5632 = LINE('',#5633,#5634);
#5633 = CARTESIAN_POINT('',(48.398997208386,19.554464176311,1.5));
#5634 = VECTOR('',#5635,1.);
#5635 = DIRECTION('',(0.,0.,1.));
#5636 = PCURVE('',#2113,#5637);
#5637 = DEFINITIONAL_REPRESENTATION('',(#5638),#5642);
#5638 = LINE('',#5639,#5640);
#5639 = CARTESIAN_POINT('',(0.209439510239,9.6));
#5640 = VECTOR('',#5641,1.);
#5641 = DIRECTION('',(0.,1.));
#5642 = ( GEOMETRIC_REPRESENTATION_CONTEXT(2) 
PARAMETRIC_REPRESENTATION_CONTEXT() REPRESENTATION_CONTEXT('2D SPACE',''
  ) );
#5643 = PCURVE('',#5644,#5649);
#5644 = PLANE('',#5645);
#5645 = AXIS2_PLACEMENT_3D('',#5646,#5647,#5648);
#5646 = CARTESIAN_POINT('',(48.398997208386,19.554464176311,4.));
#5647 = DIRECTION('',(0.374606593416,-0.927183854567,0.));
#5648 = DIRECTION('',(-0.927183854567,-0.374606593416,0.));
#5649 = DEFINITIONAL_REPRESENTATION('',(#5650),#5654);
#5650 = LINE('',#5651,#5652);
#5651 = CARTESIAN_POINT('',(-0.,2.5));
#5652 = VECTOR('',#5653,1.);
#5653 = DIRECTION('',(0.,-1.));
#5654 = ( GEOMETRIC_REPRESENTATION_CONTEXT(2) 
PARAMETRIC_REPRESENTATION_CONTEXT() REPRESENTATION_CONTEXT('2D SPACE',''
  ) );
#5655 = ORIENTED_EDGE('',*,*,#5656,.F.);
#5656 = EDGE_CURVE('',#5657,#5629,#5659,.T.);
#5657 = VERTEX_POINT('',#5658);
#5658 = CARTESIAN_POINT('',(48.398997208386,19.554464176311,1.5));
#5659 = SURFACE_CURVE('',#5660,(#5664,#5671),.PCURVE_S1.);
#5660 = LINE('',#5661,#5662);
#5661 = CARTESIAN_POINT('',(48.398997208386,19.554464176311,1.5));
#5662 = VECTOR('',#5663,1.);
#5663 = DIRECTION('',(0.,0.,1.));
#5664 = PCURVE('',#2113,#5665);
#5665 = DEFINITIONAL_REPRESENTATION('',(#5666),#5670);
#5666 = LINE('',#5667,#5668);
#5667 = CARTESIAN_POINT('',(0.209439510239,9.6));
#5668 = VECTOR('',#5669,1.);
#5669 = DIRECTION('',(0.,1.));
#5670 = ( GEOMETRIC_REPRESENTATION_CONTEXT(2) 
PARAMETRIC_REPRESENTATION_CONTEXT() REPRESENTATION_CONTEXT('2D SPACE',''
  ) );
#5671 = PCURVE('',#5672,#5677);
#5672 = PLANE('',#5673);
#5673 = AXIS2_PLACEMENT_3D('',#5674,#5675,#5676);
#5674 = CARTESIAN_POINT('',(48.398997208386,19.554464176311,1.5));
#5675 = DIRECTION('',(0.93330420709,0.359086698484,0.));
#5676 = DIRECTION('',(0.359086698484,-0.93330420709,0.));
#5677 = DEFINITIONAL_REPRESENTATION('',(#5678),#5682);
#5678 = LINE('',#5679,#5680);
#5679 = CARTESIAN_POINT('',(0.,0.));
#5680 = VECTOR('',#5681,1.);
#5681 = DIRECTION('',(0.,-1.));
#5682 = ( GEOMETRIC_REPRESENTATION_CONTEXT(2) 
PARAMETRIC_REPRESENTATION_CONTEXT() REPRESENTATION_CONTEXT('2D SPACE',''
  ) );
#5683 = ORIENTED_EDGE('',*,*,#5684,.F.);
#5684 = EDGE_CURVE('',#5685,#5657,#5687,.T.);
#5685 = VERTEX_POINT('',#5686);
#5686 = CARTESIAN_POINT('',(49.024402399379,17.928970114977,1.5));
#5687 = SURFACE_CURVE('',#5688,(#5693,#5700),.PCURVE_S1.);
#5688 = CIRCLE('',#5689,52.2);
#5689 = AXIS2_PLACEMENT_3D('',#5690,#5691,#5692);
#5690 = CARTESIAN_POINT('',(0.,0.,1.5));
#5691 = DIRECTION('',(0.,-0.,1.));
#5692 = DIRECTION('',(0.984807753012,0.173648177667,0.));
#5693 = PCURVE('',#2113,#5694);
#5694 = DEFINITIONAL_REPRESENTATION('',(#5695),#5699);
#5695 = LINE('',#5696,#5697);
#5696 = CARTESIAN_POINT('',(0.,9.6));
#5697 = VECTOR('',#5698,1.);
#5698 = DIRECTION('',(1.,0.));
#5699 = ( GEOMETRIC_REPRESENTATION_CONTEXT(2) 
PARAMETRIC_REPRESENTATION_CONTEXT() REPRESENTATION_CONTEXT('2D SPACE',''
  ) );
#5700 = PCURVE('',#5701,#5706);
#5701 = PLANE('',#5702);
#5702 = AXIS2_PLACEMENT_3D('',#5703,#5704,#5705);
#5703 = CARTESIAN_POINT('',(52.057696586142,5.24193441027,1.5));
#5704 = DIRECTION('',(0.,0.,1.));
#5705 = DIRECTION('',(1.,5.168968399631E-18,0.));
#5706 = DEFINITIONAL_REPRESENTATION('',(#5707),#5711);
#5707 = CIRCLE('',#5708,52.2);
#5708 = AXIS2_PLACEMENT_2D('',#5709,#5710);
#5709 = CARTESIAN_POINT('',(-52.05769658614,-5.24193441027));
#5710 = DIRECTION('',(0.984807753012,0.173648177667));
#5711 = ( GEOMETRIC_REPRESENTATION_CONTEXT(2) 
PARAMETRIC_REPRESENTATION_CONTEXT() REPRESENTATION_CONTEXT('2D SPACE',''
  ) );
#5712 = ORIENTED_EDGE('',*,*,#5713,.F.);
#5713 = EDGE_CURVE('',#5714,#5685,#5716,.T.);
#5714 = VERTEX_POINT('',#5715);
#5715 = CARTESIAN_POINT('',(49.59523235346,16.283517058863,1.5));
#5716 = SURFACE_CURVE('',#5717,(#5722,#5729),.PCURVE_S1.);
#5717 = CIRCLE('',#5718,52.2);
#5718 = AXIS2_PLACEMENT_3D('',#5719,#5720,#5721);
#5719 = CARTESIAN_POINT('',(0.,0.,1.5));
#5720 = DIRECTION('',(0.,-0.,1.));
#5721 = DIRECTION('',(0.984807753012,0.173648177667,0.));
#5722 = PCURVE('',#2113,#5723);
#5723 = DEFINITIONAL_REPRESENTATION('',(#5724),#5728);
#5724 = LINE('',#5725,#5726);
#5725 = CARTESIAN_POINT('',(0.,9.6));
#5726 = VECTOR('',#5727,1.);
#5727 = DIRECTION('',(1.,0.));
#5728 = ( GEOMETRIC_REPRESENTATION_CONTEXT(2) 
PARAMETRIC_REPRESENTATION_CONTEXT() REPRESENTATION_CONTEXT('2D SPACE',''
  ) );
#5729 = PCURVE('',#5730,#5735);
#5730 = PLANE('',#5731);
#5731 = AXIS2_PLACEMENT_3D('',#5732,#5733,#5734);
#5732 = CARTESIAN_POINT('',(52.057696586142,5.24193441027,1.5));
#5733 = DIRECTION('',(0.,0.,1.));
#5734 = DIRECTION('',(1.,5.168968399631E-18,0.));
#5735 = DEFINITIONAL_REPRESENTATION('',(#5736),#5740);
#5736 = CIRCLE('',#5737,52.2);
#5737 = AXIS2_PLACEMENT_2D('',#5738,#5739);
#5738 = CARTESIAN_POINT('',(-52.05769658614,-5.24193441027));
#5739 = DIRECTION('',(0.984807753012,0.173648177667));
#5740 = ( GEOMETRIC_REPRESENTATION_CONTEXT(2) 
PARAMETRIC_REPRESENTATION_CONTEXT() REPRESENTATION_CONTEXT('2D SPACE',''
  ) );
#5741 = ORIENTED_EDGE('',*,*,#5742,.F.);
#5742 = EDGE_CURVE('',#5743,#5714,#5745,.T.);
#5743 = VERTEX_POINT('',#5744);
#5744 = CARTESIAN_POINT('',(50.110851607912,14.619936769008,1.5));
#5745 = SURFACE_CURVE('',#5746,(#5751,#5758),.PCURVE_S1.);
#5746 = CIRCLE('',#5747,52.2);
#5747 = AXIS2_PLACEMENT_3D('',#5748,#5749,#5750);
#5748 = CARTESIAN_POINT('',(0.,0.,1.5));
#5749 = DIRECTION('',(0.,-0.,1.));
#5750 = DIRECTION('',(0.984807753012,0.173648177667,0.));
#5751 = PCURVE('',#2113,#5752);
#5752 = DEFINITIONAL_REPRESENTATION('',(#5753),#5757);
#5753 = LINE('',#5754,#5755);
#5754 = CARTESIAN_POINT('',(0.,9.6));
#5755 = VECTOR('',#5756,1.);
#5756 = DIRECTION('',(1.,0.));
#5757 = ( GEOMETRIC_REPRESENTATION_CONTEXT(2) 
PARAMETRIC_REPRESENTATION_CONTEXT() REPRESENTATION_CONTEXT('2D SPACE',''
  ) );
#5758 = PCURVE('',#5759,#5764);
#5759 = PLANE('',#5760);
#5760 = AXIS2_PLACEMENT_3D('',#5761,#5762,#5763);
#5761 = CARTESIAN_POINT('',(52.057696586142,5.24193441027,1.5));
#5762 = DIRECTION('',(0.,0.,1.));
#5763 = DIRECTION('',(1.,5.168968399631E-18,0.));
#5764 = DEFINITIONAL_REPRESENTATION('',(#5765),#5769);
#5765 = CIRCLE('',#5766,52.2);
#5766 = AXIS2_PLACEMENT_2D('',#5767,#5768);
#5767 = CARTESIAN_POINT('',(-52.05769658614,-5.24193441027));
#5768 = DIRECTION('',(0.984807753012,0.173648177667));
#5769 = ( GEOMETRIC_REPRESENTATION_CONTEXT(2) 
PARAMETRIC_REPRESENTATION_CONTEXT() REPRESENTATION_CONTEXT('2D SPACE',''
  ) );
#5770 = ORIENTED_EDGE('',*,*,#5771,.F.);
#5771 = EDGE_CURVE('',#5772,#5743,#5774,.T.);
#5772 = VERTEX_POINT('',#5773);
#5773 = CARTESIAN_POINT('',(50.570686162,12.940081186162,1.5));
#5774 = SURFACE_CURVE('',#5775,(#5780,#5787),.PCURVE_S1.);
#5775 = CIRCLE('',#5776,52.2);
#5776 = AXIS2_PLACEMENT_3D('',#5777,#5778,#5779);
#5777 = CARTESIAN_POINT('',(0.,0.,1.5));
#5778 = DIRECTION('',(0.,-0.,1.));
#5779 = DIRECTION('',(0.984807753012,0.173648177667,0.));
#5780 = PCURVE('',#2113,#5781);
#5781 = DEFINITIONAL_REPRESENTATION('',(#5782),#5786);
#5782 = LINE('',#5783,#5784);
#5783 = CARTESIAN_POINT('',(0.,9.6));
#5784 = VECTOR('',#5785,1.);
#5785 = DIRECTION('',(1.,0.));
#5786 = ( GEOMETRIC_REPRESENTATION_CONTEXT(2) 
PARAMETRIC_REPRESENTATION_CONTEXT() REPRESENTATION_CONTEXT('2D SPACE',''
  ) );
#5787 = PCURVE('',#5788,#5793);
#5788 = PLANE('',#5789);
#5789 = AXIS2_PLACEMENT_3D('',#5790,#5791,#5792);
#5790 = CARTESIAN_POINT('',(52.057696586142,5.24193441027,1.5));
#5791 = DIRECTION('',(0.,0.,1.));
#5792 = DIRECTION('',(1.,5.168968399631E-18,0.));
#5793 = DEFINITIONAL_REPRESENTATION('',(#5794),#5798);
#5794 = CIRCLE('',#5795,52.2);
#5795 = AXIS2_PLACEMENT_2D('',#5796,#5797);
#5796 = CARTESIAN_POINT('',(-52.05769658614,-5.24193441027));
#5797 = DIRECTION('',(0.984807753012,0.173648177667));
#5798 = ( GEOMETRIC_REPRESENTATION_CONTEXT(2) 
PARAMETRIC_REPRESENTATION_CONTEXT() REPRESENTATION_CONTEXT('2D SPACE',''
  ) );
#5799 = ORIENTED_EDGE('',*,*,#5800,.F.);
#5800 = EDGE_CURVE('',#5801,#5772,#5803,.T.);
#5801 = VERTEX_POINT('',#5802);
#5802 = CARTESIAN_POINT('',(50.974224115967,11.245820369151,1.5));
#5803 = SURFACE_CURVE('',#5804,(#5809,#5816),.PCURVE_S1.);
#5804 = CIRCLE('',#5805,52.2);
#5805 = AXIS2_PLACEMENT_3D('',#5806,#5807,#5808);
#5806 = CARTESIAN_POINT('',(0.,0.,1.5));
#5807 = DIRECTION('',(0.,-0.,1.));
#5808 = DIRECTION('',(0.984807753012,0.173648177667,0.));
#5809 = PCURVE('',#2113,#5810);
#5810 = DEFINITIONAL_REPRESENTATION('',(#5811),#5815);
#5811 = LINE('',#5812,#5813);
#5812 = CARTESIAN_POINT('',(0.,9.6));
#5813 = VECTOR('',#5814,1.);
#5814 = DIRECTION('',(1.,0.));
#5815 = ( GEOMETRIC_REPRESENTATION_CONTEXT(2) 
PARAMETRIC_REPRESENTATION_CONTEXT() REPRESENTATION_CONTEXT('2D SPACE',''
  ) );
#5816 = PCURVE('',#5817,#5822);
#5817 = PLANE('',#5818);
#5818 = AXIS2_PLACEMENT_3D('',#5819,#5820,#5821);
#5819 = CARTESIAN_POINT('',(52.057696586142,5.24193441027,1.5));
#5820 = DIRECTION('',(0.,0.,1.));
#5821 = DIRECTION('',(1.,5.168968399631E-18,0.));
#5822 = DEFINITIONAL_REPRESENTATION('',(#5823),#5827);
#5823 = CIRCLE('',#5824,52.2);
#5824 = AXIS2_PLACEMENT_2D('',#5825,#5826);
#5825 = CARTESIAN_POINT('',(-52.05769658614,-5.24193441027));
#5826 = DIRECTION('',(0.984807753012,0.173648177667));
#5827 = ( GEOMETRIC_REPRESENTATION_CONTEXT(2) 
PARAMETRIC_REPRESENTATION_CONTEXT() REPRESENTATION_CONTEXT('2D SPACE',''
  ) );
#5828 = ORIENTED_EDGE('',*,*,#5829,.F.);
#5829 = EDGE_CURVE('',#3972,#5801,#5830,.T.);
#5830 = SURFACE_CURVE('',#5831,(#5836,#5843),.PCURVE_S1.);
#5831 = CIRCLE('',#5832,52.2);
#5832 = AXIS2_PLACEMENT_3D('',#5833,#5834,#5835);
#5833 = CARTESIAN_POINT('',(0.,0.,1.5));
#5834 = DIRECTION('',(0.,-0.,1.));
#5835 = DIRECTION('',(0.984807753012,0.173648177667,0.));
#5836 = PCURVE('',#2113,#5837);
#5837 = DEFINITIONAL_REPRESENTATION('',(#5838),#5842);
#5838 = LINE('',#5839,#5840);
#5839 = CARTESIAN_POINT('',(0.,9.6));
#5840 = VECTOR('',#5841,1.);
#5841 = DIRECTION('',(1.,0.));
#5842 = ( GEOMETRIC_REPRESENTATION_CONTEXT(2) 
PARAMETRIC_REPRESENTATION_CONTEXT() REPRESENTATION_CONTEXT('2D SPACE',''
  ) );
#5843 = PCURVE('',#5844,#5849);
#5844 = PLANE('',#5845);
#5845 = AXIS2_PLACEMENT_3D('',#5846,#5847,#5848);
#5846 = CARTESIAN_POINT('',(52.057696586142,5.24193441027,1.5));
#5847 = DIRECTION('',(0.,0.,1.));
#5848 = DIRECTION('',(1.,5.168968399631E-18,0.));
#5849 = DEFINITIONAL_REPRESENTATION('',(#5850),#5854);
#5850 = CIRCLE('',#5851,52.2);
#5851 = AXIS2_PLACEMENT_2D('',#5852,#5853);
#5852 = CARTESIAN_POINT('',(-52.05769658614,-5.24193441027));
#5853 = DIRECTION('',(0.984807753012,0.173648177667));
#5854 = ( GEOMETRIC_REPRESENTATION_CONTEXT(2) 
PARAMETRIC_REPRESENTATION_CONTEXT() REPRESENTATION_CONTEXT('2D SPACE',''
  ) );
#5855 = ADVANCED_FACE('',(#5856),#2086,.T.);
#5856 = FACE_BOUND('',#5857,.T.);
#5857 = EDGE_LOOP('',(#5858,#5859,#5860,#5861,#5862,#5863,#5864,#5865,
    #5866,#5867,#5868,#5869,#5870,#5871,#5872,#5873,#5874,#5875,#5876,
    #5877,#5906,#5935,#5964,#5993,#6022,#6051,#6080,#6109,#6138,#6167,
    #6196,#6225,#6254,#6283,#6312,#6341));
#5858 = ORIENTED_EDGE('',*,*,#2070,.T.);
#5859 = ORIENTED_EDGE('',*,*,#2128,.T.);
#5860 = ORIENTED_EDGE('',*,*,#2153,.T.);
#5861 = ORIENTED_EDGE('',*,*,#2178,.T.);
#5862 = ORIENTED_EDGE('',*,*,#2203,.T.);
#5863 = ORIENTED_EDGE('',*,*,#2228,.T.);
#5864 = ORIENTED_EDGE('',*,*,#2253,.T.);
#5865 = ORIENTED_EDGE('',*,*,#2278,.T.);
#5866 = ORIENTED_EDGE('',*,*,#2303,.T.);
#5867 = ORIENTED_EDGE('',*,*,#2328,.T.);
#5868 = ORIENTED_EDGE('',*,*,#2353,.T.);
#5869 = ORIENTED_EDGE('',*,*,#2378,.T.);
#5870 = ORIENTED_EDGE('',*,*,#2403,.T.);
#5871 = ORIENTED_EDGE('',*,*,#2428,.T.);
#5872 = ORIENTED_EDGE('',*,*,#2453,.T.);
#5873 = ORIENTED_EDGE('',*,*,#2478,.T.);
#5874 = ORIENTED_EDGE('',*,*,#2503,.T.);
#5875 = ORIENTED_EDGE('',*,*,#2528,.T.);
#5876 = ORIENTED_EDGE('',*,*,#2553,.T.);
#5877 = ORIENTED_EDGE('',*,*,#5878,.F.);
#5878 = EDGE_CURVE('',#5879,#2554,#5881,.T.);
#5879 = VERTEX_POINT('',#5880);
#5880 = CARTESIAN_POINT('',(-40.03914478295,33.491892825725,5.));
#5881 = SURFACE_CURVE('',#5882,(#5887,#5894),.PCURVE_S1.);
#5882 = CIRCLE('',#5883,52.2);
#5883 = AXIS2_PLACEMENT_3D('',#5884,#5885,#5886);
#5884 = CARTESIAN_POINT('',(0.,0.,5.));
#5885 = DIRECTION('',(0.,-0.,1.));
#5886 = DIRECTION('',(0.984807753012,0.173648177667,0.));
#5887 = PCURVE('',#2086,#5888);
#5888 = DEFINITIONAL_REPRESENTATION('',(#5889),#5893);
#5889 = CIRCLE('',#5890,52.2);
#5890 = AXIS2_PLACEMENT_2D('',#5891,#5892);
#5891 = CARTESIAN_POINT('',(0.,0.));
#5892 = DIRECTION('',(1.,-4.74729883959E-18));
#5893 = ( GEOMETRIC_REPRESENTATION_CONTEXT(2) 
PARAMETRIC_REPRESENTATION_CONTEXT() REPRESENTATION_CONTEXT('2D SPACE',''
  ) );
#5894 = PCURVE('',#5895,#5900);
#5895 = PLANE('',#5896);
#5896 = AXIS2_PLACEMENT_3D('',#5897,#5898,#5899);
#5897 = CARTESIAN_POINT('',(-30.56849665733,42.462320500966,5.));
#5898 = DIRECTION('',(0.,0.,1.));
#5899 = DIRECTION('',(-0.5,0.866025403784,0.));
#5900 = DEFINITIONAL_REPRESENTATION('',(#5901),#5905);
#5901 = CIRCLE('',#5902,52.2);
#5902 = AXIS2_PLACEMENT_2D('',#5903,#5904);
#5903 = CARTESIAN_POINT('',(-52.05769658614,-5.24193441027));
#5904 = DIRECTION('',(-0.342020143326,-0.939692620786));
#5905 = ( GEOMETRIC_REPRESENTATION_CONTEXT(2) 
PARAMETRIC_REPRESENTATION_CONTEXT() REPRESENTATION_CONTEXT('2D SPACE',''
  ) );
#5906 = ORIENTED_EDGE('',*,*,#5907,.F.);
#5907 = EDGE_CURVE('',#5908,#5879,#5910,.T.);
#5908 = VERTEX_POINT('',#5909);
#5909 = CARTESIAN_POINT('',(-38.89955561266,34.808972595257,5.));
#5910 = SURFACE_CURVE('',#5911,(#5916,#5923),.PCURVE_S1.);
#5911 = CIRCLE('',#5912,52.2);
#5912 = AXIS2_PLACEMENT_3D('',#5913,#5914,#5915);
#5913 = CARTESIAN_POINT('',(0.,0.,5.));
#5914 = DIRECTION('',(0.,-0.,1.));
#5915 = DIRECTION('',(0.984807753012,0.173648177667,0.));
#5916 = PCURVE('',#2086,#5917);
#5917 = DEFINITIONAL_REPRESENTATION('',(#5918),#5922);
#5918 = CIRCLE('',#5919,52.2);
#5919 = AXIS2_PLACEMENT_2D('',#5920,#5921);
#5920 = CARTESIAN_POINT('',(0.,0.));
#5921 = DIRECTION('',(1.,-4.74729883959E-18));
#5922 = ( GEOMETRIC_REPRESENTATION_CONTEXT(2) 
PARAMETRIC_REPRESENTATION_CONTEXT() REPRESENTATION_CONTEXT('2D SPACE',''
  ) );
#5923 = PCURVE('',#5924,#5929);
#5924 = PLANE('',#5925);
#5925 = AXIS2_PLACEMENT_3D('',#5926,#5927,#5928);
#5926 = CARTESIAN_POINT('',(-30.56849665733,42.462320500966,5.));
#5927 = DIRECTION('',(0.,0.,1.));
#5928 = DIRECTION('',(-0.5,0.866025403784,0.));
#5929 = DEFINITIONAL_REPRESENTATION('',(#5930),#5934);
#5930 = CIRCLE('',#5931,52.2);
#5931 = AXIS2_PLACEMENT_2D('',#5932,#5933);
#5932 = CARTESIAN_POINT('',(-52.05769658614,-5.24193441027));
#5933 = DIRECTION('',(-0.342020143326,-0.939692620786));
#5934 = ( GEOMETRIC_REPRESENTATION_CONTEXT(2) 
PARAMETRIC_REPRESENTATION_CONTEXT() REPRESENTATION_CONTEXT('2D SPACE',''
  ) );
#5935 = ORIENTED_EDGE('',*,*,#5936,.F.);
#5936 = EDGE_CURVE('',#5937,#5908,#5939,.T.);
#5937 = VERTEX_POINT('',#5938);
#5938 = CARTESIAN_POINT('',(-37.71666244764,36.08730211322,5.));
#5939 = SURFACE_CURVE('',#5940,(#5945,#5952),.PCURVE_S1.);
#5940 = CIRCLE('',#5941,52.2);
#5941 = AXIS2_PLACEMENT_3D('',#5942,#5943,#5944);
#5942 = CARTESIAN_POINT('',(0.,0.,5.));
#5943 = DIRECTION('',(0.,-0.,1.));
#5944 = DIRECTION('',(0.984807753012,0.173648177667,0.));
#5945 = PCURVE('',#2086,#5946);
#5946 = DEFINITIONAL_REPRESENTATION('',(#5947),#5951);
#5947 = CIRCLE('',#5948,52.2);
#5948 = AXIS2_PLACEMENT_2D('',#5949,#5950);
#5949 = CARTESIAN_POINT('',(0.,0.));
#5950 = DIRECTION('',(1.,-4.74729883959E-18));
#5951 = ( GEOMETRIC_REPRESENTATION_CONTEXT(2) 
PARAMETRIC_REPRESENTATION_CONTEXT() REPRESENTATION_CONTEXT('2D SPACE',''
  ) );
#5952 = PCURVE('',#5953,#5958);
#5953 = PLANE('',#5954);
#5954 = AXIS2_PLACEMENT_3D('',#5955,#5956,#5957);
#5955 = CARTESIAN_POINT('',(-30.56849665733,42.462320500966,5.));
#5956 = DIRECTION('',(0.,0.,1.));
#5957 = DIRECTION('',(-0.5,0.866025403784,0.));
#5958 = DEFINITIONAL_REPRESENTATION('',(#5959),#5963);
#5959 = CIRCLE('',#5960,52.2);
#5960 = AXIS2_PLACEMENT_2D('',#5961,#5962);
#5961 = CARTESIAN_POINT('',(-52.05769658614,-5.24193441027));
#5962 = DIRECTION('',(-0.342020143326,-0.939692620786));
#5963 = ( GEOMETRIC_REPRESENTATION_CONTEXT(2) 
PARAMETRIC_REPRESENTATION_CONTEXT() REPRESENTATION_CONTEXT('2D SPACE',''
  ) );
#5964 = ORIENTED_EDGE('',*,*,#5965,.F.);
#5965 = EDGE_CURVE('',#5966,#5937,#5968,.T.);
#5966 = VERTEX_POINT('',#5967);
#5967 = CARTESIAN_POINT('',(-36.49178211525,37.325458310021,5.));
#5968 = SURFACE_CURVE('',#5969,(#5974,#5981),.PCURVE_S1.);
#5969 = CIRCLE('',#5970,52.2);
#5970 = AXIS2_PLACEMENT_3D('',#5971,#5972,#5973);
#5971 = CARTESIAN_POINT('',(0.,0.,5.));
#5972 = DIRECTION('',(0.,-0.,1.));
#5973 = DIRECTION('',(0.984807753012,0.173648177667,0.));
#5974 = PCURVE('',#2086,#5975);
#5975 = DEFINITIONAL_REPRESENTATION('',(#5976),#5980);
#5976 = CIRCLE('',#5977,52.2);
#5977 = AXIS2_PLACEMENT_2D('',#5978,#5979);
#5978 = CARTESIAN_POINT('',(0.,0.));
#5979 = DIRECTION('',(1.,-4.74729883959E-18));
#5980 = ( GEOMETRIC_REPRESENTATION_CONTEXT(2) 
PARAMETRIC_REPRESENTATION_CONTEXT() REPRESENTATION_CONTEXT('2D SPACE',''
  ) );
#5981 = PCURVE('',#5982,#5987);
#5982 = PLANE('',#5983);
#5983 = AXIS2_PLACEMENT_3D('',#5984,#5985,#5986);
#5984 = CARTESIAN_POINT('',(-30.56849665733,42.462320500966,5.));
#5985 = DIRECTION('',(0.,0.,1.));
#5986 = DIRECTION('',(-0.5,0.866025403784,0.));
#5987 = DEFINITIONAL_REPRESENTATION('',(#5988),#5992);
#5988 = CIRCLE('',#5989,52.2);
#5989 = AXIS2_PLACEMENT_2D('',#5990,#5991);
#5990 = CARTESIAN_POINT('',(-52.05769658614,-5.24193441027));
#5991 = DIRECTION('',(-0.342020143326,-0.939692620786));
#5992 = ( GEOMETRIC_REPRESENTATION_CONTEXT(2) 
PARAMETRIC_REPRESENTATION_CONTEXT() REPRESENTATION_CONTEXT('2D SPACE',''
  ) );
#5993 = ORIENTED_EDGE('',*,*,#5994,.F.);
#5994 = EDGE_CURVE('',#5995,#5966,#5997,.T.);
#5995 = VERTEX_POINT('',#5996);
#5996 = CARTESIAN_POINT('',(-35.22627818406,38.522062838053,5.));
#5997 = SURFACE_CURVE('',#5998,(#6003,#6010),.PCURVE_S1.);
#5998 = CIRCLE('',#5999,52.2);
#5999 = AXIS2_PLACEMENT_3D('',#6000,#6001,#6002);
#6000 = CARTESIAN_POINT('',(0.,0.,5.));
#6001 = DIRECTION('',(0.,-0.,1.));
#6002 = DIRECTION('',(0.984807753012,0.173648177667,0.));
#6003 = PCURVE('',#2086,#6004);
#6004 = DEFINITIONAL_REPRESENTATION('',(#6005),#6009);
#6005 = CIRCLE('',#6006,52.2);
#6006 = AXIS2_PLACEMENT_2D('',#6007,#6008);
#6007 = CARTESIAN_POINT('',(0.,0.));
#6008 = DIRECTION('',(1.,-4.74729883959E-18));
#6009 = ( GEOMETRIC_REPRESENTATION_CONTEXT(2) 
PARAMETRIC_REPRESENTATION_CONTEXT() REPRESENTATION_CONTEXT('2D SPACE',''
  ) );
#6010 = PCURVE('',#6011,#6016);
#6011 = PLANE('',#6012);
#6012 = AXIS2_PLACEMENT_3D('',#6013,#6014,#6015);
#6013 = CARTESIAN_POINT('',(-30.56849665733,42.462320500966,5.));
#6014 = DIRECTION('',(0.,0.,1.));
#6015 = DIRECTION('',(-0.5,0.866025403784,0.));
#6016 = DEFINITIONAL_REPRESENTATION('',(#6017),#6021);
#6017 = CIRCLE('',#6018,52.2);
#6018 = AXIS2_PLACEMENT_2D('',#6019,#6020);
#6019 = CARTESIAN_POINT('',(-52.05769658614,-5.24193441027));
#6020 = DIRECTION('',(-0.342020143326,-0.939692620786));
#6021 = ( GEOMETRIC_REPRESENTATION_CONTEXT(2) 
PARAMETRIC_REPRESENTATION_CONTEXT() REPRESENTATION_CONTEXT('2D SPACE',''
  ) );
#6022 = ORIENTED_EDGE('',*,*,#6023,.F.);
#6023 = EDGE_CURVE('',#6024,#5995,#6026,.T.);
#6024 = VERTEX_POINT('',#6025);
#6025 = CARTESIAN_POINT('',(-33.92155944589,39.675783606104,5.));
#6026 = SURFACE_CURVE('',#6027,(#6032,#6039),.PCURVE_S1.);
#6027 = CIRCLE('',#6028,52.2);
#6028 = AXIS2_PLACEMENT_3D('',#6029,#6030,#6031);
#6029 = CARTESIAN_POINT('',(0.,0.,5.));
#6030 = DIRECTION('',(0.,-0.,1.));
#6031 = DIRECTION('',(0.984807753012,0.173648177667,0.));
#6032 = PCURVE('',#2086,#6033);
#6033 = DEFINITIONAL_REPRESENTATION('',(#6034),#6038);
#6034 = CIRCLE('',#6035,52.2);
#6035 = AXIS2_PLACEMENT_2D('',#6036,#6037);
#6036 = CARTESIAN_POINT('',(0.,0.));
#6037 = DIRECTION('',(1.,-4.74729883959E-18));
#6038 = ( GEOMETRIC_REPRESENTATION_CONTEXT(2) 
PARAMETRIC_REPRESENTATION_CONTEXT() REPRESENTATION_CONTEXT('2D SPACE',''
  ) );
#6039 = PCURVE('',#6040,#6045);
#6040 = PLANE('',#6041);
#6041 = AXIS2_PLACEMENT_3D('',#6042,#6043,#6044);
#6042 = CARTESIAN_POINT('',(-30.56849665733,42.462320500966,5.));
#6043 = DIRECTION('',(0.,0.,1.));
#6044 = DIRECTION('',(-0.5,0.866025403784,0.));
#6045 = DEFINITIONAL_REPRESENTATION('',(#6046),#6050);
#6046 = CIRCLE('',#6047,52.2);
#6047 = AXIS2_PLACEMENT_2D('',#6048,#6049);
#6048 = CARTESIAN_POINT('',(-52.05769658614,-5.24193441027));
#6049 = DIRECTION('',(-0.342020143326,-0.939692620786));
#6050 = ( GEOMETRIC_REPRESENTATION_CONTEXT(2) 
PARAMETRIC_REPRESENTATION_CONTEXT() REPRESENTATION_CONTEXT('2D SPACE',''
  ) );
#6051 = ORIENTED_EDGE('',*,*,#6052,.F.);
#6052 = EDGE_CURVE('',#6053,#6024,#6055,.T.);
#6053 = VERTEX_POINT('',#6054);
#6054 = CARTESIAN_POINT('',(-32.5790783475,40.785336262276,5.));
#6055 = SURFACE_CURVE('',#6056,(#6061,#6068),.PCURVE_S1.);
#6056 = CIRCLE('',#6057,52.2);
#6057 = AXIS2_PLACEMENT_3D('',#6058,#6059,#6060);
#6058 = CARTESIAN_POINT('',(0.,0.,5.));
#6059 = DIRECTION('',(0.,-0.,1.));
#6060 = DIRECTION('',(0.984807753012,0.173648177667,0.));
#6061 = PCURVE('',#2086,#6062);
#6062 = DEFINITIONAL_REPRESENTATION('',(#6063),#6067);
#6063 = CIRCLE('',#6064,52.2);
#6064 = AXIS2_PLACEMENT_2D('',#6065,#6066);
#6065 = CARTESIAN_POINT('',(0.,0.));
#6066 = DIRECTION('',(1.,-4.74729883959E-18));
#6067 = ( GEOMETRIC_REPRESENTATION_CONTEXT(2) 
PARAMETRIC_REPRESENTATION_CONTEXT() REPRESENTATION_CONTEXT('2D SPACE',''
  ) );
#6068 = PCURVE('',#6069,#6074);
#6069 = PLANE('',#6070);
#6070 = AXIS2_PLACEMENT_3D('',#6071,#6072,#6073);
#6071 = CARTESIAN_POINT('',(-30.56849665733,42.462320500966,5.));
#6072 = DIRECTION('',(0.,0.,1.));
#6073 = DIRECTION('',(-0.5,0.866025403784,0.));
#6074 = DEFINITIONAL_REPRESENTATION('',(#6075),#6079);
#6075 = CIRCLE('',#6076,52.2);
#6076 = AXIS2_PLACEMENT_2D('',#6077,#6078);
#6077 = CARTESIAN_POINT('',(-52.05769658614,-5.24193441027));
#6078 = DIRECTION('',(-0.342020143326,-0.939692620786));
#6079 = ( GEOMETRIC_REPRESENTATION_CONTEXT(2) 
PARAMETRIC_REPRESENTATION_CONTEXT() REPRESENTATION_CONTEXT('2D SPACE',''
  ) );
#6080 = ORIENTED_EDGE('',*,*,#6081,.F.);
#6081 = EDGE_CURVE('',#6082,#6053,#6084,.T.);
#6082 = VERTEX_POINT('',#6083);
#6083 = CARTESIAN_POINT('',(-31.20032937369,41.849485623759,5.));
#6084 = SURFACE_CURVE('',#6085,(#6090,#6097),.PCURVE_S1.);
#6085 = CIRCLE('',#6086,52.2);
#6086 = AXIS2_PLACEMENT_3D('',#6087,#6088,#6089);
#6087 = CARTESIAN_POINT('',(0.,0.,5.));
#6088 = DIRECTION('',(0.,-0.,1.));
#6089 = DIRECTION('',(0.984807753012,0.173648177667,0.));
#6090 = PCURVE('',#2086,#6091);
#6091 = DEFINITIONAL_REPRESENTATION('',(#6092),#6096);
#6092 = CIRCLE('',#6093,52.2);
#6093 = AXIS2_PLACEMENT_2D('',#6094,#6095);
#6094 = CARTESIAN_POINT('',(0.,0.));
#6095 = DIRECTION('',(1.,-4.74729883959E-18));
#6096 = ( GEOMETRIC_REPRESENTATION_CONTEXT(2) 
PARAMETRIC_REPRESENTATION_CONTEXT() REPRESENTATION_CONTEXT('2D SPACE',''
  ) );
#6097 = PCURVE('',#6098,#6103);
#6098 = PLANE('',#6099);
#6099 = AXIS2_PLACEMENT_3D('',#6100,#6101,#6102);
#6100 = CARTESIAN_POINT('',(-30.56849665733,42.462320500966,5.));
#6101 = DIRECTION('',(0.,0.,1.));
#6102 = DIRECTION('',(-0.5,0.866025403784,0.));
#6103 = DEFINITIONAL_REPRESENTATION('',(#6104),#6108);
#6104 = CIRCLE('',#6105,52.2);
#6105 = AXIS2_PLACEMENT_2D('',#6106,#6107);
#6106 = CARTESIAN_POINT('',(-52.05769658614,-5.24193441027));
#6107 = DIRECTION('',(-0.342020143326,-0.939692620786));
#6108 = ( GEOMETRIC_REPRESENTATION_CONTEXT(2) 
PARAMETRIC_REPRESENTATION_CONTEXT() REPRESENTATION_CONTEXT('2D SPACE',''
  ) );
#6109 = ORIENTED_EDGE('',*,*,#6110,.F.);
#6110 = EDGE_CURVE('',#6111,#6082,#6113,.T.);
#6111 = VERTEX_POINT('',#6112);
#6112 = CARTESIAN_POINT('',(-29.78684738357,42.867047051872,5.));
#6113 = SURFACE_CURVE('',#6114,(#6119,#6126),.PCURVE_S1.);
#6114 = CIRCLE('',#6115,52.2);
#6115 = AXIS2_PLACEMENT_3D('',#6116,#6117,#6118);
#6116 = CARTESIAN_POINT('',(0.,0.,5.));
#6117 = DIRECTION('',(0.,-0.,1.));
#6118 = DIRECTION('',(0.984807753012,0.173648177667,0.));
#6119 = PCURVE('',#2086,#6120);
#6120 = DEFINITIONAL_REPRESENTATION('',(#6121),#6125);
#6121 = CIRCLE('',#6122,52.2);
#6122 = AXIS2_PLACEMENT_2D('',#6123,#6124);
#6123 = CARTESIAN_POINT('',(0.,0.));
#6124 = DIRECTION('',(1.,-4.74729883959E-18));
#6125 = ( GEOMETRIC_REPRESENTATION_CONTEXT(2) 
PARAMETRIC_REPRESENTATION_CONTEXT() REPRESENTATION_CONTEXT('2D SPACE',''
  ) );
#6126 = PCURVE('',#6127,#6132);
#6127 = PLANE('',#6128);
#6128 = AXIS2_PLACEMENT_3D('',#6129,#6130,#6131);
#6129 = CARTESIAN_POINT('',(-30.56849665733,42.462320500966,5.));
#6130 = DIRECTION('',(0.,0.,1.));
#6131 = DIRECTION('',(-0.5,0.866025403784,0.));
#6132 = DEFINITIONAL_REPRESENTATION('',(#6133),#6137);
#6133 = CIRCLE('',#6134,52.2);
#6134 = AXIS2_PLACEMENT_2D('',#6135,#6136);
#6135 = CARTESIAN_POINT('',(-52.05769658614,-5.24193441027));
#6136 = DIRECTION('',(-0.342020143326,-0.939692620786));
#6137 = ( GEOMETRIC_REPRESENTATION_CONTEXT(2) 
PARAMETRIC_REPRESENTATION_CONTEXT() REPRESENTATION_CONTEXT('2D SPACE',''
  ) );
#6138 = ORIENTED_EDGE('',*,*,#6139,.F.);
#6139 = EDGE_CURVE('',#6140,#6111,#6142,.T.);
#6140 = VERTEX_POINT('',#6141);
#6141 = CARTESIAN_POINT('',(-28.340205902,43.836887770826,5.));
#6142 = SURFACE_CURVE('',#6143,(#6148,#6155),.PCURVE_S1.);
#6143 = CIRCLE('',#6144,52.2);
#6144 = AXIS2_PLACEMENT_3D('',#6145,#6146,#6147);
#6145 = CARTESIAN_POINT('',(0.,0.,5.));
#6146 = DIRECTION('',(0.,-0.,1.));
#6147 = DIRECTION('',(0.984807753012,0.173648177667,0.));
#6148 = PCURVE('',#2086,#6149);
#6149 = DEFINITIONAL_REPRESENTATION('',(#6150),#6154);
#6150 = CIRCLE('',#6151,52.2);
#6151 = AXIS2_PLACEMENT_2D('',#6152,#6153);
#6152 = CARTESIAN_POINT('',(0.,0.));
#6153 = DIRECTION('',(1.,-4.74729883959E-18));
#6154 = ( GEOMETRIC_REPRESENTATION_CONTEXT(2) 
PARAMETRIC_REPRESENTATION_CONTEXT() REPRESENTATION_CONTEXT('2D SPACE',''
  ) );
#6155 = PCURVE('',#6156,#6161);
#6156 = PLANE('',#6157);
#6157 = AXIS2_PLACEMENT_3D('',#6158,#6159,#6160);
#6158 = CARTESIAN_POINT('',(-30.56849665733,42.462320500966,5.));
#6159 = DIRECTION('',(0.,0.,1.));
#6160 = DIRECTION('',(-0.5,0.866025403784,0.));
#6161 = DEFINITIONAL_REPRESENTATION('',(#6162),#6166);
#6162 = CIRCLE('',#6163,52.2);
#6163 = AXIS2_PLACEMENT_2D('',#6164,#6165);
#6164 = CARTESIAN_POINT('',(-52.05769658614,-5.24193441027));
#6165 = DIRECTION('',(-0.342020143326,-0.939692620786));
#6166 = ( GEOMETRIC_REPRESENTATION_CONTEXT(2) 
PARAMETRIC_REPRESENTATION_CONTEXT() REPRESENTATION_CONTEXT('2D SPACE',''
  ) );
#6167 = ORIENTED_EDGE('',*,*,#6168,.F.);
#6168 = EDGE_CURVE('',#6169,#6140,#6171,.T.);
#6169 = VERTEX_POINT('',#6170);
#6170 = CARTESIAN_POINT('',(-26.8620153678,44.757928128766,5.));
#6171 = SURFACE_CURVE('',#6172,(#6177,#6184),.PCURVE_S1.);
#6172 = CIRCLE('',#6173,52.2);
#6173 = AXIS2_PLACEMENT_3D('',#6174,#6175,#6176);
#6174 = CARTESIAN_POINT('',(0.,0.,5.));
#6175 = DIRECTION('',(0.,-0.,1.));
#6176 = DIRECTION('',(0.984807753012,0.173648177667,0.));
#6177 = PCURVE('',#2086,#6178);
#6178 = DEFINITIONAL_REPRESENTATION('',(#6179),#6183);
#6179 = CIRCLE('',#6180,52.2);
#6180 = AXIS2_PLACEMENT_2D('',#6181,#6182);
#6181 = CARTESIAN_POINT('',(0.,0.));
#6182 = DIRECTION('',(1.,-4.74729883959E-18));
#6183 = ( GEOMETRIC_REPRESENTATION_CONTEXT(2) 
PARAMETRIC_REPRESENTATION_CONTEXT() REPRESENTATION_CONTEXT('2D SPACE',''
  ) );
#6184 = PCURVE('',#6185,#6190);
#6185 = PLANE('',#6186);
#6186 = AXIS2_PLACEMENT_3D('',#6187,#6188,#6189);
#6187 = CARTESIAN_POINT('',(-30.56849665733,42.462320500966,5.));
#6188 = DIRECTION('',(0.,0.,1.));
#6189 = DIRECTION('',(-0.5,0.866025403784,0.));
#6190 = DEFINITIONAL_REPRESENTATION('',(#6191),#6195);
#6191 = CIRCLE('',#6192,52.2);
#6192 = AXIS2_PLACEMENT_2D('',#6193,#6194);
#6193 = CARTESIAN_POINT('',(-52.05769658614,-5.24193441027));
#6194 = DIRECTION('',(-0.342020143326,-0.939692620786));
#6195 = ( GEOMETRIC_REPRESENTATION_CONTEXT(2) 
PARAMETRIC_REPRESENTATION_CONTEXT() REPRESENTATION_CONTEXT('2D SPACE',''
  ) );
#6196 = ORIENTED_EDGE('',*,*,#6197,.F.);
#6197 = EDGE_CURVE('',#6198,#6169,#6200,.T.);
#6198 = VERTEX_POINT('',#6199);
#6199 = CARTESIAN_POINT('',(-25.35392134104,45.629142799666,5.));
#6200 = SURFACE_CURVE('',#6201,(#6206,#6213),.PCURVE_S1.);
#6201 = CIRCLE('',#6202,52.2);
#6202 = AXIS2_PLACEMENT_3D('',#6203,#6204,#6205);
#6203 = CARTESIAN_POINT('',(0.,0.,5.));
#6204 = DIRECTION('',(0.,-0.,1.));
#6205 = DIRECTION('',(0.984807753012,0.173648177667,0.));
#6206 = PCURVE('',#2086,#6207);
#6207 = DEFINITIONAL_REPRESENTATION('',(#6208),#6212);
#6208 = CIRCLE('',#6209,52.2);
#6209 = AXIS2_PLACEMENT_2D('',#6210,#6211);
#6210 = CARTESIAN_POINT('',(0.,0.));
#6211 = DIRECTION('',(1.,-4.74729883959E-18));
#6212 = ( GEOMETRIC_REPRESENTATION_CONTEXT(2) 
PARAMETRIC_REPRESENTATION_CONTEXT() REPRESENTATION_CONTEXT('2D SPACE',''
  ) );
#6213 = PCURVE('',#6214,#6219);
#6214 = PLANE('',#6215);
#6215 = AXIS2_PLACEMENT_3D('',#6216,#6217,#6218);
#6216 = CARTESIAN_POINT('',(-30.56849665733,42.462320500966,5.));
#6217 = DIRECTION('',(0.,0.,1.));
#6218 = DIRECTION('',(-0.5,0.866025403784,0.));
#6219 = DEFINITIONAL_REPRESENTATION('',(#6220),#6224);
#6220 = CIRCLE('',#6221,52.2);
#6221 = AXIS2_PLACEMENT_2D('',#6222,#6223);
#6222 = CARTESIAN_POINT('',(-52.05769658614,-5.24193441027));
#6223 = DIRECTION('',(-0.342020143326,-0.939692620786));
#6224 = ( GEOMETRIC_REPRESENTATION_CONTEXT(2) 
PARAMETRIC_REPRESENTATION_CONTEXT() REPRESENTATION_CONTEXT('2D SPACE',''
  ) );
#6225 = ORIENTED_EDGE('',*,*,#6226,.F.);
#6226 = EDGE_CURVE('',#6227,#6198,#6229,.T.);
#6227 = VERTEX_POINT('',#6228);
#6228 = CARTESIAN_POINT('',(-23.81760267111,46.449561924746,5.));
#6229 = SURFACE_CURVE('',#6230,(#6235,#6242),.PCURVE_S1.);
#6230 = CIRCLE('',#6231,52.2);
#6231 = AXIS2_PLACEMENT_3D('',#6232,#6233,#6234);
#6232 = CARTESIAN_POINT('',(0.,0.,5.));
#6233 = DIRECTION('',(0.,-0.,1.));
#6234 = DIRECTION('',(0.984807753012,0.173648177667,0.));
#6235 = PCURVE('',#2086,#6236);
#6236 = DEFINITIONAL_REPRESENTATION('',(#6237),#6241);
#6237 = CIRCLE('',#6238,52.2);
#6238 = AXIS2_PLACEMENT_2D('',#6239,#6240);
#6239 = CARTESIAN_POINT('',(0.,0.));
#6240 = DIRECTION('',(1.,-4.74729883959E-18));
#6241 = ( GEOMETRIC_REPRESENTATION_CONTEXT(2) 
PARAMETRIC_REPRESENTATION_CONTEXT() REPRESENTATION_CONTEXT('2D SPACE',''
  ) );
#6242 = PCURVE('',#6243,#6248);
#6243 = PLANE('',#6244);
#6244 = AXIS2_PLACEMENT_3D('',#6245,#6246,#6247);
#6245 = CARTESIAN_POINT('',(-30.56849665733,42.462320500966,5.));
#6246 = DIRECTION('',(0.,0.,1.));
#6247 = DIRECTION('',(-0.5,0.866025403784,0.));
#6248 = DEFINITIONAL_REPRESENTATION('',(#6249),#6253);
#6249 = CIRCLE('',#6250,52.2);
#6250 = AXIS2_PLACEMENT_2D('',#6251,#6252);
#6251 = CARTESIAN_POINT('',(-52.05769658614,-5.24193441027));
#6252 = DIRECTION('',(-0.342020143326,-0.939692620786));
#6253 = ( GEOMETRIC_REPRESENTATION_CONTEXT(2) 
PARAMETRIC_REPRESENTATION_CONTEXT() REPRESENTATION_CONTEXT('2D SPACE',''
  ) );
#6254 = ORIENTED_EDGE('',*,*,#6255,.F.);
#6255 = EDGE_CURVE('',#6256,#6227,#6258,.T.);
#6256 = VERTEX_POINT('',#6257);
#6257 = CARTESIAN_POINT('',(-22.25476962784,47.218272192146,5.));
#6258 = SURFACE_CURVE('',#6259,(#6264,#6271),.PCURVE_S1.);
#6259 = CIRCLE('',#6260,52.2);
#6260 = AXIS2_PLACEMENT_3D('',#6261,#6262,#6263);
#6261 = CARTESIAN_POINT('',(0.,0.,5.));
#6262 = DIRECTION('',(0.,-0.,1.));
#6263 = DIRECTION('',(0.984807753012,0.173648177667,0.));
#6264 = PCURVE('',#2086,#6265);
#6265 = DEFINITIONAL_REPRESENTATION('',(#6266),#6270);
#6266 = CIRCLE('',#6267,52.2);
#6267 = AXIS2_PLACEMENT_2D('',#6268,#6269);
#6268 = CARTESIAN_POINT('',(0.,0.));
#6269 = DIRECTION('',(1.,-4.74729883959E-18));
#6270 = ( GEOMETRIC_REPRESENTATION_CONTEXT(2) 
PARAMETRIC_REPRESENTATION_CONTEXT() REPRESENTATION_CONTEXT('2D SPACE',''
  ) );
#6271 = PCURVE('',#6272,#6277);
#6272 = PLANE('',#6273);
#6273 = AXIS2_PLACEMENT_3D('',#6274,#6275,#6276);
#6274 = CARTESIAN_POINT('',(-30.56849665733,42.462320500966,5.));
#6275 = DIRECTION('',(0.,0.,1.));
#6276 = DIRECTION('',(-0.5,0.866025403784,0.));
#6277 = DEFINITIONAL_REPRESENTATION('',(#6278),#6282);
#6278 = CIRCLE('',#6279,52.2);
#6279 = AXIS2_PLACEMENT_2D('',#6280,#6281);
#6280 = CARTESIAN_POINT('',(-52.05769658614,-5.24193441027));
#6281 = DIRECTION('',(-0.342020143326,-0.939692620786));
#6282 = ( GEOMETRIC_REPRESENTATION_CONTEXT(2) 
PARAMETRIC_REPRESENTATION_CONTEXT() REPRESENTATION_CONTEXT('2D SPACE',''
  ) );
#6283 = ORIENTED_EDGE('',*,*,#6284,.F.);
#6284 = EDGE_CURVE('',#6285,#6256,#6287,.T.);
#6285 = VERTEX_POINT('',#6286);
#6286 = CARTESIAN_POINT('',(-20.66716199752,47.934417853649,5.));
#6287 = SURFACE_CURVE('',#6288,(#6293,#6300),.PCURVE_S1.);
#6288 = CIRCLE('',#6289,52.2);
#6289 = AXIS2_PLACEMENT_3D('',#6290,#6291,#6292);
#6290 = CARTESIAN_POINT('',(0.,0.,5.));
#6291 = DIRECTION('',(0.,-0.,1.));
#6292 = DIRECTION('',(0.984807753012,0.173648177667,0.));
#6293 = PCURVE('',#2086,#6294);
#6294 = DEFINITIONAL_REPRESENTATION('',(#6295),#6299);
#6295 = CIRCLE('',#6296,52.2);
#6296 = AXIS2_PLACEMENT_2D('',#6297,#6298);
#6297 = CARTESIAN_POINT('',(0.,0.));
#6298 = DIRECTION('',(1.,-4.74729883959E-18));
#6299 = ( GEOMETRIC_REPRESENTATION_CONTEXT(2) 
PARAMETRIC_REPRESENTATION_CONTEXT() REPRESENTATION_CONTEXT('2D SPACE',''
  ) );
#6300 = PCURVE('',#6301,#6306);
#6301 = PLANE('',#6302);
#6302 = AXIS2_PLACEMENT_3D('',#6303,#6304,#6305);
#6303 = CARTESIAN_POINT('',(-30.56849665733,42.462320500966,5.));
#6304 = DIRECTION('',(0.,0.,1.));
#6305 = DIRECTION('',(-0.5,0.866025403784,0.));
#6306 = DEFINITIONAL_REPRESENTATION('',(#6307),#6311);
#6307 = CIRCLE('',#6308,52.2);
#6308 = AXIS2_PLACEMENT_2D('',#6309,#6310);
#6309 = CARTESIAN_POINT('',(-52.05769658614,-5.24193441027));
#6310 = DIRECTION('',(-0.342020143326,-0.939692620786));
#6311 = ( GEOMETRIC_REPRESENTATION_CONTEXT(2) 
PARAMETRIC_REPRESENTATION_CONTEXT() REPRESENTATION_CONTEXT('2D SPACE',''
  ) );
#6312 = ORIENTED_EDGE('',*,*,#6313,.F.);
#6313 = EDGE_CURVE('',#6314,#6285,#6316,.T.);
#6314 = VERTEX_POINT('',#6315);
#6315 = CARTESIAN_POINT('',(-19.05654714615,48.597201677322,5.));
#6316 = SURFACE_CURVE('',#6317,(#6322,#6329),.PCURVE_S1.);
#6317 = CIRCLE('',#6318,52.2);
#6318 = AXIS2_PLACEMENT_3D('',#6319,#6320,#6321);
#6319 = CARTESIAN_POINT('',(0.,0.,5.));
#6320 = DIRECTION('',(0.,-0.,1.));
#6321 = DIRECTION('',(0.984807753012,0.173648177667,0.));
#6322 = PCURVE('',#2086,#6323);
#6323 = DEFINITIONAL_REPRESENTATION('',(#6324),#6328);
#6324 = CIRCLE('',#6325,52.2);
#6325 = AXIS2_PLACEMENT_2D('',#6326,#6327);
#6326 = CARTESIAN_POINT('',(0.,0.));
#6327 = DIRECTION('',(1.,-4.74729883959E-18));
#6328 = ( GEOMETRIC_REPRESENTATION_CONTEXT(2) 
PARAMETRIC_REPRESENTATION_CONTEXT() REPRESENTATION_CONTEXT('2D SPACE',''
  ) );
#6329 = PCURVE('',#6330,#6335);
#6330 = PLANE('',#6331);
#6331 = AXIS2_PLACEMENT_3D('',#6332,#6333,#6334);
#6332 = CARTESIAN_POINT('',(-30.56849665733,42.462320500966,5.));
#6333 = DIRECTION('',(0.,0.,1.));
#6334 = DIRECTION('',(-0.5,0.866025403784,0.));
#6335 = DEFINITIONAL_REPRESENTATION('',(#6336),#6340);
#6336 = CIRCLE('',#6337,52.2);
#6337 = AXIS2_PLACEMENT_2D('',#6338,#6339);
#6338 = CARTESIAN_POINT('',(-52.05769658614,-5.24193441027));
#6339 = DIRECTION('',(-0.342020143326,-0.939692620786));
#6340 = ( GEOMETRIC_REPRESENTATION_CONTEXT(2) 
PARAMETRIC_REPRESENTATION_CONTEXT() REPRESENTATION_CONTEXT('2D SPACE',''
  ) );
#6341 = ORIENTED_EDGE('',*,*,#6342,.F.);
#6342 = EDGE_CURVE('',#2071,#6314,#6343,.T.);
#6343 = SURFACE_CURVE('',#6344,(#6349,#6356),.PCURVE_S1.);
#6344 = CIRCLE('',#6345,52.2);
#6345 = AXIS2_PLACEMENT_3D('',#6346,#6347,#6348);
#6346 = CARTESIAN_POINT('',(0.,0.,5.));
#6347 = DIRECTION('',(0.,-0.,1.));
#6348 = DIRECTION('',(0.984807753012,0.173648177667,0.));
#6349 = PCURVE('',#2086,#6350);
#6350 = DEFINITIONAL_REPRESENTATION('',(#6351),#6355);
#6351 = CIRCLE('',#6352,52.2);
#6352 = AXIS2_PLACEMENT_2D('',#6353,#6354);
#6353 = CARTESIAN_POINT('',(0.,0.));
#6354 = DIRECTION('',(1.,-4.74729883959E-18));
#6355 = ( GEOMETRIC_REPRESENTATION_CONTEXT(2) 
PARAMETRIC_REPRESENTATION_CONTEXT() REPRESENTATION_CONTEXT('2D SPACE',''
  ) );
#6356 = PCURVE('',#6357,#6362);
#6357 = PLANE('',#6358);
#6358 = AXIS2_PLACEMENT_3D('',#6359,#6360,#6361);
#6359 = CARTESIAN_POINT('',(-30.56849665733,42.462320500966,5.));
#6360 = DIRECTION('',(0.,0.,1.));
#6361 = DIRECTION('',(-0.5,0.866025403784,0.));
#6362 = DEFINITIONAL_REPRESENTATION('',(#6363),#6367);
#6363 = CIRCLE('',#6364,52.2);
#6364 = AXIS2_PLACEMENT_2D('',#6365,#6366);
#6365 = CARTESIAN_POINT('',(-52.05769658614,-5.24193441027));
#6366 = DIRECTION('',(-0.342020143326,-0.939692620786));
#6367 = ( GEOMETRIC_REPRESENTATION_CONTEXT(2) 
PARAMETRIC_REPRESENTATION_CONTEXT() REPRESENTATION_CONTEXT('2D SPACE',''
  ) );
#6368 = ADVANCED_FACE('',(#6369),#2593,.T.);
#6369 = FACE_BOUND('',#6370,.T.);
#6370 = EDGE_LOOP('',(#6371,#6372,#6373,#6402,#6431,#6460,#6489,#6518,
    #6547,#6576,#6605,#6634,#6663,#6692,#6721,#6750,#6779,#6808,#6837,
    #6864,#6865,#6866,#6867,#6868,#6869,#6870,#6871,#6872,#6873,#6874,
    #6875,#6876,#6877,#6878,#6879,#6880));
#6371 = ORIENTED_EDGE('',*,*,#3031,.T.);
#6372 = ORIENTED_EDGE('',*,*,#3103,.T.);
#6373 = ORIENTED_EDGE('',*,*,#6374,.F.);
#6374 = EDGE_CURVE('',#6375,#3080,#6377,.T.);
#6375 = VERTEX_POINT('',#6376);
#6376 = CARTESIAN_POINT('',(-8.985257616428,-51.4208629407,5.));
#6377 = SURFACE_CURVE('',#6378,(#6383,#6390),.PCURVE_S1.);
#6378 = CIRCLE('',#6379,52.2);
#6379 = AXIS2_PLACEMENT_3D('',#6380,#6381,#6382);
#6380 = CARTESIAN_POINT('',(0.,0.,5.));
#6381 = DIRECTION('',(0.,-0.,1.));
#6382 = DIRECTION('',(0.984807753012,0.173648177667,0.));
#6383 = PCURVE('',#2593,#6384);
#6384 = DEFINITIONAL_REPRESENTATION('',(#6385),#6389);
#6385 = CIRCLE('',#6386,52.2);
#6386 = AXIS2_PLACEMENT_2D('',#6387,#6388);
#6387 = CARTESIAN_POINT('',(0.,0.));
#6388 = DIRECTION('',(1.,-4.74729883959E-18));
#6389 = ( GEOMETRIC_REPRESENTATION_CONTEXT(2) 
PARAMETRIC_REPRESENTATION_CONTEXT() REPRESENTATION_CONTEXT('2D SPACE',''
  ) );
#6390 = PCURVE('',#6391,#6396);
#6391 = PLANE('',#6392);
#6392 = AXIS2_PLACEMENT_3D('',#6393,#6394,#6395);
#6393 = CARTESIAN_POINT('',(-21.4891999288,-47.70425491123,5.));
#6394 = DIRECTION('',(0.,0.,1.));
#6395 = DIRECTION('',(-0.5,-0.866025403784,0.));
#6396 = DEFINITIONAL_REPRESENTATION('',(#6397),#6401);
#6397 = CIRCLE('',#6398,52.2);
#6398 = AXIS2_PLACEMENT_2D('',#6399,#6400);
#6399 = CARTESIAN_POINT('',(-52.05769658614,-5.24193441027));
#6400 = DIRECTION('',(-0.642787609687,0.766044443119));
#6401 = ( GEOMETRIC_REPRESENTATION_CONTEXT(2) 
PARAMETRIC_REPRESENTATION_CONTEXT() REPRESENTATION_CONTEXT('2D SPACE',''
  ) );
#6402 = ORIENTED_EDGE('',*,*,#6403,.F.);
#6403 = EDGE_CURVE('',#6404,#6375,#6406,.T.);
#6404 = VERTEX_POINT('',#6405);
#6405 = CARTESIAN_POINT('',(-10.69567674079,-51.09248965412,5.));
#6406 = SURFACE_CURVE('',#6407,(#6412,#6419),.PCURVE_S1.);
#6407 = CIRCLE('',#6408,52.2);
#6408 = AXIS2_PLACEMENT_3D('',#6409,#6410,#6411);
#6409 = CARTESIAN_POINT('',(0.,0.,5.));
#6410 = DIRECTION('',(0.,-0.,1.));
#6411 = DIRECTION('',(0.984807753012,0.173648177667,0.));
#6412 = PCURVE('',#2593,#6413);
#6413 = DEFINITIONAL_REPRESENTATION('',(#6414),#6418);
#6414 = CIRCLE('',#6415,52.2);
#6415 = AXIS2_PLACEMENT_2D('',#6416,#6417);
#6416 = CARTESIAN_POINT('',(0.,0.));
#6417 = DIRECTION('',(1.,-4.74729883959E-18));
#6418 = ( GEOMETRIC_REPRESENTATION_CONTEXT(2) 
PARAMETRIC_REPRESENTATION_CONTEXT() REPRESENTATION_CONTEXT('2D SPACE',''
  ) );
#6419 = PCURVE('',#6420,#6425);
#6420 = PLANE('',#6421);
#6421 = AXIS2_PLACEMENT_3D('',#6422,#6423,#6424);
#6422 = CARTESIAN_POINT('',(-21.4891999288,-47.70425491123,5.));
#6423 = DIRECTION('',(0.,0.,1.));
#6424 = DIRECTION('',(-0.5,-0.866025403784,0.));
#6425 = DEFINITIONAL_REPRESENTATION('',(#6426),#6430);
#6426 = CIRCLE('',#6427,52.2);
#6427 = AXIS2_PLACEMENT_2D('',#6428,#6429);
#6428 = CARTESIAN_POINT('',(-52.05769658614,-5.24193441027));
#6429 = DIRECTION('',(-0.642787609687,0.766044443119));
#6430 = ( GEOMETRIC_REPRESENTATION_CONTEXT(2) 
PARAMETRIC_REPRESENTATION_CONTEXT() REPRESENTATION_CONTEXT('2D SPACE',''
  ) );
#6431 = ORIENTED_EDGE('',*,*,#6432,.F.);
#6432 = EDGE_CURVE('',#6433,#6404,#6435,.T.);
#6433 = VERTEX_POINT('',#6434);
#6434 = CARTESIAN_POINT('',(-12.39418916027,-50.70723888222,5.));
#6435 = SURFACE_CURVE('',#6436,(#6441,#6448),.PCURVE_S1.);
#6436 = CIRCLE('',#6437,52.2);
#6437 = AXIS2_PLACEMENT_3D('',#6438,#6439,#6440);
#6438 = CARTESIAN_POINT('',(0.,0.,5.));
#6439 = DIRECTION('',(0.,-0.,1.));
#6440 = DIRECTION('',(0.984807753012,0.173648177667,0.));
#6441 = PCURVE('',#2593,#6442);
#6442 = DEFINITIONAL_REPRESENTATION('',(#6443),#6447);
#6443 = CIRCLE('',#6444,52.2);
#6444 = AXIS2_PLACEMENT_2D('',#6445,#6446);
#6445 = CARTESIAN_POINT('',(0.,0.));
#6446 = DIRECTION('',(1.,-4.74729883959E-18));
#6447 = ( GEOMETRIC_REPRESENTATION_CONTEXT(2) 
PARAMETRIC_REPRESENTATION_CONTEXT() REPRESENTATION_CONTEXT('2D SPACE',''
  ) );
#6448 = PCURVE('',#6449,#6454);
#6449 = PLANE('',#6450);
#6450 = AXIS2_PLACEMENT_3D('',#6451,#6452,#6453);
#6451 = CARTESIAN_POINT('',(-21.4891999288,-47.70425491123,5.));
#6452 = DIRECTION('',(0.,0.,1.));
#6453 = DIRECTION('',(-0.5,-0.866025403784,0.));
#6454 = DEFINITIONAL_REPRESENTATION('',(#6455),#6459);
#6455 = CIRCLE('',#6456,52.2);
#6456 = AXIS2_PLACEMENT_2D('',#6457,#6458);
#6457 = CARTESIAN_POINT('',(-52.05769658614,-5.24193441027));
#6458 = DIRECTION('',(-0.642787609687,0.766044443119));
#6459 = ( GEOMETRIC_REPRESENTATION_CONTEXT(2) 
PARAMETRIC_REPRESENTATION_CONTEXT() REPRESENTATION_CONTEXT('2D SPACE',''
  ) );
#6460 = ORIENTED_EDGE('',*,*,#6461,.F.);
#6461 = EDGE_CURVE('',#6462,#6433,#6464,.T.);
#6462 = VERTEX_POINT('',#6463);
#6463 = CARTESIAN_POINT('',(-14.07890404675,-50.26553949618,5.));
#6464 = SURFACE_CURVE('',#6465,(#6470,#6477),.PCURVE_S1.);
#6465 = CIRCLE('',#6466,52.2);
#6466 = AXIS2_PLACEMENT_3D('',#6467,#6468,#6469);
#6467 = CARTESIAN_POINT('',(0.,0.,5.));
#6468 = DIRECTION('',(0.,-0.,1.));
#6469 = DIRECTION('',(0.984807753012,0.173648177667,0.));
#6470 = PCURVE('',#2593,#6471);
#6471 = DEFINITIONAL_REPRESENTATION('',(#6472),#6476);
#6472 = CIRCLE('',#6473,52.2);
#6473 = AXIS2_PLACEMENT_2D('',#6474,#6475);
#6474 = CARTESIAN_POINT('',(0.,0.));
#6475 = DIRECTION('',(1.,-4.74729883959E-18));
#6476 = ( GEOMETRIC_REPRESENTATION_CONTEXT(2) 
PARAMETRIC_REPRESENTATION_CONTEXT() REPRESENTATION_CONTEXT('2D SPACE',''
  ) );
#6477 = PCURVE('',#6478,#6483);
#6478 = PLANE('',#6479);
#6479 = AXIS2_PLACEMENT_3D('',#6480,#6481,#6482);
#6480 = CARTESIAN_POINT('',(-21.4891999288,-47.70425491123,5.));
#6481 = DIRECTION('',(0.,0.,1.));
#6482 = DIRECTION('',(-0.5,-0.866025403784,0.));
#6483 = DEFINITIONAL_REPRESENTATION('',(#6484),#6488);
#6484 = CIRCLE('',#6485,52.2);
#6485 = AXIS2_PLACEMENT_2D('',#6486,#6487);
#6486 = CARTESIAN_POINT('',(-52.05769658614,-5.24193441027));
#6487 = DIRECTION('',(-0.642787609687,0.766044443119));
#6488 = ( GEOMETRIC_REPRESENTATION_CONTEXT(2) 
PARAMETRIC_REPRESENTATION_CONTEXT() REPRESENTATION_CONTEXT('2D SPACE',''
  ) );
#6489 = ORIENTED_EDGE('',*,*,#6490,.F.);
#6490 = EDGE_CURVE('',#6491,#6462,#6493,.T.);
#6491 = VERTEX_POINT('',#6492);
#6492 = CARTESIAN_POINT('',(-15.7479459319,-49.7678832072,5.));
#6493 = SURFACE_CURVE('',#6494,(#6499,#6506),.PCURVE_S1.);
#6494 = CIRCLE('',#6495,52.2);
#6495 = AXIS2_PLACEMENT_3D('',#6496,#6497,#6498);
#6496 = CARTESIAN_POINT('',(0.,0.,5.));
#6497 = DIRECTION('',(0.,-0.,1.));
#6498 = DIRECTION('',(0.984807753012,0.173648177667,0.));
#6499 = PCURVE('',#2593,#6500);
#6500 = DEFINITIONAL_REPRESENTATION('',(#6501),#6505);
#6501 = CIRCLE('',#6502,52.2);
#6502 = AXIS2_PLACEMENT_2D('',#6503,#6504);
#6503 = CARTESIAN_POINT('',(0.,0.));
#6504 = DIRECTION('',(1.,-4.74729883959E-18));
#6505 = ( GEOMETRIC_REPRESENTATION_CONTEXT(2) 
PARAMETRIC_REPRESENTATION_CONTEXT() REPRESENTATION_CONTEXT('2D SPACE',''
  ) );
#6506 = PCURVE('',#6507,#6512);
#6507 = PLANE('',#6508);
#6508 = AXIS2_PLACEMENT_3D('',#6509,#6510,#6511);
#6509 = CARTESIAN_POINT('',(-21.4891999288,-47.70425491123,5.));
#6510 = DIRECTION('',(0.,0.,1.));
#6511 = DIRECTION('',(-0.5,-0.866025403784,0.));
#6512 = DEFINITIONAL_REPRESENTATION('',(#6513),#6517);
#6513 = CIRCLE('',#6514,52.2);
#6514 = AXIS2_PLACEMENT_2D('',#6515,#6516);
#6515 = CARTESIAN_POINT('',(-52.05769658614,-5.24193441027));
#6516 = DIRECTION('',(-0.642787609687,0.766044443119));
#6517 = ( GEOMETRIC_REPRESENTATION_CONTEXT(2) 
PARAMETRIC_REPRESENTATION_CONTEXT() REPRESENTATION_CONTEXT('2D SPACE',''
  ) );
#6518 = ORIENTED_EDGE('',*,*,#6519,.F.);
#6519 = EDGE_CURVE('',#6520,#6491,#6522,.T.);
#6520 = VERTEX_POINT('',#6521);
#6521 = CARTESIAN_POINT('',(-17.39945679499,-49.21482401918,5.));
#6522 = SURFACE_CURVE('',#6523,(#6528,#6535),.PCURVE_S1.);
#6523 = CIRCLE('',#6524,52.2);
#6524 = AXIS2_PLACEMENT_3D('',#6525,#6526,#6527);
#6525 = CARTESIAN_POINT('',(0.,0.,5.));
#6526 = DIRECTION('',(0.,-0.,1.));
#6527 = DIRECTION('',(0.984807753012,0.173648177667,0.));
#6528 = PCURVE('',#2593,#6529);
#6529 = DEFINITIONAL_REPRESENTATION('',(#6530),#6534);
#6530 = CIRCLE('',#6531,52.2);
#6531 = AXIS2_PLACEMENT_2D('',#6532,#6533);
#6532 = CARTESIAN_POINT('',(0.,0.));
#6533 = DIRECTION('',(1.,-4.74729883959E-18));
#6534 = ( GEOMETRIC_REPRESENTATION_CONTEXT(2) 
PARAMETRIC_REPRESENTATION_CONTEXT() REPRESENTATION_CONTEXT('2D SPACE',''
  ) );
#6535 = PCURVE('',#6536,#6541);
#6536 = PLANE('',#6537);
#6537 = AXIS2_PLACEMENT_3D('',#6538,#6539,#6540);
#6538 = CARTESIAN_POINT('',(-21.4891999288,-47.70425491123,5.));
#6539 = DIRECTION('',(0.,0.,1.));
#6540 = DIRECTION('',(-0.5,-0.866025403784,0.));
#6541 = DEFINITIONAL_REPRESENTATION('',(#6542),#6546);
#6542 = CIRCLE('',#6543,52.2);
#6543 = AXIS2_PLACEMENT_2D('',#6544,#6545);
#6544 = CARTESIAN_POINT('',(-52.05769658614,-5.24193441027));
#6545 = DIRECTION('',(-0.642787609687,0.766044443119));
#6546 = ( GEOMETRIC_REPRESENTATION_CONTEXT(2) 
PARAMETRIC_REPRESENTATION_CONTEXT() REPRESENTATION_CONTEXT('2D SPACE',''
  ) );
#6547 = ORIENTED_EDGE('',*,*,#6548,.F.);
#6548 = EDGE_CURVE('',#6549,#6520,#6551,.T.);
#6549 = VERTEX_POINT('',#6550);
#6550 = CARTESIAN_POINT('',(-19.03159813126,-48.60697761196,5.));
#6551 = SURFACE_CURVE('',#6552,(#6557,#6564),.PCURVE_S1.);
#6552 = CIRCLE('',#6553,52.2);
#6553 = AXIS2_PLACEMENT_3D('',#6554,#6555,#6556);
#6554 = CARTESIAN_POINT('',(0.,0.,5.));
#6555 = DIRECTION('',(0.,-0.,1.));
#6556 = DIRECTION('',(0.984807753012,0.173648177667,0.));
#6557 = PCURVE('',#2593,#6558);
#6558 = DEFINITIONAL_REPRESENTATION('',(#6559),#6563);
#6559 = CIRCLE('',#6560,52.2);
#6560 = AXIS2_PLACEMENT_2D('',#6561,#6562);
#6561 = CARTESIAN_POINT('',(0.,0.));
#6562 = DIRECTION('',(1.,-4.74729883959E-18));
#6563 = ( GEOMETRIC_REPRESENTATION_CONTEXT(2) 
PARAMETRIC_REPRESENTATION_CONTEXT() REPRESENTATION_CONTEXT('2D SPACE',''
  ) );
#6564 = PCURVE('',#6565,#6570);
#6565 = PLANE('',#6566);
#6566 = AXIS2_PLACEMENT_3D('',#6567,#6568,#6569);
#6567 = CARTESIAN_POINT('',(-21.4891999288,-47.70425491123,5.));
#6568 = DIRECTION('',(0.,0.,1.));
#6569 = DIRECTION('',(-0.5,-0.866025403784,0.));
#6570 = DEFINITIONAL_REPRESENTATION('',(#6571),#6575);
#6571 = CIRCLE('',#6572,52.2);
#6572 = AXIS2_PLACEMENT_2D('',#6573,#6574);
#6573 = CARTESIAN_POINT('',(-52.05769658614,-5.24193441027));
#6574 = DIRECTION('',(-0.642787609687,0.766044443119));
#6575 = ( GEOMETRIC_REPRESENTATION_CONTEXT(2) 
PARAMETRIC_REPRESENTATION_CONTEXT() REPRESENTATION_CONTEXT('2D SPACE',''
  ) );
#6576 = ORIENTED_EDGE('',*,*,#6577,.F.);
#6577 = EDGE_CURVE('',#6578,#6549,#6580,.T.);
#6578 = VERTEX_POINT('',#6579);
#6579 = CARTESIAN_POINT('',(-20.64255299864,-47.94502065593,5.));
#6580 = SURFACE_CURVE('',#6581,(#6586,#6593),.PCURVE_S1.);
#6581 = CIRCLE('',#6582,52.2);
#6582 = AXIS2_PLACEMENT_3D('',#6583,#6584,#6585);
#6583 = CARTESIAN_POINT('',(0.,0.,5.));
#6584 = DIRECTION('',(0.,-0.,1.));
#6585 = DIRECTION('',(0.984807753012,0.173648177667,0.));
#6586 = PCURVE('',#2593,#6587);
#6587 = DEFINITIONAL_REPRESENTATION('',(#6588),#6592);
#6588 = CIRCLE('',#6589,52.2);
#6589 = AXIS2_PLACEMENT_2D('',#6590,#6591);
#6590 = CARTESIAN_POINT('',(0.,0.));
#6591 = DIRECTION('',(1.,-4.74729883959E-18));
#6592 = ( GEOMETRIC_REPRESENTATION_CONTEXT(2) 
PARAMETRIC_REPRESENTATION_CONTEXT() REPRESENTATION_CONTEXT('2D SPACE',''
  ) );
#6593 = PCURVE('',#6594,#6599);
#6594 = PLANE('',#6595);
#6595 = AXIS2_PLACEMENT_3D('',#6596,#6597,#6598);
#6596 = CARTESIAN_POINT('',(-21.4891999288,-47.70425491123,5.));
#6597 = DIRECTION('',(0.,0.,1.));
#6598 = DIRECTION('',(-0.5,-0.866025403784,0.));
#6599 = DEFINITIONAL_REPRESENTATION('',(#6600),#6604);
#6600 = CIRCLE('',#6601,52.2);
#6601 = AXIS2_PLACEMENT_2D('',#6602,#6603);
#6602 = CARTESIAN_POINT('',(-52.05769658614,-5.24193441027));
#6603 = DIRECTION('',(-0.642787609687,0.766044443119));
#6604 = ( GEOMETRIC_REPRESENTATION_CONTEXT(2) 
PARAMETRIC_REPRESENTATION_CONTEXT() REPRESENTATION_CONTEXT('2D SPACE',''
  ) );
#6605 = ORIENTED_EDGE('',*,*,#6606,.F.);
#6606 = EDGE_CURVE('',#6607,#6578,#6609,.T.);
#6607 = VERTEX_POINT('',#6608);
#6608 = CARTESIAN_POINT('',(-22.23052804035,-47.22969005876,5.));
#6609 = SURFACE_CURVE('',#6610,(#6615,#6622),.PCURVE_S1.);
#6610 = CIRCLE('',#6611,52.2);
#6611 = AXIS2_PLACEMENT_3D('',#6612,#6613,#6614);
#6612 = CARTESIAN_POINT('',(0.,0.,5.));
#6613 = DIRECTION('',(0.,-0.,1.));
#6614 = DIRECTION('',(0.984807753012,0.173648177667,0.));
#6615 = PCURVE('',#2593,#6616);
#6616 = DEFINITIONAL_REPRESENTATION('',(#6617),#6621);
#6617 = CIRCLE('',#6618,52.2);
#6618 = AXIS2_PLACEMENT_2D('',#6619,#6620);
#6619 = CARTESIAN_POINT('',(0.,0.));
#6620 = DIRECTION('',(1.,-4.74729883959E-18));
#6621 = ( GEOMETRIC_REPRESENTATION_CONTEXT(2) 
PARAMETRIC_REPRESENTATION_CONTEXT() REPRESENTATION_CONTEXT('2D SPACE',''
  ) );
#6622 = PCURVE('',#6623,#6628);
#6623 = PLANE('',#6624);
#6624 = AXIS2_PLACEMENT_3D('',#6625,#6626,#6627);
#6625 = CARTESIAN_POINT('',(-21.4891999288,-47.70425491123,5.));
#6626 = DIRECTION('',(0.,0.,1.));
#6627 = DIRECTION('',(-0.5,-0.866025403784,0.));
#6628 = DEFINITIONAL_REPRESENTATION('',(#6629),#6633);
#6629 = CIRCLE('',#6630,52.2);
#6630 = AXIS2_PLACEMENT_2D('',#6631,#6632);
#6631 = CARTESIAN_POINT('',(-52.05769658614,-5.24193441027));
#6632 = DIRECTION('',(-0.642787609687,0.766044443119));
#6633 = ( GEOMETRIC_REPRESENTATION_CONTEXT(2) 
PARAMETRIC_REPRESENTATION_CONTEXT() REPRESENTATION_CONTEXT('2D SPACE',''
  ) );
#6634 = ORIENTED_EDGE('',*,*,#6635,.F.);
#6635 = EDGE_CURVE('',#6636,#6607,#6638,.T.);
#6636 = VERTEX_POINT('',#6637);
#6637 = CARTESIAN_POINT('',(-23.79375548138,-46.46178214503,5.));
#6638 = SURFACE_CURVE('',#6639,(#6644,#6651),.PCURVE_S1.);
#6639 = CIRCLE('',#6640,52.2);
#6640 = AXIS2_PLACEMENT_3D('',#6641,#6642,#6643);
#6641 = CARTESIAN_POINT('',(0.,0.,5.));
#6642 = DIRECTION('',(0.,-0.,1.));
#6643 = DIRECTION('',(0.984807753012,0.173648177667,0.));
#6644 = PCURVE('',#2593,#6645);
#6645 = DEFINITIONAL_REPRESENTATION('',(#6646),#6650);
#6646 = CIRCLE('',#6647,52.2);
#6647 = AXIS2_PLACEMENT_2D('',#6648,#6649);
#6648 = CARTESIAN_POINT('',(0.,0.));
#6649 = DIRECTION('',(1.,-4.74729883959E-18));
#6650 = ( GEOMETRIC_REPRESENTATION_CONTEXT(2) 
PARAMETRIC_REPRESENTATION_CONTEXT() REPRESENTATION_CONTEXT('2D SPACE',''
  ) );
#6651 = PCURVE('',#6652,#6657);
#6652 = PLANE('',#6653);
#6653 = AXIS2_PLACEMENT_3D('',#6654,#6655,#6656);
#6654 = CARTESIAN_POINT('',(-21.4891999288,-47.70425491123,5.));
#6655 = DIRECTION('',(0.,0.,1.));
#6656 = DIRECTION('',(-0.5,-0.866025403784,0.));
#6657 = DEFINITIONAL_REPRESENTATION('',(#6658),#6662);
#6658 = CIRCLE('',#6659,52.2);
#6659 = AXIS2_PLACEMENT_2D('',#6660,#6661);
#6660 = CARTESIAN_POINT('',(-52.05769658614,-5.24193441027));
#6661 = DIRECTION('',(-0.642787609687,0.766044443119));
#6662 = ( GEOMETRIC_REPRESENTATION_CONTEXT(2) 
PARAMETRIC_REPRESENTATION_CONTEXT() REPRESENTATION_CONTEXT('2D SPACE',''
  ) );
#6663 = ORIENTED_EDGE('',*,*,#6664,.F.);
#6664 = EDGE_CURVE('',#6665,#6636,#6667,.T.);
#6665 = VERTEX_POINT('',#6666);
#6666 = CARTESIAN_POINT('',(-25.33049509636,-45.64215176975,5.));
#6667 = SURFACE_CURVE('',#6668,(#6673,#6680),.PCURVE_S1.);
#6668 = CIRCLE('',#6669,52.2);
#6669 = AXIS2_PLACEMENT_3D('',#6670,#6671,#6672);
#6670 = CARTESIAN_POINT('',(0.,0.,5.));
#6671 = DIRECTION('',(0.,-0.,1.));
#6672 = DIRECTION('',(0.984807753012,0.173648177667,0.));
#6673 = PCURVE('',#2593,#6674);
#6674 = DEFINITIONAL_REPRESENTATION('',(#6675),#6679);
#6675 = CIRCLE('',#6676,52.2);
#6676 = AXIS2_PLACEMENT_2D('',#6677,#6678);
#6677 = CARTESIAN_POINT('',(0.,0.));
#6678 = DIRECTION('',(1.,-4.74729883959E-18));
#6679 = ( GEOMETRIC_REPRESENTATION_CONTEXT(2) 
PARAMETRIC_REPRESENTATION_CONTEXT() REPRESENTATION_CONTEXT('2D SPACE',''
  ) );
#6680 = PCURVE('',#6681,#6686);
#6681 = PLANE('',#6682);
#6682 = AXIS2_PLACEMENT_3D('',#6683,#6684,#6685);
#6683 = CARTESIAN_POINT('',(-21.4891999288,-47.70425491123,5.));
#6684 = DIRECTION('',(0.,0.,1.));
#6685 = DIRECTION('',(-0.5,-0.866025403784,0.));
#6686 = DEFINITIONAL_REPRESENTATION('',(#6687),#6691);
#6687 = CIRCLE('',#6688,52.2);
#6688 = AXIS2_PLACEMENT_2D('',#6689,#6690);
#6689 = CARTESIAN_POINT('',(-52.05769658614,-5.24193441027));
#6690 = DIRECTION('',(-0.642787609687,0.766044443119));
#6691 = ( GEOMETRIC_REPRESENTATION_CONTEXT(2) 
PARAMETRIC_REPRESENTATION_CONTEXT() REPRESENTATION_CONTEXT('2D SPACE',''
  ) );
#6692 = ORIENTED_EDGE('',*,*,#6693,.F.);
#6693 = EDGE_CURVE('',#6694,#6665,#6696,.T.);
#6694 = VERTEX_POINT('',#6695);
#6695 = CARTESIAN_POINT('',(-26.83903614689,-44.77171136672,5.));
#6696 = SURFACE_CURVE('',#6697,(#6702,#6709),.PCURVE_S1.);
#6697 = CIRCLE('',#6698,52.2);
#6698 = AXIS2_PLACEMENT_3D('',#6699,#6700,#6701);
#6699 = CARTESIAN_POINT('',(0.,0.,5.));
#6700 = DIRECTION('',(0.,-0.,1.));
#6701 = DIRECTION('',(0.984807753012,0.173648177667,0.));
#6702 = PCURVE('',#2593,#6703);
#6703 = DEFINITIONAL_REPRESENTATION('',(#6704),#6708);
#6704 = CIRCLE('',#6705,52.2);
#6705 = AXIS2_PLACEMENT_2D('',#6706,#6707);
#6706 = CARTESIAN_POINT('',(0.,0.));
#6707 = DIRECTION('',(1.,-4.74729883959E-18));
#6708 = ( GEOMETRIC_REPRESENTATION_CONTEXT(2) 
PARAMETRIC_REPRESENTATION_CONTEXT() REPRESENTATION_CONTEXT('2D SPACE',''
  ) );
#6709 = PCURVE('',#6710,#6715);
#6710 = PLANE('',#6711);
#6711 = AXIS2_PLACEMENT_3D('',#6712,#6713,#6714);
#6712 = CARTESIAN_POINT('',(-21.4891999288,-47.70425491123,5.));
#6713 = DIRECTION('',(0.,0.,1.));
#6714 = DIRECTION('',(-0.5,-0.866025403784,0.));
#6715 = DEFINITIONAL_REPRESENTATION('',(#6716),#6720);
#6716 = CIRCLE('',#6717,52.2);
#6717 = AXIS2_PLACEMENT_2D('',#6718,#6719);
#6718 = CARTESIAN_POINT('',(-52.05769658614,-5.24193441027));
#6719 = DIRECTION('',(-0.642787609687,0.766044443119));
#6720 = ( GEOMETRIC_REPRESENTATION_CONTEXT(2) 
PARAMETRIC_REPRESENTATION_CONTEXT() REPRESENTATION_CONTEXT('2D SPACE',''
  ) );
#6721 = ORIENTED_EDGE('',*,*,#6722,.F.);
#6722 = EDGE_CURVE('',#6723,#6694,#6725,.T.);
#6723 = VERTEX_POINT('',#6724);
#6724 = CARTESIAN_POINT('',(-28.31769928593,-43.8514299328,5.));
#6725 = SURFACE_CURVE('',#6726,(#6731,#6738),.PCURVE_S1.);
#6726 = CIRCLE('',#6727,52.2);
#6727 = AXIS2_PLACEMENT_3D('',#6728,#6729,#6730);
#6728 = CARTESIAN_POINT('',(0.,0.,5.));
#6729 = DIRECTION('',(0.,-0.,1.));
#6730 = DIRECTION('',(0.984807753012,0.173648177667,0.));
#6731 = PCURVE('',#2593,#6732);
#6732 = DEFINITIONAL_REPRESENTATION('',(#6733),#6737);
#6733 = CIRCLE('',#6734,52.2);
#6734 = AXIS2_PLACEMENT_2D('',#6735,#6736);
#6735 = CARTESIAN_POINT('',(0.,0.));
#6736 = DIRECTION('',(1.,-4.74729883959E-18));
#6737 = ( GEOMETRIC_REPRESENTATION_CONTEXT(2) 
PARAMETRIC_REPRESENTATION_CONTEXT() REPRESENTATION_CONTEXT('2D SPACE',''
  ) );
#6738 = PCURVE('',#6739,#6744);
#6739 = PLANE('',#6740);
#6740 = AXIS2_PLACEMENT_3D('',#6741,#6742,#6743);
#6741 = CARTESIAN_POINT('',(-21.4891999288,-47.70425491123,5.));
#6742 = DIRECTION('',(0.,0.,1.));
#6743 = DIRECTION('',(-0.5,-0.866025403784,0.));
#6744 = DEFINITIONAL_REPRESENTATION('',(#6745),#6749);
#6745 = CIRCLE('',#6746,52.2);
#6746 = AXIS2_PLACEMENT_2D('',#6747,#6748);
#6747 = CARTESIAN_POINT('',(-52.05769658614,-5.24193441027));
#6748 = DIRECTION('',(-0.642787609687,0.766044443119));
#6749 = ( GEOMETRIC_REPRESENTATION_CONTEXT(2) 
PARAMETRIC_REPRESENTATION_CONTEXT() REPRESENTATION_CONTEXT('2D SPACE',''
  ) );
#6750 = ORIENTED_EDGE('',*,*,#6751,.F.);
#6751 = EDGE_CURVE('',#6752,#6723,#6754,.T.);
#6752 = VERTEX_POINT('',#6753);
#6753 = CARTESIAN_POINT('',(-29.76483842728,-42.88233194915,5.));
#6754 = SURFACE_CURVE('',#6755,(#6760,#6767),.PCURVE_S1.);
#6755 = CIRCLE('',#6756,52.2);
#6756 = AXIS2_PLACEMENT_3D('',#6757,#6758,#6759);
#6757 = CARTESIAN_POINT('',(0.,0.,5.));
#6758 = DIRECTION('',(0.,-0.,1.));
#6759 = DIRECTION('',(0.984807753012,0.173648177667,0.));
#6760 = PCURVE('',#2593,#6761);
#6761 = DEFINITIONAL_REPRESENTATION('',(#6762),#6766);
#6762 = CIRCLE('',#6763,52.2);
#6763 = AXIS2_PLACEMENT_2D('',#6764,#6765);
#6764 = CARTESIAN_POINT('',(0.,0.));
#6765 = DIRECTION('',(1.,-4.74729883959E-18));
#6766 = ( GEOMETRIC_REPRESENTATION_CONTEXT(2) 
PARAMETRIC_REPRESENTATION_CONTEXT() REPRESENTATION_CONTEXT('2D SPACE',''
  ) );
#6767 = PCURVE('',#6768,#6773);
#6768 = PLANE('',#6769);
#6769 = AXIS2_PLACEMENT_3D('',#6770,#6771,#6772);
#6770 = CARTESIAN_POINT('',(-21.4891999288,-47.70425491123,5.));
#6771 = DIRECTION('',(0.,0.,1.));
#6772 = DIRECTION('',(-0.5,-0.866025403784,0.));
#6773 = DEFINITIONAL_REPRESENTATION('',(#6774),#6778);
#6774 = CIRCLE('',#6775,52.2);
#6775 = AXIS2_PLACEMENT_2D('',#6776,#6777);
#6776 = CARTESIAN_POINT('',(-52.05769658614,-5.24193441027));
#6777 = DIRECTION('',(-0.642787609687,0.766044443119));
#6778 = ( GEOMETRIC_REPRESENTATION_CONTEXT(2) 
PARAMETRIC_REPRESENTATION_CONTEXT() REPRESENTATION_CONTEXT('2D SPACE',''
  ) );
#6779 = ORIENTED_EDGE('',*,*,#6780,.F.);
#6780 = EDGE_CURVE('',#6781,#6752,#6783,.T.);
#6781 = VERTEX_POINT('',#6782);
#6782 = CARTESIAN_POINT('',(-31.17884257811,-41.8654962408,5.));
#6783 = SURFACE_CURVE('',#6784,(#6789,#6796),.PCURVE_S1.);
#6784 = CIRCLE('',#6785,52.2);
#6785 = AXIS2_PLACEMENT_3D('',#6786,#6787,#6788);
#6786 = CARTESIAN_POINT('',(0.,0.,5.));
#6787 = DIRECTION('',(0.,-0.,1.));
#6788 = DIRECTION('',(0.984807753012,0.173648177667,0.));
#6789 = PCURVE('',#2593,#6790);
#6790 = DEFINITIONAL_REPRESENTATION('',(#6791),#6795);
#6791 = CIRCLE('',#6792,52.2);
#6792 = AXIS2_PLACEMENT_2D('',#6793,#6794);
#6793 = CARTESIAN_POINT('',(0.,0.));
#6794 = DIRECTION('',(1.,-4.74729883959E-18));
#6795 = ( GEOMETRIC_REPRESENTATION_CONTEXT(2) 
PARAMETRIC_REPRESENTATION_CONTEXT() REPRESENTATION_CONTEXT('2D SPACE',''
  ) );
#6796 = PCURVE('',#6797,#6802);
#6797 = PLANE('',#6798);
#6798 = AXIS2_PLACEMENT_3D('',#6799,#6800,#6801);
#6799 = CARTESIAN_POINT('',(-21.4891999288,-47.70425491123,5.));
#6800 = DIRECTION('',(0.,0.,1.));
#6801 = DIRECTION('',(-0.5,-0.866025403784,0.));
#6802 = DEFINITIONAL_REPRESENTATION('',(#6803),#6807);
#6803 = CIRCLE('',#6804,52.2);
#6804 = AXIS2_PLACEMENT_2D('',#6805,#6806);
#6805 = CARTESIAN_POINT('',(-52.05769658614,-5.24193441027));
#6806 = DIRECTION('',(-0.642787609687,0.766044443119));
#6807 = ( GEOMETRIC_REPRESENTATION_CONTEXT(2) 
PARAMETRIC_REPRESENTATION_CONTEXT() REPRESENTATION_CONTEXT('2D SPACE',''
  ) );
#6808 = ORIENTED_EDGE('',*,*,#6809,.F.);
#6809 = EDGE_CURVE('',#6810,#6781,#6812,.T.);
#6810 = VERTEX_POINT('',#6811);
#6811 = CARTESIAN_POINT('',(-32.55813763231,-40.80205477564,5.));
#6812 = SURFACE_CURVE('',#6813,(#6818,#6825),.PCURVE_S1.);
#6813 = CIRCLE('',#6814,52.2);
#6814 = AXIS2_PLACEMENT_3D('',#6815,#6816,#6817);
#6815 = CARTESIAN_POINT('',(0.,0.,5.));
#6816 = DIRECTION('',(0.,-0.,1.));
#6817 = DIRECTION('',(0.984807753012,0.173648177667,0.));
#6818 = PCURVE('',#2593,#6819);
#6819 = DEFINITIONAL_REPRESENTATION('',(#6820),#6824);
#6820 = CIRCLE('',#6821,52.2);
#6821 = AXIS2_PLACEMENT_2D('',#6822,#6823);
#6822 = CARTESIAN_POINT('',(0.,0.));
#6823 = DIRECTION('',(1.,-4.74729883959E-18));
#6824 = ( GEOMETRIC_REPRESENTATION_CONTEXT(2) 
PARAMETRIC_REPRESENTATION_CONTEXT() REPRESENTATION_CONTEXT('2D SPACE',''
  ) );
#6825 = PCURVE('',#6826,#6831);
#6826 = PLANE('',#6827);
#6827 = AXIS2_PLACEMENT_3D('',#6828,#6829,#6830);
#6828 = CARTESIAN_POINT('',(-21.4891999288,-47.70425491123,5.));
#6829 = DIRECTION('',(0.,0.,1.));
#6830 = DIRECTION('',(-0.5,-0.866025403784,0.));
#6831 = DEFINITIONAL_REPRESENTATION('',(#6832),#6836);
#6832 = CIRCLE('',#6833,52.2);
#6833 = AXIS2_PLACEMENT_2D('',#6834,#6835);
#6834 = CARTESIAN_POINT('',(-52.05769658614,-5.24193441027));
#6835 = DIRECTION('',(-0.642787609687,0.766044443119));
#6836 = ( GEOMETRIC_REPRESENTATION_CONTEXT(2) 
PARAMETRIC_REPRESENTATION_CONTEXT() REPRESENTATION_CONTEXT('2D SPACE',''
  ) );
#6837 = ORIENTED_EDGE('',*,*,#6838,.F.);
#6838 = EDGE_CURVE('',#2578,#6810,#6839,.T.);
#6839 = SURFACE_CURVE('',#6840,(#6845,#6852),.PCURVE_S1.);
#6840 = CIRCLE('',#6841,52.2);
#6841 = AXIS2_PLACEMENT_3D('',#6842,#6843,#6844);
#6842 = CARTESIAN_POINT('',(0.,0.,5.));
#6843 = DIRECTION('',(0.,-0.,1.));
#6844 = DIRECTION('',(0.984807753012,0.173648177667,0.));
#6845 = PCURVE('',#2593,#6846);
#6846 = DEFINITIONAL_REPRESENTATION('',(#6847),#6851);
#6847 = CIRCLE('',#6848,52.2);
#6848 = AXIS2_PLACEMENT_2D('',#6849,#6850);
#6849 = CARTESIAN_POINT('',(0.,0.));
#6850 = DIRECTION('',(1.,-4.74729883959E-18));
#6851 = ( GEOMETRIC_REPRESENTATION_CONTEXT(2) 
PARAMETRIC_REPRESENTATION_CONTEXT() REPRESENTATION_CONTEXT('2D SPACE',''
  ) );
#6852 = PCURVE('',#6853,#6858);
#6853 = PLANE('',#6854);
#6854 = AXIS2_PLACEMENT_3D('',#6855,#6856,#6857);
#6855 = CARTESIAN_POINT('',(-21.4891999288,-47.70425491123,5.));
#6856 = DIRECTION('',(0.,0.,1.));
#6857 = DIRECTION('',(-0.5,-0.866025403784,0.));
#6858 = DEFINITIONAL_REPRESENTATION('',(#6859),#6863);
#6859 = CIRCLE('',#6860,52.2);
#6860 = AXIS2_PLACEMENT_2D('',#6861,#6862);
#6861 = CARTESIAN_POINT('',(-52.05769658614,-5.24193441027));
#6862 = DIRECTION('',(-0.642787609687,0.766044443119));
#6863 = ( GEOMETRIC_REPRESENTATION_CONTEXT(2) 
PARAMETRIC_REPRESENTATION_CONTEXT() REPRESENTATION_CONTEXT('2D SPACE',''
  ) );
#6864 = ORIENTED_EDGE('',*,*,#2577,.T.);
#6865 = ORIENTED_EDGE('',*,*,#2630,.T.);
#6866 = ORIENTED_EDGE('',*,*,#2655,.T.);
#6867 = ORIENTED_EDGE('',*,*,#2681,.T.);
#6868 = ORIENTED_EDGE('',*,*,#2706,.T.);
#6869 = ORIENTED_EDGE('',*,*,#2731,.T.);
#6870 = ORIENTED_EDGE('',*,*,#2756,.T.);
#6871 = ORIENTED_EDGE('',*,*,#2781,.T.);
#6872 = ORIENTED_EDGE('',*,*,#2806,.T.);
#6873 = ORIENTED_EDGE('',*,*,#2831,.T.);
#6874 = ORIENTED_EDGE('',*,*,#2856,.T.);
#6875 = ORIENTED_EDGE('',*,*,#2881,.T.);
#6876 = ORIENTED_EDGE('',*,*,#2906,.T.);
#6877 = ORIENTED_EDGE('',*,*,#2931,.T.);
#6878 = ORIENTED_EDGE('',*,*,#2956,.T.);
#6879 = ORIENTED_EDGE('',*,*,#2981,.T.);
#6880 = ORIENTED_EDGE('',*,*,#3006,.T.);
#6881 = ADVANCED_FACE('',(#6882),#3394,.T.);
#6882 = FACE_BOUND('',#6883,.T.);
#6883 = EDGE_LOOP('',(#6884,#6913,#6934,#6935));
#6884 = ORIENTED_EDGE('',*,*,#6885,.T.);
#6885 = EDGE_CURVE('',#6886,#6886,#6888,.T.);
#6886 = VERTEX_POINT('',#6887);
#6887 = CARTESIAN_POINT('',(52.604451260294,9.275584062553,
    -8.220614758428));
#6888 = SURFACE_CURVE('',#6889,(#6894,#6901),.PCURVE_S1.);
#6889 = CIRCLE('',#6890,53.415959713349);
#6890 = AXIS2_PLACEMENT_3D('',#6891,#6892,#6893);
#6891 = CARTESIAN_POINT('',(0.,0.,-8.220614758428));
#6892 = DIRECTION('',(0.,-0.,1.));
#6893 = DIRECTION('',(0.984807753012,0.173648177667,0.));
#6894 = PCURVE('',#3394,#6895);
#6895 = DEFINITIONAL_REPRESENTATION('',(#6896),#6900);
#6896 = LINE('',#6897,#6898);
#6897 = CARTESIAN_POINT('',(0.,0.));
#6898 = VECTOR('',#6899,1.);
#6899 = DIRECTION('',(1.,0.));
#6900 = ( GEOMETRIC_REPRESENTATION_CONTEXT(2) 
PARAMETRIC_REPRESENTATION_CONTEXT() REPRESENTATION_CONTEXT('2D SPACE',''
  ) );
#6901 = PCURVE('',#6902,#6907);
#6902 = CONICAL_SURFACE('',#6903,53.254763476519,1.178097245096);
#6903 = AXIS2_PLACEMENT_3D('',#6904,#6905,#6906);
#6904 = CARTESIAN_POINT('',(0.,0.,-8.287384425927));
#6905 = DIRECTION('',(0.,0.,1.));
#6906 = DIRECTION('',(0.984807753012,0.173648177667,0.));
#6907 = DEFINITIONAL_REPRESENTATION('',(#6908),#6912);
#6908 = LINE('',#6909,#6910);
#6909 = CARTESIAN_POINT('',(0.,6.676966749852E-02));
#6910 = VECTOR('',#6911,1.);
#6911 = DIRECTION('',(1.,0.));
#6912 = ( GEOMETRIC_REPRESENTATION_CONTEXT(2) 
PARAMETRIC_REPRESENTATION_CONTEXT() REPRESENTATION_CONTEXT('2D SPACE',''
  ) );
#6913 = ORIENTED_EDGE('',*,*,#6914,.T.);
#6914 = EDGE_CURVE('',#6886,#3378,#6915,.T.);
#6915 = SEAM_CURVE('',#6916,(#6920,#6927),.PCURVE_S1.);
#6916 = LINE('',#6917,#6918);
#6917 = CARTESIAN_POINT('',(52.604451260294,9.275584062553,
    -8.220614758428));
#6918 = VECTOR('',#6919,1.);
#6919 = DIRECTION('',(0.939227847276,0.165611210507,0.300705799504));
#6920 = PCURVE('',#3394,#6921);
#6921 = DEFINITIONAL_REPRESENTATION('',(#6922),#6926);
#6922 = LINE('',#6923,#6924);
#6923 = CARTESIAN_POINT('',(0.,0.));
#6924 = VECTOR('',#6925,1.);
#6925 = DIRECTION('',(0.,1.));
#6926 = ( GEOMETRIC_REPRESENTATION_CONTEXT(2) 
PARAMETRIC_REPRESENTATION_CONTEXT() REPRESENTATION_CONTEXT('2D SPACE',''
  ) );
#6927 = PCURVE('',#3394,#6928);
#6928 = DEFINITIONAL_REPRESENTATION('',(#6929),#6933);
#6929 = LINE('',#6930,#6931);
#6930 = CARTESIAN_POINT('',(6.28318530718,0.));
#6931 = VECTOR('',#6932,1.);
#6932 = DIRECTION('',(0.,1.));
#6933 = ( GEOMETRIC_REPRESENTATION_CONTEXT(2) 
PARAMETRIC_REPRESENTATION_CONTEXT() REPRESENTATION_CONTEXT('2D SPACE',''
  ) );
#6934 = ORIENTED_EDGE('',*,*,#3377,.F.);
#6935 = ORIENTED_EDGE('',*,*,#6914,.F.);
#6936 = ADVANCED_FACE('',(#6937),#3943,.T.);
#6937 = FACE_BOUND('',#6938,.T.);
#6938 = EDGE_LOOP('',(#6939,#6965));
#6939 = ORIENTED_EDGE('',*,*,#6940,.T.);
#6940 = EDGE_CURVE('',#3900,#3057,#6941,.T.);
#6941 = SURFACE_CURVE('',#6942,(#6946,#6953),.PCURVE_S1.);
#6942 = LINE('',#6943,#6944);
#6943 = CARTESIAN_POINT('',(51.614684778475,-7.795146901673,5.));
#6944 = VECTOR('',#6945,1.);
#6945 = DIRECTION('',(-0.165806994995,-0.986158222807,0.));
#6946 = PCURVE('',#3943,#6947);
#6947 = DEFINITIONAL_REPRESENTATION('',(#6948),#6952);
#6948 = LINE('',#6949,#6950);
#6949 = CARTESIAN_POINT('',(-0.443011807667,-13.03708131194));
#6950 = VECTOR('',#6951,1.);
#6951 = DIRECTION('',(-0.165806994995,-0.986158222807));
#6952 = ( GEOMETRIC_REPRESENTATION_CONTEXT(2) 
PARAMETRIC_REPRESENTATION_CONTEXT() REPRESENTATION_CONTEXT('2D SPACE',''
  ) );
#6953 = PCURVE('',#6954,#6959);
#6954 = PLANE('',#6955);
#6955 = AXIS2_PLACEMENT_3D('',#6956,#6957,#6958);
#6956 = CARTESIAN_POINT('',(50.866025013029,5.12193939254,5.));
#6957 = DIRECTION('',(0.,0.,1.));
#6958 = DIRECTION('',(1.,5.168968399631E-18,0.));
#6959 = DEFINITIONAL_REPRESENTATION('',(#6960),#6964);
#6960 = LINE('',#6961,#6962);
#6961 = CARTESIAN_POINT('',(0.748659765446,-12.91708629421));
#6962 = VECTOR('',#6963,1.);
#6963 = DIRECTION('',(-0.165806994995,-0.986158222807));
#6964 = ( GEOMETRIC_REPRESENTATION_CONTEXT(2) 
PARAMETRIC_REPRESENTATION_CONTEXT() REPRESENTATION_CONTEXT('2D SPACE',''
  ) );
#6965 = ORIENTED_EDGE('',*,*,#3928,.T.);
#6966 = ADVANCED_FACE('',(#6967),#3916,.T.);
#6967 = FACE_BOUND('',#6968,.T.);
#6968 = EDGE_LOOP('',(#6969,#6990));
#6969 = ORIENTED_EDGE('',*,*,#6970,.T.);
#6970 = EDGE_CURVE('',#3871,#3900,#6971,.T.);
#6971 = SURFACE_CURVE('',#6972,(#6976,#6983),.PCURVE_S1.);
#6972 = LINE('',#6973,#6974);
#6973 = CARTESIAN_POINT('',(51.846004575639,-6.068921612844,5.));
#6974 = VECTOR('',#6975,1.);
#6975 = DIRECTION('',(-0.132816074209,-0.991140701632,0.));
#6976 = PCURVE('',#3916,#6977);
#6977 = DEFINITIONAL_REPRESENTATION('',(#6978),#6982);
#6978 = LINE('',#6979,#6980);
#6979 = CARTESIAN_POINT('',(-0.211692010503,-11.31085602311));
#6980 = VECTOR('',#6981,1.);
#6981 = DIRECTION('',(-0.132816074209,-0.991140701632));
#6982 = ( GEOMETRIC_REPRESENTATION_CONTEXT(2) 
PARAMETRIC_REPRESENTATION_CONTEXT() REPRESENTATION_CONTEXT('2D SPACE',''
  ) );
#6983 = PCURVE('',#6954,#6984);
#6984 = DEFINITIONAL_REPRESENTATION('',(#6985),#6989);
#6985 = LINE('',#6986,#6987);
#6986 = CARTESIAN_POINT('',(0.97997956261,-11.19086100538));
#6987 = VECTOR('',#6988,1.);
#6988 = DIRECTION('',(-0.132816074209,-0.991140701632));
#6989 = ( GEOMETRIC_REPRESENTATION_CONTEXT(2) 
PARAMETRIC_REPRESENTATION_CONTEXT() REPRESENTATION_CONTEXT('2D SPACE',''
  ) );
#6990 = ORIENTED_EDGE('',*,*,#3899,.T.);
#6991 = ADVANCED_FACE('',(#6992),#3887,.T.);
#6992 = FACE_BOUND('',#6993,.T.);
#6993 = EDGE_LOOP('',(#6994,#7015));
#6994 = ORIENTED_EDGE('',*,*,#6995,.T.);
#6995 = EDGE_CURVE('',#3842,#3871,#6996,.T.);
#6996 = SURFACE_CURVE('',#6997,(#7001,#7008),.PCURVE_S1.);
#6997 = LINE('',#6998,#6999);
#6998 = CARTESIAN_POINT('',(52.019608055129,-4.33594024299,5.));
#6999 = VECTOR('',#7000,1.);
#7000 = DIRECTION('',(-9.967729912255E-02,-0.995019816908,0.));
#7001 = PCURVE('',#3887,#7002);
#7002 = DEFINITIONAL_REPRESENTATION('',(#7003),#7007);
#7003 = LINE('',#7004,#7005);
#7004 = CARTESIAN_POINT('',(-3.808853101292E-02,-9.57787465326));
#7005 = VECTOR('',#7006,1.);
#7006 = DIRECTION('',(-9.967729912255E-02,-0.995019816908));
#7007 = ( GEOMETRIC_REPRESENTATION_CONTEXT(2) 
PARAMETRIC_REPRESENTATION_CONTEXT() REPRESENTATION_CONTEXT('2D SPACE',''
  ) );
#7008 = PCURVE('',#6954,#7009);
#7009 = DEFINITIONAL_REPRESENTATION('',(#7010),#7014);
#7010 = LINE('',#7011,#7012);
#7011 = CARTESIAN_POINT('',(1.1535830421,-9.45787963553));
#7012 = VECTOR('',#7013,1.);
#7013 = DIRECTION('',(-9.967729912255E-02,-0.995019816908));
#7014 = ( GEOMETRIC_REPRESENTATION_CONTEXT(2) 
PARAMETRIC_REPRESENTATION_CONTEXT() REPRESENTATION_CONTEXT('2D SPACE',''
  ) );
#7015 = ORIENTED_EDGE('',*,*,#3870,.T.);
#7016 = ADVANCED_FACE('',(#7017),#3858,.T.);
#7017 = FACE_BOUND('',#7018,.T.);
#7018 = EDGE_LOOP('',(#7019,#7040));
#7019 = ORIENTED_EDGE('',*,*,#7020,.T.);
#7020 = EDGE_CURVE('',#3813,#3842,#7021,.T.);
#7021 = SURFACE_CURVE('',#7022,(#7026,#7033),.PCURVE_S1.);
#7022 = LINE('',#7023,#7024);
#7023 = CARTESIAN_POINT('',(52.135301957047,-2.598131991941,5.));
#7024 = VECTOR('',#7025,1.);
#7025 = DIRECTION('',(-6.642756068031E-02,-0.997791250303,0.));
#7026 = PCURVE('',#3858,#7027);
#7027 = DEFINITIONAL_REPRESENTATION('',(#7028),#7032);
#7028 = LINE('',#7029,#7030);
#7029 = CARTESIAN_POINT('',(7.760537090509E-02,-7.840066402212));
#7030 = VECTOR('',#7031,1.);
#7031 = DIRECTION('',(-6.642756068031E-02,-0.997791250303));
#7032 = ( GEOMETRIC_REPRESENTATION_CONTEXT(2) 
PARAMETRIC_REPRESENTATION_CONTEXT() REPRESENTATION_CONTEXT('2D SPACE',''
  ) );
#7033 = PCURVE('',#6954,#7034);
#7034 = DEFINITIONAL_REPRESENTATION('',(#7035),#7039);
#7035 = LINE('',#7036,#7037);
#7036 = CARTESIAN_POINT('',(1.269276944018,-7.720071384482));
#7037 = VECTOR('',#7038,1.);
#7038 = DIRECTION('',(-6.642756068031E-02,-0.997791250303));
#7039 = ( GEOMETRIC_REPRESENTATION_CONTEXT(2) 
PARAMETRIC_REPRESENTATION_CONTEXT() REPRESENTATION_CONTEXT('2D SPACE',''
  ) );
#7040 = ORIENTED_EDGE('',*,*,#3841,.T.);
#7041 = ADVANCED_FACE('',(#7042),#3829,.T.);
#7042 = FACE_BOUND('',#7043,.T.);
#7043 = EDGE_LOOP('',(#7044,#7065));
#7044 = ORIENTED_EDGE('',*,*,#7045,.T.);
#7045 = EDGE_CURVE('',#3784,#3813,#7046,.T.);
#7046 = SURFACE_CURVE('',#7047,(#7051,#7058),.PCURVE_S1.);
#7047 = LINE('',#7048,#7049);
#7048 = CARTESIAN_POINT('',(52.192957487939,-0.857431432939,5.));
#7049 = VECTOR('',#7050,1.);
#7050 = DIRECTION('',(-3.310387335376E-02,-0.999451916587,0.));
#7051 = PCURVE('',#3829,#7052);
#7052 = DEFINITIONAL_REPRESENTATION('',(#7053),#7057);
#7053 = LINE('',#7054,#7055);
#7054 = CARTESIAN_POINT('',(0.135260901797,-6.09936584321));
#7055 = VECTOR('',#7056,1.);
#7056 = DIRECTION('',(-3.310387335376E-02,-0.999451916587));
#7057 = ( GEOMETRIC_REPRESENTATION_CONTEXT(2) 
PARAMETRIC_REPRESENTATION_CONTEXT() REPRESENTATION_CONTEXT('2D SPACE',''
  ) );
#7058 = PCURVE('',#6954,#7059);
#7059 = DEFINITIONAL_REPRESENTATION('',(#7060),#7064);
#7060 = LINE('',#7061,#7062);
#7061 = CARTESIAN_POINT('',(1.32693247491,-5.97937082548));
#7062 = VECTOR('',#7063,1.);
#7063 = DIRECTION('',(-3.310387335376E-02,-0.999451916587));
#7064 = ( GEOMETRIC_REPRESENTATION_CONTEXT(2) 
PARAMETRIC_REPRESENTATION_CONTEXT() REPRESENTATION_CONTEXT('2D SPACE',''
  ) );
#7065 = ORIENTED_EDGE('',*,*,#3812,.T.);
#7066 = ADVANCED_FACE('',(#7067),#3800,.T.);
#7067 = FACE_BOUND('',#7068,.T.);
#7068 = EDGE_LOOP('',(#7069,#7090));
#7069 = ORIENTED_EDGE('',*,*,#7070,.T.);
#7070 = EDGE_CURVE('',#3755,#3784,#7071,.T.);
#7071 = SURFACE_CURVE('',#7072,(#7076,#7083),.PCURVE_S1.);
#7072 = LINE('',#7073,#7074);
#7073 = CARTESIAN_POINT('',(52.192510464172,0.884223640984,5.));
#7074 = VECTOR('',#7075,1.);
#7075 = DIRECTION('',(2.566660636526E-04,-0.999999967061,0.));
#7076 = PCURVE('',#3800,#7077);
#7077 = DEFINITIONAL_REPRESENTATION('',(#7078),#7082);
#7078 = LINE('',#7079,#7080);
#7079 = CARTESIAN_POINT('',(0.13481387803,-4.357710769287));
#7080 = VECTOR('',#7081,1.);
#7081 = DIRECTION('',(2.566660636526E-04,-0.999999967061));
#7082 = ( GEOMETRIC_REPRESENTATION_CONTEXT(2) 
PARAMETRIC_REPRESENTATION_CONTEXT() REPRESENTATION_CONTEXT('2D SPACE',''
  ) );
#7083 = PCURVE('',#6954,#7084);
#7084 = DEFINITIONAL_REPRESENTATION('',(#7085),#7089);
#7085 = LINE('',#7086,#7087);
#7086 = CARTESIAN_POINT('',(1.326485451143,-4.237715751557));
#7087 = VECTOR('',#7088,1.);
#7088 = DIRECTION('',(2.566660636526E-04,-0.999999967061));
#7089 = ( GEOMETRIC_REPRESENTATION_CONTEXT(2) 
PARAMETRIC_REPRESENTATION_CONTEXT() REPRESENTATION_CONTEXT('2D SPACE',''
  ) );
#7090 = ORIENTED_EDGE('',*,*,#3783,.T.);
#7091 = ADVANCED_FACE('',(#7092),#3771,.T.);
#7092 = FACE_BOUND('',#7093,.T.);
#7093 = EDGE_LOOP('',(#7094,#7115));
#7094 = ORIENTED_EDGE('',*,*,#7095,.T.);
#7095 = EDGE_CURVE('',#3726,#3755,#7096,.T.);
#7096 = SURFACE_CURVE('',#7097,(#7101,#7108),.PCURVE_S1.);
#7097 = LINE('',#7098,#7099);
#7098 = CARTESIAN_POINT('',(52.133961383385,2.624894374204,5.));
#7099 = VECTOR('',#7100,1.);
#7100 = DIRECTION('',(3.361691975374E-02,-0.999434791623,0.));
#7101 = PCURVE('',#3771,#7102);
#7102 = DEFINITIONAL_REPRESENTATION('',(#7103),#7107);
#7103 = LINE('',#7104,#7105);
#7104 = CARTESIAN_POINT('',(7.626479724318E-02,-2.617040036066));
#7105 = VECTOR('',#7106,1.);
#7106 = DIRECTION('',(3.361691975374E-02,-0.999434791623));
#7107 = ( GEOMETRIC_REPRESENTATION_CONTEXT(2) 
PARAMETRIC_REPRESENTATION_CONTEXT() REPRESENTATION_CONTEXT('2D SPACE',''
  ) );
#7108 = PCURVE('',#6954,#7109);
#7109 = DEFINITIONAL_REPRESENTATION('',(#7110),#7114);
#7110 = LINE('',#7111,#7112);
#7111 = CARTESIAN_POINT('',(1.267936370356,-2.497045018336));
#7112 = VECTOR('',#7113,1.);
#7113 = DIRECTION('',(3.361691975374E-02,-0.999434791623));
#7114 = ( GEOMETRIC_REPRESENTATION_CONTEXT(2) 
PARAMETRIC_REPRESENTATION_CONTEXT() REPRESENTATION_CONTEXT('2D SPACE',''
  ) );
#7115 = ORIENTED_EDGE('',*,*,#3754,.T.);
#7116 = ADVANCED_FACE('',(#7117),#3742,.T.);
#7117 = FACE_BOUND('',#7118,.T.);
#7118 = EDGE_LOOP('',(#7119,#7140));
#7119 = ORIENTED_EDGE('',*,*,#7120,.T.);
#7120 = EDGE_CURVE('',#3697,#3726,#7121,.T.);
#7121 = SURFACE_CURVE('',#7122,(#7126,#7133),.PCURVE_S1.);
#7122 = LINE('',#7123,#7124);
#7123 = CARTESIAN_POINT('',(52.017375423933,4.362643006893,5.));
#7124 = VECTOR('',#7125,1.);
#7125 = DIRECTION('',(6.69397502164E-02,-0.99775701944,0.));
#7126 = PCURVE('',#3742,#7127);
#7127 = DEFINITIONAL_REPRESENTATION('',(#7128),#7132);
#7128 = LINE('',#7129,#7130);
#7129 = CARTESIAN_POINT('',(-4.032116220856E-02,-0.879291403377));
#7130 = VECTOR('',#7131,1.);
#7131 = DIRECTION('',(6.69397502164E-02,-0.99775701944));
#7132 = ( GEOMETRIC_REPRESENTATION_CONTEXT(2) 
PARAMETRIC_REPRESENTATION_CONTEXT() REPRESENTATION_CONTEXT('2D SPACE',''
  ) );
#7133 = PCURVE('',#6954,#7134);
#7134 = DEFINITIONAL_REPRESENTATION('',(#7135),#7139);
#7135 = LINE('',#7136,#7137);
#7136 = CARTESIAN_POINT('',(1.151350410904,-0.759296385647));
#7137 = VECTOR('',#7138,1.);
#7138 = DIRECTION('',(6.69397502164E-02,-0.99775701944));
#7139 = ( GEOMETRIC_REPRESENTATION_CONTEXT(2) 
PARAMETRIC_REPRESENTATION_CONTEXT() REPRESENTATION_CONTEXT('2D SPACE',''
  ) );
#7140 = ORIENTED_EDGE('',*,*,#3725,.T.);
#7141 = ADVANCED_FACE('',(#7142),#3713,.T.);
#7142 = FACE_BOUND('',#7143,.T.);
#7143 = EDGE_LOOP('',(#7144,#7165));
#7144 = ORIENTED_EDGE('',*,*,#7145,.T.);
#7145 = EDGE_CURVE('',#3668,#3697,#7146,.T.);
#7146 = SURFACE_CURVE('',#7147,(#7151,#7158),.PCURVE_S1.);
#7147 = LINE('',#7148,#7149);
#7148 = CARTESIAN_POINT('',(51.842882372332,6.095535032178,5.));
#7149 = VECTOR('',#7150,1.);
#7150 = DIRECTION('',(0.100188061612,-0.994968518251,0.));
#7151 = PCURVE('',#3713,#7152);
#7152 = DEFINITIONAL_REPRESENTATION('',(#7153),#7157);
#7153 = LINE('',#7154,#7155);
#7154 = CARTESIAN_POINT('',(-0.214814213809,0.853600621907));
#7155 = VECTOR('',#7156,1.);
#7156 = DIRECTION('',(0.100188061612,-0.994968518251));
#7157 = ( GEOMETRIC_REPRESENTATION_CONTEXT(2) 
PARAMETRIC_REPRESENTATION_CONTEXT() REPRESENTATION_CONTEXT('2D SPACE',''
  ) );
#7158 = PCURVE('',#6954,#7159);
#7159 = DEFINITIONAL_REPRESENTATION('',(#7160),#7164);
#7160 = LINE('',#7161,#7162);
#7161 = CARTESIAN_POINT('',(0.976857359303,0.973595639637));
#7162 = VECTOR('',#7163,1.);
#7163 = DIRECTION('',(0.100188061612,-0.994968518251));
#7164 = ( GEOMETRIC_REPRESENTATION_CONTEXT(2) 
PARAMETRIC_REPRESENTATION_CONTEXT() REPRESENTATION_CONTEXT('2D SPACE',''
  ) );
#7165 = ORIENTED_EDGE('',*,*,#3696,.T.);
#7166 = ADVANCED_FACE('',(#7167),#3684,.T.);
#7167 = FACE_BOUND('',#7168,.T.);
#7168 = EDGE_LOOP('',(#7169,#7190));
#7169 = ORIENTED_EDGE('',*,*,#7170,.T.);
#7170 = EDGE_CURVE('',#3644,#3668,#7171,.T.);
#7171 = SURFACE_CURVE('',#7172,(#7176,#7183),.PCURVE_S1.);
#7172 = LINE('',#7173,#7174);
#7173 = CARTESIAN_POINT('',(51.610676478776,7.821641349688,5.));
#7174 = VECTOR('',#7175,1.);
#7175 = DIRECTION('',(0.133324841058,-0.991072392289,0.));
#7176 = PCURVE('',#3684,#7177);
#7177 = DEFINITIONAL_REPRESENTATION('',(#7178),#7182);
#7178 = LINE('',#7179,#7180);
#7179 = CARTESIAN_POINT('',(-0.447020107366,2.579706939418));
#7180 = VECTOR('',#7181,1.);
#7181 = DIRECTION('',(0.133324841058,-0.991072392289));
#7182 = ( GEOMETRIC_REPRESENTATION_CONTEXT(2) 
PARAMETRIC_REPRESENTATION_CONTEXT() REPRESENTATION_CONTEXT('2D SPACE',''
  ) );
#7183 = PCURVE('',#6954,#7184);
#7184 = DEFINITIONAL_REPRESENTATION('',(#7185),#7189);
#7185 = LINE('',#7186,#7187);
#7186 = CARTESIAN_POINT('',(0.744651465747,2.699701957148));
#7187 = VECTOR('',#7188,1.);
#7188 = DIRECTION('',(0.133324841058,-0.991072392289));
#7189 = ( GEOMETRIC_REPRESENTATION_CONTEXT(2) 
PARAMETRIC_REPRESENTATION_CONTEXT() REPRESENTATION_CONTEXT('2D SPACE',''
  ) );
#7190 = ORIENTED_EDGE('',*,*,#3667,.T.);
#7191 = ADVANCED_FACE('',(#7192),#3631,.T.);
#7192 = FACE_BOUND('',#7193,.T.);
#7193 = EDGE_LOOP('',(#7194,#7215,#7216));
#7194 = ORIENTED_EDGE('',*,*,#7195,.T.);
#7195 = EDGE_CURVE('',#3586,#3644,#7196,.T.);
#7196 = SURFACE_CURVE('',#7197,(#7201,#7208),.PCURVE_S1.);
#7197 = LINE('',#7198,#7199);
#7198 = CARTESIAN_POINT('',(51.321016240889,9.53904041308,5.));
#7199 = VECTOR('',#7200,1.);
#7200 = DIRECTION('',(0.166313199831,-0.986072978822,0.));
#7201 = PCURVE('',#3631,#7202);
#7202 = DEFINITIONAL_REPRESENTATION('',(#7203),#7207);
#7203 = LINE('',#7204,#7205);
#7204 = CARTESIAN_POINT('',(-0.736680345252,4.29710600281));
#7205 = VECTOR('',#7206,1.);
#7206 = DIRECTION('',(0.166313199831,-0.986072978822));
#7207 = ( GEOMETRIC_REPRESENTATION_CONTEXT(2) 
PARAMETRIC_REPRESENTATION_CONTEXT() REPRESENTATION_CONTEXT('2D SPACE',''
  ) );
#7208 = PCURVE('',#6954,#7209);
#7209 = DEFINITIONAL_REPRESENTATION('',(#7210),#7214);
#7210 = LINE('',#7211,#7212);
#7211 = CARTESIAN_POINT('',(0.45499122786,4.41710102054));
#7212 = VECTOR('',#7213,1.);
#7213 = DIRECTION('',(0.166313199831,-0.986072978822));
#7214 = ( GEOMETRIC_REPRESENTATION_CONTEXT(2) 
PARAMETRIC_REPRESENTATION_CONTEXT() REPRESENTATION_CONTEXT('2D SPACE',''
  ) );
#7215 = ORIENTED_EDGE('',*,*,#3643,.T.);
#7216 = ORIENTED_EDGE('',*,*,#3614,.T.);
#7217 = ADVANCED_FACE('',(#7218),#3602,.T.);
#7218 = FACE_BOUND('',#7219,.T.);
#7219 = EDGE_LOOP('',(#7220,#7241));
#7220 = ORIENTED_EDGE('',*,*,#7221,.T.);
#7221 = EDGE_CURVE('',#3557,#3586,#7222,.T.);
#7222 = SURFACE_CURVE('',#7223,(#7227,#7234),.PCURVE_S1.);
#7223 = LINE('',#7224,#7225);
#7224 = CARTESIAN_POINT('',(50.974224115967,11.245820369151,5.));
#7225 = VECTOR('',#7226,1.);
#7226 = DIRECTION('',(0.199116414434,-0.979975843326,0.));
#7227 = PCURVE('',#3602,#7228);
#7228 = DEFINITIONAL_REPRESENTATION('',(#7229),#7233);
#7229 = LINE('',#7230,#7231);
#7230 = CARTESIAN_POINT('',(-1.083472470175,6.00388595888));
#7231 = VECTOR('',#7232,1.);
#7232 = DIRECTION('',(0.199116414434,-0.979975843326));
#7233 = ( GEOMETRIC_REPRESENTATION_CONTEXT(2) 
PARAMETRIC_REPRESENTATION_CONTEXT() REPRESENTATION_CONTEXT('2D SPACE',''
  ) );
#7234 = PCURVE('',#6954,#7235);
#7235 = DEFINITIONAL_REPRESENTATION('',(#7236),#7240);
#7236 = LINE('',#7237,#7238);
#7237 = CARTESIAN_POINT('',(0.108199102938,6.123880976611));
#7238 = VECTOR('',#7239,1.);
#7239 = DIRECTION('',(0.199116414434,-0.979975843326));
#7240 = ( GEOMETRIC_REPRESENTATION_CONTEXT(2) 
PARAMETRIC_REPRESENTATION_CONTEXT() REPRESENTATION_CONTEXT('2D SPACE',''
  ) );
#7241 = ORIENTED_EDGE('',*,*,#3585,.T.);
#7242 = ADVANCED_FACE('',(#7243),#3573,.T.);
#7243 = FACE_BOUND('',#7244,.T.);
#7244 = EDGE_LOOP('',(#7245,#7266));
#7245 = ORIENTED_EDGE('',*,*,#7246,.T.);
#7246 = EDGE_CURVE('',#3528,#3557,#7247,.T.);
#7247 = SURFACE_CURVE('',#7248,(#7252,#7259),.PCURVE_S1.);
#7248 = LINE('',#7249,#7250);
#7249 = CARTESIAN_POINT('',(50.570686162,12.940081186162,5.));
#7250 = VECTOR('',#7251,1.);
#7251 = DIRECTION('',(0.231697967477,-0.972787773292,0.));
#7252 = PCURVE('',#3573,#7253);
#7253 = DEFINITIONAL_REPRESENTATION('',(#7254),#7258);
#7254 = LINE('',#7255,#7256);
#7255 = CARTESIAN_POINT('',(-1.487010424141,7.698146775892));
#7256 = VECTOR('',#7257,1.);
#7257 = DIRECTION('',(0.231697967477,-0.972787773292));
#7258 = ( GEOMETRIC_REPRESENTATION_CONTEXT(2) 
PARAMETRIC_REPRESENTATION_CONTEXT() REPRESENTATION_CONTEXT('2D SPACE',''
  ) );
#7259 = PCURVE('',#6954,#7260);
#7260 = DEFINITIONAL_REPRESENTATION('',(#7261),#7265);
#7261 = LINE('',#7262,#7263);
#7262 = CARTESIAN_POINT('',(-0.295338851029,7.818141793622));
#7263 = VECTOR('',#7264,1.);
#7264 = DIRECTION('',(0.231697967477,-0.972787773292));
#7265 = ( GEOMETRIC_REPRESENTATION_CONTEXT(2) 
PARAMETRIC_REPRESENTATION_CONTEXT() REPRESENTATION_CONTEXT('2D SPACE',''
  ) );
#7266 = ORIENTED_EDGE('',*,*,#3556,.T.);
#7267 = ADVANCED_FACE('',(#7268),#3544,.T.);
#7268 = FACE_BOUND('',#7269,.T.);
#7269 = EDGE_LOOP('',(#7270,#7291));
#7270 = ORIENTED_EDGE('',*,*,#7271,.T.);
#7271 = EDGE_CURVE('',#3499,#3528,#7272,.T.);
#7272 = SURFACE_CURVE('',#7273,(#7277,#7284),.PCURVE_S1.);
#7273 = LINE('',#7274,#7275);
#7274 = CARTESIAN_POINT('',(50.110851607912,14.619936769008,5.));
#7275 = VECTOR('',#7276,1.);
#7276 = DIRECTION('',(0.264021588331,-0.964516770666,0.));
#7277 = PCURVE('',#3544,#7278);
#7278 = DEFINITIONAL_REPRESENTATION('',(#7279),#7283);
#7279 = LINE('',#7280,#7281);
#7280 = CARTESIAN_POINT('',(-1.94684497823,9.378002358738));
#7281 = VECTOR('',#7282,1.);
#7282 = DIRECTION('',(0.264021588331,-0.964516770666));
#7283 = ( GEOMETRIC_REPRESENTATION_CONTEXT(2) 
PARAMETRIC_REPRESENTATION_CONTEXT() REPRESENTATION_CONTEXT('2D SPACE',''
  ) );
#7284 = PCURVE('',#6954,#7285);
#7285 = DEFINITIONAL_REPRESENTATION('',(#7286),#7290);
#7286 = LINE('',#7287,#7288);
#7287 = CARTESIAN_POINT('',(-0.755173405117,9.497997376468));
#7288 = VECTOR('',#7289,1.);
#7289 = DIRECTION('',(0.264021588331,-0.964516770666));
#7290 = ( GEOMETRIC_REPRESENTATION_CONTEXT(2) 
PARAMETRIC_REPRESENTATION_CONTEXT() REPRESENTATION_CONTEXT('2D SPACE',''
  ) );
#7291 = ORIENTED_EDGE('',*,*,#3527,.T.);
#7292 = ADVANCED_FACE('',(#7293),#3515,.T.);
#7293 = FACE_BOUND('',#7294,.T.);
#7294 = EDGE_LOOP('',(#7295,#7316));
#7295 = ORIENTED_EDGE('',*,*,#7296,.T.);
#7296 = EDGE_CURVE('',#3470,#3499,#7297,.T.);
#7297 = SURFACE_CURVE('',#7298,(#7302,#7309),.PCURVE_S1.);
#7298 = LINE('',#7299,#7300);
#7299 = CARTESIAN_POINT('',(49.59523235346,16.283517058863,5.));
#7300 = VECTOR('',#7301,1.);
#7301 = DIRECTION('',(0.296051293501,-0.955172042941,0.));
#7302 = PCURVE('',#3515,#7303);
#7303 = DEFINITIONAL_REPRESENTATION('',(#7304),#7308);
#7304 = LINE('',#7305,#7306);
#7305 = CARTESIAN_POINT('',(-2.462464232681,11.041582648592));
#7306 = VECTOR('',#7307,1.);
#7307 = DIRECTION('',(0.296051293501,-0.955172042941));
#7308 = ( GEOMETRIC_REPRESENTATION_CONTEXT(2) 
PARAMETRIC_REPRESENTATION_CONTEXT() REPRESENTATION_CONTEXT('2D SPACE',''
  ) );
#7309 = PCURVE('',#6954,#7310);
#7310 = DEFINITIONAL_REPRESENTATION('',(#7311),#7315);
#7311 = LINE('',#7312,#7313);
#7312 = CARTESIAN_POINT('',(-1.270792659568,11.161577666322));
#7313 = VECTOR('',#7314,1.);
#7314 = DIRECTION('',(0.296051293501,-0.955172042941));
#7315 = ( GEOMETRIC_REPRESENTATION_CONTEXT(2) 
PARAMETRIC_REPRESENTATION_CONTEXT() REPRESENTATION_CONTEXT('2D SPACE',''
  ) );
#7316 = ORIENTED_EDGE('',*,*,#3498,.T.);
#7317 = ADVANCED_FACE('',(#7318),#3486,.T.);
#7318 = FACE_BOUND('',#7319,.T.);
#7319 = EDGE_LOOP('',(#7320,#7341));
#7320 = ORIENTED_EDGE('',*,*,#7321,.T.);
#7321 = EDGE_CURVE('',#3441,#3470,#7322,.T.);
#7322 = SURFACE_CURVE('',#7323,(#7327,#7334),.PCURVE_S1.);
#7323 = LINE('',#7324,#7325);
#7324 = CARTESIAN_POINT('',(49.024402399379,17.928970114977,5.));
#7325 = VECTOR('',#7326,1.);
#7326 = DIRECTION('',(0.327751426689,-0.944763992912,0.));
#7327 = PCURVE('',#3486,#7328);
#7328 = DEFINITIONAL_REPRESENTATION('',(#7329),#7333);
#7329 = LINE('',#7330,#7331);
#7330 = CARTESIAN_POINT('',(-3.033294186762,12.687035704707));
#7331 = VECTOR('',#7332,1.);
#7332 = DIRECTION('',(0.327751426689,-0.944763992912));
#7333 = ( GEOMETRIC_REPRESENTATION_CONTEXT(2) 
PARAMETRIC_REPRESENTATION_CONTEXT() REPRESENTATION_CONTEXT('2D SPACE',''
  ) );
#7334 = PCURVE('',#6954,#7335);
#7335 = DEFINITIONAL_REPRESENTATION('',(#7336),#7340);
#7336 = LINE('',#7337,#7338);
#7337 = CARTESIAN_POINT('',(-1.84162261365,12.807030722437));
#7338 = VECTOR('',#7339,1.);
#7339 = DIRECTION('',(0.327751426689,-0.944763992912));
#7340 = ( GEOMETRIC_REPRESENTATION_CONTEXT(2) 
PARAMETRIC_REPRESENTATION_CONTEXT() REPRESENTATION_CONTEXT('2D SPACE',''
  ) );
#7341 = ORIENTED_EDGE('',*,*,#3469,.T.);
#7342 = ADVANCED_FACE('',(#7343),#3457,.T.);
#7343 = FACE_BOUND('',#7344,.T.);
#7344 = EDGE_LOOP('',(#7345,#7366));
#7345 = ORIENTED_EDGE('',*,*,#7346,.T.);
#7346 = EDGE_CURVE('',#2047,#3441,#7347,.T.);
#7347 = SURFACE_CURVE('',#7348,(#7352,#7359),.PCURVE_S1.);
#7348 = LINE('',#7349,#7350);
#7349 = CARTESIAN_POINT('',(48.398997208386,19.554464176311,5.));
#7350 = VECTOR('',#7351,1.);
#7351 = DIRECTION('',(0.359086698484,-0.93330420709,0.));
#7352 = PCURVE('',#3457,#7353);
#7353 = DEFINITIONAL_REPRESENTATION('',(#7354),#7358);
#7354 = LINE('',#7355,#7356);
#7355 = CARTESIAN_POINT('',(-3.658699377755,14.31252976604));
#7356 = VECTOR('',#7357,1.);
#7357 = DIRECTION('',(0.359086698484,-0.93330420709));
#7358 = ( GEOMETRIC_REPRESENTATION_CONTEXT(2) 
PARAMETRIC_REPRESENTATION_CONTEXT() REPRESENTATION_CONTEXT('2D SPACE',''
  ) );
#7359 = PCURVE('',#6954,#7360);
#7360 = DEFINITIONAL_REPRESENTATION('',(#7361),#7365);
#7361 = LINE('',#7362,#7363);
#7362 = CARTESIAN_POINT('',(-2.467027804643,14.43252478377));
#7363 = VECTOR('',#7364,1.);
#7364 = DIRECTION('',(0.359086698484,-0.93330420709));
#7365 = ( GEOMETRIC_REPRESENTATION_CONTEXT(2) 
PARAMETRIC_REPRESENTATION_CONTEXT() REPRESENTATION_CONTEXT('2D SPACE',''
  ) );
#7366 = ORIENTED_EDGE('',*,*,#3440,.T.);
#7367 = ADVANCED_FACE('',(#7368),#3988,.F.);
#7368 = FACE_BOUND('',#7369,.F.);
#7369 = EDGE_LOOP('',(#7370,#7396,#7397));
#7370 = ORIENTED_EDGE('',*,*,#7371,.T.);
#7371 = EDGE_CURVE('',#3972,#4052,#7372,.T.);
#7372 = SURFACE_CURVE('',#7373,(#7377,#7384),.PCURVE_S1.);
#7373 = LINE('',#7374,#7375);
#7374 = CARTESIAN_POINT('',(51.321016240889,9.53904041308,1.5));
#7375 = VECTOR('',#7376,1.);
#7376 = DIRECTION('',(0.166313199831,-0.986072978822,0.));
#7377 = PCURVE('',#3988,#7378);
#7378 = DEFINITIONAL_REPRESENTATION('',(#7379),#7383);
#7379 = LINE('',#7380,#7381);
#7380 = CARTESIAN_POINT('',(-0.736680345252,4.29710600281));
#7381 = VECTOR('',#7382,1.);
#7382 = DIRECTION('',(0.166313199831,-0.986072978822));
#7383 = ( GEOMETRIC_REPRESENTATION_CONTEXT(2) 
PARAMETRIC_REPRESENTATION_CONTEXT() REPRESENTATION_CONTEXT('2D SPACE',''
  ) );
#7384 = PCURVE('',#7385,#7390);
#7385 = PLANE('',#7386);
#7386 = AXIS2_PLACEMENT_3D('',#7387,#7388,#7389);
#7387 = CARTESIAN_POINT('',(51.321016240889,9.53904041308,1.5));
#7388 = DIRECTION('',(0.986072978822,0.166313199831,0.));
#7389 = DIRECTION('',(0.166313199831,-0.986072978822,0.));
#7390 = DEFINITIONAL_REPRESENTATION('',(#7391),#7395);
#7391 = LINE('',#7392,#7393);
#7392 = CARTESIAN_POINT('',(0.,0.));
#7393 = VECTOR('',#7394,1.);
#7394 = DIRECTION('',(1.,0.));
#7395 = ( GEOMETRIC_REPRESENTATION_CONTEXT(2) 
PARAMETRIC_REPRESENTATION_CONTEXT() REPRESENTATION_CONTEXT('2D SPACE',''
  ) );
#7396 = ORIENTED_EDGE('',*,*,#4051,.T.);
#7397 = ORIENTED_EDGE('',*,*,#3969,.T.);
#7398 = ADVANCED_FACE('',(#7399),#5844,.F.);
#7399 = FACE_BOUND('',#7400,.F.);
#7400 = EDGE_LOOP('',(#7401,#7427));
#7401 = ORIENTED_EDGE('',*,*,#7402,.T.);
#7402 = EDGE_CURVE('',#5801,#3972,#7403,.T.);
#7403 = SURFACE_CURVE('',#7404,(#7408,#7415),.PCURVE_S1.);
#7404 = LINE('',#7405,#7406);
#7405 = CARTESIAN_POINT('',(50.974224115967,11.245820369151,1.5));
#7406 = VECTOR('',#7407,1.);
#7407 = DIRECTION('',(0.199116414434,-0.979975843326,0.));
#7408 = PCURVE('',#5844,#7409);
#7409 = DEFINITIONAL_REPRESENTATION('',(#7410),#7414);
#7410 = LINE('',#7411,#7412);
#7411 = CARTESIAN_POINT('',(-1.083472470175,6.00388595888));
#7412 = VECTOR('',#7413,1.);
#7413 = DIRECTION('',(0.199116414434,-0.979975843326));
#7414 = ( GEOMETRIC_REPRESENTATION_CONTEXT(2) 
PARAMETRIC_REPRESENTATION_CONTEXT() REPRESENTATION_CONTEXT('2D SPACE',''
  ) );
#7415 = PCURVE('',#7416,#7421);
#7416 = PLANE('',#7417);
#7417 = AXIS2_PLACEMENT_3D('',#7418,#7419,#7420);
#7418 = CARTESIAN_POINT('',(50.974224115967,11.245820369151,1.5));
#7419 = DIRECTION('',(0.979975843326,0.199116414434,0.));
#7420 = DIRECTION('',(0.199116414434,-0.979975843326,0.));
#7421 = DEFINITIONAL_REPRESENTATION('',(#7422),#7426);
#7422 = LINE('',#7423,#7424);
#7423 = CARTESIAN_POINT('',(0.,0.));
#7424 = VECTOR('',#7425,1.);
#7425 = DIRECTION('',(1.,0.));
#7426 = ( GEOMETRIC_REPRESENTATION_CONTEXT(2) 
PARAMETRIC_REPRESENTATION_CONTEXT() REPRESENTATION_CONTEXT('2D SPACE',''
  ) );
#7427 = ORIENTED_EDGE('',*,*,#5829,.T.);
#7428 = ADVANCED_FACE('',(#7429),#5817,.F.);
#7429 = FACE_BOUND('',#7430,.F.);
#7430 = EDGE_LOOP('',(#7431,#7457));
#7431 = ORIENTED_EDGE('',*,*,#7432,.T.);
#7432 = EDGE_CURVE('',#5772,#5801,#7433,.T.);
#7433 = SURFACE_CURVE('',#7434,(#7438,#7445),.PCURVE_S1.);
#7434 = LINE('',#7435,#7436);
#7435 = CARTESIAN_POINT('',(50.570686162,12.940081186162,1.5));
#7436 = VECTOR('',#7437,1.);
#7437 = DIRECTION('',(0.231697967477,-0.972787773292,0.));
#7438 = PCURVE('',#5817,#7439);
#7439 = DEFINITIONAL_REPRESENTATION('',(#7440),#7444);
#7440 = LINE('',#7441,#7442);
#7441 = CARTESIAN_POINT('',(-1.487010424141,7.698146775892));
#7442 = VECTOR('',#7443,1.);
#7443 = DIRECTION('',(0.231697967477,-0.972787773292));
#7444 = ( GEOMETRIC_REPRESENTATION_CONTEXT(2) 
PARAMETRIC_REPRESENTATION_CONTEXT() REPRESENTATION_CONTEXT('2D SPACE',''
  ) );
#7445 = PCURVE('',#7446,#7451);
#7446 = PLANE('',#7447);
#7447 = AXIS2_PLACEMENT_3D('',#7448,#7449,#7450);
#7448 = CARTESIAN_POINT('',(50.570686162,12.940081186162,1.5));
#7449 = DIRECTION('',(0.972787773292,0.231697967477,0.));
#7450 = DIRECTION('',(0.231697967477,-0.972787773292,0.));
#7451 = DEFINITIONAL_REPRESENTATION('',(#7452),#7456);
#7452 = LINE('',#7453,#7454);
#7453 = CARTESIAN_POINT('',(0.,0.));
#7454 = VECTOR('',#7455,1.);
#7455 = DIRECTION('',(1.,0.));
#7456 = ( GEOMETRIC_REPRESENTATION_CONTEXT(2) 
PARAMETRIC_REPRESENTATION_CONTEXT() REPRESENTATION_CONTEXT('2D SPACE',''
  ) );
#7457 = ORIENTED_EDGE('',*,*,#5800,.T.);
#7458 = ADVANCED_FACE('',(#7459),#5788,.F.);
#7459 = FACE_BOUND('',#7460,.F.);
#7460 = EDGE_LOOP('',(#7461,#7487));
#7461 = ORIENTED_EDGE('',*,*,#7462,.T.);
#7462 = EDGE_CURVE('',#5743,#5772,#7463,.T.);
#7463 = SURFACE_CURVE('',#7464,(#7468,#7475),.PCURVE_S1.);
#7464 = LINE('',#7465,#7466);
#7465 = CARTESIAN_POINT('',(50.110851607912,14.619936769008,1.5));
#7466 = VECTOR('',#7467,1.);
#7467 = DIRECTION('',(0.264021588331,-0.964516770666,0.));
#7468 = PCURVE('',#5788,#7469);
#7469 = DEFINITIONAL_REPRESENTATION('',(#7470),#7474);
#7470 = LINE('',#7471,#7472);
#7471 = CARTESIAN_POINT('',(-1.94684497823,9.378002358738));
#7472 = VECTOR('',#7473,1.);
#7473 = DIRECTION('',(0.264021588331,-0.964516770666));
#7474 = ( GEOMETRIC_REPRESENTATION_CONTEXT(2) 
PARAMETRIC_REPRESENTATION_CONTEXT() REPRESENTATION_CONTEXT('2D SPACE',''
  ) );
#7475 = PCURVE('',#7476,#7481);
#7476 = PLANE('',#7477);
#7477 = AXIS2_PLACEMENT_3D('',#7478,#7479,#7480);
#7478 = CARTESIAN_POINT('',(50.110851607912,14.619936769008,1.5));
#7479 = DIRECTION('',(0.964516770666,0.264021588331,0.));
#7480 = DIRECTION('',(0.264021588331,-0.964516770666,0.));
#7481 = DEFINITIONAL_REPRESENTATION('',(#7482),#7486);
#7482 = LINE('',#7483,#7484);
#7483 = CARTESIAN_POINT('',(0.,0.));
#7484 = VECTOR('',#7485,1.);
#7485 = DIRECTION('',(1.,0.));
#7486 = ( GEOMETRIC_REPRESENTATION_CONTEXT(2) 
PARAMETRIC_REPRESENTATION_CONTEXT() REPRESENTATION_CONTEXT('2D SPACE',''
  ) );
#7487 = ORIENTED_EDGE('',*,*,#5771,.T.);
#7488 = ADVANCED_FACE('',(#7489),#5759,.F.);
#7489 = FACE_BOUND('',#7490,.F.);
#7490 = EDGE_LOOP('',(#7491,#7517));
#7491 = ORIENTED_EDGE('',*,*,#7492,.T.);
#7492 = EDGE_CURVE('',#5714,#5743,#7493,.T.);
#7493 = SURFACE_CURVE('',#7494,(#7498,#7505),.PCURVE_S1.);
#7494 = LINE('',#7495,#7496);
#7495 = CARTESIAN_POINT('',(49.59523235346,16.283517058863,1.5));
#7496 = VECTOR('',#7497,1.);
#7497 = DIRECTION('',(0.296051293501,-0.955172042941,0.));
#7498 = PCURVE('',#5759,#7499);
#7499 = DEFINITIONAL_REPRESENTATION('',(#7500),#7504);
#7500 = LINE('',#7501,#7502);
#7501 = CARTESIAN_POINT('',(-2.462464232681,11.041582648592));
#7502 = VECTOR('',#7503,1.);
#7503 = DIRECTION('',(0.296051293501,-0.955172042941));
#7504 = ( GEOMETRIC_REPRESENTATION_CONTEXT(2) 
PARAMETRIC_REPRESENTATION_CONTEXT() REPRESENTATION_CONTEXT('2D SPACE',''
  ) );
#7505 = PCURVE('',#7506,#7511);
#7506 = PLANE('',#7507);
#7507 = AXIS2_PLACEMENT_3D('',#7508,#7509,#7510);
#7508 = CARTESIAN_POINT('',(49.59523235346,16.283517058863,1.5));
#7509 = DIRECTION('',(0.955172042941,0.296051293501,0.));
#7510 = DIRECTION('',(0.296051293501,-0.955172042941,0.));
#7511 = DEFINITIONAL_REPRESENTATION('',(#7512),#7516);
#7512 = LINE('',#7513,#7514);
#7513 = CARTESIAN_POINT('',(0.,0.));
#7514 = VECTOR('',#7515,1.);
#7515 = DIRECTION('',(1.,0.));
#7516 = ( GEOMETRIC_REPRESENTATION_CONTEXT(2) 
PARAMETRIC_REPRESENTATION_CONTEXT() REPRESENTATION_CONTEXT('2D SPACE',''
  ) );
#7517 = ORIENTED_EDGE('',*,*,#5742,.T.);
#7518 = ADVANCED_FACE('',(#7519),#5730,.F.);
#7519 = FACE_BOUND('',#7520,.F.);
#7520 = EDGE_LOOP('',(#7521,#7547));
#7521 = ORIENTED_EDGE('',*,*,#7522,.T.);
#7522 = EDGE_CURVE('',#5685,#5714,#7523,.T.);
#7523 = SURFACE_CURVE('',#7524,(#7528,#7535),.PCURVE_S1.);
#7524 = LINE('',#7525,#7526);
#7525 = CARTESIAN_POINT('',(49.024402399379,17.928970114977,1.5));
#7526 = VECTOR('',#7527,1.);
#7527 = DIRECTION('',(0.327751426689,-0.944763992912,0.));
#7528 = PCURVE('',#5730,#7529);
#7529 = DEFINITIONAL_REPRESENTATION('',(#7530),#7534);
#7530 = LINE('',#7531,#7532);
#7531 = CARTESIAN_POINT('',(-3.033294186762,12.687035704707));
#7532 = VECTOR('',#7533,1.);
#7533 = DIRECTION('',(0.327751426689,-0.944763992912));
#7534 = ( GEOMETRIC_REPRESENTATION_CONTEXT(2) 
PARAMETRIC_REPRESENTATION_CONTEXT() REPRESENTATION_CONTEXT('2D SPACE',''
  ) );
#7535 = PCURVE('',#7536,#7541);
#7536 = PLANE('',#7537);
#7537 = AXIS2_PLACEMENT_3D('',#7538,#7539,#7540);
#7538 = CARTESIAN_POINT('',(49.024402399379,17.928970114977,1.5));
#7539 = DIRECTION('',(0.944763992912,0.327751426689,0.));
#7540 = DIRECTION('',(0.327751426689,-0.944763992912,0.));
#7541 = DEFINITIONAL_REPRESENTATION('',(#7542),#7546);
#7542 = LINE('',#7543,#7544);
#7543 = CARTESIAN_POINT('',(0.,0.));
#7544 = VECTOR('',#7545,1.);
#7545 = DIRECTION('',(1.,0.));
#7546 = ( GEOMETRIC_REPRESENTATION_CONTEXT(2) 
PARAMETRIC_REPRESENTATION_CONTEXT() REPRESENTATION_CONTEXT('2D SPACE',''
  ) );
#7547 = ORIENTED_EDGE('',*,*,#5713,.T.);
#7548 = ADVANCED_FACE('',(#7549),#5701,.F.);
#7549 = FACE_BOUND('',#7550,.F.);
#7550 = EDGE_LOOP('',(#7551,#7572));
#7551 = ORIENTED_EDGE('',*,*,#7552,.T.);
#7552 = EDGE_CURVE('',#5657,#5685,#7553,.T.);
#7553 = SURFACE_CURVE('',#7554,(#7558,#7565),.PCURVE_S1.);
#7554 = LINE('',#7555,#7556);
#7555 = CARTESIAN_POINT('',(48.398997208386,19.554464176311,1.5));
#7556 = VECTOR('',#7557,1.);
#7557 = DIRECTION('',(0.359086698484,-0.93330420709,0.));
#7558 = PCURVE('',#5701,#7559);
#7559 = DEFINITIONAL_REPRESENTATION('',(#7560),#7564);
#7560 = LINE('',#7561,#7562);
#7561 = CARTESIAN_POINT('',(-3.658699377755,14.31252976604));
#7562 = VECTOR('',#7563,1.);
#7563 = DIRECTION('',(0.359086698484,-0.93330420709));
#7564 = ( GEOMETRIC_REPRESENTATION_CONTEXT(2) 
PARAMETRIC_REPRESENTATION_CONTEXT() REPRESENTATION_CONTEXT('2D SPACE',''
  ) );
#7565 = PCURVE('',#5672,#7566);
#7566 = DEFINITIONAL_REPRESENTATION('',(#7567),#7571);
#7567 = LINE('',#7568,#7569);
#7568 = CARTESIAN_POINT('',(0.,0.));
#7569 = VECTOR('',#7570,1.);
#7570 = DIRECTION('',(1.,0.));
#7571 = ( GEOMETRIC_REPRESENTATION_CONTEXT(2) 
PARAMETRIC_REPRESENTATION_CONTEXT() REPRESENTATION_CONTEXT('2D SPACE',''
  ) );
#7572 = ORIENTED_EDGE('',*,*,#5684,.T.);
#7573 = ADVANCED_FACE('',(#7574),#5672,.F.);
#7574 = FACE_BOUND('',#7575,.F.);
#7575 = EDGE_LOOP('',(#7576,#7577,#7578,#7606));
#7576 = ORIENTED_EDGE('',*,*,#7552,.F.);
#7577 = ORIENTED_EDGE('',*,*,#5656,.T.);
#7578 = ORIENTED_EDGE('',*,*,#7579,.F.);
#7579 = EDGE_CURVE('',#7580,#5629,#7582,.T.);
#7580 = VERTEX_POINT('',#7581);
#7581 = CARTESIAN_POINT('',(49.024402399379,17.928970114977,4.));
#7582 = SURFACE_CURVE('',#7583,(#7587,#7594),.PCURVE_S1.);
#7583 = LINE('',#7584,#7585);
#7584 = CARTESIAN_POINT('',(49.024402399379,17.928970114977,4.));
#7585 = VECTOR('',#7586,1.);
#7586 = DIRECTION('',(-0.359086698484,0.93330420709,0.));
#7587 = PCURVE('',#5672,#7588);
#7588 = DEFINITIONAL_REPRESENTATION('',(#7589),#7593);
#7589 = LINE('',#7590,#7591);
#7590 = CARTESIAN_POINT('',(1.741655131291,-2.5));
#7591 = VECTOR('',#7592,1.);
#7592 = DIRECTION('',(-1.,0.));
#7593 = ( GEOMETRIC_REPRESENTATION_CONTEXT(2) 
PARAMETRIC_REPRESENTATION_CONTEXT() REPRESENTATION_CONTEXT('2D SPACE',''
  ) );
#7594 = PCURVE('',#7595,#7600);
#7595 = PLANE('',#7596);
#7596 = AXIS2_PLACEMENT_3D('',#7597,#7598,#7599);
#7597 = CARTESIAN_POINT('',(50.866025013029,5.12193939254,4.));
#7598 = DIRECTION('',(0.,0.,1.));
#7599 = DIRECTION('',(1.,5.168968399631E-18,0.));
#7600 = DEFINITIONAL_REPRESENTATION('',(#7601),#7605);
#7601 = LINE('',#7602,#7603);
#7602 = CARTESIAN_POINT('',(-1.84162261365,12.807030722437));
#7603 = VECTOR('',#7604,1.);
#7604 = DIRECTION('',(-0.359086698484,0.93330420709));
#7605 = ( GEOMETRIC_REPRESENTATION_CONTEXT(2) 
PARAMETRIC_REPRESENTATION_CONTEXT() REPRESENTATION_CONTEXT('2D SPACE',''
  ) );
#7606 = ORIENTED_EDGE('',*,*,#7607,.F.);
#7607 = EDGE_CURVE('',#5685,#7580,#7608,.T.);
#7608 = SURFACE_CURVE('',#7609,(#7613,#7620),.PCURVE_S1.);
#7609 = LINE('',#7610,#7611);
#7610 = CARTESIAN_POINT('',(49.024402399379,17.928970114977,1.5));
#7611 = VECTOR('',#7612,1.);
#7612 = DIRECTION('',(0.,0.,1.));
#7613 = PCURVE('',#5672,#7614);
#7614 = DEFINITIONAL_REPRESENTATION('',(#7615),#7619);
#7615 = LINE('',#7616,#7617);
#7616 = CARTESIAN_POINT('',(1.741655131291,0.));
#7617 = VECTOR('',#7618,1.);
#7618 = DIRECTION('',(0.,-1.));
#7619 = ( GEOMETRIC_REPRESENTATION_CONTEXT(2) 
PARAMETRIC_REPRESENTATION_CONTEXT() REPRESENTATION_CONTEXT('2D SPACE',''
  ) );
#7620 = PCURVE('',#7536,#7621);
#7621 = DEFINITIONAL_REPRESENTATION('',(#7622),#7626);
#7622 = LINE('',#7623,#7624);
#7623 = CARTESIAN_POINT('',(0.,0.));
#7624 = VECTOR('',#7625,1.);
#7625 = DIRECTION('',(0.,-1.));
#7626 = ( GEOMETRIC_REPRESENTATION_CONTEXT(2) 
PARAMETRIC_REPRESENTATION_CONTEXT() REPRESENTATION_CONTEXT('2D SPACE',''
  ) );
#7627 = ADVANCED_FACE('',(#7628),#5644,.F.);
#7628 = FACE_BOUND('',#7629,.F.);
#7629 = EDGE_LOOP('',(#7630,#7631,#7654,#7682));
#7630 = ORIENTED_EDGE('',*,*,#5628,.T.);
#7631 = ORIENTED_EDGE('',*,*,#7632,.T.);
#7632 = EDGE_CURVE('',#2047,#7633,#7635,.T.);
#7633 = VERTEX_POINT('',#7634);
#7634 = CARTESIAN_POINT('',(47.74996851019,19.292239560919,5.));
#7635 = SURFACE_CURVE('',#7636,(#7640,#7647),.PCURVE_S1.);
#7636 = LINE('',#7637,#7638);
#7637 = CARTESIAN_POINT('',(48.398997208386,19.554464176311,5.));
#7638 = VECTOR('',#7639,1.);
#7639 = DIRECTION('',(-0.927183854567,-0.374606593416,0.));
#7640 = PCURVE('',#5644,#7641);
#7641 = DEFINITIONAL_REPRESENTATION('',(#7642),#7646);
#7642 = LINE('',#7643,#7644);
#7643 = CARTESIAN_POINT('',(0.,-1.));
#7644 = VECTOR('',#7645,1.);
#7645 = DIRECTION('',(1.,-0.));
#7646 = ( GEOMETRIC_REPRESENTATION_CONTEXT(2) 
PARAMETRIC_REPRESENTATION_CONTEXT() REPRESENTATION_CONTEXT('2D SPACE',''
  ) );
#7647 = PCURVE('',#6954,#7648);
#7648 = DEFINITIONAL_REPRESENTATION('',(#7649),#7653);
#7649 = LINE('',#7650,#7651);
#7650 = CARTESIAN_POINT('',(-2.467027804643,14.43252478377));
#7651 = VECTOR('',#7652,1.);
#7652 = DIRECTION('',(-0.927183854567,-0.374606593416));
#7653 = ( GEOMETRIC_REPRESENTATION_CONTEXT(2) 
PARAMETRIC_REPRESENTATION_CONTEXT() REPRESENTATION_CONTEXT('2D SPACE',''
  ) );
#7654 = ORIENTED_EDGE('',*,*,#7655,.F.);
#7655 = EDGE_CURVE('',#7656,#7633,#7658,.T.);
#7656 = VERTEX_POINT('',#7657);
#7657 = CARTESIAN_POINT('',(47.74996851019,19.292239560919,4.));
#7658 = SURFACE_CURVE('',#7659,(#7663,#7670),.PCURVE_S1.);
#7659 = LINE('',#7660,#7661);
#7660 = CARTESIAN_POINT('',(47.74996851019,19.292239560919,4.));
#7661 = VECTOR('',#7662,1.);
#7662 = DIRECTION('',(0.,0.,1.));
#7663 = PCURVE('',#5644,#7664);
#7664 = DEFINITIONAL_REPRESENTATION('',(#7665),#7669);
#7665 = LINE('',#7666,#7667);
#7666 = CARTESIAN_POINT('',(0.7,-0.));
#7667 = VECTOR('',#7668,1.);
#7668 = DIRECTION('',(0.,-1.));
#7669 = ( GEOMETRIC_REPRESENTATION_CONTEXT(2) 
PARAMETRIC_REPRESENTATION_CONTEXT() REPRESENTATION_CONTEXT('2D SPACE',''
  ) );
#7670 = PCURVE('',#7671,#7676);
#7671 = PLANE('',#7672);
#7672 = AXIS2_PLACEMENT_3D('',#7673,#7674,#7675);
#7673 = CARTESIAN_POINT('',(47.74996851019,19.292239560919,4.));
#7674 = DIRECTION('',(0.93330420709,0.359086698484,0.));
#7675 = DIRECTION('',(0.359086698484,-0.93330420709,0.));
#7676 = DEFINITIONAL_REPRESENTATION('',(#7677),#7681);
#7677 = LINE('',#7678,#7679);
#7678 = CARTESIAN_POINT('',(0.,0.));
#7679 = VECTOR('',#7680,1.);
#7680 = DIRECTION('',(0.,-1.));
#7681 = ( GEOMETRIC_REPRESENTATION_CONTEXT(2) 
PARAMETRIC_REPRESENTATION_CONTEXT() REPRESENTATION_CONTEXT('2D SPACE',''
  ) );
#7682 = ORIENTED_EDGE('',*,*,#7683,.F.);
#7683 = EDGE_CURVE('',#5629,#7656,#7684,.T.);
#7684 = SURFACE_CURVE('',#7685,(#7689,#7696),.PCURVE_S1.);
#7685 = LINE('',#7686,#7687);
#7686 = CARTESIAN_POINT('',(48.398997208386,19.554464176311,4.));
#7687 = VECTOR('',#7688,1.);
#7688 = DIRECTION('',(-0.927183854567,-0.374606593416,0.));
#7689 = PCURVE('',#5644,#7690);
#7690 = DEFINITIONAL_REPRESENTATION('',(#7691),#7695);
#7691 = LINE('',#7692,#7693);
#7692 = CARTESIAN_POINT('',(0.,0.));
#7693 = VECTOR('',#7694,1.);
#7694 = DIRECTION('',(1.,-0.));
#7695 = ( GEOMETRIC_REPRESENTATION_CONTEXT(2) 
PARAMETRIC_REPRESENTATION_CONTEXT() REPRESENTATION_CONTEXT('2D SPACE',''
  ) );
#7696 = PCURVE('',#7595,#7697);
#7697 = DEFINITIONAL_REPRESENTATION('',(#7698),#7702);
#7698 = LINE('',#7699,#7700);
#7699 = CARTESIAN_POINT('',(-2.467027804643,14.43252478377));
#7700 = VECTOR('',#7701,1.);
#7701 = DIRECTION('',(-0.927183854567,-0.374606593416));
#7702 = ( GEOMETRIC_REPRESENTATION_CONTEXT(2) 
PARAMETRIC_REPRESENTATION_CONTEXT() REPRESENTATION_CONTEXT('2D SPACE',''
  ) );
#7703 = ADVANCED_FACE('',(#7704),#5615,.F.);
#7704 = FACE_BOUND('',#7705,.F.);
#7705 = EDGE_LOOP('',(#7706,#7736,#7762,#7763));
#7706 = ORIENTED_EDGE('',*,*,#7707,.T.);
#7707 = EDGE_CURVE('',#7708,#7710,#7712,.T.);
#7708 = VERTEX_POINT('',#7709);
#7709 = CARTESIAN_POINT('',(-17.19105325053,48.546036791247,4.));
#7710 = VERTEX_POINT('',#7711);
#7711 = CARTESIAN_POINT('',(-17.19105325053,48.546036791247,5.));
#7712 = SURFACE_CURVE('',#7713,(#7717,#7724),.PCURVE_S1.);
#7713 = LINE('',#7714,#7715);
#7714 = CARTESIAN_POINT('',(-17.19105325053,48.546036791247,4.));
#7715 = VECTOR('',#7716,1.);
#7716 = DIRECTION('',(0.,0.,1.));
#7717 = PCURVE('',#5615,#7718);
#7718 = DEFINITIONAL_REPRESENTATION('',(#7719),#7723);
#7719 = LINE('',#7720,#7721);
#7720 = CARTESIAN_POINT('',(0.,0.));
#7721 = VECTOR('',#7722,1.);
#7722 = DIRECTION('',(0.,-1.));
#7723 = ( GEOMETRIC_REPRESENTATION_CONTEXT(2) 
PARAMETRIC_REPRESENTATION_CONTEXT() REPRESENTATION_CONTEXT('2D SPACE',''
  ) );
#7724 = PCURVE('',#7725,#7730);
#7725 = PLANE('',#7726);
#7726 = AXIS2_PLACEMENT_3D('',#7727,#7728,#7729);
#7727 = CARTESIAN_POINT('',(-18.80099957906,47.945515064791,4.));
#7728 = DIRECTION('',(-0.349486041613,0.9369415706,0.));
#7729 = DIRECTION('',(0.9369415706,0.349486041613,0.));
#7730 = DEFINITIONAL_REPRESENTATION('',(#7731),#7735);
#7731 = LINE('',#7732,#7733);
#7732 = CARTESIAN_POINT('',(1.71829960271,0.));
#7733 = VECTOR('',#7734,1.);
#7734 = DIRECTION('',(0.,-1.));
#7735 = ( GEOMETRIC_REPRESENTATION_CONTEXT(2) 
PARAMETRIC_REPRESENTATION_CONTEXT() REPRESENTATION_CONTEXT('2D SPACE',''
  ) );
#7736 = ORIENTED_EDGE('',*,*,#7737,.T.);
#7737 = EDGE_CURVE('',#7710,#2071,#7738,.T.);
#7738 = SURFACE_CURVE('',#7739,(#7743,#7750),.PCURVE_S1.);
#7739 = LINE('',#7740,#7741);
#7740 = CARTESIAN_POINT('',(-17.19105325053,48.546036791247,5.));
#7741 = VECTOR('',#7742,1.);
#7742 = DIRECTION('',(-0.333806859234,0.942641491092,0.));
#7743 = PCURVE('',#5615,#7744);
#7744 = DEFINITIONAL_REPRESENTATION('',(#7745),#7749);
#7745 = LINE('',#7746,#7747);
#7746 = CARTESIAN_POINT('',(0.,-1.));
#7747 = VECTOR('',#7748,1.);
#7748 = DIRECTION('',(1.,0.));
#7749 = ( GEOMETRIC_REPRESENTATION_CONTEXT(2) 
PARAMETRIC_REPRESENTATION_CONTEXT() REPRESENTATION_CONTEXT('2D SPACE',''
  ) );
#7750 = PCURVE('',#7751,#7756);
#7751 = PLANE('',#7752);
#7752 = AXIS2_PLACEMENT_3D('',#7753,#7754,#7755);
#7753 = CARTESIAN_POINT('',(-29.86874213709,41.490300154548,5.));
#7754 = DIRECTION('',(0.,0.,1.));
#7755 = DIRECTION('',(-0.5,0.866025403784,0.));
#7756 = DEFINITIONAL_REPRESENTATION('',(#7757),#7761);
#7757 = LINE('',#7758,#7759);
#7758 = CARTESIAN_POINT('',(-0.228397273485,-14.50706895538));
#7759 = VECTOR('',#7760,1.);
#7760 = DIRECTION('',(0.983254907564,-0.182235525492));
#7761 = ( GEOMETRIC_REPRESENTATION_CONTEXT(2) 
PARAMETRIC_REPRESENTATION_CONTEXT() REPRESENTATION_CONTEXT('2D SPACE',''
  ) );
#7762 = ORIENTED_EDGE('',*,*,#5601,.F.);
#7763 = ORIENTED_EDGE('',*,*,#7764,.F.);
#7764 = EDGE_CURVE('',#7708,#5574,#7765,.T.);
#7765 = SURFACE_CURVE('',#7766,(#7770,#7777),.PCURVE_S1.);
#7766 = LINE('',#7767,#7768);
#7767 = CARTESIAN_POINT('',(-17.19105325053,48.546036791247,4.));
#7768 = VECTOR('',#7769,1.);
#7769 = DIRECTION('',(-0.333806859234,0.942641491092,0.));
#7770 = PCURVE('',#5615,#7771);
#7771 = DEFINITIONAL_REPRESENTATION('',(#7772),#7776);
#7772 = LINE('',#7773,#7774);
#7773 = CARTESIAN_POINT('',(0.,0.));
#7774 = VECTOR('',#7775,1.);
#7775 = DIRECTION('',(1.,0.));
#7776 = ( GEOMETRIC_REPRESENTATION_CONTEXT(2) 
PARAMETRIC_REPRESENTATION_CONTEXT() REPRESENTATION_CONTEXT('2D SPACE',''
  ) );
#7777 = PCURVE('',#7778,#7783);
#7778 = PLANE('',#7779);
#7779 = AXIS2_PLACEMENT_3D('',#7780,#7781,#7782);
#7780 = CARTESIAN_POINT('',(-29.86874213709,41.490300154548,4.));
#7781 = DIRECTION('',(0.,0.,1.));
#7782 = DIRECTION('',(-0.5,0.866025403784,0.));
#7783 = DEFINITIONAL_REPRESENTATION('',(#7784),#7788);
#7784 = LINE('',#7785,#7786);
#7785 = CARTESIAN_POINT('',(-0.228397273485,-14.50706895538));
#7786 = VECTOR('',#7787,1.);
#7787 = DIRECTION('',(0.983254907564,-0.182235525492));
#7788 = ( GEOMETRIC_REPRESENTATION_CONTEXT(2) 
PARAMETRIC_REPRESENTATION_CONTEXT() REPRESENTATION_CONTEXT('2D SPACE',''
  ) );
#7789 = ADVANCED_FACE('',(#7790),#5589,.F.);
#7790 = FACE_BOUND('',#7791,.F.);
#7791 = EDGE_LOOP('',(#7792,#7813,#7841,#7862));
#7792 = ORIENTED_EDGE('',*,*,#7793,.F.);
#7793 = EDGE_CURVE('',#5516,#5545,#7794,.T.);
#7794 = SURFACE_CURVE('',#7795,(#7799,#7806),.PCURVE_S1.);
#7795 = LINE('',#7796,#7797);
#7796 = CARTESIAN_POINT('',(-19.05654714615,48.597201677322,1.5));
#7797 = VECTOR('',#7798,1.);
#7798 = DIRECTION('',(0.9369415706,0.349486041613,0.));
#7799 = PCURVE('',#5589,#7800);
#7800 = DEFINITIONAL_REPRESENTATION('',(#7801),#7805);
#7801 = LINE('',#7802,#7803);
#7802 = CARTESIAN_POINT('',(0.,0.));
#7803 = VECTOR('',#7804,1.);
#7804 = DIRECTION('',(1.,0.));
#7805 = ( GEOMETRIC_REPRESENTATION_CONTEXT(2) 
PARAMETRIC_REPRESENTATION_CONTEXT() REPRESENTATION_CONTEXT('2D SPACE',''
  ) );
#7806 = PCURVE('',#5561,#7807);
#7807 = DEFINITIONAL_REPRESENTATION('',(#7808),#7812);
#7808 = LINE('',#7809,#7810);
#7809 = CARTESIAN_POINT('',(-0.443011807667,-13.03708131194));
#7810 = VECTOR('',#7811,1.);
#7811 = DIRECTION('',(-0.165806994995,-0.986158222807));
#7812 = ( GEOMETRIC_REPRESENTATION_CONTEXT(2) 
PARAMETRIC_REPRESENTATION_CONTEXT() REPRESENTATION_CONTEXT('2D SPACE',''
  ) );
#7813 = ORIENTED_EDGE('',*,*,#7814,.T.);
#7814 = EDGE_CURVE('',#5516,#7815,#7817,.T.);
#7815 = VERTEX_POINT('',#7816);
#7816 = CARTESIAN_POINT('',(-19.05654714615,48.597201677322,4.));
#7817 = SURFACE_CURVE('',#7818,(#7822,#7829),.PCURVE_S1.);
#7818 = LINE('',#7819,#7820);
#7819 = CARTESIAN_POINT('',(-19.05654714615,48.597201677322,1.5));
#7820 = VECTOR('',#7821,1.);
#7821 = DIRECTION('',(0.,0.,1.));
#7822 = PCURVE('',#5589,#7823);
#7823 = DEFINITIONAL_REPRESENTATION('',(#7824),#7828);
#7824 = LINE('',#7825,#7826);
#7825 = CARTESIAN_POINT('',(0.,0.));
#7826 = VECTOR('',#7827,1.);
#7827 = DIRECTION('',(0.,-1.));
#7828 = ( GEOMETRIC_REPRESENTATION_CONTEXT(2) 
PARAMETRIC_REPRESENTATION_CONTEXT() REPRESENTATION_CONTEXT('2D SPACE',''
  ) );
#7829 = PCURVE('',#7830,#7835);
#7830 = PLANE('',#7831);
#7831 = AXIS2_PLACEMENT_3D('',#7832,#7833,#7834);
#7832 = CARTESIAN_POINT('',(-20.66716199752,47.934417853649,1.5));
#7833 = DIRECTION('',(-0.38054825652,0.924761063443,0.));
#7834 = DIRECTION('',(0.924761063443,0.38054825652,0.));
#7835 = DEFINITIONAL_REPRESENTATION('',(#7836),#7840);
#7836 = LINE('',#7837,#7838);
#7837 = CARTESIAN_POINT('',(1.741655131291,0.));
#7838 = VECTOR('',#7839,1.);
#7839 = DIRECTION('',(0.,-1.));
#7840 = ( GEOMETRIC_REPRESENTATION_CONTEXT(2) 
PARAMETRIC_REPRESENTATION_CONTEXT() REPRESENTATION_CONTEXT('2D SPACE',''
  ) );
#7841 = ORIENTED_EDGE('',*,*,#7842,.F.);
#7842 = EDGE_CURVE('',#5574,#7815,#7843,.T.);
#7843 = SURFACE_CURVE('',#7844,(#7848,#7855),.PCURVE_S1.);
#7844 = LINE('',#7845,#7846);
#7845 = CARTESIAN_POINT('',(-17.424718052,49.205885835012,4.));
#7846 = VECTOR('',#7847,1.);
#7847 = DIRECTION('',(-0.9369415706,-0.349486041613,0.));
#7848 = PCURVE('',#5589,#7849);
#7849 = DEFINITIONAL_REPRESENTATION('',(#7850),#7854);
#7850 = LINE('',#7851,#7852);
#7851 = CARTESIAN_POINT('',(1.741655131291,-2.5));
#7852 = VECTOR('',#7853,1.);
#7853 = DIRECTION('',(-1.,-0.));
#7854 = ( GEOMETRIC_REPRESENTATION_CONTEXT(2) 
PARAMETRIC_REPRESENTATION_CONTEXT() REPRESENTATION_CONTEXT('2D SPACE',''
  ) );
#7855 = PCURVE('',#7778,#7856);
#7856 = DEFINITIONAL_REPRESENTATION('',(#7857),#7861);
#7857 = LINE('',#7858,#7859);
#7858 = CARTESIAN_POINT('',(0.459881161809,-14.63463382323));
#7859 = VECTOR('',#7860,1.);
#7860 = DIRECTION('',(0.165806994995,0.986158222807));
#7861 = ( GEOMETRIC_REPRESENTATION_CONTEXT(2) 
PARAMETRIC_REPRESENTATION_CONTEXT() REPRESENTATION_CONTEXT('2D SPACE',''
  ) );
#7862 = ORIENTED_EDGE('',*,*,#5573,.F.);
#7863 = ADVANCED_FACE('',(#7864),#5561,.F.);
#7864 = FACE_BOUND('',#7865,.F.);
#7865 = EDGE_LOOP('',(#7866,#7867));
#7866 = ORIENTED_EDGE('',*,*,#7793,.T.);
#7867 = ORIENTED_EDGE('',*,*,#5544,.T.);
#7868 = ADVANCED_FACE('',(#7869),#5532,.F.);
#7869 = FACE_BOUND('',#7870,.F.);
#7870 = EDGE_LOOP('',(#7871,#7892));
#7871 = ORIENTED_EDGE('',*,*,#7872,.T.);
#7872 = EDGE_CURVE('',#5487,#5516,#7873,.T.);
#7873 = SURFACE_CURVE('',#7874,(#7878,#7885),.PCURVE_S1.);
#7874 = LINE('',#7875,#7876);
#7875 = CARTESIAN_POINT('',(-20.66716199752,47.934417853649,1.5));
#7876 = VECTOR('',#7877,1.);
#7877 = DIRECTION('',(0.924761063443,0.38054825652,0.));
#7878 = PCURVE('',#5532,#7879);
#7879 = DEFINITIONAL_REPRESENTATION('',(#7880),#7884);
#7880 = LINE('',#7881,#7882);
#7881 = CARTESIAN_POINT('',(-0.211692010503,-11.31085602311));
#7882 = VECTOR('',#7883,1.);
#7883 = DIRECTION('',(-0.132816074209,-0.991140701632));
#7884 = ( GEOMETRIC_REPRESENTATION_CONTEXT(2) 
PARAMETRIC_REPRESENTATION_CONTEXT() REPRESENTATION_CONTEXT('2D SPACE',''
  ) );
#7885 = PCURVE('',#7830,#7886);
#7886 = DEFINITIONAL_REPRESENTATION('',(#7887),#7891);
#7887 = LINE('',#7888,#7889);
#7888 = CARTESIAN_POINT('',(0.,0.));
#7889 = VECTOR('',#7890,1.);
#7890 = DIRECTION('',(1.,0.));
#7891 = ( GEOMETRIC_REPRESENTATION_CONTEXT(2) 
PARAMETRIC_REPRESENTATION_CONTEXT() REPRESENTATION_CONTEXT('2D SPACE',''
  ) );
#7892 = ORIENTED_EDGE('',*,*,#5515,.T.);
#7893 = ADVANCED_FACE('',(#7894),#5503,.F.);
#7894 = FACE_BOUND('',#7895,.F.);
#7895 = EDGE_LOOP('',(#7896,#7922));
#7896 = ORIENTED_EDGE('',*,*,#7897,.T.);
#7897 = EDGE_CURVE('',#5458,#5487,#7898,.T.);
#7898 = SURFACE_CURVE('',#7899,(#7903,#7910),.PCURVE_S1.);
#7899 = LINE('',#7900,#7901);
#7900 = CARTESIAN_POINT('',(-22.25476962784,47.218272192146,1.5));
#7901 = VECTOR('',#7902,1.);
#7902 = DIRECTION('',(0.911551088273,0.411186835233,0.));
#7903 = PCURVE('',#5503,#7904);
#7904 = DEFINITIONAL_REPRESENTATION('',(#7905),#7909);
#7905 = LINE('',#7906,#7907);
#7906 = CARTESIAN_POINT('',(-3.808853101292E-02,-9.57787465326));
#7907 = VECTOR('',#7908,1.);
#7908 = DIRECTION('',(-9.967729912255E-02,-0.995019816908));
#7909 = ( GEOMETRIC_REPRESENTATION_CONTEXT(2) 
PARAMETRIC_REPRESENTATION_CONTEXT() REPRESENTATION_CONTEXT('2D SPACE',''
  ) );
#7910 = PCURVE('',#7911,#7916);
#7911 = PLANE('',#7912);
#7912 = AXIS2_PLACEMENT_3D('',#7913,#7914,#7915);
#7913 = CARTESIAN_POINT('',(-22.25476962784,47.218272192146,1.5));
#7914 = DIRECTION('',(-0.411186835233,0.911551088273,0.));
#7915 = DIRECTION('',(0.911551088273,0.411186835233,0.));
#7916 = DEFINITIONAL_REPRESENTATION('',(#7917),#7921);
#7917 = LINE('',#7918,#7919);
#7918 = CARTESIAN_POINT('',(0.,0.));
#7919 = VECTOR('',#7920,1.);
#7920 = DIRECTION('',(1.,0.));
#7921 = ( GEOMETRIC_REPRESENTATION_CONTEXT(2) 
PARAMETRIC_REPRESENTATION_CONTEXT() REPRESENTATION_CONTEXT('2D SPACE',''
  ) );
#7922 = ORIENTED_EDGE('',*,*,#5486,.T.);
#7923 = ADVANCED_FACE('',(#7924),#5474,.F.);
#7924 = FACE_BOUND('',#7925,.F.);
#7925 = EDGE_LOOP('',(#7926,#7952));
#7926 = ORIENTED_EDGE('',*,*,#7927,.T.);
#7927 = EDGE_CURVE('',#5429,#5458,#7928,.T.);
#7928 = SURFACE_CURVE('',#7929,(#7933,#7940),.PCURVE_S1.);
#7929 = LINE('',#7930,#7931);
#7930 = CARTESIAN_POINT('',(-23.81760267111,46.449561924746,1.5));
#7931 = VECTOR('',#7932,1.);
#7932 = DIRECTION('',(0.897326350777,0.441367670091,0.));
#7933 = PCURVE('',#5474,#7934);
#7934 = DEFINITIONAL_REPRESENTATION('',(#7935),#7939);
#7935 = LINE('',#7936,#7937);
#7936 = CARTESIAN_POINT('',(7.76053709051E-02,-7.840066402212));
#7937 = VECTOR('',#7938,1.);
#7938 = DIRECTION('',(-6.642756068031E-02,-0.997791250303));
#7939 = ( GEOMETRIC_REPRESENTATION_CONTEXT(2) 
PARAMETRIC_REPRESENTATION_CONTEXT() REPRESENTATION_CONTEXT('2D SPACE',''
  ) );
#7940 = PCURVE('',#7941,#7946);
#7941 = PLANE('',#7942);
#7942 = AXIS2_PLACEMENT_3D('',#7943,#7944,#7945);
#7943 = CARTESIAN_POINT('',(-23.81760267111,46.449561924746,1.5));
#7944 = DIRECTION('',(-0.441367670091,0.897326350777,0.));
#7945 = DIRECTION('',(0.897326350777,0.441367670091,0.));
#7946 = DEFINITIONAL_REPRESENTATION('',(#7947),#7951);
#7947 = LINE('',#7948,#7949);
#7948 = CARTESIAN_POINT('',(0.,0.));
#7949 = VECTOR('',#7950,1.);
#7950 = DIRECTION('',(1.,0.));
#7951 = ( GEOMETRIC_REPRESENTATION_CONTEXT(2) 
PARAMETRIC_REPRESENTATION_CONTEXT() REPRESENTATION_CONTEXT('2D SPACE',''
  ) );
#7952 = ORIENTED_EDGE('',*,*,#5457,.T.);
#7953 = ADVANCED_FACE('',(#7954),#5445,.F.);
#7954 = FACE_BOUND('',#7955,.F.);
#7955 = EDGE_LOOP('',(#7956,#7982));
#7956 = ORIENTED_EDGE('',*,*,#7957,.T.);
#7957 = EDGE_CURVE('',#5400,#5429,#7958,.T.);
#7958 = SURFACE_CURVE('',#7959,(#7963,#7970),.PCURVE_S1.);
#7959 = LINE('',#7960,#7961);
#7960 = CARTESIAN_POINT('',(-25.35392134104,45.629142799666,1.5));
#7961 = VECTOR('',#7962,1.);
#7962 = DIRECTION('',(0.882102686302,0.471057163005,0.));
#7963 = PCURVE('',#5445,#7964);
#7964 = DEFINITIONAL_REPRESENTATION('',(#7965),#7969);
#7965 = LINE('',#7966,#7967);
#7966 = CARTESIAN_POINT('',(0.135260901797,-6.09936584321));
#7967 = VECTOR('',#7968,1.);
#7968 = DIRECTION('',(-3.310387335376E-02,-0.999451916587));
#7969 = ( GEOMETRIC_REPRESENTATION_CONTEXT(2) 
PARAMETRIC_REPRESENTATION_CONTEXT() REPRESENTATION_CONTEXT('2D SPACE',''
  ) );
#7970 = PCURVE('',#7971,#7976);
#7971 = PLANE('',#7972);
#7972 = AXIS2_PLACEMENT_3D('',#7973,#7974,#7975);
#7973 = CARTESIAN_POINT('',(-25.35392134104,45.629142799666,1.5));
#7974 = DIRECTION('',(-0.471057163005,0.882102686302,0.));
#7975 = DIRECTION('',(0.882102686302,0.471057163005,0.));
#7976 = DEFINITIONAL_REPRESENTATION('',(#7977),#7981);
#7977 = LINE('',#7978,#7979);
#7978 = CARTESIAN_POINT('',(0.,0.));
#7979 = VECTOR('',#7980,1.);
#7980 = DIRECTION('',(1.,0.));
#7981 = ( GEOMETRIC_REPRESENTATION_CONTEXT(2) 
PARAMETRIC_REPRESENTATION_CONTEXT() REPRESENTATION_CONTEXT('2D SPACE',''
  ) );
#7982 = ORIENTED_EDGE('',*,*,#5428,.T.);
#7983 = ADVANCED_FACE('',(#7984),#5416,.F.);
#7984 = FACE_BOUND('',#7985,.F.);
#7985 = EDGE_LOOP('',(#7986,#8012));
#7986 = ORIENTED_EDGE('',*,*,#7987,.T.);
#7987 = EDGE_CURVE('',#5371,#5400,#7988,.T.);
#7988 = SURFACE_CURVE('',#7989,(#7993,#8000),.PCURVE_S1.);
#7989 = LINE('',#7990,#7991);
#7990 = CARTESIAN_POINT('',(-26.8620153678,44.757928128766,1.5));
#7991 = VECTOR('',#7992,1.);
#7992 = DIRECTION('',(0.865897042227,0.500222262862,0.));
#7993 = PCURVE('',#5416,#7994);
#7994 = DEFINITIONAL_REPRESENTATION('',(#7995),#7999);
#7995 = LINE('',#7996,#7997);
#7996 = CARTESIAN_POINT('',(0.13481387803,-4.357710769287));
#7997 = VECTOR('',#7998,1.);
#7998 = DIRECTION('',(2.566660636525E-04,-0.999999967061));
#7999 = ( GEOMETRIC_REPRESENTATION_CONTEXT(2) 
PARAMETRIC_REPRESENTATION_CONTEXT() REPRESENTATION_CONTEXT('2D SPACE',''
  ) );
#8000 = PCURVE('',#8001,#8006);
#8001 = PLANE('',#8002);
#8002 = AXIS2_PLACEMENT_3D('',#8003,#8004,#8005);
#8003 = CARTESIAN_POINT('',(-26.8620153678,44.757928128766,1.5));
#8004 = DIRECTION('',(-0.500222262862,0.865897042227,0.));
#8005 = DIRECTION('',(0.865897042227,0.500222262862,0.));
#8006 = DEFINITIONAL_REPRESENTATION('',(#8007),#8011);
#8007 = LINE('',#8008,#8009);
#8008 = CARTESIAN_POINT('',(0.,0.));
#8009 = VECTOR('',#8010,1.);
#8010 = DIRECTION('',(1.,0.));
#8011 = ( GEOMETRIC_REPRESENTATION_CONTEXT(2) 
PARAMETRIC_REPRESENTATION_CONTEXT() REPRESENTATION_CONTEXT('2D SPACE',''
  ) );
#8012 = ORIENTED_EDGE('',*,*,#5399,.T.);
#8013 = ADVANCED_FACE('',(#8014),#5387,.F.);
#8014 = FACE_BOUND('',#8015,.F.);
#8015 = EDGE_LOOP('',(#8016,#8042));
#8016 = ORIENTED_EDGE('',*,*,#8017,.T.);
#8017 = EDGE_CURVE('',#5342,#5371,#8018,.T.);
#8018 = SURFACE_CURVE('',#8019,(#8023,#8030),.PCURVE_S1.);
#8019 = LINE('',#8020,#8021);
#8020 = CARTESIAN_POINT('',(-28.340205902,43.836887770826,1.5));
#8021 = VECTOR('',#8022,1.);
#8022 = DIRECTION('',(0.848727459095,0.528830502315,0.));
#8023 = PCURVE('',#5387,#8024);
#8024 = DEFINITIONAL_REPRESENTATION('',(#8025),#8029);
#8025 = LINE('',#8026,#8027);
#8026 = CARTESIAN_POINT('',(7.626479724319E-02,-2.617040036066));
#8027 = VECTOR('',#8028,1.);
#8028 = DIRECTION('',(3.361691975374E-02,-0.999434791623));
#8029 = ( GEOMETRIC_REPRESENTATION_CONTEXT(2) 
PARAMETRIC_REPRESENTATION_CONTEXT() REPRESENTATION_CONTEXT('2D SPACE',''
  ) );
#8030 = PCURVE('',#8031,#8036);
#8031 = PLANE('',#8032);
#8032 = AXIS2_PLACEMENT_3D('',#8033,#8034,#8035);
#8033 = CARTESIAN_POINT('',(-28.340205902,43.836887770826,1.5));
#8034 = DIRECTION('',(-0.528830502315,0.848727459095,0.));
#8035 = DIRECTION('',(0.848727459095,0.528830502315,0.));
#8036 = DEFINITIONAL_REPRESENTATION('',(#8037),#8041);
#8037 = LINE('',#8038,#8039);
#8038 = CARTESIAN_POINT('',(0.,0.));
#8039 = VECTOR('',#8040,1.);
#8040 = DIRECTION('',(1.,0.));
#8041 = ( GEOMETRIC_REPRESENTATION_CONTEXT(2) 
PARAMETRIC_REPRESENTATION_CONTEXT() REPRESENTATION_CONTEXT('2D SPACE',''
  ) );
#8042 = ORIENTED_EDGE('',*,*,#5370,.T.);
#8043 = ADVANCED_FACE('',(#8044),#5358,.F.);
#8044 = FACE_BOUND('',#8045,.F.);
#8045 = EDGE_LOOP('',(#8046,#8072));
#8046 = ORIENTED_EDGE('',*,*,#8047,.T.);
#8047 = EDGE_CURVE('',#5313,#5342,#8048,.T.);
#8048 = SURFACE_CURVE('',#8049,(#8053,#8060),.PCURVE_S1.);
#8049 = LINE('',#8050,#8051);
#8050 = CARTESIAN_POINT('',(-29.78684738357,42.867047051872,1.5));
#8051 = VECTOR('',#8052,1.);
#8052 = DIRECTION('',(0.830613050531,0.55685003393,0.));
#8053 = PCURVE('',#5358,#8054);
#8054 = DEFINITIONAL_REPRESENTATION('',(#8055),#8059);
#8055 = LINE('',#8056,#8057);
#8056 = CARTESIAN_POINT('',(-4.032116220855E-02,-0.879291403377));
#8057 = VECTOR('',#8058,1.);
#8058 = DIRECTION('',(6.69397502164E-02,-0.99775701944));
#8059 = ( GEOMETRIC_REPRESENTATION_CONTEXT(2) 
PARAMETRIC_REPRESENTATION_CONTEXT() REPRESENTATION_CONTEXT('2D SPACE',''
  ) );
#8060 = PCURVE('',#8061,#8066);
#8061 = PLANE('',#8062);
#8062 = AXIS2_PLACEMENT_3D('',#8063,#8064,#8065);
#8063 = CARTESIAN_POINT('',(-29.78684738357,42.867047051872,1.5));
#8064 = DIRECTION('',(-0.55685003393,0.830613050531,0.));
#8065 = DIRECTION('',(0.830613050531,0.55685003393,0.));
#8066 = DEFINITIONAL_REPRESENTATION('',(#8067),#8071);
#8067 = LINE('',#8068,#8069);
#8068 = CARTESIAN_POINT('',(0.,0.));
#8069 = VECTOR('',#8070,1.);
#8070 = DIRECTION('',(1.,0.));
#8071 = ( GEOMETRIC_REPRESENTATION_CONTEXT(2) 
PARAMETRIC_REPRESENTATION_CONTEXT() REPRESENTATION_CONTEXT('2D SPACE',''
  ) );
#8072 = ORIENTED_EDGE('',*,*,#5341,.T.);
#8073 = ADVANCED_FACE('',(#8074),#5329,.F.);
#8074 = FACE_BOUND('',#8075,.F.);
#8075 = EDGE_LOOP('',(#8076,#8102));
#8076 = ORIENTED_EDGE('',*,*,#8077,.T.);
#8077 = EDGE_CURVE('',#5284,#5313,#8078,.T.);
#8078 = SURFACE_CURVE('',#8079,(#8083,#8090),.PCURVE_S1.);
#8079 = LINE('',#8080,#8081);
#8080 = CARTESIAN_POINT('',(-31.20032937369,41.849485623759,1.5));
#8081 = VECTOR('',#8082,1.);
#8082 = DIRECTION('',(0.811573981965,0.584249665637,0.));
#8083 = PCURVE('',#5329,#8084);
#8084 = DEFINITIONAL_REPRESENTATION('',(#8085),#8089);
#8085 = LINE('',#8086,#8087);
#8086 = CARTESIAN_POINT('',(-0.214814213809,0.853600621907));
#8087 = VECTOR('',#8088,1.);
#8088 = DIRECTION('',(0.100188061612,-0.994968518251));
#8089 = ( GEOMETRIC_REPRESENTATION_CONTEXT(2) 
PARAMETRIC_REPRESENTATION_CONTEXT() REPRESENTATION_CONTEXT('2D SPACE',''
  ) );
#8090 = PCURVE('',#8091,#8096);
#8091 = PLANE('',#8092);
#8092 = AXIS2_PLACEMENT_3D('',#8093,#8094,#8095);
#8093 = CARTESIAN_POINT('',(-31.20032937369,41.849485623759,1.5));
#8094 = DIRECTION('',(-0.584249665637,0.811573981965,0.));
#8095 = DIRECTION('',(0.811573981965,0.584249665637,0.));
#8096 = DEFINITIONAL_REPRESENTATION('',(#8097),#8101);
#8097 = LINE('',#8098,#8099);
#8098 = CARTESIAN_POINT('',(0.,0.));
#8099 = VECTOR('',#8100,1.);
#8100 = DIRECTION('',(1.,0.));
#8101 = ( GEOMETRIC_REPRESENTATION_CONTEXT(2) 
PARAMETRIC_REPRESENTATION_CONTEXT() REPRESENTATION_CONTEXT('2D SPACE',''
  ) );
#8102 = ORIENTED_EDGE('',*,*,#5312,.T.);
#8103 = ADVANCED_FACE('',(#8104),#5300,.F.);
#8104 = FACE_BOUND('',#8105,.F.);
#8105 = EDGE_LOOP('',(#8106,#8132));
#8106 = ORIENTED_EDGE('',*,*,#8107,.T.);
#8107 = EDGE_CURVE('',#5255,#5284,#8108,.T.);
#8108 = SURFACE_CURVE('',#8109,(#8113,#8120),.PCURVE_S1.);
#8109 = LINE('',#8110,#8111);
#8110 = CARTESIAN_POINT('',(-32.5790783475,40.785336262276,1.5));
#8111 = VECTOR('',#8112,1.);
#8112 = DIRECTION('',(0.791631448183,0.610998895456,0.));
#8113 = PCURVE('',#5300,#8114);
#8114 = DEFINITIONAL_REPRESENTATION('',(#8115),#8119);
#8115 = LINE('',#8116,#8117);
#8116 = CARTESIAN_POINT('',(-0.447020107366,2.579706939418));
#8117 = VECTOR('',#8118,1.);
#8118 = DIRECTION('',(0.133324841058,-0.991072392289));
#8119 = ( GEOMETRIC_REPRESENTATION_CONTEXT(2) 
PARAMETRIC_REPRESENTATION_CONTEXT() REPRESENTATION_CONTEXT('2D SPACE',''
  ) );
#8120 = PCURVE('',#8121,#8126);
#8121 = PLANE('',#8122);
#8122 = AXIS2_PLACEMENT_3D('',#8123,#8124,#8125);
#8123 = CARTESIAN_POINT('',(-32.5790783475,40.785336262276,1.5));
#8124 = DIRECTION('',(-0.610998895456,0.791631448183,0.));
#8125 = DIRECTION('',(0.791631448183,0.610998895456,0.));
#8126 = DEFINITIONAL_REPRESENTATION('',(#8127),#8131);
#8127 = LINE('',#8128,#8129);
#8128 = CARTESIAN_POINT('',(0.,0.));
#8129 = VECTOR('',#8130,1.);
#8130 = DIRECTION('',(1.,0.));
#8131 = ( GEOMETRIC_REPRESENTATION_CONTEXT(2) 
PARAMETRIC_REPRESENTATION_CONTEXT() REPRESENTATION_CONTEXT('2D SPACE',''
  ) );
#8132 = ORIENTED_EDGE('',*,*,#5283,.T.);
#8133 = ADVANCED_FACE('',(#8134),#5271,.F.);
#8134 = FACE_BOUND('',#8135,.F.);
#8135 = EDGE_LOOP('',(#8136,#8162));
#8136 = ORIENTED_EDGE('',*,*,#8137,.T.);
#8137 = EDGE_CURVE('',#5226,#5255,#8138,.T.);
#8138 = SURFACE_CURVE('',#8139,(#8143,#8150),.PCURVE_S1.);
#8139 = LINE('',#8140,#8141);
#8140 = CARTESIAN_POINT('',(-33.92155944589,39.675783606104,1.5));
#8141 = VECTOR('',#8142,1.);
#8142 = DIRECTION('',(0.77080764973,0.637067945449,0.));
#8143 = PCURVE('',#5271,#8144);
#8144 = DEFINITIONAL_REPRESENTATION('',(#8145),#8149);
#8145 = LINE('',#8146,#8147);
#8146 = CARTESIAN_POINT('',(-0.736680345252,4.29710600281));
#8147 = VECTOR('',#8148,1.);
#8148 = DIRECTION('',(0.166313199831,-0.986072978822));
#8149 = ( GEOMETRIC_REPRESENTATION_CONTEXT(2) 
PARAMETRIC_REPRESENTATION_CONTEXT() REPRESENTATION_CONTEXT('2D SPACE',''
  ) );
#8150 = PCURVE('',#8151,#8156);
#8151 = PLANE('',#8152);
#8152 = AXIS2_PLACEMENT_3D('',#8153,#8154,#8155);
#8153 = CARTESIAN_POINT('',(-33.92155944589,39.675783606104,1.5));
#8154 = DIRECTION('',(-0.637067945449,0.77080764973,0.));
#8155 = DIRECTION('',(0.77080764973,0.637067945449,0.));
#8156 = DEFINITIONAL_REPRESENTATION('',(#8157),#8161);
#8157 = LINE('',#8158,#8159);
#8158 = CARTESIAN_POINT('',(0.,0.));
#8159 = VECTOR('',#8160,1.);
#8160 = DIRECTION('',(1.,0.));
#8161 = ( GEOMETRIC_REPRESENTATION_CONTEXT(2) 
PARAMETRIC_REPRESENTATION_CONTEXT() REPRESENTATION_CONTEXT('2D SPACE',''
  ) );
#8162 = ORIENTED_EDGE('',*,*,#5254,.T.);
#8163 = ADVANCED_FACE('',(#8164),#5242,.F.);
#8164 = FACE_BOUND('',#8165,.F.);
#8165 = EDGE_LOOP('',(#8166,#8192));
#8166 = ORIENTED_EDGE('',*,*,#8167,.T.);
#8167 = EDGE_CURVE('',#5197,#5226,#8168,.T.);
#8168 = SURFACE_CURVE('',#8169,(#8173,#8180),.PCURVE_S1.);
#8169 = LINE('',#8170,#8171);
#8170 = CARTESIAN_POINT('',(-35.22627818406,38.522062838053,1.5));
#8171 = VECTOR('',#8172,1.);
#8172 = DIRECTION('',(0.749125768199,0.662427794873,0.));
#8173 = PCURVE('',#5242,#8174);
#8174 = DEFINITIONAL_REPRESENTATION('',(#8175),#8179);
#8175 = LINE('',#8176,#8177);
#8176 = CARTESIAN_POINT('',(-1.083472470175,6.00388595888));
#8177 = VECTOR('',#8178,1.);
#8178 = DIRECTION('',(0.199116414434,-0.979975843326));
#8179 = ( GEOMETRIC_REPRESENTATION_CONTEXT(2) 
PARAMETRIC_REPRESENTATION_CONTEXT() REPRESENTATION_CONTEXT('2D SPACE',''
  ) );
#8180 = PCURVE('',#8181,#8186);
#8181 = PLANE('',#8182);
#8182 = AXIS2_PLACEMENT_3D('',#8183,#8184,#8185);
#8183 = CARTESIAN_POINT('',(-35.22627818406,38.522062838053,1.5));
#8184 = DIRECTION('',(-0.662427794873,0.749125768199,0.));
#8185 = DIRECTION('',(0.749125768199,0.662427794873,0.));
#8186 = DEFINITIONAL_REPRESENTATION('',(#8187),#8191);
#8187 = LINE('',#8188,#8189);
#8188 = CARTESIAN_POINT('',(0.,0.));
#8189 = VECTOR('',#8190,1.);
#8190 = DIRECTION('',(1.,0.));
#8191 = ( GEOMETRIC_REPRESENTATION_CONTEXT(2) 
PARAMETRIC_REPRESENTATION_CONTEXT() REPRESENTATION_CONTEXT('2D SPACE',''
  ) );
#8192 = ORIENTED_EDGE('',*,*,#5225,.T.);
#8193 = ADVANCED_FACE('',(#8194),#5213,.F.);
#8194 = FACE_BOUND('',#8195,.F.);
#8195 = EDGE_LOOP('',(#8196,#8222));
#8196 = ORIENTED_EDGE('',*,*,#8197,.T.);
#8197 = EDGE_CURVE('',#5168,#5197,#8198,.T.);
#8198 = SURFACE_CURVE('',#8199,(#8203,#8210),.PCURVE_S1.);
#8199 = LINE('',#8200,#8201);
#8200 = CARTESIAN_POINT('',(-36.49178211525,37.325458310021,1.5));
#8201 = VECTOR('',#8202,1.);
#8202 = DIRECTION('',(0.726609940423,0.687050212487,0.));
#8203 = PCURVE('',#5213,#8204);
#8204 = DEFINITIONAL_REPRESENTATION('',(#8205),#8209);
#8205 = LINE('',#8206,#8207);
#8206 = CARTESIAN_POINT('',(-1.487010424141,7.698146775892));
#8207 = VECTOR('',#8208,1.);
#8208 = DIRECTION('',(0.231697967477,-0.972787773292));
#8209 = ( GEOMETRIC_REPRESENTATION_CONTEXT(2) 
PARAMETRIC_REPRESENTATION_CONTEXT() REPRESENTATION_CONTEXT('2D SPACE',''
  ) );
#8210 = PCURVE('',#8211,#8216);
#8211 = PLANE('',#8212);
#8212 = AXIS2_PLACEMENT_3D('',#8213,#8214,#8215);
#8213 = CARTESIAN_POINT('',(-36.49178211525,37.325458310021,1.5));
#8214 = DIRECTION('',(-0.687050212487,0.726609940423,0.));
#8215 = DIRECTION('',(0.726609940423,0.687050212487,0.));
#8216 = DEFINITIONAL_REPRESENTATION('',(#8217),#8221);
#8217 = LINE('',#8218,#8219);
#8218 = CARTESIAN_POINT('',(0.,0.));
#8219 = VECTOR('',#8220,1.);
#8220 = DIRECTION('',(1.,0.));
#8221 = ( GEOMETRIC_REPRESENTATION_CONTEXT(2) 
PARAMETRIC_REPRESENTATION_CONTEXT() REPRESENTATION_CONTEXT('2D SPACE',''
  ) );
#8222 = ORIENTED_EDGE('',*,*,#5196,.T.);
#8223 = ADVANCED_FACE('',(#8224),#5184,.F.);
#8224 = FACE_BOUND('',#8225,.F.);
#8225 = EDGE_LOOP('',(#8226,#8252));
#8226 = ORIENTED_EDGE('',*,*,#8227,.T.);
#8227 = EDGE_CURVE('',#5139,#5168,#8228,.T.);
#8228 = SURFACE_CURVE('',#8229,(#8233,#8240),.PCURVE_S1.);
#8229 = LINE('',#8230,#8231);
#8230 = CARTESIAN_POINT('',(-37.71666244764,36.08730211322,1.5));
#8231 = VECTOR('',#8232,1.);
#8232 = DIRECTION('',(0.703285231607,0.710907787975,0.));
#8233 = PCURVE('',#5184,#8234);
#8234 = DEFINITIONAL_REPRESENTATION('',(#8235),#8239);
#8235 = LINE('',#8236,#8237);
#8236 = CARTESIAN_POINT('',(-1.94684497823,9.378002358738));
#8237 = VECTOR('',#8238,1.);
#8238 = DIRECTION('',(0.264021588331,-0.964516770666));
#8239 = ( GEOMETRIC_REPRESENTATION_CONTEXT(2) 
PARAMETRIC_REPRESENTATION_CONTEXT() REPRESENTATION_CONTEXT('2D SPACE',''
  ) );
#8240 = PCURVE('',#8241,#8246);
#8241 = PLANE('',#8242);
#8242 = AXIS2_PLACEMENT_3D('',#8243,#8244,#8245);
#8243 = CARTESIAN_POINT('',(-37.71666244764,36.08730211322,1.5));
#8244 = DIRECTION('',(-0.710907787975,0.703285231607,0.));
#8245 = DIRECTION('',(0.703285231607,0.710907787975,0.));
#8246 = DEFINITIONAL_REPRESENTATION('',(#8247),#8251);
#8247 = LINE('',#8248,#8249);
#8248 = CARTESIAN_POINT('',(0.,0.));
#8249 = VECTOR('',#8250,1.);
#8250 = DIRECTION('',(1.,0.));
#8251 = ( GEOMETRIC_REPRESENTATION_CONTEXT(2) 
PARAMETRIC_REPRESENTATION_CONTEXT() REPRESENTATION_CONTEXT('2D SPACE',''
  ) );
#8252 = ORIENTED_EDGE('',*,*,#5167,.T.);
#8253 = ADVANCED_FACE('',(#8254),#5155,.F.);
#8254 = FACE_BOUND('',#8255,.F.);
#8255 = EDGE_LOOP('',(#8256,#8282));
#8256 = ORIENTED_EDGE('',*,*,#8257,.T.);
#8257 = EDGE_CURVE('',#5110,#5139,#8258,.T.);
#8258 = SURFACE_CURVE('',#8259,(#8263,#8270),.PCURVE_S1.);
#8259 = LINE('',#8260,#8261);
#8260 = CARTESIAN_POINT('',(-38.89955561266,34.808972595257,1.5));
#8261 = VECTOR('',#8262,1.);
#8262 = DIRECTION('',(0.679177607421,0.733973962466,0.));
#8263 = PCURVE('',#5155,#8264);
#8264 = DEFINITIONAL_REPRESENTATION('',(#8265),#8269);
#8265 = LINE('',#8266,#8267);
#8266 = CARTESIAN_POINT('',(-2.462464232681,11.041582648592));
#8267 = VECTOR('',#8268,1.);
#8268 = DIRECTION('',(0.296051293501,-0.955172042941));
#8269 = ( GEOMETRIC_REPRESENTATION_CONTEXT(2) 
PARAMETRIC_REPRESENTATION_CONTEXT() REPRESENTATION_CONTEXT('2D SPACE',''
  ) );
#8270 = PCURVE('',#8271,#8276);
#8271 = PLANE('',#8272);
#8272 = AXIS2_PLACEMENT_3D('',#8273,#8274,#8275);
#8273 = CARTESIAN_POINT('',(-38.89955561266,34.808972595257,1.5));
#8274 = DIRECTION('',(-0.733973962466,0.679177607421,0.));
#8275 = DIRECTION('',(0.679177607421,0.733973962466,0.));
#8276 = DEFINITIONAL_REPRESENTATION('',(#8277),#8281);
#8277 = LINE('',#8278,#8279);
#8278 = CARTESIAN_POINT('',(0.,0.));
#8279 = VECTOR('',#8280,1.);
#8280 = DIRECTION('',(1.,0.));
#8281 = ( GEOMETRIC_REPRESENTATION_CONTEXT(2) 
PARAMETRIC_REPRESENTATION_CONTEXT() REPRESENTATION_CONTEXT('2D SPACE',''
  ) );
#8282 = ORIENTED_EDGE('',*,*,#5138,.T.);
#8283 = ADVANCED_FACE('',(#8284),#5126,.F.);
#8284 = FACE_BOUND('',#8285,.F.);
#8285 = EDGE_LOOP('',(#8286,#8312));
#8286 = ORIENTED_EDGE('',*,*,#8287,.T.);
#8287 = EDGE_CURVE('',#5081,#5110,#8288,.T.);
#8288 = SURFACE_CURVE('',#8289,(#8293,#8300),.PCURVE_S1.);
#8289 = LINE('',#8290,#8291);
#8290 = CARTESIAN_POINT('',(-40.03914478295,33.491892825725,1.5));
#8291 = VECTOR('',#8292,1.);
#8292 = DIRECTION('',(0.654313905098,0.756223058095,0.));
#8293 = PCURVE('',#5126,#8294);
#8294 = DEFINITIONAL_REPRESENTATION('',(#8295),#8299);
#8295 = LINE('',#8296,#8297);
#8296 = CARTESIAN_POINT('',(-3.033294186762,12.687035704707));
#8297 = VECTOR('',#8298,1.);
#8298 = DIRECTION('',(0.327751426689,-0.944763992912));
#8299 = ( GEOMETRIC_REPRESENTATION_CONTEXT(2) 
PARAMETRIC_REPRESENTATION_CONTEXT() REPRESENTATION_CONTEXT('2D SPACE',''
  ) );
#8300 = PCURVE('',#8301,#8306);
#8301 = PLANE('',#8302);
#8302 = AXIS2_PLACEMENT_3D('',#8303,#8304,#8305);
#8303 = CARTESIAN_POINT('',(-40.03914478295,33.491892825725,1.5));
#8304 = DIRECTION('',(-0.756223058095,0.654313905098,0.));
#8305 = DIRECTION('',(0.654313905098,0.756223058095,0.));
#8306 = DEFINITIONAL_REPRESENTATION('',(#8307),#8311);
#8307 = LINE('',#8308,#8309);
#8308 = CARTESIAN_POINT('',(0.,0.));
#8309 = VECTOR('',#8310,1.);
#8310 = DIRECTION('',(1.,0.));
#8311 = ( GEOMETRIC_REPRESENTATION_CONTEXT(2) 
PARAMETRIC_REPRESENTATION_CONTEXT() REPRESENTATION_CONTEXT('2D SPACE',''
  ) );
#8312 = ORIENTED_EDGE('',*,*,#5109,.T.);
#8313 = ADVANCED_FACE('',(#8314),#5097,.F.);
#8314 = FACE_BOUND('',#8315,.F.);
#8315 = EDGE_LOOP('',(#8316,#8337));
#8316 = ORIENTED_EDGE('',*,*,#8317,.T.);
#8317 = EDGE_CURVE('',#5053,#5081,#8318,.T.);
#8318 = SURFACE_CURVE('',#8319,(#8323,#8330),.PCURVE_S1.);
#8319 = LINE('',#8320,#8321);
#8320 = CARTESIAN_POINT('',(-41.13416133827,32.137529011999,1.5));
#8321 = VECTOR('',#8322,1.);
#8322 = DIRECTION('',(0.628721803557,0.777630306593,0.));
#8323 = PCURVE('',#5097,#8324);
#8324 = DEFINITIONAL_REPRESENTATION('',(#8325),#8329);
#8325 = LINE('',#8326,#8327);
#8326 = CARTESIAN_POINT('',(-3.658699377755,14.31252976604));
#8327 = VECTOR('',#8328,1.);
#8328 = DIRECTION('',(0.359086698484,-0.93330420709));
#8329 = ( GEOMETRIC_REPRESENTATION_CONTEXT(2) 
PARAMETRIC_REPRESENTATION_CONTEXT() REPRESENTATION_CONTEXT('2D SPACE',''
  ) );
#8330 = PCURVE('',#5068,#8331);
#8331 = DEFINITIONAL_REPRESENTATION('',(#8332),#8336);
#8332 = LINE('',#8333,#8334);
#8333 = CARTESIAN_POINT('',(0.,0.));
#8334 = VECTOR('',#8335,1.);
#8335 = DIRECTION('',(1.,0.));
#8336 = ( GEOMETRIC_REPRESENTATION_CONTEXT(2) 
PARAMETRIC_REPRESENTATION_CONTEXT() REPRESENTATION_CONTEXT('2D SPACE',''
  ) );
#8337 = ORIENTED_EDGE('',*,*,#5080,.T.);
#8338 = ADVANCED_FACE('',(#8339),#5068,.F.);
#8339 = FACE_BOUND('',#8340,.F.);
#8340 = EDGE_LOOP('',(#8341,#8342,#8343,#8366));
#8341 = ORIENTED_EDGE('',*,*,#8317,.F.);
#8342 = ORIENTED_EDGE('',*,*,#5052,.T.);
#8343 = ORIENTED_EDGE('',*,*,#8344,.F.);
#8344 = EDGE_CURVE('',#8345,#5025,#8347,.T.);
#8345 = VERTEX_POINT('',#8346);
#8346 = CARTESIAN_POINT('',(-40.03914478295,33.491892825725,4.));
#8347 = SURFACE_CURVE('',#8348,(#8352,#8359),.PCURVE_S1.);
#8348 = LINE('',#8349,#8350);
#8349 = CARTESIAN_POINT('',(-40.03914478295,33.491892825725,4.));
#8350 = VECTOR('',#8351,1.);
#8351 = DIRECTION('',(-0.628721803557,-0.777630306593,0.));
#8352 = PCURVE('',#5068,#8353);
#8353 = DEFINITIONAL_REPRESENTATION('',(#8354),#8358);
#8354 = LINE('',#8355,#8356);
#8355 = CARTESIAN_POINT('',(1.741655131291,-2.5));
#8356 = VECTOR('',#8357,1.);
#8357 = DIRECTION('',(-1.,-0.));
#8358 = ( GEOMETRIC_REPRESENTATION_CONTEXT(2) 
PARAMETRIC_REPRESENTATION_CONTEXT() REPRESENTATION_CONTEXT('2D SPACE',''
  ) );
#8359 = PCURVE('',#7778,#8360);
#8360 = DEFINITIONAL_REPRESENTATION('',(#8361),#8365);
#8361 = LINE('',#8362,#8363);
#8362 = CARTESIAN_POINT('',(-1.84162261365,12.807030722437));
#8363 = VECTOR('',#8364,1.);
#8364 = DIRECTION('',(-0.359086698484,0.93330420709));
#8365 = ( GEOMETRIC_REPRESENTATION_CONTEXT(2) 
PARAMETRIC_REPRESENTATION_CONTEXT() REPRESENTATION_CONTEXT('2D SPACE',''
  ) );
#8366 = ORIENTED_EDGE('',*,*,#8367,.F.);
#8367 = EDGE_CURVE('',#5081,#8345,#8368,.T.);
#8368 = SURFACE_CURVE('',#8369,(#8373,#8380),.PCURVE_S1.);
#8369 = LINE('',#8370,#8371);
#8370 = CARTESIAN_POINT('',(-40.03914478295,33.491892825725,1.5));
#8371 = VECTOR('',#8372,1.);
#8372 = DIRECTION('',(0.,0.,1.));
#8373 = PCURVE('',#5068,#8374);
#8374 = DEFINITIONAL_REPRESENTATION('',(#8375),#8379);
#8375 = LINE('',#8376,#8377);
#8376 = CARTESIAN_POINT('',(1.741655131291,0.));
#8377 = VECTOR('',#8378,1.);
#8378 = DIRECTION('',(0.,-1.));
#8379 = ( GEOMETRIC_REPRESENTATION_CONTEXT(2) 
PARAMETRIC_REPRESENTATION_CONTEXT() REPRESENTATION_CONTEXT('2D SPACE',''
  ) );
#8380 = PCURVE('',#8301,#8381);
#8381 = DEFINITIONAL_REPRESENTATION('',(#8382),#8386);
#8382 = LINE('',#8383,#8384);
#8383 = CARTESIAN_POINT('',(0.,0.));
#8384 = VECTOR('',#8385,1.);
#8385 = DIRECTION('',(0.,-1.));
#8386 = ( GEOMETRIC_REPRESENTATION_CONTEXT(2) 
PARAMETRIC_REPRESENTATION_CONTEXT() REPRESENTATION_CONTEXT('2D SPACE',''
  ) );
#8387 = ADVANCED_FACE('',(#8388),#5040,.F.);
#8388 = FACE_BOUND('',#8389,.F.);
#8389 = EDGE_LOOP('',(#8390,#8391,#8414,#8442));
#8390 = ORIENTED_EDGE('',*,*,#5024,.T.);
#8391 = ORIENTED_EDGE('',*,*,#8392,.T.);
#8392 = EDGE_CURVE('',#2554,#8393,#8395,.T.);
#8393 = VERTEX_POINT('',#8394);
#8394 = CARTESIAN_POINT('',(-40.58255381074,31.706565979271,5.));
#8395 = SURFACE_CURVE('',#8396,(#8400,#8407),.PCURVE_S1.);
#8396 = LINE('',#8397,#8398);
#8397 = CARTESIAN_POINT('',(-41.13416133827,32.137529011999,5.));
#8398 = VECTOR('',#8399,1.);
#8399 = DIRECTION('',(0.788010753607,-0.615661475326,0.));
#8400 = PCURVE('',#5040,#8401);
#8401 = DEFINITIONAL_REPRESENTATION('',(#8402),#8406);
#8402 = LINE('',#8403,#8404);
#8403 = CARTESIAN_POINT('',(0.,-1.));
#8404 = VECTOR('',#8405,1.);
#8405 = DIRECTION('',(1.,0.));
#8406 = ( GEOMETRIC_REPRESENTATION_CONTEXT(2) 
PARAMETRIC_REPRESENTATION_CONTEXT() REPRESENTATION_CONTEXT('2D SPACE',''
  ) );
#8407 = PCURVE('',#7751,#8408);
#8408 = DEFINITIONAL_REPRESENTATION('',(#8409),#8413);
#8409 = LINE('',#8410,#8411);
#8410 = CARTESIAN_POINT('',(-2.467027804643,14.43252478377));
#8411 = VECTOR('',#8412,1.);
#8412 = DIRECTION('',(-0.927183854567,-0.374606593416));
#8413 = ( GEOMETRIC_REPRESENTATION_CONTEXT(2) 
PARAMETRIC_REPRESENTATION_CONTEXT() REPRESENTATION_CONTEXT('2D SPACE',''
  ) );
#8414 = ORIENTED_EDGE('',*,*,#8415,.F.);
#8415 = EDGE_CURVE('',#8416,#8393,#8418,.T.);
#8416 = VERTEX_POINT('',#8417);
#8417 = CARTESIAN_POINT('',(-40.58255381074,31.706565979271,4.));
#8418 = SURFACE_CURVE('',#8419,(#8423,#8430),.PCURVE_S1.);
#8419 = LINE('',#8420,#8421);
#8420 = CARTESIAN_POINT('',(-40.58255381074,31.706565979271,4.));
#8421 = VECTOR('',#8422,1.);
#8422 = DIRECTION('',(0.,0.,1.));
#8423 = PCURVE('',#5040,#8424);
#8424 = DEFINITIONAL_REPRESENTATION('',(#8425),#8429);
#8425 = LINE('',#8426,#8427);
#8426 = CARTESIAN_POINT('',(0.7,0.));
#8427 = VECTOR('',#8428,1.);
#8428 = DIRECTION('',(0.,-1.));
#8429 = ( GEOMETRIC_REPRESENTATION_CONTEXT(2) 
PARAMETRIC_REPRESENTATION_CONTEXT() REPRESENTATION_CONTEXT('2D SPACE',''
  ) );
#8430 = PCURVE('',#8431,#8436);
#8431 = PLANE('',#8432);
#8432 = AXIS2_PLACEMENT_3D('',#8433,#8434,#8435);
#8433 = CARTESIAN_POINT('',(-40.58255381074,31.706565979271,4.));
#8434 = DIRECTION('',(-0.777630306593,0.628721803557,0.));
#8435 = DIRECTION('',(0.628721803557,0.777630306593,0.));
#8436 = DEFINITIONAL_REPRESENTATION('',(#8437),#8441);
#8437 = LINE('',#8438,#8439);
#8438 = CARTESIAN_POINT('',(0.,0.));
#8439 = VECTOR('',#8440,1.);
#8440 = DIRECTION('',(0.,-1.));
#8441 = ( GEOMETRIC_REPRESENTATION_CONTEXT(2) 
PARAMETRIC_REPRESENTATION_CONTEXT() REPRESENTATION_CONTEXT('2D SPACE',''
  ) );
#8442 = ORIENTED_EDGE('',*,*,#8443,.F.);
#8443 = EDGE_CURVE('',#5025,#8416,#8444,.T.);
#8444 = SURFACE_CURVE('',#8445,(#8449,#8456),.PCURVE_S1.);
#8445 = LINE('',#8446,#8447);
#8446 = CARTESIAN_POINT('',(-41.13416133827,32.137529011999,4.));
#8447 = VECTOR('',#8448,1.);
#8448 = DIRECTION('',(0.788010753607,-0.615661475326,0.));
#8449 = PCURVE('',#5040,#8450);
#8450 = DEFINITIONAL_REPRESENTATION('',(#8451),#8455);
#8451 = LINE('',#8452,#8453);
#8452 = CARTESIAN_POINT('',(0.,0.));
#8453 = VECTOR('',#8454,1.);
#8454 = DIRECTION('',(1.,0.));
#8455 = ( GEOMETRIC_REPRESENTATION_CONTEXT(2) 
PARAMETRIC_REPRESENTATION_CONTEXT() REPRESENTATION_CONTEXT('2D SPACE',''
  ) );
#8456 = PCURVE('',#7778,#8457);
#8457 = DEFINITIONAL_REPRESENTATION('',(#8458),#8462);
#8458 = LINE('',#8459,#8460);
#8459 = CARTESIAN_POINT('',(-2.467027804643,14.43252478377));
#8460 = VECTOR('',#8461,1.);
#8461 = DIRECTION('',(-0.927183854567,-0.374606593416));
#8462 = ( GEOMETRIC_REPRESENTATION_CONTEXT(2) 
PARAMETRIC_REPRESENTATION_CONTEXT() REPRESENTATION_CONTEXT('2D SPACE',''
  ) );
#8463 = ADVANCED_FACE('',(#8464),#5011,.F.);
#8464 = FACE_BOUND('',#8465,.F.);
#8465 = EDGE_LOOP('',(#8466,#8496,#8522,#8523));
#8466 = ORIENTED_EDGE('',*,*,#8467,.T.);
#8467 = EDGE_CURVE('',#8468,#8470,#8472,.T.);
#8468 = VERTEX_POINT('',#8469);
#8469 = CARTESIAN_POINT('',(-33.446574489,-39.1609072284,4.));
#8470 = VERTEX_POINT('',#8471);
#8471 = CARTESIAN_POINT('',(-33.446574489,-39.1609072284,5.));
#8472 = SURFACE_CURVE('',#8473,(#8477,#8484),.PCURVE_S1.);
#8473 = LINE('',#8474,#8475);
#8474 = CARTESIAN_POINT('',(-33.446574489,-39.1609072284,4.));
#8475 = VECTOR('',#8476,1.);
#8476 = DIRECTION('',(0.,0.,1.));
#8477 = PCURVE('',#5011,#8478);
#8478 = DEFINITIONAL_REPRESENTATION('',(#8479),#8483);
#8479 = LINE('',#8480,#8481);
#8480 = CARTESIAN_POINT('',(0.,0.));
#8481 = VECTOR('',#8482,1.);
#8482 = DIRECTION('',(0.,-1.));
#8483 = ( GEOMETRIC_REPRESENTATION_CONTEXT(2) 
PARAMETRIC_REPRESENTATION_CONTEXT() REPRESENTATION_CONTEXT('2D SPACE',''
  ) );
#8484 = PCURVE('',#8485,#8490);
#8485 = PLANE('',#8486);
#8486 = AXIS2_PLACEMENT_3D('',#8487,#8488,#8489);
#8487 = CARTESIAN_POINT('',(-32.1215342541,-40.2549007844,4.));
#8488 = DIRECTION('',(-0.636672181194,-0.771134575605,0.));
#8489 = DIRECTION('',(-0.771134575605,0.636672181194,0.));
#8490 = DEFINITIONAL_REPRESENTATION('',(#8491),#8495);
#8491 = LINE('',#8492,#8493);
#8492 = CARTESIAN_POINT('',(1.71829960271,0.));
#8493 = VECTOR('',#8494,1.);
#8494 = DIRECTION('',(0.,-1.));
#8495 = ( GEOMETRIC_REPRESENTATION_CONTEXT(2) 
PARAMETRIC_REPRESENTATION_CONTEXT() REPRESENTATION_CONTEXT('2D SPACE',''
  ) );
#8496 = ORIENTED_EDGE('',*,*,#8497,.T.);
#8497 = EDGE_CURVE('',#8470,#2578,#8498,.T.);
#8498 = SURFACE_CURVE('',#8499,(#8503,#8510),.PCURVE_S1.);
#8499 = LINE('',#8500,#8501);
#8500 = CARTESIAN_POINT('',(-33.446574489,-39.1609072284,5.));
#8501 = VECTOR('',#8502,1.);
#8502 = DIRECTION('',(-0.64944804833,-0.7604059656,0.));
#8503 = PCURVE('',#5011,#8504);
#8504 = DEFINITIONAL_REPRESENTATION('',(#8505),#8509);
#8505 = LINE('',#8506,#8507);
#8506 = CARTESIAN_POINT('',(0.,-1.));
#8507 = VECTOR('',#8508,1.);
#8508 = DIRECTION('',(1.,0.));
#8509 = ( GEOMETRIC_REPRESENTATION_CONTEXT(2) 
PARAMETRIC_REPRESENTATION_CONTEXT() REPRESENTATION_CONTEXT('2D SPACE',''
  ) );
#8510 = PCURVE('',#8511,#8516);
#8511 = PLANE('',#8512);
#8512 = AXIS2_PLACEMENT_3D('',#8513,#8514,#8515);
#8513 = CARTESIAN_POINT('',(-20.99728287593,-46.61223954708,5.));
#8514 = DIRECTION('',(0.,0.,1.));
#8515 = DIRECTION('',(-0.5,-0.866025403784,0.));
#8516 = DEFINITIONAL_REPRESENTATION('',(#8517),#8521);
#8517 = LINE('',#8518,#8519);
#8518 = CARTESIAN_POINT('',(-0.228397273485,-14.50706895538));
#8519 = VECTOR('',#8520,1.);
#8520 = DIRECTION('',(0.983254907564,-0.182235525492));
#8521 = ( GEOMETRIC_REPRESENTATION_CONTEXT(2) 
PARAMETRIC_REPRESENTATION_CONTEXT() REPRESENTATION_CONTEXT('2D SPACE',''
  ) );
#8522 = ORIENTED_EDGE('',*,*,#4997,.F.);
#8523 = ORIENTED_EDGE('',*,*,#8524,.F.);
#8524 = EDGE_CURVE('',#8468,#4970,#8525,.T.);
#8525 = SURFACE_CURVE('',#8526,(#8530,#8537),.PCURVE_S1.);
#8526 = LINE('',#8527,#8528);
#8527 = CARTESIAN_POINT('',(-33.446574489,-39.1609072284,4.));
#8528 = VECTOR('',#8529,1.);
#8529 = DIRECTION('',(-0.64944804833,-0.7604059656,0.));
#8530 = PCURVE('',#5011,#8531);
#8531 = DEFINITIONAL_REPRESENTATION('',(#8532),#8536);
#8532 = LINE('',#8533,#8534);
#8533 = CARTESIAN_POINT('',(0.,0.));
#8534 = VECTOR('',#8535,1.);
#8535 = DIRECTION('',(1.,0.));
#8536 = ( GEOMETRIC_REPRESENTATION_CONTEXT(2) 
PARAMETRIC_REPRESENTATION_CONTEXT() REPRESENTATION_CONTEXT('2D SPACE',''
  ) );
#8537 = PCURVE('',#8538,#8543);
#8538 = PLANE('',#8539);
#8539 = AXIS2_PLACEMENT_3D('',#8540,#8541,#8542);
#8540 = CARTESIAN_POINT('',(-20.99728287593,-46.61223954708,4.));
#8541 = DIRECTION('',(0.,0.,1.));
#8542 = DIRECTION('',(-0.5,-0.866025403784,0.));
#8543 = DEFINITIONAL_REPRESENTATION('',(#8544),#8548);
#8544 = LINE('',#8545,#8546);
#8545 = CARTESIAN_POINT('',(-0.228397273485,-14.50706895538));
#8546 = VECTOR('',#8547,1.);
#8547 = DIRECTION('',(0.983254907564,-0.182235525492));
#8548 = ( GEOMETRIC_REPRESENTATION_CONTEXT(2) 
PARAMETRIC_REPRESENTATION_CONTEXT() REPRESENTATION_CONTEXT('2D SPACE',''
  ) );
#8549 = ADVANCED_FACE('',(#8550),#4985,.F.);
#8550 = FACE_BOUND('',#8551,.F.);
#8551 = EDGE_LOOP('',(#8552,#8573,#8601,#8622));
#8552 = ORIENTED_EDGE('',*,*,#8553,.F.);
#8553 = EDGE_CURVE('',#4912,#4941,#8554,.T.);
#8554 = SURFACE_CURVE('',#8555,(#8559,#8566),.PCURVE_S1.);
#8555 = LINE('',#8556,#8557);
#8556 = CARTESIAN_POINT('',(-32.55813763231,-40.80205477564,1.5));
#8557 = VECTOR('',#8558,1.);
#8558 = DIRECTION('',(-0.771134575605,0.636672181194,0.));
#8559 = PCURVE('',#4985,#8560);
#8560 = DEFINITIONAL_REPRESENTATION('',(#8561),#8565);
#8561 = LINE('',#8562,#8563);
#8562 = CARTESIAN_POINT('',(0.,0.));
#8563 = VECTOR('',#8564,1.);
#8564 = DIRECTION('',(1.,0.));
#8565 = ( GEOMETRIC_REPRESENTATION_CONTEXT(2) 
PARAMETRIC_REPRESENTATION_CONTEXT() REPRESENTATION_CONTEXT('2D SPACE',''
  ) );
#8566 = PCURVE('',#4957,#8567);
#8567 = DEFINITIONAL_REPRESENTATION('',(#8568),#8572);
#8568 = LINE('',#8569,#8570);
#8569 = CARTESIAN_POINT('',(-0.443011807667,-13.03708131194));
#8570 = VECTOR('',#8571,1.);
#8571 = DIRECTION('',(-0.165806994995,-0.986158222807));
#8572 = ( GEOMETRIC_REPRESENTATION_CONTEXT(2) 
PARAMETRIC_REPRESENTATION_CONTEXT() REPRESENTATION_CONTEXT('2D SPACE',''
  ) );
#8573 = ORIENTED_EDGE('',*,*,#8574,.T.);
#8574 = EDGE_CURVE('',#4912,#8575,#8577,.T.);
#8575 = VERTEX_POINT('',#8576);
#8576 = CARTESIAN_POINT('',(-32.55813763231,-40.80205477564,4.));
#8577 = SURFACE_CURVE('',#8578,(#8582,#8589),.PCURVE_S1.);
#8578 = LINE('',#8579,#8580);
#8579 = CARTESIAN_POINT('',(-32.55813763231,-40.80205477564,1.5));
#8580 = VECTOR('',#8581,1.);
#8581 = DIRECTION('',(0.,0.,1.));
#8582 = PCURVE('',#4985,#8583);
#8583 = DEFINITIONAL_REPRESENTATION('',(#8584),#8588);
#8584 = LINE('',#8585,#8586);
#8585 = CARTESIAN_POINT('',(0.,0.));
#8586 = VECTOR('',#8587,1.);
#8587 = DIRECTION('',(0.,-1.));
#8588 = ( GEOMETRIC_REPRESENTATION_CONTEXT(2) 
PARAMETRIC_REPRESENTATION_CONTEXT() REPRESENTATION_CONTEXT('2D SPACE',''
  ) );
#8589 = PCURVE('',#8590,#8595);
#8590 = PLANE('',#8591);
#8591 = AXIS2_PLACEMENT_3D('',#8592,#8593,#8594);
#8592 = CARTESIAN_POINT('',(-31.17884257811,-41.8654962408,1.5));
#8593 = DIRECTION('',(-0.610592445112,-0.791944989234,0.));
#8594 = DIRECTION('',(-0.791944989234,0.610592445112,0.));
#8595 = DEFINITIONAL_REPRESENTATION('',(#8596),#8600);
#8596 = LINE('',#8597,#8598);
#8597 = CARTESIAN_POINT('',(1.741655131291,0.));
#8598 = VECTOR('',#8599,1.);
#8599 = DIRECTION('',(0.,-1.));
#8600 = ( GEOMETRIC_REPRESENTATION_CONTEXT(2) 
PARAMETRIC_REPRESENTATION_CONTEXT() REPRESENTATION_CONTEXT('2D SPACE',''
  ) );
#8601 = ORIENTED_EDGE('',*,*,#8602,.F.);
#8602 = EDGE_CURVE('',#4970,#8575,#8603,.T.);
#8603 = SURFACE_CURVE('',#8604,(#8608,#8615),.PCURVE_S1.);
#8604 = LINE('',#8605,#8606);
#8605 = CARTESIAN_POINT('',(-33.90118812283,-39.69319140432,4.));
#8606 = VECTOR('',#8607,1.);
#8607 = DIRECTION('',(0.771134575605,-0.636672181194,0.));
#8608 = PCURVE('',#4985,#8609);
#8609 = DEFINITIONAL_REPRESENTATION('',(#8610),#8614);
#8610 = LINE('',#8611,#8612);
#8611 = CARTESIAN_POINT('',(1.741655131291,-2.5));
#8612 = VECTOR('',#8613,1.);
#8613 = DIRECTION('',(-1.,-0.));
#8614 = ( GEOMETRIC_REPRESENTATION_CONTEXT(2) 
PARAMETRIC_REPRESENTATION_CONTEXT() REPRESENTATION_CONTEXT('2D SPACE',''
  ) );
#8615 = PCURVE('',#8538,#8616);
#8616 = DEFINITIONAL_REPRESENTATION('',(#8617),#8621);
#8617 = LINE('',#8618,#8619);
#8618 = CARTESIAN_POINT('',(0.459881161809,-14.63463382323));
#8619 = VECTOR('',#8620,1.);
#8620 = DIRECTION('',(0.165806994995,0.986158222807));
#8621 = ( GEOMETRIC_REPRESENTATION_CONTEXT(2) 
PARAMETRIC_REPRESENTATION_CONTEXT() REPRESENTATION_CONTEXT('2D SPACE',''
  ) );
#8622 = ORIENTED_EDGE('',*,*,#4969,.F.);
#8623 = ADVANCED_FACE('',(#8624),#4957,.F.);
#8624 = FACE_BOUND('',#8625,.F.);
#8625 = EDGE_LOOP('',(#8626,#8627));
#8626 = ORIENTED_EDGE('',*,*,#8553,.T.);
#8627 = ORIENTED_EDGE('',*,*,#4940,.T.);
#8628 = ADVANCED_FACE('',(#8629),#4928,.F.);
#8629 = FACE_BOUND('',#8630,.F.);
#8630 = EDGE_LOOP('',(#8631,#8652));
#8631 = ORIENTED_EDGE('',*,*,#8632,.T.);
#8632 = EDGE_CURVE('',#4883,#4912,#8633,.T.);
#8633 = SURFACE_CURVE('',#8634,(#8638,#8645),.PCURVE_S1.);
#8634 = LINE('',#8635,#8636);
#8635 = CARTESIAN_POINT('',(-31.17884257811,-41.8654962408,1.5));
#8636 = VECTOR('',#8637,1.);
#8637 = DIRECTION('',(-0.791944989234,0.610592445112,0.));
#8638 = PCURVE('',#4928,#8639);
#8639 = DEFINITIONAL_REPRESENTATION('',(#8640),#8644);
#8640 = LINE('',#8641,#8642);
#8641 = CARTESIAN_POINT('',(-0.211692010503,-11.31085602311));
#8642 = VECTOR('',#8643,1.);
#8643 = DIRECTION('',(-0.132816074209,-0.991140701632));
#8644 = ( GEOMETRIC_REPRESENTATION_CONTEXT(2) 
PARAMETRIC_REPRESENTATION_CONTEXT() REPRESENTATION_CONTEXT('2D SPACE',''
  ) );
#8645 = PCURVE('',#8590,#8646);
#8646 = DEFINITIONAL_REPRESENTATION('',(#8647),#8651);
#8647 = LINE('',#8648,#8649);
#8648 = CARTESIAN_POINT('',(0.,0.));
#8649 = VECTOR('',#8650,1.);
#8650 = DIRECTION('',(1.,0.));
#8651 = ( GEOMETRIC_REPRESENTATION_CONTEXT(2) 
PARAMETRIC_REPRESENTATION_CONTEXT() REPRESENTATION_CONTEXT('2D SPACE',''
  ) );
#8652 = ORIENTED_EDGE('',*,*,#4911,.T.);
#8653 = ADVANCED_FACE('',(#8654),#4899,.F.);
#8654 = FACE_BOUND('',#8655,.F.);
#8655 = EDGE_LOOP('',(#8656,#8682));
#8656 = ORIENTED_EDGE('',*,*,#8657,.T.);
#8657 = EDGE_CURVE('',#4854,#4883,#8658,.T.);
#8658 = SURFACE_CURVE('',#8659,(#8663,#8670),.PCURVE_S1.);
#8659 = LINE('',#8660,#8661);
#8660 = CARTESIAN_POINT('',(-29.76483842728,-42.88233194915,1.5));
#8661 = VECTOR('',#8662,1.);
#8662 = DIRECTION('',(-0.81187378915,0.583832981675,0.));
#8663 = PCURVE('',#4899,#8664);
#8664 = DEFINITIONAL_REPRESENTATION('',(#8665),#8669);
#8665 = LINE('',#8666,#8667);
#8666 = CARTESIAN_POINT('',(-3.808853101292E-02,-9.57787465326));
#8667 = VECTOR('',#8668,1.);
#8668 = DIRECTION('',(-9.967729912255E-02,-0.995019816908));
#8669 = ( GEOMETRIC_REPRESENTATION_CONTEXT(2) 
PARAMETRIC_REPRESENTATION_CONTEXT() REPRESENTATION_CONTEXT('2D SPACE',''
  ) );
#8670 = PCURVE('',#8671,#8676);
#8671 = PLANE('',#8672);
#8672 = AXIS2_PLACEMENT_3D('',#8673,#8674,#8675);
#8673 = CARTESIAN_POINT('',(-29.76483842728,-42.88233194915,1.5));
#8674 = DIRECTION('',(-0.583832981675,-0.81187378915,0.));
#8675 = DIRECTION('',(-0.81187378915,0.583832981675,0.));
#8676 = DEFINITIONAL_REPRESENTATION('',(#8677),#8681);
#8677 = LINE('',#8678,#8679);
#8678 = CARTESIAN_POINT('',(0.,0.));
#8679 = VECTOR('',#8680,1.);
#8680 = DIRECTION('',(1.,0.));
#8681 = ( GEOMETRIC_REPRESENTATION_CONTEXT(2) 
PARAMETRIC_REPRESENTATION_CONTEXT() REPRESENTATION_CONTEXT('2D SPACE',''
  ) );
#8682 = ORIENTED_EDGE('',*,*,#4882,.T.);
#8683 = ADVANCED_FACE('',(#8684),#4870,.F.);
#8684 = FACE_BOUND('',#8685,.F.);
#8685 = EDGE_LOOP('',(#8686,#8712));
#8686 = ORIENTED_EDGE('',*,*,#8687,.T.);
#8687 = EDGE_CURVE('',#4825,#4854,#8688,.T.);
#8688 = SURFACE_CURVE('',#8689,(#8693,#8700),.PCURVE_S1.);
#8689 = LINE('',#8690,#8691);
#8690 = CARTESIAN_POINT('',(-28.31769928593,-43.8514299328,1.5));
#8691 = VECTOR('',#8692,1.);
#8692 = DIRECTION('',(-0.830898790096,0.556423580212,0.));
#8693 = PCURVE('',#4870,#8694);
#8694 = DEFINITIONAL_REPRESENTATION('',(#8695),#8699);
#8695 = LINE('',#8696,#8697);
#8696 = CARTESIAN_POINT('',(7.760537090509E-02,-7.840066402212));
#8697 = VECTOR('',#8698,1.);
#8698 = DIRECTION('',(-6.642756068031E-02,-0.997791250303));
#8699 = ( GEOMETRIC_REPRESENTATION_CONTEXT(2) 
PARAMETRIC_REPRESENTATION_CONTEXT() REPRESENTATION_CONTEXT('2D SPACE',''
  ) );
#8700 = PCURVE('',#8701,#8706);
#8701 = PLANE('',#8702);
#8702 = AXIS2_PLACEMENT_3D('',#8703,#8704,#8705);
#8703 = CARTESIAN_POINT('',(-28.31769928593,-43.8514299328,1.5));
#8704 = DIRECTION('',(-0.556423580212,-0.830898790096,0.));
#8705 = DIRECTION('',(-0.830898790096,0.556423580212,0.));
#8706 = DEFINITIONAL_REPRESENTATION('',(#8707),#8711);
#8707 = LINE('',#8708,#8709);
#8708 = CARTESIAN_POINT('',(0.,0.));
#8709 = VECTOR('',#8710,1.);
#8710 = DIRECTION('',(1.,0.));
#8711 = ( GEOMETRIC_REPRESENTATION_CONTEXT(2) 
PARAMETRIC_REPRESENTATION_CONTEXT() REPRESENTATION_CONTEXT('2D SPACE',''
  ) );
#8712 = ORIENTED_EDGE('',*,*,#4853,.T.);
#8713 = ADVANCED_FACE('',(#8714),#4841,.F.);
#8714 = FACE_BOUND('',#8715,.F.);
#8715 = EDGE_LOOP('',(#8716,#8742));
#8716 = ORIENTED_EDGE('',*,*,#8717,.T.);
#8717 = EDGE_CURVE('',#4796,#4825,#8718,.T.);
#8718 = SURFACE_CURVE('',#8719,(#8723,#8730),.PCURVE_S1.);
#8719 = LINE('',#8720,#8721);
#8720 = CARTESIAN_POINT('',(-26.83903614689,-44.77171136672,1.5));
#8721 = VECTOR('',#8722,1.);
#8722 = DIRECTION('',(-0.848998812948,0.528394753581,0.));
#8723 = PCURVE('',#4841,#8724);
#8724 = DEFINITIONAL_REPRESENTATION('',(#8725),#8729);
#8725 = LINE('',#8726,#8727);
#8726 = CARTESIAN_POINT('',(0.135260901797,-6.09936584321));
#8727 = VECTOR('',#8728,1.);
#8728 = DIRECTION('',(-3.310387335376E-02,-0.999451916587));
#8729 = ( GEOMETRIC_REPRESENTATION_CONTEXT(2) 
PARAMETRIC_REPRESENTATION_CONTEXT() REPRESENTATION_CONTEXT('2D SPACE',''
  ) );
#8730 = PCURVE('',#8731,#8736);
#8731 = PLANE('',#8732);
#8732 = AXIS2_PLACEMENT_3D('',#8733,#8734,#8735);
#8733 = CARTESIAN_POINT('',(-26.83903614689,-44.77171136672,1.5));
#8734 = DIRECTION('',(-0.528394753581,-0.848998812948,0.));
#8735 = DIRECTION('',(-0.848998812948,0.528394753581,0.));
#8736 = DEFINITIONAL_REPRESENTATION('',(#8737),#8741);
#8737 = LINE('',#8738,#8739);
#8738 = CARTESIAN_POINT('',(0.,0.));
#8739 = VECTOR('',#8740,1.);
#8740 = DIRECTION('',(1.,0.));
#8741 = ( GEOMETRIC_REPRESENTATION_CONTEXT(2) 
PARAMETRIC_REPRESENTATION_CONTEXT() REPRESENTATION_CONTEXT('2D SPACE',''
  ) );
#8742 = ORIENTED_EDGE('',*,*,#4824,.T.);
#8743 = ADVANCED_FACE('',(#8744),#4812,.F.);
#8744 = FACE_BOUND('',#8745,.F.);
#8745 = EDGE_LOOP('',(#8746,#8772));
#8746 = ORIENTED_EDGE('',*,*,#8747,.T.);
#8747 = EDGE_CURVE('',#4767,#4796,#8748,.T.);
#8748 = SURFACE_CURVE('',#8749,(#8753,#8760),.PCURVE_S1.);
#8749 = LINE('',#8750,#8751);
#8750 = CARTESIAN_POINT('',(-25.33049509636,-45.64215176975,1.5));
#8751 = VECTOR('',#8752,1.);
#8752 = DIRECTION('',(-0.86615370829,0.499777704199,0.));
#8753 = PCURVE('',#4812,#8754);
#8754 = DEFINITIONAL_REPRESENTATION('',(#8755),#8759);
#8755 = LINE('',#8756,#8757);
#8756 = CARTESIAN_POINT('',(0.13481387803,-4.357710769287));
#8757 = VECTOR('',#8758,1.);
#8758 = DIRECTION('',(2.566660636527E-04,-0.999999967061));
#8759 = ( GEOMETRIC_REPRESENTATION_CONTEXT(2) 
PARAMETRIC_REPRESENTATION_CONTEXT() REPRESENTATION_CONTEXT('2D SPACE',''
  ) );
#8760 = PCURVE('',#8761,#8766);
#8761 = PLANE('',#8762);
#8762 = AXIS2_PLACEMENT_3D('',#8763,#8764,#8765);
#8763 = CARTESIAN_POINT('',(-25.33049509636,-45.64215176975,1.5));
#8764 = DIRECTION('',(-0.499777704199,-0.86615370829,0.));
#8765 = DIRECTION('',(-0.86615370829,0.499777704199,0.));
#8766 = DEFINITIONAL_REPRESENTATION('',(#8767),#8771);
#8767 = LINE('',#8768,#8769);
#8768 = CARTESIAN_POINT('',(0.,0.));
#8769 = VECTOR('',#8770,1.);
#8770 = DIRECTION('',(1.,0.));
#8771 = ( GEOMETRIC_REPRESENTATION_CONTEXT(2) 
PARAMETRIC_REPRESENTATION_CONTEXT() REPRESENTATION_CONTEXT('2D SPACE',''
  ) );
#8772 = ORIENTED_EDGE('',*,*,#4795,.T.);
#8773 = ADVANCED_FACE('',(#8774),#4783,.F.);
#8774 = FACE_BOUND('',#8775,.F.);
#8775 = EDGE_LOOP('',(#8776,#8802));
#8776 = ORIENTED_EDGE('',*,*,#8777,.T.);
#8777 = EDGE_CURVE('',#4738,#4767,#8778,.T.);
#8778 = SURFACE_CURVE('',#8779,(#8783,#8790),.PCURVE_S1.);
#8779 = LINE('',#8780,#8781);
#8780 = CARTESIAN_POINT('',(-23.79375548138,-46.46178214503,1.5));
#8781 = VECTOR('',#8782,1.);
#8782 = DIRECTION('',(-0.882344378848,0.470604289308,0.));
#8783 = PCURVE('',#4783,#8784);
#8784 = DEFINITIONAL_REPRESENTATION('',(#8785),#8789);
#8785 = LINE('',#8786,#8787);
#8786 = CARTESIAN_POINT('',(7.626479724318E-02,-2.617040036066));
#8787 = VECTOR('',#8788,1.);
#8788 = DIRECTION('',(3.361691975374E-02,-0.999434791623));
#8789 = ( GEOMETRIC_REPRESENTATION_CONTEXT(2) 
PARAMETRIC_REPRESENTATION_CONTEXT() REPRESENTATION_CONTEXT('2D SPACE',''
  ) );
#8790 = PCURVE('',#8791,#8796);
#8791 = PLANE('',#8792);
#8792 = AXIS2_PLACEMENT_3D('',#8793,#8794,#8795);
#8793 = CARTESIAN_POINT('',(-23.79375548138,-46.46178214503,1.5));
#8794 = DIRECTION('',(-0.470604289308,-0.882344378848,0.));
#8795 = DIRECTION('',(-0.882344378848,0.470604289308,0.));
#8796 = DEFINITIONAL_REPRESENTATION('',(#8797),#8801);
#8797 = LINE('',#8798,#8799);
#8798 = CARTESIAN_POINT('',(0.,0.));
#8799 = VECTOR('',#8800,1.);
#8800 = DIRECTION('',(1.,0.));
#8801 = ( GEOMETRIC_REPRESENTATION_CONTEXT(2) 
PARAMETRIC_REPRESENTATION_CONTEXT() REPRESENTATION_CONTEXT('2D SPACE',''
  ) );
#8802 = ORIENTED_EDGE('',*,*,#4766,.T.);
#8803 = ADVANCED_FACE('',(#8804),#4754,.F.);
#8804 = FACE_BOUND('',#8805,.F.);
#8805 = EDGE_LOOP('',(#8806,#8832));
#8806 = ORIENTED_EDGE('',*,*,#8807,.T.);
#8807 = EDGE_CURVE('',#4709,#4738,#8808,.T.);
#8808 = SURFACE_CURVE('',#8809,(#8813,#8820),.PCURVE_S1.);
#8809 = LINE('',#8810,#8811);
#8810 = CARTESIAN_POINT('',(-22.23052804035,-47.22969005876,1.5));
#8811 = VECTOR('',#8812,1.);
#8812 = DIRECTION('',(-0.897552800747,0.440906985509,0.));
#8813 = PCURVE('',#4754,#8814);
#8814 = DEFINITIONAL_REPRESENTATION('',(#8815),#8819);
#8815 = LINE('',#8816,#8817);
#8816 = CARTESIAN_POINT('',(-4.032116220856E-02,-0.879291403377));
#8817 = VECTOR('',#8818,1.);
#8818 = DIRECTION('',(6.69397502164E-02,-0.99775701944));
#8819 = ( GEOMETRIC_REPRESENTATION_CONTEXT(2) 
PARAMETRIC_REPRESENTATION_CONTEXT() REPRESENTATION_CONTEXT('2D SPACE',''
  ) );
#8820 = PCURVE('',#8821,#8826);
#8821 = PLANE('',#8822);
#8822 = AXIS2_PLACEMENT_3D('',#8823,#8824,#8825);
#8823 = CARTESIAN_POINT('',(-22.23052804035,-47.22969005876,1.5));
#8824 = DIRECTION('',(-0.440906985509,-0.897552800747,0.));
#8825 = DIRECTION('',(-0.897552800747,0.440906985509,0.));
#8826 = DEFINITIONAL_REPRESENTATION('',(#8827),#8831);
#8827 = LINE('',#8828,#8829);
#8828 = CARTESIAN_POINT('',(0.,0.));
#8829 = VECTOR('',#8830,1.);
#8830 = DIRECTION('',(1.,0.));
#8831 = ( GEOMETRIC_REPRESENTATION_CONTEXT(2) 
PARAMETRIC_REPRESENTATION_CONTEXT() REPRESENTATION_CONTEXT('2D SPACE',''
  ) );
#8832 = ORIENTED_EDGE('',*,*,#4737,.T.);
#8833 = ADVANCED_FACE('',(#8834),#4725,.F.);
#8834 = FACE_BOUND('',#8835,.F.);
#8835 = EDGE_LOOP('',(#8836,#8862));
#8836 = ORIENTED_EDGE('',*,*,#8837,.T.);
#8837 = EDGE_CURVE('',#4680,#4709,#8838,.T.);
#8838 = SURFACE_CURVE('',#8839,(#8843,#8850),.PCURVE_S1.);
#8839 = LINE('',#8840,#8841);
#8840 = CARTESIAN_POINT('',(-20.64255299864,-47.94502065593,1.5));
#8841 = VECTOR('',#8842,1.);
#8842 = DIRECTION('',(-0.911762043577,0.410718852613,0.));
#8843 = PCURVE('',#4725,#8844);
#8844 = DEFINITIONAL_REPRESENTATION('',(#8845),#8849);
#8845 = LINE('',#8846,#8847);
#8846 = CARTESIAN_POINT('',(-0.214814213809,0.853600621907));
#8847 = VECTOR('',#8848,1.);
#8848 = DIRECTION('',(0.100188061612,-0.994968518251));
#8849 = ( GEOMETRIC_REPRESENTATION_CONTEXT(2) 
PARAMETRIC_REPRESENTATION_CONTEXT() REPRESENTATION_CONTEXT('2D SPACE',''
  ) );
#8850 = PCURVE('',#8851,#8856);
#8851 = PLANE('',#8852);
#8852 = AXIS2_PLACEMENT_3D('',#8853,#8854,#8855);
#8853 = CARTESIAN_POINT('',(-20.64255299864,-47.94502065593,1.5));
#8854 = DIRECTION('',(-0.410718852613,-0.911762043577,0.));
#8855 = DIRECTION('',(-0.911762043577,0.410718852613,0.));
#8856 = DEFINITIONAL_REPRESENTATION('',(#8857),#8861);
#8857 = LINE('',#8858,#8859);
#8858 = CARTESIAN_POINT('',(0.,0.));
#8859 = VECTOR('',#8860,1.);
#8860 = DIRECTION('',(1.,0.));
#8861 = ( GEOMETRIC_REPRESENTATION_CONTEXT(2) 
PARAMETRIC_REPRESENTATION_CONTEXT() REPRESENTATION_CONTEXT('2D SPACE',''
  ) );
#8862 = ORIENTED_EDGE('',*,*,#4708,.T.);
#8863 = ADVANCED_FACE('',(#8864),#4696,.F.);
#8864 = FACE_BOUND('',#8865,.F.);
#8865 = EDGE_LOOP('',(#8866,#8892));
#8866 = ORIENTED_EDGE('',*,*,#8867,.T.);
#8867 = EDGE_CURVE('',#4651,#4680,#8868,.T.);
#8868 = SURFACE_CURVE('',#8869,(#8873,#8880),.PCURVE_S1.);
#8869 = LINE('',#8870,#8871);
#8870 = CARTESIAN_POINT('',(-19.03159813126,-48.60697761196,1.5));
#8871 = VECTOR('',#8872,1.);
#8872 = DIRECTION('',(-0.92495628924,0.380073496833,0.));
#8873 = PCURVE('',#4696,#8874);
#8874 = DEFINITIONAL_REPRESENTATION('',(#8875),#8879);
#8875 = LINE('',#8876,#8877);
#8876 = CARTESIAN_POINT('',(-0.447020107366,2.579706939418));
#8877 = VECTOR('',#8878,1.);
#8878 = DIRECTION('',(0.133324841058,-0.991072392289));
#8879 = ( GEOMETRIC_REPRESENTATION_CONTEXT(2) 
PARAMETRIC_REPRESENTATION_CONTEXT() REPRESENTATION_CONTEXT('2D SPACE',''
  ) );
#8880 = PCURVE('',#8881,#8886);
#8881 = PLANE('',#8882);
#8882 = AXIS2_PLACEMENT_3D('',#8883,#8884,#8885);
#8883 = CARTESIAN_POINT('',(-19.03159813126,-48.60697761196,1.5));
#8884 = DIRECTION('',(-0.380073496833,-0.92495628924,0.));
#8885 = DIRECTION('',(-0.92495628924,0.380073496833,0.));
#8886 = DEFINITIONAL_REPRESENTATION('',(#8887),#8891);
#8887 = LINE('',#8888,#8889);
#8888 = CARTESIAN_POINT('',(0.,0.));
#8889 = VECTOR('',#8890,1.);
#8890 = DIRECTION('',(1.,0.));
#8891 = ( GEOMETRIC_REPRESENTATION_CONTEXT(2) 
PARAMETRIC_REPRESENTATION_CONTEXT() REPRESENTATION_CONTEXT('2D SPACE',''
  ) );
#8892 = ORIENTED_EDGE('',*,*,#4679,.T.);
#8893 = ADVANCED_FACE('',(#8894),#4667,.F.);
#8894 = FACE_BOUND('',#8895,.F.);
#8895 = EDGE_LOOP('',(#8896,#8922));
#8896 = ORIENTED_EDGE('',*,*,#8897,.T.);
#8897 = EDGE_CURVE('',#4622,#4651,#8898,.T.);
#8898 = SURFACE_CURVE('',#8899,(#8903,#8910),.PCURVE_S1.);
#8899 = LINE('',#8900,#8901);
#8900 = CARTESIAN_POINT('',(-17.39945679499,-49.21482401918,1.5));
#8901 = VECTOR('',#8902,1.);
#8902 = DIRECTION('',(-0.93712084956,0.349005033373,0.));
#8903 = PCURVE('',#4667,#8904);
#8904 = DEFINITIONAL_REPRESENTATION('',(#8905),#8909);
#8905 = LINE('',#8906,#8907);
#8906 = CARTESIAN_POINT('',(-0.736680345252,4.29710600281));
#8907 = VECTOR('',#8908,1.);
#8908 = DIRECTION('',(0.166313199831,-0.986072978822));
#8909 = ( GEOMETRIC_REPRESENTATION_CONTEXT(2) 
PARAMETRIC_REPRESENTATION_CONTEXT() REPRESENTATION_CONTEXT('2D SPACE',''
  ) );
#8910 = PCURVE('',#8911,#8916);
#8911 = PLANE('',#8912);
#8912 = AXIS2_PLACEMENT_3D('',#8913,#8914,#8915);
#8913 = CARTESIAN_POINT('',(-17.39945679499,-49.21482401918,1.5));
#8914 = DIRECTION('',(-0.349005033373,-0.93712084956,0.));
#8915 = DIRECTION('',(-0.93712084956,0.349005033373,0.));
#8916 = DEFINITIONAL_REPRESENTATION('',(#8917),#8921);
#8917 = LINE('',#8918,#8919);
#8918 = CARTESIAN_POINT('',(0.,0.));
#8919 = VECTOR('',#8920,1.);
#8920 = DIRECTION('',(1.,0.));
#8921 = ( GEOMETRIC_REPRESENTATION_CONTEXT(2) 
PARAMETRIC_REPRESENTATION_CONTEXT() REPRESENTATION_CONTEXT('2D SPACE',''
  ) );
#8922 = ORIENTED_EDGE('',*,*,#4650,.T.);
#8923 = ADVANCED_FACE('',(#8924),#4638,.F.);
#8924 = FACE_BOUND('',#8925,.F.);
#8925 = EDGE_LOOP('',(#8926,#8952));
#8926 = ORIENTED_EDGE('',*,*,#8927,.T.);
#8927 = EDGE_CURVE('',#4593,#4622,#8928,.T.);
#8928 = SURFACE_CURVE('',#8929,(#8933,#8940),.PCURVE_S1.);
#8929 = LINE('',#8930,#8931);
#8930 = CARTESIAN_POINT('',(-15.7479459319,-49.7678832072,1.5));
#8931 = VECTOR('',#8932,1.);
#8932 = DIRECTION('',(-0.948242182632,0.317548048453,0.));
#8933 = PCURVE('',#4638,#8934);
#8934 = DEFINITIONAL_REPRESENTATION('',(#8935),#8939);
#8935 = LINE('',#8936,#8937);
#8936 = CARTESIAN_POINT('',(-1.083472470175,6.00388595888));
#8937 = VECTOR('',#8938,1.);
#8938 = DIRECTION('',(0.199116414434,-0.979975843326));
#8939 = ( GEOMETRIC_REPRESENTATION_CONTEXT(2) 
PARAMETRIC_REPRESENTATION_CONTEXT() REPRESENTATION_CONTEXT('2D SPACE',''
  ) );
#8940 = PCURVE('',#8941,#8946);
#8941 = PLANE('',#8942);
#8942 = AXIS2_PLACEMENT_3D('',#8943,#8944,#8945);
#8943 = CARTESIAN_POINT('',(-15.7479459319,-49.7678832072,1.5));
#8944 = DIRECTION('',(-0.317548048453,-0.948242182632,0.));
#8945 = DIRECTION('',(-0.948242182632,0.317548048453,0.));
#8946 = DEFINITIONAL_REPRESENTATION('',(#8947),#8951);
#8947 = LINE('',#8948,#8949);
#8948 = CARTESIAN_POINT('',(0.,0.));
#8949 = VECTOR('',#8950,1.);
#8950 = DIRECTION('',(1.,0.));
#8951 = ( GEOMETRIC_REPRESENTATION_CONTEXT(2) 
PARAMETRIC_REPRESENTATION_CONTEXT() REPRESENTATION_CONTEXT('2D SPACE',''
  ) );
#8952 = ORIENTED_EDGE('',*,*,#4621,.T.);
#8953 = ADVANCED_FACE('',(#8954),#4609,.F.);
#8954 = FACE_BOUND('',#8955,.F.);
#8955 = EDGE_LOOP('',(#8956,#8982));
#8956 = ORIENTED_EDGE('',*,*,#8957,.T.);
#8957 = EDGE_CURVE('',#4564,#4593,#8958,.T.);
#8958 = SURFACE_CURVE('',#8959,(#8963,#8970),.PCURVE_S1.);
#8959 = LINE('',#8960,#8961);
#8960 = CARTESIAN_POINT('',(-14.07890404675,-50.26553949618,1.5));
#8961 = VECTOR('',#8962,1.);
#8962 = DIRECTION('',(-0.958307907901,0.285737560806,0.));
#8963 = PCURVE('',#4609,#8964);
#8964 = DEFINITIONAL_REPRESENTATION('',(#8965),#8969);
#8965 = LINE('',#8966,#8967);
#8966 = CARTESIAN_POINT('',(-1.487010424141,7.698146775892));
#8967 = VECTOR('',#8968,1.);
#8968 = DIRECTION('',(0.231697967477,-0.972787773292));
#8969 = ( GEOMETRIC_REPRESENTATION_CONTEXT(2) 
PARAMETRIC_REPRESENTATION_CONTEXT() REPRESENTATION_CONTEXT('2D SPACE',''
  ) );
#8970 = PCURVE('',#8971,#8976);
#8971 = PLANE('',#8972);
#8972 = AXIS2_PLACEMENT_3D('',#8973,#8974,#8975);
#8973 = CARTESIAN_POINT('',(-14.07890404675,-50.26553949618,1.5));
#8974 = DIRECTION('',(-0.285737560806,-0.958307907901,0.));
#8975 = DIRECTION('',(-0.958307907901,0.285737560806,0.));
#8976 = DEFINITIONAL_REPRESENTATION('',(#8977),#8981);
#8977 = LINE('',#8978,#8979);
#8978 = CARTESIAN_POINT('',(0.,0.));
#8979 = VECTOR('',#8980,1.);
#8980 = DIRECTION('',(1.,0.));
#8981 = ( GEOMETRIC_REPRESENTATION_CONTEXT(2) 
PARAMETRIC_REPRESENTATION_CONTEXT() REPRESENTATION_CONTEXT('2D SPACE',''
  ) );
#8982 = ORIENTED_EDGE('',*,*,#4592,.T.);
#8983 = ADVANCED_FACE('',(#8984),#4580,.F.);
#8984 = FACE_BOUND('',#8985,.F.);
#8985 = EDGE_LOOP('',(#8986,#9012));
#8986 = ORIENTED_EDGE('',*,*,#8987,.T.);
#8987 = EDGE_CURVE('',#4535,#4564,#8988,.T.);
#8988 = SURFACE_CURVE('',#8989,(#8993,#9000),.PCURVE_S1.);
#8989 = LINE('',#8990,#8991);
#8990 = CARTESIAN_POINT('',(-12.39418916027,-50.70723888222,1.5));
#8991 = VECTOR('',#8992,1.);
#8992 = DIRECTION('',(-0.967306819938,0.253608982691,0.));
#8993 = PCURVE('',#4580,#8994);
#8994 = DEFINITIONAL_REPRESENTATION('',(#8995),#8999);
#8995 = LINE('',#8996,#8997);
#8996 = CARTESIAN_POINT('',(-1.94684497823,9.378002358738));
#8997 = VECTOR('',#8998,1.);
#8998 = DIRECTION('',(0.264021588331,-0.964516770666));
#8999 = ( GEOMETRIC_REPRESENTATION_CONTEXT(2) 
PARAMETRIC_REPRESENTATION_CONTEXT() REPRESENTATION_CONTEXT('2D SPACE',''
  ) );
#9000 = PCURVE('',#9001,#9006);
#9001 = PLANE('',#9002);
#9002 = AXIS2_PLACEMENT_3D('',#9003,#9004,#9005);
#9003 = CARTESIAN_POINT('',(-12.39418916027,-50.70723888222,1.5));
#9004 = DIRECTION('',(-0.253608982691,-0.967306819938,0.));
#9005 = DIRECTION('',(-0.967306819938,0.253608982691,0.));
#9006 = DEFINITIONAL_REPRESENTATION('',(#9007),#9011);
#9007 = LINE('',#9008,#9009);
#9008 = CARTESIAN_POINT('',(0.,0.));
#9009 = VECTOR('',#9010,1.);
#9010 = DIRECTION('',(1.,0.));
#9011 = ( GEOMETRIC_REPRESENTATION_CONTEXT(2) 
PARAMETRIC_REPRESENTATION_CONTEXT() REPRESENTATION_CONTEXT('2D SPACE',''
  ) );
#9012 = ORIENTED_EDGE('',*,*,#4563,.T.);
#9013 = ADVANCED_FACE('',(#9014),#4551,.F.);
#9014 = FACE_BOUND('',#9015,.F.);
#9015 = EDGE_LOOP('',(#9016,#9042));
#9016 = ORIENTED_EDGE('',*,*,#9017,.T.);
#9017 = EDGE_CURVE('',#4506,#4535,#9018,.T.);
#9018 = SURFACE_CURVE('',#9019,(#9023,#9030),.PCURVE_S1.);
#9019 = LINE('',#9020,#9021);
#9020 = CARTESIAN_POINT('',(-10.69567674079,-51.09248965412,1.5));
#9021 = VECTOR('',#9022,1.);
#9022 = DIRECTION('',(-0.975228900922,0.221198080475,0.));
#9023 = PCURVE('',#4551,#9024);
#9024 = DEFINITIONAL_REPRESENTATION('',(#9025),#9029);
#9025 = LINE('',#9026,#9027);
#9026 = CARTESIAN_POINT('',(-2.462464232681,11.041582648592));
#9027 = VECTOR('',#9028,1.);
#9028 = DIRECTION('',(0.296051293501,-0.955172042941));
#9029 = ( GEOMETRIC_REPRESENTATION_CONTEXT(2) 
PARAMETRIC_REPRESENTATION_CONTEXT() REPRESENTATION_CONTEXT('2D SPACE',''
  ) );
#9030 = PCURVE('',#9031,#9036);
#9031 = PLANE('',#9032);
#9032 = AXIS2_PLACEMENT_3D('',#9033,#9034,#9035);
#9033 = CARTESIAN_POINT('',(-10.69567674079,-51.09248965412,1.5));
#9034 = DIRECTION('',(-0.221198080475,-0.975228900922,0.));
#9035 = DIRECTION('',(-0.975228900922,0.221198080475,0.));
#9036 = DEFINITIONAL_REPRESENTATION('',(#9037),#9041);
#9037 = LINE('',#9038,#9039);
#9038 = CARTESIAN_POINT('',(0.,0.));
#9039 = VECTOR('',#9040,1.);
#9040 = DIRECTION('',(1.,0.));
#9041 = ( GEOMETRIC_REPRESENTATION_CONTEXT(2) 
PARAMETRIC_REPRESENTATION_CONTEXT() REPRESENTATION_CONTEXT('2D SPACE',''
  ) );
#9042 = ORIENTED_EDGE('',*,*,#4534,.T.);
#9043 = ADVANCED_FACE('',(#9044),#4522,.F.);
#9044 = FACE_BOUND('',#9045,.F.);
#9045 = EDGE_LOOP('',(#9046,#9072));
#9046 = ORIENTED_EDGE('',*,*,#9047,.T.);
#9047 = EDGE_CURVE('',#4477,#4506,#9048,.T.);
#9048 = SURFACE_CURVE('',#9049,(#9053,#9060),.PCURVE_S1.);
#9049 = LINE('',#9050,#9051);
#9050 = CARTESIAN_POINT('',(-8.985257616428,-51.4208629407,1.5));
#9051 = VECTOR('',#9052,1.);
#9052 = DIRECTION('',(-0.982065331787,0.188540934817,0.));
#9053 = PCURVE('',#4522,#9054);
#9054 = DEFINITIONAL_REPRESENTATION('',(#9055),#9059);
#9055 = LINE('',#9056,#9057);
#9056 = CARTESIAN_POINT('',(-3.033294186762,12.687035704707));
#9057 = VECTOR('',#9058,1.);
#9058 = DIRECTION('',(0.327751426689,-0.944763992912));
#9059 = ( GEOMETRIC_REPRESENTATION_CONTEXT(2) 
PARAMETRIC_REPRESENTATION_CONTEXT() REPRESENTATION_CONTEXT('2D SPACE',''
  ) );
#9060 = PCURVE('',#9061,#9066);
#9061 = PLANE('',#9062);
#9062 = AXIS2_PLACEMENT_3D('',#9063,#9064,#9065);
#9063 = CARTESIAN_POINT('',(-8.985257616428,-51.4208629407,1.5));
#9064 = DIRECTION('',(-0.188540934817,-0.982065331787,0.));
#9065 = DIRECTION('',(-0.982065331787,0.188540934817,0.));
#9066 = DEFINITIONAL_REPRESENTATION('',(#9067),#9071);
#9067 = LINE('',#9068,#9069);
#9068 = CARTESIAN_POINT('',(0.,0.));
#9069 = VECTOR('',#9070,1.);
#9070 = DIRECTION('',(1.,0.));
#9071 = ( GEOMETRIC_REPRESENTATION_CONTEXT(2) 
PARAMETRIC_REPRESENTATION_CONTEXT() REPRESENTATION_CONTEXT('2D SPACE',''
  ) );
#9072 = ORIENTED_EDGE('',*,*,#4505,.T.);
#9073 = ADVANCED_FACE('',(#9074),#4493,.F.);
#9074 = FACE_BOUND('',#9075,.F.);
#9075 = EDGE_LOOP('',(#9076,#9097));
#9076 = ORIENTED_EDGE('',*,*,#9077,.T.);
#9077 = EDGE_CURVE('',#4449,#4477,#9078,.T.);
#9078 = SURFACE_CURVE('',#9079,(#9083,#9090),.PCURVE_S1.);
#9079 = LINE('',#9080,#9081);
#9080 = CARTESIAN_POINT('',(-7.264835870115,-51.69199318831,1.5));
#9081 = VECTOR('',#9082,1.);
#9082 = DIRECTION('',(-0.987808502041,0.155673900497,0.));
#9083 = PCURVE('',#4493,#9084);
#9084 = DEFINITIONAL_REPRESENTATION('',(#9085),#9089);
#9085 = LINE('',#9086,#9087);
#9086 = CARTESIAN_POINT('',(-3.658699377755,14.31252976604));
#9087 = VECTOR('',#9088,1.);
#9088 = DIRECTION('',(0.359086698484,-0.93330420709));
#9089 = ( GEOMETRIC_REPRESENTATION_CONTEXT(2) 
PARAMETRIC_REPRESENTATION_CONTEXT() REPRESENTATION_CONTEXT('2D SPACE',''
  ) );
#9090 = PCURVE('',#4464,#9091);
#9091 = DEFINITIONAL_REPRESENTATION('',(#9092),#9096);
#9092 = LINE('',#9093,#9094);
#9093 = CARTESIAN_POINT('',(0.,0.));
#9094 = VECTOR('',#9095,1.);
#9095 = DIRECTION('',(1.,0.));
#9096 = ( GEOMETRIC_REPRESENTATION_CONTEXT(2) 
PARAMETRIC_REPRESENTATION_CONTEXT() REPRESENTATION_CONTEXT('2D SPACE',''
  ) );
#9097 = ORIENTED_EDGE('',*,*,#4476,.T.);
#9098 = ADVANCED_FACE('',(#9099),#4464,.F.);
#9099 = FACE_BOUND('',#9100,.F.);
#9100 = EDGE_LOOP('',(#9101,#9102,#9103,#9126));
#9101 = ORIENTED_EDGE('',*,*,#9077,.F.);
#9102 = ORIENTED_EDGE('',*,*,#4448,.T.);
#9103 = ORIENTED_EDGE('',*,*,#9104,.F.);
#9104 = EDGE_CURVE('',#9105,#4421,#9107,.T.);
#9105 = VERTEX_POINT('',#9106);
#9106 = CARTESIAN_POINT('',(-8.985257616428,-51.4208629407,4.));
#9107 = SURFACE_CURVE('',#9108,(#9112,#9119),.PCURVE_S1.);
#9108 = LINE('',#9109,#9110);
#9109 = CARTESIAN_POINT('',(-8.985257616428,-51.4208629407,4.));
#9110 = VECTOR('',#9111,1.);
#9111 = DIRECTION('',(0.987808502041,-0.155673900497,0.));
#9112 = PCURVE('',#4464,#9113);
#9113 = DEFINITIONAL_REPRESENTATION('',(#9114),#9118);
#9114 = LINE('',#9115,#9116);
#9115 = CARTESIAN_POINT('',(1.741655131291,-2.5));
#9116 = VECTOR('',#9117,1.);
#9117 = DIRECTION('',(-1.,-0.));
#9118 = ( GEOMETRIC_REPRESENTATION_CONTEXT(2) 
PARAMETRIC_REPRESENTATION_CONTEXT() REPRESENTATION_CONTEXT('2D SPACE',''
  ) );
#9119 = PCURVE('',#8538,#9120);
#9120 = DEFINITIONAL_REPRESENTATION('',(#9121),#9125);
#9121 = LINE('',#9122,#9123);
#9122 = CARTESIAN_POINT('',(-1.84162261365,12.807030722437));
#9123 = VECTOR('',#9124,1.);
#9124 = DIRECTION('',(-0.359086698484,0.93330420709));
#9125 = ( GEOMETRIC_REPRESENTATION_CONTEXT(2) 
PARAMETRIC_REPRESENTATION_CONTEXT() REPRESENTATION_CONTEXT('2D SPACE',''
  ) );
#9126 = ORIENTED_EDGE('',*,*,#9127,.F.);
#9127 = EDGE_CURVE('',#4477,#9105,#9128,.T.);
#9128 = SURFACE_CURVE('',#9129,(#9133,#9140),.PCURVE_S1.);
#9129 = LINE('',#9130,#9131);
#9130 = CARTESIAN_POINT('',(-8.985257616428,-51.4208629407,1.5));
#9131 = VECTOR('',#9132,1.);
#9132 = DIRECTION('',(0.,0.,1.));
#9133 = PCURVE('',#4464,#9134);
#9134 = DEFINITIONAL_REPRESENTATION('',(#9135),#9139);
#9135 = LINE('',#9136,#9137);
#9136 = CARTESIAN_POINT('',(1.741655131291,0.));
#9137 = VECTOR('',#9138,1.);
#9138 = DIRECTION('',(0.,-1.));
#9139 = ( GEOMETRIC_REPRESENTATION_CONTEXT(2) 
PARAMETRIC_REPRESENTATION_CONTEXT() REPRESENTATION_CONTEXT('2D SPACE',''
  ) );
#9140 = PCURVE('',#9061,#9141);
#9141 = DEFINITIONAL_REPRESENTATION('',(#9142),#9146);
#9142 = LINE('',#9143,#9144);
#9143 = CARTESIAN_POINT('',(0.,0.));
#9144 = VECTOR('',#9145,1.);
#9145 = DIRECTION('',(0.,-1.));
#9146 = ( GEOMETRIC_REPRESENTATION_CONTEXT(2) 
PARAMETRIC_REPRESENTATION_CONTEXT() REPRESENTATION_CONTEXT('2D SPACE',''
  ) );
#9147 = ADVANCED_FACE('',(#9148),#4436,.F.);
#9148 = FACE_BOUND('',#9149,.F.);
#9149 = EDGE_LOOP('',(#9150,#9151,#9174,#9202));
#9150 = ORIENTED_EDGE('',*,*,#4420,.T.);
#9151 = ORIENTED_EDGE('',*,*,#9152,.T.);
#9152 = EDGE_CURVE('',#3080,#9153,#9155,.T.);
#9153 = VERTEX_POINT('',#9154);
#9154 = CARTESIAN_POINT('',(-7.167414699443,-50.99880554019,5.));
#9155 = SURFACE_CURVE('',#9156,(#9160,#9167),.PCURVE_S1.);
#9156 = LINE('',#9157,#9158);
#9157 = CARTESIAN_POINT('',(-7.264835870115,-51.69199318831,5.));
#9158 = VECTOR('',#9159,1.);
#9159 = DIRECTION('',(0.13917310096,0.990268068742,0.));
#9160 = PCURVE('',#4436,#9161);
#9161 = DEFINITIONAL_REPRESENTATION('',(#9162),#9166);
#9162 = LINE('',#9163,#9164);
#9163 = CARTESIAN_POINT('',(0.,-1.));
#9164 = VECTOR('',#9165,1.);
#9165 = DIRECTION('',(1.,0.));
#9166 = ( GEOMETRIC_REPRESENTATION_CONTEXT(2) 
PARAMETRIC_REPRESENTATION_CONTEXT() REPRESENTATION_CONTEXT('2D SPACE',''
  ) );
#9167 = PCURVE('',#8511,#9168);
#9168 = DEFINITIONAL_REPRESENTATION('',(#9169),#9173);
#9169 = LINE('',#9170,#9171);
#9170 = CARTESIAN_POINT('',(-2.467027804643,14.43252478377));
#9171 = VECTOR('',#9172,1.);
#9172 = DIRECTION('',(-0.927183854567,-0.374606593416));
#9173 = ( GEOMETRIC_REPRESENTATION_CONTEXT(2) 
PARAMETRIC_REPRESENTATION_CONTEXT() REPRESENTATION_CONTEXT('2D SPACE',''
  ) );
#9174 = ORIENTED_EDGE('',*,*,#9175,.F.);
#9175 = EDGE_CURVE('',#9176,#9153,#9178,.T.);
#9176 = VERTEX_POINT('',#9177);
#9177 = CARTESIAN_POINT('',(-7.167414699443,-50.99880554019,4.));
#9178 = SURFACE_CURVE('',#9179,(#9183,#9190),.PCURVE_S1.);
#9179 = LINE('',#9180,#9181);
#9180 = CARTESIAN_POINT('',(-7.167414699443,-50.99880554019,4.));
#9181 = VECTOR('',#9182,1.);
#9182 = DIRECTION('',(0.,0.,1.));
#9183 = PCURVE('',#4436,#9184);
#9184 = DEFINITIONAL_REPRESENTATION('',(#9185),#9189);
#9185 = LINE('',#9186,#9187);
#9186 = CARTESIAN_POINT('',(0.7,0.));
#9187 = VECTOR('',#9188,1.);
#9188 = DIRECTION('',(0.,-1.));
#9189 = ( GEOMETRIC_REPRESENTATION_CONTEXT(2) 
PARAMETRIC_REPRESENTATION_CONTEXT() REPRESENTATION_CONTEXT('2D SPACE',''
  ) );
#9190 = PCURVE('',#9191,#9196);
#9191 = PLANE('',#9192);
#9192 = AXIS2_PLACEMENT_3D('',#9193,#9194,#9195);
#9193 = CARTESIAN_POINT('',(-7.167414699443,-50.99880554019,4.));
#9194 = DIRECTION('',(-0.155673900497,-0.987808502041,0.));
#9195 = DIRECTION('',(-0.987808502041,0.155673900497,0.));
#9196 = DEFINITIONAL_REPRESENTATION('',(#9197),#9201);
#9197 = LINE('',#9198,#9199);
#9198 = CARTESIAN_POINT('',(0.,0.));
#9199 = VECTOR('',#9200,1.);
#9200 = DIRECTION('',(0.,-1.));
#9201 = ( GEOMETRIC_REPRESENTATION_CONTEXT(2) 
PARAMETRIC_REPRESENTATION_CONTEXT() REPRESENTATION_CONTEXT('2D SPACE',''
  ) );
#9202 = ORIENTED_EDGE('',*,*,#9203,.F.);
#9203 = EDGE_CURVE('',#4421,#9176,#9204,.T.);
#9204 = SURFACE_CURVE('',#9205,(#9209,#9216),.PCURVE_S1.);
#9205 = LINE('',#9206,#9207);
#9206 = CARTESIAN_POINT('',(-7.264835870115,-51.69199318831,4.));
#9207 = VECTOR('',#9208,1.);
#9208 = DIRECTION('',(0.13917310096,0.990268068742,0.));
#9209 = PCURVE('',#4436,#9210);
#9210 = DEFINITIONAL_REPRESENTATION('',(#9211),#9215);
#9211 = LINE('',#9212,#9213);
#9212 = CARTESIAN_POINT('',(0.,0.));
#9213 = VECTOR('',#9214,1.);
#9214 = DIRECTION('',(1.,0.));
#9215 = ( GEOMETRIC_REPRESENTATION_CONTEXT(2) 
PARAMETRIC_REPRESENTATION_CONTEXT() REPRESENTATION_CONTEXT('2D SPACE',''
  ) );
#9216 = PCURVE('',#8538,#9217);
#9217 = DEFINITIONAL_REPRESENTATION('',(#9218),#9222);
#9218 = LINE('',#9219,#9220);
#9219 = CARTESIAN_POINT('',(-2.467027804643,14.43252478377));
#9220 = VECTOR('',#9221,1.);
#9221 = DIRECTION('',(-0.927183854567,-0.374606593416));
#9222 = ( GEOMETRIC_REPRESENTATION_CONTEXT(2) 
PARAMETRIC_REPRESENTATION_CONTEXT() REPRESENTATION_CONTEXT('2D SPACE',''
  ) );
#9223 = ADVANCED_FACE('',(#9224),#4407,.F.);
#9224 = FACE_BOUND('',#9225,.F.);
#9225 = EDGE_LOOP('',(#9226,#9256,#9277,#9278));
#9226 = ORIENTED_EDGE('',*,*,#9227,.T.);
#9227 = EDGE_CURVE('',#9228,#9230,#9232,.T.);
#9228 = VERTEX_POINT('',#9229);
#9229 = CARTESIAN_POINT('',(50.637627739544,-9.385129562846,4.));
#9230 = VERTEX_POINT('',#9231);
#9231 = CARTESIAN_POINT('',(50.637627739544,-9.385129562846,5.));
#9232 = SURFACE_CURVE('',#9233,(#9237,#9244),.PCURVE_S1.);
#9233 = LINE('',#9234,#9235);
#9234 = CARTESIAN_POINT('',(50.637627739544,-9.385129562846,4.));
#9235 = VECTOR('',#9236,1.);
#9236 = DIRECTION('',(0.,0.,1.));
#9237 = PCURVE('',#4407,#9238);
#9238 = DEFINITIONAL_REPRESENTATION('',(#9239),#9243);
#9239 = LINE('',#9240,#9241);
#9240 = CARTESIAN_POINT('',(0.,0.));
#9241 = VECTOR('',#9242,1.);
#9242 = DIRECTION('',(0.,-1.));
#9243 = ( GEOMETRIC_REPRESENTATION_CONTEXT(2) 
PARAMETRIC_REPRESENTATION_CONTEXT() REPRESENTATION_CONTEXT('2D SPACE',''
  ) );
#9244 = PCURVE('',#9245,#9250);
#9245 = PLANE('',#9246);
#9246 = AXIS2_PLACEMENT_3D('',#9247,#9248,#9249);
#9247 = CARTESIAN_POINT('',(50.92253383317,-7.690614280386,4.));
#9248 = DIRECTION('',(0.986158222807,-0.165806994995,0.));
#9249 = DIRECTION('',(-0.165806994995,-0.986158222807,0.));
#9250 = DEFINITIONAL_REPRESENTATION('',(#9251),#9255);
#9251 = LINE('',#9252,#9253);
#9252 = CARTESIAN_POINT('',(1.71829960271,-0.));
#9253 = VECTOR('',#9254,1.);
#9254 = DIRECTION('',(0.,-1.));
#9255 = ( GEOMETRIC_REPRESENTATION_CONTEXT(2) 
PARAMETRIC_REPRESENTATION_CONTEXT() REPRESENTATION_CONTEXT('2D SPACE',''
  ) );
#9256 = ORIENTED_EDGE('',*,*,#9257,.T.);
#9257 = EDGE_CURVE('',#9230,#3057,#9258,.T.);
#9258 = SURFACE_CURVE('',#9259,(#9263,#9270),.PCURVE_S1.);
#9259 = LINE('',#9260,#9261);
#9260 = CARTESIAN_POINT('',(50.637627739544,-9.385129562846,5.));
#9261 = VECTOR('',#9262,1.);
#9262 = DIRECTION('',(0.983254907564,-0.182235525492,0.));
#9263 = PCURVE('',#4407,#9264);
#9264 = DEFINITIONAL_REPRESENTATION('',(#9265),#9269);
#9265 = LINE('',#9266,#9267);
#9266 = CARTESIAN_POINT('',(0.,-1.));
#9267 = VECTOR('',#9268,1.);
#9268 = DIRECTION('',(1.,0.));
#9269 = ( GEOMETRIC_REPRESENTATION_CONTEXT(2) 
PARAMETRIC_REPRESENTATION_CONTEXT() REPRESENTATION_CONTEXT('2D SPACE',''
  ) );
#9270 = PCURVE('',#6954,#9271);
#9271 = DEFINITIONAL_REPRESENTATION('',(#9272),#9276);
#9272 = LINE('',#9273,#9274);
#9273 = CARTESIAN_POINT('',(-0.228397273485,-14.50706895538));
#9274 = VECTOR('',#9275,1.);
#9275 = DIRECTION('',(0.983254907564,-0.182235525492));
#9276 = ( GEOMETRIC_REPRESENTATION_CONTEXT(2) 
PARAMETRIC_REPRESENTATION_CONTEXT() REPRESENTATION_CONTEXT('2D SPACE',''
  ) );
#9277 = ORIENTED_EDGE('',*,*,#4393,.F.);
#9278 = ORIENTED_EDGE('',*,*,#9279,.F.);
#9279 = EDGE_CURVE('',#9228,#4366,#9280,.T.);
#9280 = SURFACE_CURVE('',#9281,(#9285,#9292),.PCURVE_S1.);
#9281 = LINE('',#9282,#9283);
#9282 = CARTESIAN_POINT('',(50.637627739544,-9.385129562846,4.));
#9283 = VECTOR('',#9284,1.);
#9284 = DIRECTION('',(0.983254907564,-0.182235525492,0.));
#9285 = PCURVE('',#4407,#9286);
#9286 = DEFINITIONAL_REPRESENTATION('',(#9287),#9291);
#9287 = LINE('',#9288,#9289);
#9288 = CARTESIAN_POINT('',(0.,0.));
#9289 = VECTOR('',#9290,1.);
#9290 = DIRECTION('',(1.,0.));
#9291 = ( GEOMETRIC_REPRESENTATION_CONTEXT(2) 
PARAMETRIC_REPRESENTATION_CONTEXT() REPRESENTATION_CONTEXT('2D SPACE',''
  ) );
#9292 = PCURVE('',#7595,#9293);
#9293 = DEFINITIONAL_REPRESENTATION('',(#9294),#9298);
#9294 = LINE('',#9295,#9296);
#9295 = CARTESIAN_POINT('',(-0.228397273485,-14.50706895538));
#9296 = VECTOR('',#9297,1.);
#9297 = DIRECTION('',(0.983254907564,-0.182235525492));
#9298 = ( GEOMETRIC_REPRESENTATION_CONTEXT(2) 
PARAMETRIC_REPRESENTATION_CONTEXT() REPRESENTATION_CONTEXT('2D SPACE',''
  ) );
#9299 = ADVANCED_FACE('',(#9300),#4381,.F.);
#9300 = FACE_BOUND('',#9301,.F.);
#9301 = EDGE_LOOP('',(#9302,#9323,#9351,#9372));
#9302 = ORIENTED_EDGE('',*,*,#9303,.F.);
#9303 = EDGE_CURVE('',#4308,#4337,#9304,.T.);
#9304 = SURFACE_CURVE('',#9305,(#9309,#9316),.PCURVE_S1.);
#9305 = LINE('',#9306,#9307);
#9306 = CARTESIAN_POINT('',(51.614684778475,-7.795146901673,1.5));
#9307 = VECTOR('',#9308,1.);
#9308 = DIRECTION('',(-0.165806994995,-0.986158222807,0.));
#9309 = PCURVE('',#4381,#9310);
#9310 = DEFINITIONAL_REPRESENTATION('',(#9311),#9315);
#9311 = LINE('',#9312,#9313);
#9312 = CARTESIAN_POINT('',(0.,0.));
#9313 = VECTOR('',#9314,1.);
#9314 = DIRECTION('',(1.,-0.));
#9315 = ( GEOMETRIC_REPRESENTATION_CONTEXT(2) 
PARAMETRIC_REPRESENTATION_CONTEXT() REPRESENTATION_CONTEXT('2D SPACE',''
  ) );
#9316 = PCURVE('',#4353,#9317);
#9317 = DEFINITIONAL_REPRESENTATION('',(#9318),#9322);
#9318 = LINE('',#9319,#9320);
#9319 = CARTESIAN_POINT('',(-0.443011807667,-13.03708131194));
#9320 = VECTOR('',#9321,1.);
#9321 = DIRECTION('',(-0.165806994995,-0.986158222807));
#9322 = ( GEOMETRIC_REPRESENTATION_CONTEXT(2) 
PARAMETRIC_REPRESENTATION_CONTEXT() REPRESENTATION_CONTEXT('2D SPACE',''
  ) );
#9323 = ORIENTED_EDGE('',*,*,#9324,.T.);
#9324 = EDGE_CURVE('',#4308,#9325,#9327,.T.);
#9325 = VERTEX_POINT('',#9326);
#9326 = CARTESIAN_POINT('',(51.614684778475,-7.795146901673,4.));
#9327 = SURFACE_CURVE('',#9328,(#9332,#9339),.PCURVE_S1.);
#9328 = LINE('',#9329,#9330);
#9329 = CARTESIAN_POINT('',(51.614684778475,-7.795146901673,1.5));
#9330 = VECTOR('',#9331,1.);
#9331 = DIRECTION('',(0.,0.,1.));
#9332 = PCURVE('',#4381,#9333);
#9333 = DEFINITIONAL_REPRESENTATION('',(#9334),#9338);
#9334 = LINE('',#9335,#9336);
#9335 = CARTESIAN_POINT('',(0.,0.));
#9336 = VECTOR('',#9337,1.);
#9337 = DIRECTION('',(0.,-1.));
#9338 = ( GEOMETRIC_REPRESENTATION_CONTEXT(2) 
PARAMETRIC_REPRESENTATION_CONTEXT() REPRESENTATION_CONTEXT('2D SPACE',''
  ) );
#9339 = PCURVE('',#9340,#9345);
#9340 = PLANE('',#9341);
#9341 = AXIS2_PLACEMENT_3D('',#9342,#9343,#9344);
#9342 = CARTESIAN_POINT('',(51.846004575639,-6.068921612844,1.5));
#9343 = DIRECTION('',(0.991140701632,-0.132816074209,0.));
#9344 = DIRECTION('',(-0.132816074209,-0.991140701632,0.));
#9345 = DEFINITIONAL_REPRESENTATION('',(#9346),#9350);
#9346 = LINE('',#9347,#9348);
#9347 = CARTESIAN_POINT('',(1.741655131291,-0.));
#9348 = VECTOR('',#9349,1.);
#9349 = DIRECTION('',(0.,-1.));
#9350 = ( GEOMETRIC_REPRESENTATION_CONTEXT(2) 
PARAMETRIC_REPRESENTATION_CONTEXT() REPRESENTATION_CONTEXT('2D SPACE',''
  ) );
#9351 = ORIENTED_EDGE('',*,*,#9352,.F.);
#9352 = EDGE_CURVE('',#4366,#9325,#9353,.T.);
#9353 = SURFACE_CURVE('',#9354,(#9358,#9365),.PCURVE_S1.);
#9354 = LINE('',#9355,#9356);
#9355 = CARTESIAN_POINT('',(51.325906174838,-9.51269443069,4.));
#9356 = VECTOR('',#9357,1.);
#9357 = DIRECTION('',(0.165806994995,0.986158222807,0.));
#9358 = PCURVE('',#4381,#9359);
#9359 = DEFINITIONAL_REPRESENTATION('',(#9360),#9364);
#9360 = LINE('',#9361,#9362);
#9361 = CARTESIAN_POINT('',(1.741655131291,-2.5));
#9362 = VECTOR('',#9363,1.);
#9363 = DIRECTION('',(-1.,0.));
#9364 = ( GEOMETRIC_REPRESENTATION_CONTEXT(2) 
PARAMETRIC_REPRESENTATION_CONTEXT() REPRESENTATION_CONTEXT('2D SPACE',''
  ) );
#9365 = PCURVE('',#7595,#9366);
#9366 = DEFINITIONAL_REPRESENTATION('',(#9367),#9371);
#9367 = LINE('',#9368,#9369);
#9368 = CARTESIAN_POINT('',(0.459881161809,-14.63463382323));
#9369 = VECTOR('',#9370,1.);
#9370 = DIRECTION('',(0.165806994995,0.986158222807));
#9371 = ( GEOMETRIC_REPRESENTATION_CONTEXT(2) 
PARAMETRIC_REPRESENTATION_CONTEXT() REPRESENTATION_CONTEXT('2D SPACE',''
  ) );
#9372 = ORIENTED_EDGE('',*,*,#4365,.F.);
#9373 = ADVANCED_FACE('',(#9374),#4353,.F.);
#9374 = FACE_BOUND('',#9375,.F.);
#9375 = EDGE_LOOP('',(#9376,#9377));
#9376 = ORIENTED_EDGE('',*,*,#9303,.T.);
#9377 = ORIENTED_EDGE('',*,*,#4336,.T.);
#9378 = ADVANCED_FACE('',(#9379),#4324,.F.);
#9379 = FACE_BOUND('',#9380,.F.);
#9380 = EDGE_LOOP('',(#9381,#9402));
#9381 = ORIENTED_EDGE('',*,*,#9382,.T.);
#9382 = EDGE_CURVE('',#4279,#4308,#9383,.T.);
#9383 = SURFACE_CURVE('',#9384,(#9388,#9395),.PCURVE_S1.);
#9384 = LINE('',#9385,#9386);
#9385 = CARTESIAN_POINT('',(51.846004575639,-6.068921612844,1.5));
#9386 = VECTOR('',#9387,1.);
#9387 = DIRECTION('',(-0.132816074209,-0.991140701632,0.));
#9388 = PCURVE('',#4324,#9389);
#9389 = DEFINITIONAL_REPRESENTATION('',(#9390),#9394);
#9390 = LINE('',#9391,#9392);
#9391 = CARTESIAN_POINT('',(-0.211692010503,-11.31085602311));
#9392 = VECTOR('',#9393,1.);
#9393 = DIRECTION('',(-0.132816074209,-0.991140701632));
#9394 = ( GEOMETRIC_REPRESENTATION_CONTEXT(2) 
PARAMETRIC_REPRESENTATION_CONTEXT() REPRESENTATION_CONTEXT('2D SPACE',''
  ) );
#9395 = PCURVE('',#9340,#9396);
#9396 = DEFINITIONAL_REPRESENTATION('',(#9397),#9401);
#9397 = LINE('',#9398,#9399);
#9398 = CARTESIAN_POINT('',(0.,0.));
#9399 = VECTOR('',#9400,1.);
#9400 = DIRECTION('',(1.,-0.));
#9401 = ( GEOMETRIC_REPRESENTATION_CONTEXT(2) 
PARAMETRIC_REPRESENTATION_CONTEXT() REPRESENTATION_CONTEXT('2D SPACE',''
  ) );
#9402 = ORIENTED_EDGE('',*,*,#4307,.T.);
#9403 = ADVANCED_FACE('',(#9404),#4295,.F.);
#9404 = FACE_BOUND('',#9405,.F.);
#9405 = EDGE_LOOP('',(#9406,#9432));
#9406 = ORIENTED_EDGE('',*,*,#9407,.T.);
#9407 = EDGE_CURVE('',#4250,#4279,#9408,.T.);
#9408 = SURFACE_CURVE('',#9409,(#9413,#9420),.PCURVE_S1.);
#9409 = LINE('',#9410,#9411);
#9410 = CARTESIAN_POINT('',(52.019608055129,-4.33594024299,1.5));
#9411 = VECTOR('',#9412,1.);
#9412 = DIRECTION('',(-9.967729912255E-02,-0.995019816908,0.));
#9413 = PCURVE('',#4295,#9414);
#9414 = DEFINITIONAL_REPRESENTATION('',(#9415),#9419);
#9415 = LINE('',#9416,#9417);
#9416 = CARTESIAN_POINT('',(-3.808853101292E-02,-9.57787465326));
#9417 = VECTOR('',#9418,1.);
#9418 = DIRECTION('',(-9.967729912255E-02,-0.995019816908));
#9419 = ( GEOMETRIC_REPRESENTATION_CONTEXT(2) 
PARAMETRIC_REPRESENTATION_CONTEXT() REPRESENTATION_CONTEXT('2D SPACE',''
  ) );
#9420 = PCURVE('',#9421,#9426);
#9421 = PLANE('',#9422);
#9422 = AXIS2_PLACEMENT_3D('',#9423,#9424,#9425);
#9423 = CARTESIAN_POINT('',(52.019608055129,-4.33594024299,1.5));
#9424 = DIRECTION('',(0.995019816908,-9.967729912255E-02,0.));
#9425 = DIRECTION('',(-9.967729912255E-02,-0.995019816908,0.));
#9426 = DEFINITIONAL_REPRESENTATION('',(#9427),#9431);
#9427 = LINE('',#9428,#9429);
#9428 = CARTESIAN_POINT('',(0.,0.));
#9429 = VECTOR('',#9430,1.);
#9430 = DIRECTION('',(1.,-0.));
#9431 = ( GEOMETRIC_REPRESENTATION_CONTEXT(2) 
PARAMETRIC_REPRESENTATION_CONTEXT() REPRESENTATION_CONTEXT('2D SPACE',''
  ) );
#9432 = ORIENTED_EDGE('',*,*,#4278,.T.);
#9433 = ADVANCED_FACE('',(#9434),#4266,.F.);
#9434 = FACE_BOUND('',#9435,.F.);
#9435 = EDGE_LOOP('',(#9436,#9462));
#9436 = ORIENTED_EDGE('',*,*,#9437,.T.);
#9437 = EDGE_CURVE('',#4221,#4250,#9438,.T.);
#9438 = SURFACE_CURVE('',#9439,(#9443,#9450),.PCURVE_S1.);
#9439 = LINE('',#9440,#9441);
#9440 = CARTESIAN_POINT('',(52.135301957047,-2.598131991941,1.5));
#9441 = VECTOR('',#9442,1.);
#9442 = DIRECTION('',(-6.642756068031E-02,-0.997791250303,0.));
#9443 = PCURVE('',#4266,#9444);
#9444 = DEFINITIONAL_REPRESENTATION('',(#9445),#9449);
#9445 = LINE('',#9446,#9447);
#9446 = CARTESIAN_POINT('',(7.760537090509E-02,-7.840066402212));
#9447 = VECTOR('',#9448,1.);
#9448 = DIRECTION('',(-6.642756068031E-02,-0.997791250303));
#9449 = ( GEOMETRIC_REPRESENTATION_CONTEXT(2) 
PARAMETRIC_REPRESENTATION_CONTEXT() REPRESENTATION_CONTEXT('2D SPACE',''
  ) );
#9450 = PCURVE('',#9451,#9456);
#9451 = PLANE('',#9452);
#9452 = AXIS2_PLACEMENT_3D('',#9453,#9454,#9455);
#9453 = CARTESIAN_POINT('',(52.135301957047,-2.598131991941,1.5));
#9454 = DIRECTION('',(0.997791250303,-6.642756068031E-02,0.));
#9455 = DIRECTION('',(-6.642756068031E-02,-0.997791250303,0.));
#9456 = DEFINITIONAL_REPRESENTATION('',(#9457),#9461);
#9457 = LINE('',#9458,#9459);
#9458 = CARTESIAN_POINT('',(0.,0.));
#9459 = VECTOR('',#9460,1.);
#9460 = DIRECTION('',(1.,-0.));
#9461 = ( GEOMETRIC_REPRESENTATION_CONTEXT(2) 
PARAMETRIC_REPRESENTATION_CONTEXT() REPRESENTATION_CONTEXT('2D SPACE',''
  ) );
#9462 = ORIENTED_EDGE('',*,*,#4249,.T.);
#9463 = ADVANCED_FACE('',(#9464),#4237,.F.);
#9464 = FACE_BOUND('',#9465,.F.);
#9465 = EDGE_LOOP('',(#9466,#9492));
#9466 = ORIENTED_EDGE('',*,*,#9467,.T.);
#9467 = EDGE_CURVE('',#4192,#4221,#9468,.T.);
#9468 = SURFACE_CURVE('',#9469,(#9473,#9480),.PCURVE_S1.);
#9469 = LINE('',#9470,#9471);
#9470 = CARTESIAN_POINT('',(52.192957487939,-0.857431432939,1.5));
#9471 = VECTOR('',#9472,1.);
#9472 = DIRECTION('',(-3.310387335376E-02,-0.999451916587,0.));
#9473 = PCURVE('',#4237,#9474);
#9474 = DEFINITIONAL_REPRESENTATION('',(#9475),#9479);
#9475 = LINE('',#9476,#9477);
#9476 = CARTESIAN_POINT('',(0.135260901797,-6.09936584321));
#9477 = VECTOR('',#9478,1.);
#9478 = DIRECTION('',(-3.310387335376E-02,-0.999451916587));
#9479 = ( GEOMETRIC_REPRESENTATION_CONTEXT(2) 
PARAMETRIC_REPRESENTATION_CONTEXT() REPRESENTATION_CONTEXT('2D SPACE',''
  ) );
#9480 = PCURVE('',#9481,#9486);
#9481 = PLANE('',#9482);
#9482 = AXIS2_PLACEMENT_3D('',#9483,#9484,#9485);
#9483 = CARTESIAN_POINT('',(52.192957487939,-0.857431432939,1.5));
#9484 = DIRECTION('',(0.999451916587,-3.310387335376E-02,0.));
#9485 = DIRECTION('',(-3.310387335376E-02,-0.999451916587,0.));
#9486 = DEFINITIONAL_REPRESENTATION('',(#9487),#9491);
#9487 = LINE('',#9488,#9489);
#9488 = CARTESIAN_POINT('',(0.,0.));
#9489 = VECTOR('',#9490,1.);
#9490 = DIRECTION('',(1.,-0.));
#9491 = ( GEOMETRIC_REPRESENTATION_CONTEXT(2) 
PARAMETRIC_REPRESENTATION_CONTEXT() REPRESENTATION_CONTEXT('2D SPACE',''
  ) );
#9492 = ORIENTED_EDGE('',*,*,#4220,.T.);
#9493 = ADVANCED_FACE('',(#9494),#4208,.F.);
#9494 = FACE_BOUND('',#9495,.F.);
#9495 = EDGE_LOOP('',(#9496,#9522));
#9496 = ORIENTED_EDGE('',*,*,#9497,.T.);
#9497 = EDGE_CURVE('',#4163,#4192,#9498,.T.);
#9498 = SURFACE_CURVE('',#9499,(#9503,#9510),.PCURVE_S1.);
#9499 = LINE('',#9500,#9501);
#9500 = CARTESIAN_POINT('',(52.192510464172,0.884223640984,1.5));
#9501 = VECTOR('',#9502,1.);
#9502 = DIRECTION('',(2.566660636526E-04,-0.999999967061,0.));
#9503 = PCURVE('',#4208,#9504);
#9504 = DEFINITIONAL_REPRESENTATION('',(#9505),#9509);
#9505 = LINE('',#9506,#9507);
#9506 = CARTESIAN_POINT('',(0.13481387803,-4.357710769287));
#9507 = VECTOR('',#9508,1.);
#9508 = DIRECTION('',(2.566660636526E-04,-0.999999967061));
#9509 = ( GEOMETRIC_REPRESENTATION_CONTEXT(2) 
PARAMETRIC_REPRESENTATION_CONTEXT() REPRESENTATION_CONTEXT('2D SPACE',''
  ) );
#9510 = PCURVE('',#9511,#9516);
#9511 = PLANE('',#9512);
#9512 = AXIS2_PLACEMENT_3D('',#9513,#9514,#9515);
#9513 = CARTESIAN_POINT('',(52.192510464172,0.884223640984,1.5));
#9514 = DIRECTION('',(0.999999967061,2.566660636526E-04,0.));
#9515 = DIRECTION('',(2.566660636526E-04,-0.999999967061,0.));
#9516 = DEFINITIONAL_REPRESENTATION('',(#9517),#9521);
#9517 = LINE('',#9518,#9519);
#9518 = CARTESIAN_POINT('',(0.,0.));
#9519 = VECTOR('',#9520,1.);
#9520 = DIRECTION('',(1.,0.));
#9521 = ( GEOMETRIC_REPRESENTATION_CONTEXT(2) 
PARAMETRIC_REPRESENTATION_CONTEXT() REPRESENTATION_CONTEXT('2D SPACE',''
  ) );
#9522 = ORIENTED_EDGE('',*,*,#4191,.T.);
#9523 = ADVANCED_FACE('',(#9524),#4179,.F.);
#9524 = FACE_BOUND('',#9525,.F.);
#9525 = EDGE_LOOP('',(#9526,#9552));
#9526 = ORIENTED_EDGE('',*,*,#9527,.T.);
#9527 = EDGE_CURVE('',#4134,#4163,#9528,.T.);
#9528 = SURFACE_CURVE('',#9529,(#9533,#9540),.PCURVE_S1.);
#9529 = LINE('',#9530,#9531);
#9530 = CARTESIAN_POINT('',(52.133961383385,2.624894374204,1.5));
#9531 = VECTOR('',#9532,1.);
#9532 = DIRECTION('',(3.361691975374E-02,-0.999434791623,0.));
#9533 = PCURVE('',#4179,#9534);
#9534 = DEFINITIONAL_REPRESENTATION('',(#9535),#9539);
#9535 = LINE('',#9536,#9537);
#9536 = CARTESIAN_POINT('',(7.626479724318E-02,-2.617040036066));
#9537 = VECTOR('',#9538,1.);
#9538 = DIRECTION('',(3.361691975374E-02,-0.999434791623));
#9539 = ( GEOMETRIC_REPRESENTATION_CONTEXT(2) 
PARAMETRIC_REPRESENTATION_CONTEXT() REPRESENTATION_CONTEXT('2D SPACE',''
  ) );
#9540 = PCURVE('',#9541,#9546);
#9541 = PLANE('',#9542);
#9542 = AXIS2_PLACEMENT_3D('',#9543,#9544,#9545);
#9543 = CARTESIAN_POINT('',(52.133961383385,2.624894374204,1.5));
#9544 = DIRECTION('',(0.999434791623,3.361691975374E-02,0.));
#9545 = DIRECTION('',(3.361691975374E-02,-0.999434791623,0.));
#9546 = DEFINITIONAL_REPRESENTATION('',(#9547),#9551);
#9547 = LINE('',#9548,#9549);
#9548 = CARTESIAN_POINT('',(0.,0.));
#9549 = VECTOR('',#9550,1.);
#9550 = DIRECTION('',(1.,0.));
#9551 = ( GEOMETRIC_REPRESENTATION_CONTEXT(2) 
PARAMETRIC_REPRESENTATION_CONTEXT() REPRESENTATION_CONTEXT('2D SPACE',''
  ) );
#9552 = ORIENTED_EDGE('',*,*,#4162,.T.);
#9553 = ADVANCED_FACE('',(#9554),#4150,.F.);
#9554 = FACE_BOUND('',#9555,.F.);
#9555 = EDGE_LOOP('',(#9556,#9582));
#9556 = ORIENTED_EDGE('',*,*,#9557,.T.);
#9557 = EDGE_CURVE('',#4105,#4134,#9558,.T.);
#9558 = SURFACE_CURVE('',#9559,(#9563,#9570),.PCURVE_S1.);
#9559 = LINE('',#9560,#9561);
#9560 = CARTESIAN_POINT('',(52.017375423933,4.362643006893,1.5));
#9561 = VECTOR('',#9562,1.);
#9562 = DIRECTION('',(6.69397502164E-02,-0.99775701944,0.));
#9563 = PCURVE('',#4150,#9564);
#9564 = DEFINITIONAL_REPRESENTATION('',(#9565),#9569);
#9565 = LINE('',#9566,#9567);
#9566 = CARTESIAN_POINT('',(-4.032116220856E-02,-0.879291403377));
#9567 = VECTOR('',#9568,1.);
#9568 = DIRECTION('',(6.69397502164E-02,-0.99775701944));
#9569 = ( GEOMETRIC_REPRESENTATION_CONTEXT(2) 
PARAMETRIC_REPRESENTATION_CONTEXT() REPRESENTATION_CONTEXT('2D SPACE',''
  ) );
#9570 = PCURVE('',#9571,#9576);
#9571 = PLANE('',#9572);
#9572 = AXIS2_PLACEMENT_3D('',#9573,#9574,#9575);
#9573 = CARTESIAN_POINT('',(52.017375423933,4.362643006893,1.5));
#9574 = DIRECTION('',(0.99775701944,6.69397502164E-02,0.));
#9575 = DIRECTION('',(6.69397502164E-02,-0.99775701944,0.));
#9576 = DEFINITIONAL_REPRESENTATION('',(#9577),#9581);
#9577 = LINE('',#9578,#9579);
#9578 = CARTESIAN_POINT('',(0.,0.));
#9579 = VECTOR('',#9580,1.);
#9580 = DIRECTION('',(1.,0.));
#9581 = ( GEOMETRIC_REPRESENTATION_CONTEXT(2) 
PARAMETRIC_REPRESENTATION_CONTEXT() REPRESENTATION_CONTEXT('2D SPACE',''
  ) );
#9582 = ORIENTED_EDGE('',*,*,#4133,.T.);
#9583 = ADVANCED_FACE('',(#9584),#4121,.F.);
#9584 = FACE_BOUND('',#9585,.F.);
#9585 = EDGE_LOOP('',(#9586,#9612));
#9586 = ORIENTED_EDGE('',*,*,#9587,.T.);
#9587 = EDGE_CURVE('',#4076,#4105,#9588,.T.);
#9588 = SURFACE_CURVE('',#9589,(#9593,#9600),.PCURVE_S1.);
#9589 = LINE('',#9590,#9591);
#9590 = CARTESIAN_POINT('',(51.842882372332,6.095535032178,1.5));
#9591 = VECTOR('',#9592,1.);
#9592 = DIRECTION('',(0.100188061612,-0.994968518251,0.));
#9593 = PCURVE('',#4121,#9594);
#9594 = DEFINITIONAL_REPRESENTATION('',(#9595),#9599);
#9595 = LINE('',#9596,#9597);
#9596 = CARTESIAN_POINT('',(-0.214814213809,0.853600621907));
#9597 = VECTOR('',#9598,1.);
#9598 = DIRECTION('',(0.100188061612,-0.994968518251));
#9599 = ( GEOMETRIC_REPRESENTATION_CONTEXT(2) 
PARAMETRIC_REPRESENTATION_CONTEXT() REPRESENTATION_CONTEXT('2D SPACE',''
  ) );
#9600 = PCURVE('',#9601,#9606);
#9601 = PLANE('',#9602);
#9602 = AXIS2_PLACEMENT_3D('',#9603,#9604,#9605);
#9603 = CARTESIAN_POINT('',(51.842882372332,6.095535032178,1.5));
#9604 = DIRECTION('',(0.994968518251,0.100188061612,0.));
#9605 = DIRECTION('',(0.100188061612,-0.994968518251,0.));
#9606 = DEFINITIONAL_REPRESENTATION('',(#9607),#9611);
#9607 = LINE('',#9608,#9609);
#9608 = CARTESIAN_POINT('',(0.,0.));
#9609 = VECTOR('',#9610,1.);
#9610 = DIRECTION('',(1.,0.));
#9611 = ( GEOMETRIC_REPRESENTATION_CONTEXT(2) 
PARAMETRIC_REPRESENTATION_CONTEXT() REPRESENTATION_CONTEXT('2D SPACE',''
  ) );
#9612 = ORIENTED_EDGE('',*,*,#4104,.T.);
#9613 = ADVANCED_FACE('',(#9614),#4092,.F.);
#9614 = FACE_BOUND('',#9615,.F.);
#9615 = EDGE_LOOP('',(#9616,#9642));
#9616 = ORIENTED_EDGE('',*,*,#9617,.T.);
#9617 = EDGE_CURVE('',#4052,#4076,#9618,.T.);
#9618 = SURFACE_CURVE('',#9619,(#9623,#9630),.PCURVE_S1.);
#9619 = LINE('',#9620,#9621);
#9620 = CARTESIAN_POINT('',(51.610676478776,7.821641349688,1.5));
#9621 = VECTOR('',#9622,1.);
#9622 = DIRECTION('',(0.133324841058,-0.991072392289,0.));
#9623 = PCURVE('',#4092,#9624);
#9624 = DEFINITIONAL_REPRESENTATION('',(#9625),#9629);
#9625 = LINE('',#9626,#9627);
#9626 = CARTESIAN_POINT('',(-0.447020107366,2.579706939418));
#9627 = VECTOR('',#9628,1.);
#9628 = DIRECTION('',(0.133324841058,-0.991072392289));
#9629 = ( GEOMETRIC_REPRESENTATION_CONTEXT(2) 
PARAMETRIC_REPRESENTATION_CONTEXT() REPRESENTATION_CONTEXT('2D SPACE',''
  ) );
#9630 = PCURVE('',#9631,#9636);
#9631 = PLANE('',#9632);
#9632 = AXIS2_PLACEMENT_3D('',#9633,#9634,#9635);
#9633 = CARTESIAN_POINT('',(51.610676478776,7.821641349688,1.5));
#9634 = DIRECTION('',(0.991072392289,0.133324841058,0.));
#9635 = DIRECTION('',(0.133324841058,-0.991072392289,0.));
#9636 = DEFINITIONAL_REPRESENTATION('',(#9637),#9641);
#9637 = LINE('',#9638,#9639);
#9638 = CARTESIAN_POINT('',(0.,0.));
#9639 = VECTOR('',#9640,1.);
#9640 = DIRECTION('',(1.,0.));
#9641 = ( GEOMETRIC_REPRESENTATION_CONTEXT(2) 
PARAMETRIC_REPRESENTATION_CONTEXT() REPRESENTATION_CONTEXT('2D SPACE',''
  ) );
#9642 = ORIENTED_EDGE('',*,*,#4075,.T.);
#9643 = ADVANCED_FACE('',(#9644,#9647),#4038,.T.);
#9644 = FACE_BOUND('',#9645,.T.);
#9645 = EDGE_LOOP('',(#9646));
#9646 = ORIENTED_EDGE('',*,*,#4023,.T.);
#9647 = FACE_BOUND('',#9648,.T.);
#9648 = EDGE_LOOP('',(#9649));
#9649 = ORIENTED_EDGE('',*,*,#9650,.F.);
#9650 = EDGE_CURVE('',#9651,#9651,#9653,.T.);
#9651 = VERTEX_POINT('',#9652);
#9652 = CARTESIAN_POINT('',(47.270772144586,8.335112528013,-8.1));
#9653 = SURFACE_CURVE('',#9654,(#9659,#9666),.PCURVE_S1.);
#9654 = CIRCLE('',#9655,48.);
#9655 = AXIS2_PLACEMENT_3D('',#9656,#9657,#9658);
#9656 = CARTESIAN_POINT('',(0.,0.,-8.1));
#9657 = DIRECTION('',(0.,-0.,1.));
#9658 = DIRECTION('',(0.984807753012,0.173648177667,0.));
#9659 = PCURVE('',#4038,#9660);
#9660 = DEFINITIONAL_REPRESENTATION('',(#9661),#9665);
#9661 = CIRCLE('',#9662,48.);
#9662 = AXIS2_PLACEMENT_2D('',#9663,#9664);
#9663 = CARTESIAN_POINT('',(0.,0.));
#9664 = DIRECTION('',(1.,-4.74729883959E-18));
#9665 = ( GEOMETRIC_REPRESENTATION_CONTEXT(2) 
PARAMETRIC_REPRESENTATION_CONTEXT() REPRESENTATION_CONTEXT('2D SPACE',''
  ) );
#9666 = PCURVE('',#9667,#9672);
#9667 = CYLINDRICAL_SURFACE('',#9668,48.);
#9668 = AXIS2_PLACEMENT_3D('',#9669,#9670,#9671);
#9669 = CARTESIAN_POINT('',(0.,0.,-9.));
#9670 = DIRECTION('',(0.,0.,1.));
#9671 = DIRECTION('',(0.984807753012,0.173648177667,0.));
#9672 = DEFINITIONAL_REPRESENTATION('',(#9673),#9677);
#9673 = LINE('',#9674,#9675);
#9674 = CARTESIAN_POINT('',(0.,0.9));
#9675 = VECTOR('',#9676,1.);
#9676 = DIRECTION('',(1.,0.));
#9677 = ( GEOMETRIC_REPRESENTATION_CONTEXT(2) 
PARAMETRIC_REPRESENTATION_CONTEXT() REPRESENTATION_CONTEXT('2D SPACE',''
  ) );
#9678 = ADVANCED_FACE('',(#9679),#6357,.T.);
#9679 = FACE_BOUND('',#9680,.T.);
#9680 = EDGE_LOOP('',(#9681,#9702));
#9681 = ORIENTED_EDGE('',*,*,#9682,.T.);
#9682 = EDGE_CURVE('',#6314,#2071,#9683,.T.);
#9683 = SURFACE_CURVE('',#9684,(#9688,#9695),.PCURVE_S1.);
#9684 = LINE('',#9685,#9686);
#9685 = CARTESIAN_POINT('',(-19.05654714615,48.597201677322,5.));
#9686 = VECTOR('',#9687,1.);
#9687 = DIRECTION('',(0.9369415706,0.349486041613,0.));
#9688 = PCURVE('',#6357,#9689);
#9689 = DEFINITIONAL_REPRESENTATION('',(#9690),#9694);
#9690 = LINE('',#9691,#9692);
#9691 = CARTESIAN_POINT('',(-0.443011807667,-13.03708131194));
#9692 = VECTOR('',#9693,1.);
#9693 = DIRECTION('',(-0.165806994995,-0.986158222807));
#9694 = ( GEOMETRIC_REPRESENTATION_CONTEXT(2) 
PARAMETRIC_REPRESENTATION_CONTEXT() REPRESENTATION_CONTEXT('2D SPACE',''
  ) );
#9695 = PCURVE('',#7751,#9696);
#9696 = DEFINITIONAL_REPRESENTATION('',(#9697),#9701);
#9697 = LINE('',#9698,#9699);
#9698 = CARTESIAN_POINT('',(0.748659765446,-12.91708629421));
#9699 = VECTOR('',#9700,1.);
#9700 = DIRECTION('',(-0.165806994995,-0.986158222807));
#9701 = ( GEOMETRIC_REPRESENTATION_CONTEXT(2) 
PARAMETRIC_REPRESENTATION_CONTEXT() REPRESENTATION_CONTEXT('2D SPACE',''
  ) );
#9702 = ORIENTED_EDGE('',*,*,#6342,.T.);
#9703 = ADVANCED_FACE('',(#9704),#6330,.T.);
#9704 = FACE_BOUND('',#9705,.T.);
#9705 = EDGE_LOOP('',(#9706,#9727));
#9706 = ORIENTED_EDGE('',*,*,#9707,.T.);
#9707 = EDGE_CURVE('',#6285,#6314,#9708,.T.);
#9708 = SURFACE_CURVE('',#9709,(#9713,#9720),.PCURVE_S1.);
#9709 = LINE('',#9710,#9711);
#9710 = CARTESIAN_POINT('',(-20.66716199752,47.934417853649,5.));
#9711 = VECTOR('',#9712,1.);
#9712 = DIRECTION('',(0.924761063443,0.38054825652,0.));
#9713 = PCURVE('',#6330,#9714);
#9714 = DEFINITIONAL_REPRESENTATION('',(#9715),#9719);
#9715 = LINE('',#9716,#9717);
#9716 = CARTESIAN_POINT('',(-0.211692010503,-11.31085602311));
#9717 = VECTOR('',#9718,1.);
#9718 = DIRECTION('',(-0.132816074209,-0.991140701632));
#9719 = ( GEOMETRIC_REPRESENTATION_CONTEXT(2) 
PARAMETRIC_REPRESENTATION_CONTEXT() REPRESENTATION_CONTEXT('2D SPACE',''
  ) );
#9720 = PCURVE('',#7751,#9721);
#9721 = DEFINITIONAL_REPRESENTATION('',(#9722),#9726);
#9722 = LINE('',#9723,#9724);
#9723 = CARTESIAN_POINT('',(0.97997956261,-11.19086100538));
#9724 = VECTOR('',#9725,1.);
#9725 = DIRECTION('',(-0.132816074209,-0.991140701632));
#9726 = ( GEOMETRIC_REPRESENTATION_CONTEXT(2) 
PARAMETRIC_REPRESENTATION_CONTEXT() REPRESENTATION_CONTEXT('2D SPACE',''
  ) );
#9727 = ORIENTED_EDGE('',*,*,#6313,.T.);
#9728 = ADVANCED_FACE('',(#9729),#6301,.T.);
#9729 = FACE_BOUND('',#9730,.T.);
#9730 = EDGE_LOOP('',(#9731,#9752));
#9731 = ORIENTED_EDGE('',*,*,#9732,.T.);
#9732 = EDGE_CURVE('',#6256,#6285,#9733,.T.);
#9733 = SURFACE_CURVE('',#9734,(#9738,#9745),.PCURVE_S1.);
#9734 = LINE('',#9735,#9736);
#9735 = CARTESIAN_POINT('',(-22.25476962784,47.218272192146,5.));
#9736 = VECTOR('',#9737,1.);
#9737 = DIRECTION('',(0.911551088273,0.411186835233,0.));
#9738 = PCURVE('',#6301,#9739);
#9739 = DEFINITIONAL_REPRESENTATION('',(#9740),#9744);
#9740 = LINE('',#9741,#9742);
#9741 = CARTESIAN_POINT('',(-3.808853101292E-02,-9.57787465326));
#9742 = VECTOR('',#9743,1.);
#9743 = DIRECTION('',(-9.967729912255E-02,-0.995019816908));
#9744 = ( GEOMETRIC_REPRESENTATION_CONTEXT(2) 
PARAMETRIC_REPRESENTATION_CONTEXT() REPRESENTATION_CONTEXT('2D SPACE',''
  ) );
#9745 = PCURVE('',#7751,#9746);
#9746 = DEFINITIONAL_REPRESENTATION('',(#9747),#9751);
#9747 = LINE('',#9748,#9749);
#9748 = CARTESIAN_POINT('',(1.1535830421,-9.45787963553));
#9749 = VECTOR('',#9750,1.);
#9750 = DIRECTION('',(-9.967729912255E-02,-0.995019816908));
#9751 = ( GEOMETRIC_REPRESENTATION_CONTEXT(2) 
PARAMETRIC_REPRESENTATION_CONTEXT() REPRESENTATION_CONTEXT('2D SPACE',''
  ) );
#9752 = ORIENTED_EDGE('',*,*,#6284,.T.);
#9753 = ADVANCED_FACE('',(#9754),#6272,.T.);
#9754 = FACE_BOUND('',#9755,.T.);
#9755 = EDGE_LOOP('',(#9756,#9777));
#9756 = ORIENTED_EDGE('',*,*,#9757,.T.);
#9757 = EDGE_CURVE('',#6227,#6256,#9758,.T.);
#9758 = SURFACE_CURVE('',#9759,(#9763,#9770),.PCURVE_S1.);
#9759 = LINE('',#9760,#9761);
#9760 = CARTESIAN_POINT('',(-23.81760267111,46.449561924746,5.));
#9761 = VECTOR('',#9762,1.);
#9762 = DIRECTION('',(0.897326350777,0.441367670091,0.));
#9763 = PCURVE('',#6272,#9764);
#9764 = DEFINITIONAL_REPRESENTATION('',(#9765),#9769);
#9765 = LINE('',#9766,#9767);
#9766 = CARTESIAN_POINT('',(7.76053709051E-02,-7.840066402212));
#9767 = VECTOR('',#9768,1.);
#9768 = DIRECTION('',(-6.642756068031E-02,-0.997791250303));
#9769 = ( GEOMETRIC_REPRESENTATION_CONTEXT(2) 
PARAMETRIC_REPRESENTATION_CONTEXT() REPRESENTATION_CONTEXT('2D SPACE',''
  ) );
#9770 = PCURVE('',#7751,#9771);
#9771 = DEFINITIONAL_REPRESENTATION('',(#9772),#9776);
#9772 = LINE('',#9773,#9774);
#9773 = CARTESIAN_POINT('',(1.269276944018,-7.720071384482));
#9774 = VECTOR('',#9775,1.);
#9775 = DIRECTION('',(-6.642756068031E-02,-0.997791250303));
#9776 = ( GEOMETRIC_REPRESENTATION_CONTEXT(2) 
PARAMETRIC_REPRESENTATION_CONTEXT() REPRESENTATION_CONTEXT('2D SPACE',''
  ) );
#9777 = ORIENTED_EDGE('',*,*,#6255,.T.);
#9778 = ADVANCED_FACE('',(#9779),#6243,.T.);
#9779 = FACE_BOUND('',#9780,.T.);
#9780 = EDGE_LOOP('',(#9781,#9802));
#9781 = ORIENTED_EDGE('',*,*,#9782,.T.);
#9782 = EDGE_CURVE('',#6198,#6227,#9783,.T.);
#9783 = SURFACE_CURVE('',#9784,(#9788,#9795),.PCURVE_S1.);
#9784 = LINE('',#9785,#9786);
#9785 = CARTESIAN_POINT('',(-25.35392134104,45.629142799666,5.));
#9786 = VECTOR('',#9787,1.);
#9787 = DIRECTION('',(0.882102686302,0.471057163005,0.));
#9788 = PCURVE('',#6243,#9789);
#9789 = DEFINITIONAL_REPRESENTATION('',(#9790),#9794);
#9790 = LINE('',#9791,#9792);
#9791 = CARTESIAN_POINT('',(0.135260901797,-6.09936584321));
#9792 = VECTOR('',#9793,1.);
#9793 = DIRECTION('',(-3.310387335376E-02,-0.999451916587));
#9794 = ( GEOMETRIC_REPRESENTATION_CONTEXT(2) 
PARAMETRIC_REPRESENTATION_CONTEXT() REPRESENTATION_CONTEXT('2D SPACE',''
  ) );
#9795 = PCURVE('',#7751,#9796);
#9796 = DEFINITIONAL_REPRESENTATION('',(#9797),#9801);
#9797 = LINE('',#9798,#9799);
#9798 = CARTESIAN_POINT('',(1.32693247491,-5.97937082548));
#9799 = VECTOR('',#9800,1.);
#9800 = DIRECTION('',(-3.310387335376E-02,-0.999451916587));
#9801 = ( GEOMETRIC_REPRESENTATION_CONTEXT(2) 
PARAMETRIC_REPRESENTATION_CONTEXT() REPRESENTATION_CONTEXT('2D SPACE',''
  ) );
#9802 = ORIENTED_EDGE('',*,*,#6226,.T.);
#9803 = ADVANCED_FACE('',(#9804),#6214,.T.);
#9804 = FACE_BOUND('',#9805,.T.);
#9805 = EDGE_LOOP('',(#9806,#9827));
#9806 = ORIENTED_EDGE('',*,*,#9807,.T.);
#9807 = EDGE_CURVE('',#6169,#6198,#9808,.T.);
#9808 = SURFACE_CURVE('',#9809,(#9813,#9820),.PCURVE_S1.);
#9809 = LINE('',#9810,#9811);
#9810 = CARTESIAN_POINT('',(-26.8620153678,44.757928128766,5.));
#9811 = VECTOR('',#9812,1.);
#9812 = DIRECTION('',(0.865897042227,0.500222262862,0.));
#9813 = PCURVE('',#6214,#9814);
#9814 = DEFINITIONAL_REPRESENTATION('',(#9815),#9819);
#9815 = LINE('',#9816,#9817);
#9816 = CARTESIAN_POINT('',(0.13481387803,-4.357710769287));
#9817 = VECTOR('',#9818,1.);
#9818 = DIRECTION('',(2.566660636525E-04,-0.999999967061));
#9819 = ( GEOMETRIC_REPRESENTATION_CONTEXT(2) 
PARAMETRIC_REPRESENTATION_CONTEXT() REPRESENTATION_CONTEXT('2D SPACE',''
  ) );
#9820 = PCURVE('',#7751,#9821);
#9821 = DEFINITIONAL_REPRESENTATION('',(#9822),#9826);
#9822 = LINE('',#9823,#9824);
#9823 = CARTESIAN_POINT('',(1.326485451143,-4.237715751557));
#9824 = VECTOR('',#9825,1.);
#9825 = DIRECTION('',(2.566660636525E-04,-0.999999967061));
#9826 = ( GEOMETRIC_REPRESENTATION_CONTEXT(2) 
PARAMETRIC_REPRESENTATION_CONTEXT() REPRESENTATION_CONTEXT('2D SPACE',''
  ) );
#9827 = ORIENTED_EDGE('',*,*,#6197,.T.);
#9828 = ADVANCED_FACE('',(#9829),#6185,.T.);
#9829 = FACE_BOUND('',#9830,.T.);
#9830 = EDGE_LOOP('',(#9831,#9852));
#9831 = ORIENTED_EDGE('',*,*,#9832,.T.);
#9832 = EDGE_CURVE('',#6140,#6169,#9833,.T.);
#9833 = SURFACE_CURVE('',#9834,(#9838,#9845),.PCURVE_S1.);
#9834 = LINE('',#9835,#9836);
#9835 = CARTESIAN_POINT('',(-28.340205902,43.836887770826,5.));
#9836 = VECTOR('',#9837,1.);
#9837 = DIRECTION('',(0.848727459095,0.528830502315,0.));
#9838 = PCURVE('',#6185,#9839);
#9839 = DEFINITIONAL_REPRESENTATION('',(#9840),#9844);
#9840 = LINE('',#9841,#9842);
#9841 = CARTESIAN_POINT('',(7.626479724319E-02,-2.617040036066));
#9842 = VECTOR('',#9843,1.);
#9843 = DIRECTION('',(3.361691975374E-02,-0.999434791623));
#9844 = ( GEOMETRIC_REPRESENTATION_CONTEXT(2) 
PARAMETRIC_REPRESENTATION_CONTEXT() REPRESENTATION_CONTEXT('2D SPACE',''
  ) );
#9845 = PCURVE('',#7751,#9846);
#9846 = DEFINITIONAL_REPRESENTATION('',(#9847),#9851);
#9847 = LINE('',#9848,#9849);
#9848 = CARTESIAN_POINT('',(1.267936370356,-2.497045018336));
#9849 = VECTOR('',#9850,1.);
#9850 = DIRECTION('',(3.361691975374E-02,-0.999434791623));
#9851 = ( GEOMETRIC_REPRESENTATION_CONTEXT(2) 
PARAMETRIC_REPRESENTATION_CONTEXT() REPRESENTATION_CONTEXT('2D SPACE',''
  ) );
#9852 = ORIENTED_EDGE('',*,*,#6168,.T.);
#9853 = ADVANCED_FACE('',(#9854),#6156,.T.);
#9854 = FACE_BOUND('',#9855,.T.);
#9855 = EDGE_LOOP('',(#9856,#9877));
#9856 = ORIENTED_EDGE('',*,*,#9857,.T.);
#9857 = EDGE_CURVE('',#6111,#6140,#9858,.T.);
#9858 = SURFACE_CURVE('',#9859,(#9863,#9870),.PCURVE_S1.);
#9859 = LINE('',#9860,#9861);
#9860 = CARTESIAN_POINT('',(-29.78684738357,42.867047051872,5.));
#9861 = VECTOR('',#9862,1.);
#9862 = DIRECTION('',(0.830613050531,0.55685003393,0.));
#9863 = PCURVE('',#6156,#9864);
#9864 = DEFINITIONAL_REPRESENTATION('',(#9865),#9869);
#9865 = LINE('',#9866,#9867);
#9866 = CARTESIAN_POINT('',(-4.032116220855E-02,-0.879291403377));
#9867 = VECTOR('',#9868,1.);
#9868 = DIRECTION('',(6.69397502164E-02,-0.99775701944));
#9869 = ( GEOMETRIC_REPRESENTATION_CONTEXT(2) 
PARAMETRIC_REPRESENTATION_CONTEXT() REPRESENTATION_CONTEXT('2D SPACE',''
  ) );
#9870 = PCURVE('',#7751,#9871);
#9871 = DEFINITIONAL_REPRESENTATION('',(#9872),#9876);
#9872 = LINE('',#9873,#9874);
#9873 = CARTESIAN_POINT('',(1.151350410904,-0.759296385647));
#9874 = VECTOR('',#9875,1.);
#9875 = DIRECTION('',(6.69397502164E-02,-0.99775701944));
#9876 = ( GEOMETRIC_REPRESENTATION_CONTEXT(2) 
PARAMETRIC_REPRESENTATION_CONTEXT() REPRESENTATION_CONTEXT('2D SPACE',''
  ) );
#9877 = ORIENTED_EDGE('',*,*,#6139,.T.);
#9878 = ADVANCED_FACE('',(#9879),#6127,.T.);
#9879 = FACE_BOUND('',#9880,.T.);
#9880 = EDGE_LOOP('',(#9881,#9902));
#9881 = ORIENTED_EDGE('',*,*,#9882,.T.);
#9882 = EDGE_CURVE('',#6082,#6111,#9883,.T.);
#9883 = SURFACE_CURVE('',#9884,(#9888,#9895),.PCURVE_S1.);
#9884 = LINE('',#9885,#9886);
#9885 = CARTESIAN_POINT('',(-31.20032937369,41.849485623759,5.));
#9886 = VECTOR('',#9887,1.);
#9887 = DIRECTION('',(0.811573981965,0.584249665637,0.));
#9888 = PCURVE('',#6127,#9889);
#9889 = DEFINITIONAL_REPRESENTATION('',(#9890),#9894);
#9890 = LINE('',#9891,#9892);
#9891 = CARTESIAN_POINT('',(-0.214814213809,0.853600621907));
#9892 = VECTOR('',#9893,1.);
#9893 = DIRECTION('',(0.100188061612,-0.994968518251));
#9894 = ( GEOMETRIC_REPRESENTATION_CONTEXT(2) 
PARAMETRIC_REPRESENTATION_CONTEXT() REPRESENTATION_CONTEXT('2D SPACE',''
  ) );
#9895 = PCURVE('',#7751,#9896);
#9896 = DEFINITIONAL_REPRESENTATION('',(#9897),#9901);
#9897 = LINE('',#9898,#9899);
#9898 = CARTESIAN_POINT('',(0.976857359303,0.973595639637));
#9899 = VECTOR('',#9900,1.);
#9900 = DIRECTION('',(0.100188061612,-0.994968518251));
#9901 = ( GEOMETRIC_REPRESENTATION_CONTEXT(2) 
PARAMETRIC_REPRESENTATION_CONTEXT() REPRESENTATION_CONTEXT('2D SPACE',''
  ) );
#9902 = ORIENTED_EDGE('',*,*,#6110,.T.);
#9903 = ADVANCED_FACE('',(#9904),#6098,.T.);
#9904 = FACE_BOUND('',#9905,.T.);
#9905 = EDGE_LOOP('',(#9906,#9927));
#9906 = ORIENTED_EDGE('',*,*,#9907,.T.);
#9907 = EDGE_CURVE('',#6053,#6082,#9908,.T.);
#9908 = SURFACE_CURVE('',#9909,(#9913,#9920),.PCURVE_S1.);
#9909 = LINE('',#9910,#9911);
#9910 = CARTESIAN_POINT('',(-32.5790783475,40.785336262276,5.));
#9911 = VECTOR('',#9912,1.);
#9912 = DIRECTION('',(0.791631448183,0.610998895456,0.));
#9913 = PCURVE('',#6098,#9914);
#9914 = DEFINITIONAL_REPRESENTATION('',(#9915),#9919);
#9915 = LINE('',#9916,#9917);
#9916 = CARTESIAN_POINT('',(-0.447020107366,2.579706939418));
#9917 = VECTOR('',#9918,1.);
#9918 = DIRECTION('',(0.133324841058,-0.991072392289));
#9919 = ( GEOMETRIC_REPRESENTATION_CONTEXT(2) 
PARAMETRIC_REPRESENTATION_CONTEXT() REPRESENTATION_CONTEXT('2D SPACE',''
  ) );
#9920 = PCURVE('',#7751,#9921);
#9921 = DEFINITIONAL_REPRESENTATION('',(#9922),#9926);
#9922 = LINE('',#9923,#9924);
#9923 = CARTESIAN_POINT('',(0.744651465747,2.699701957148));
#9924 = VECTOR('',#9925,1.);
#9925 = DIRECTION('',(0.133324841058,-0.991072392289));
#9926 = ( GEOMETRIC_REPRESENTATION_CONTEXT(2) 
PARAMETRIC_REPRESENTATION_CONTEXT() REPRESENTATION_CONTEXT('2D SPACE',''
  ) );
#9927 = ORIENTED_EDGE('',*,*,#6081,.T.);
#9928 = ADVANCED_FACE('',(#9929),#6069,.T.);
#9929 = FACE_BOUND('',#9930,.T.);
#9930 = EDGE_LOOP('',(#9931,#9952));
#9931 = ORIENTED_EDGE('',*,*,#9932,.T.);
#9932 = EDGE_CURVE('',#6024,#6053,#9933,.T.);
#9933 = SURFACE_CURVE('',#9934,(#9938,#9945),.PCURVE_S1.);
#9934 = LINE('',#9935,#9936);
#9935 = CARTESIAN_POINT('',(-33.92155944589,39.675783606104,5.));
#9936 = VECTOR('',#9937,1.);
#9937 = DIRECTION('',(0.77080764973,0.637067945449,0.));
#9938 = PCURVE('',#6069,#9939);
#9939 = DEFINITIONAL_REPRESENTATION('',(#9940),#9944);
#9940 = LINE('',#9941,#9942);
#9941 = CARTESIAN_POINT('',(-0.736680345252,4.29710600281));
#9942 = VECTOR('',#9943,1.);
#9943 = DIRECTION('',(0.166313199831,-0.986072978822));
#9944 = ( GEOMETRIC_REPRESENTATION_CONTEXT(2) 
PARAMETRIC_REPRESENTATION_CONTEXT() REPRESENTATION_CONTEXT('2D SPACE',''
  ) );
#9945 = PCURVE('',#7751,#9946);
#9946 = DEFINITIONAL_REPRESENTATION('',(#9947),#9951);
#9947 = LINE('',#9948,#9949);
#9948 = CARTESIAN_POINT('',(0.45499122786,4.41710102054));
#9949 = VECTOR('',#9950,1.);
#9950 = DIRECTION('',(0.166313199831,-0.986072978822));
#9951 = ( GEOMETRIC_REPRESENTATION_CONTEXT(2) 
PARAMETRIC_REPRESENTATION_CONTEXT() REPRESENTATION_CONTEXT('2D SPACE',''
  ) );
#9952 = ORIENTED_EDGE('',*,*,#6052,.T.);
#9953 = ADVANCED_FACE('',(#9954),#6040,.T.);
#9954 = FACE_BOUND('',#9955,.T.);
#9955 = EDGE_LOOP('',(#9956,#9977));
#9956 = ORIENTED_EDGE('',*,*,#9957,.T.);
#9957 = EDGE_CURVE('',#5995,#6024,#9958,.T.);
#9958 = SURFACE_CURVE('',#9959,(#9963,#9970),.PCURVE_S1.);
#9959 = LINE('',#9960,#9961);
#9960 = CARTESIAN_POINT('',(-35.22627818406,38.522062838053,5.));
#9961 = VECTOR('',#9962,1.);
#9962 = DIRECTION('',(0.749125768199,0.662427794873,0.));
#9963 = PCURVE('',#6040,#9964);
#9964 = DEFINITIONAL_REPRESENTATION('',(#9965),#9969);
#9965 = LINE('',#9966,#9967);
#9966 = CARTESIAN_POINT('',(-1.083472470175,6.00388595888));
#9967 = VECTOR('',#9968,1.);
#9968 = DIRECTION('',(0.199116414434,-0.979975843326));
#9969 = ( GEOMETRIC_REPRESENTATION_CONTEXT(2) 
PARAMETRIC_REPRESENTATION_CONTEXT() REPRESENTATION_CONTEXT('2D SPACE',''
  ) );
#9970 = PCURVE('',#7751,#9971);
#9971 = DEFINITIONAL_REPRESENTATION('',(#9972),#9976);
#9972 = LINE('',#9973,#9974);
#9973 = CARTESIAN_POINT('',(0.108199102938,6.123880976611));
#9974 = VECTOR('',#9975,1.);
#9975 = DIRECTION('',(0.199116414434,-0.979975843326));
#9976 = ( GEOMETRIC_REPRESENTATION_CONTEXT(2) 
PARAMETRIC_REPRESENTATION_CONTEXT() REPRESENTATION_CONTEXT('2D SPACE',''
  ) );
#9977 = ORIENTED_EDGE('',*,*,#6023,.T.);
#9978 = ADVANCED_FACE('',(#9979),#6011,.T.);
#9979 = FACE_BOUND('',#9980,.T.);
#9980 = EDGE_LOOP('',(#9981,#10002));
#9981 = ORIENTED_EDGE('',*,*,#9982,.T.);
#9982 = EDGE_CURVE('',#5966,#5995,#9983,.T.);
#9983 = SURFACE_CURVE('',#9984,(#9988,#9995),.PCURVE_S1.);
#9984 = LINE('',#9985,#9986);
#9985 = CARTESIAN_POINT('',(-36.49178211525,37.325458310021,5.));
#9986 = VECTOR('',#9987,1.);
#9987 = DIRECTION('',(0.726609940423,0.687050212487,0.));
#9988 = PCURVE('',#6011,#9989);
#9989 = DEFINITIONAL_REPRESENTATION('',(#9990),#9994);
#9990 = LINE('',#9991,#9992);
#9991 = CARTESIAN_POINT('',(-1.487010424141,7.698146775892));
#9992 = VECTOR('',#9993,1.);
#9993 = DIRECTION('',(0.231697967477,-0.972787773292));
#9994 = ( GEOMETRIC_REPRESENTATION_CONTEXT(2) 
PARAMETRIC_REPRESENTATION_CONTEXT() REPRESENTATION_CONTEXT('2D SPACE',''
  ) );
#9995 = PCURVE('',#7751,#9996);
#9996 = DEFINITIONAL_REPRESENTATION('',(#9997),#10001);
#9997 = LINE('',#9998,#9999);
#9998 = CARTESIAN_POINT('',(-0.295338851029,7.818141793622));
#9999 = VECTOR('',#10000,1.);
#10000 = DIRECTION('',(0.231697967477,-0.972787773292));
#10001 = ( GEOMETRIC_REPRESENTATION_CONTEXT(2) 
PARAMETRIC_REPRESENTATION_CONTEXT() REPRESENTATION_CONTEXT('2D SPACE',''
  ) );
#10002 = ORIENTED_EDGE('',*,*,#5994,.T.);
#10003 = ADVANCED_FACE('',(#10004),#5982,.T.);
#10004 = FACE_BOUND('',#10005,.T.);
#10005 = EDGE_LOOP('',(#10006,#10027));
#10006 = ORIENTED_EDGE('',*,*,#10007,.T.);
#10007 = EDGE_CURVE('',#5937,#5966,#10008,.T.);
#10008 = SURFACE_CURVE('',#10009,(#10013,#10020),.PCURVE_S1.);
#10009 = LINE('',#10010,#10011);
#10010 = CARTESIAN_POINT('',(-37.71666244764,36.08730211322,5.));
#10011 = VECTOR('',#10012,1.);
#10012 = DIRECTION('',(0.703285231607,0.710907787975,0.));
#10013 = PCURVE('',#5982,#10014);
#10014 = DEFINITIONAL_REPRESENTATION('',(#10015),#10019);
#10015 = LINE('',#10016,#10017);
#10016 = CARTESIAN_POINT('',(-1.94684497823,9.378002358738));
#10017 = VECTOR('',#10018,1.);
#10018 = DIRECTION('',(0.264021588331,-0.964516770666));
#10019 = ( GEOMETRIC_REPRESENTATION_CONTEXT(2) 
PARAMETRIC_REPRESENTATION_CONTEXT() REPRESENTATION_CONTEXT('2D SPACE',''
  ) );
#10020 = PCURVE('',#7751,#10021);
#10021 = DEFINITIONAL_REPRESENTATION('',(#10022),#10026);
#10022 = LINE('',#10023,#10024);
#10023 = CARTESIAN_POINT('',(-0.755173405117,9.497997376468));
#10024 = VECTOR('',#10025,1.);
#10025 = DIRECTION('',(0.264021588331,-0.964516770666));
#10026 = ( GEOMETRIC_REPRESENTATION_CONTEXT(2) 
PARAMETRIC_REPRESENTATION_CONTEXT() REPRESENTATION_CONTEXT('2D SPACE',''
  ) );
#10027 = ORIENTED_EDGE('',*,*,#5965,.T.);
#10028 = ADVANCED_FACE('',(#10029),#5953,.T.);
#10029 = FACE_BOUND('',#10030,.T.);
#10030 = EDGE_LOOP('',(#10031,#10052));
#10031 = ORIENTED_EDGE('',*,*,#10032,.T.);
#10032 = EDGE_CURVE('',#5908,#5937,#10033,.T.);
#10033 = SURFACE_CURVE('',#10034,(#10038,#10045),.PCURVE_S1.);
#10034 = LINE('',#10035,#10036);
#10035 = CARTESIAN_POINT('',(-38.89955561266,34.808972595257,5.));
#10036 = VECTOR('',#10037,1.);
#10037 = DIRECTION('',(0.679177607421,0.733973962466,0.));
#10038 = PCURVE('',#5953,#10039);
#10039 = DEFINITIONAL_REPRESENTATION('',(#10040),#10044);
#10040 = LINE('',#10041,#10042);
#10041 = CARTESIAN_POINT('',(-2.462464232681,11.041582648592));
#10042 = VECTOR('',#10043,1.);
#10043 = DIRECTION('',(0.296051293501,-0.955172042941));
#10044 = ( GEOMETRIC_REPRESENTATION_CONTEXT(2) 
PARAMETRIC_REPRESENTATION_CONTEXT() REPRESENTATION_CONTEXT('2D SPACE',''
  ) );
#10045 = PCURVE('',#7751,#10046);
#10046 = DEFINITIONAL_REPRESENTATION('',(#10047),#10051);
#10047 = LINE('',#10048,#10049);
#10048 = CARTESIAN_POINT('',(-1.270792659568,11.161577666322));
#10049 = VECTOR('',#10050,1.);
#10050 = DIRECTION('',(0.296051293501,-0.955172042941));
#10051 = ( GEOMETRIC_REPRESENTATION_CONTEXT(2) 
PARAMETRIC_REPRESENTATION_CONTEXT() REPRESENTATION_CONTEXT('2D SPACE',''
  ) );
#10052 = ORIENTED_EDGE('',*,*,#5936,.T.);
#10053 = ADVANCED_FACE('',(#10054),#5924,.T.);
#10054 = FACE_BOUND('',#10055,.T.);
#10055 = EDGE_LOOP('',(#10056,#10077));
#10056 = ORIENTED_EDGE('',*,*,#10057,.T.);
#10057 = EDGE_CURVE('',#5879,#5908,#10058,.T.);
#10058 = SURFACE_CURVE('',#10059,(#10063,#10070),.PCURVE_S1.);
#10059 = LINE('',#10060,#10061);
#10060 = CARTESIAN_POINT('',(-40.03914478295,33.491892825725,5.));
#10061 = VECTOR('',#10062,1.);
#10062 = DIRECTION('',(0.654313905098,0.756223058095,0.));
#10063 = PCURVE('',#5924,#10064);
#10064 = DEFINITIONAL_REPRESENTATION('',(#10065),#10069);
#10065 = LINE('',#10066,#10067);
#10066 = CARTESIAN_POINT('',(-3.033294186762,12.687035704707));
#10067 = VECTOR('',#10068,1.);
#10068 = DIRECTION('',(0.327751426689,-0.944763992912));
#10069 = ( GEOMETRIC_REPRESENTATION_CONTEXT(2) 
PARAMETRIC_REPRESENTATION_CONTEXT() REPRESENTATION_CONTEXT('2D SPACE',''
  ) );
#10070 = PCURVE('',#7751,#10071);
#10071 = DEFINITIONAL_REPRESENTATION('',(#10072),#10076);
#10072 = LINE('',#10073,#10074);
#10073 = CARTESIAN_POINT('',(-1.84162261365,12.807030722437));
#10074 = VECTOR('',#10075,1.);
#10075 = DIRECTION('',(0.327751426689,-0.944763992912));
#10076 = ( GEOMETRIC_REPRESENTATION_CONTEXT(2) 
PARAMETRIC_REPRESENTATION_CONTEXT() REPRESENTATION_CONTEXT('2D SPACE',''
  ) );
#10077 = ORIENTED_EDGE('',*,*,#5907,.T.);
#10078 = ADVANCED_FACE('',(#10079),#5895,.T.);
#10079 = FACE_BOUND('',#10080,.T.);
#10080 = EDGE_LOOP('',(#10081,#10102));
#10081 = ORIENTED_EDGE('',*,*,#10082,.T.);
#10082 = EDGE_CURVE('',#2554,#5879,#10083,.T.);
#10083 = SURFACE_CURVE('',#10084,(#10088,#10095),.PCURVE_S1.);
#10084 = LINE('',#10085,#10086);
#10085 = CARTESIAN_POINT('',(-41.13416133827,32.137529011999,5.));
#10086 = VECTOR('',#10087,1.);
#10087 = DIRECTION('',(0.628721803557,0.777630306593,0.));
#10088 = PCURVE('',#5895,#10089);
#10089 = DEFINITIONAL_REPRESENTATION('',(#10090),#10094);
#10090 = LINE('',#10091,#10092);
#10091 = CARTESIAN_POINT('',(-3.658699377755,14.31252976604));
#10092 = VECTOR('',#10093,1.);
#10093 = DIRECTION('',(0.359086698484,-0.93330420709));
#10094 = ( GEOMETRIC_REPRESENTATION_CONTEXT(2) 
PARAMETRIC_REPRESENTATION_CONTEXT() REPRESENTATION_CONTEXT('2D SPACE',''
  ) );
#10095 = PCURVE('',#7751,#10096);
#10096 = DEFINITIONAL_REPRESENTATION('',(#10097),#10101);
#10097 = LINE('',#10098,#10099);
#10098 = CARTESIAN_POINT('',(-2.467027804643,14.43252478377));
#10099 = VECTOR('',#10100,1.);
#10100 = DIRECTION('',(0.359086698484,-0.93330420709));
#10101 = ( GEOMETRIC_REPRESENTATION_CONTEXT(2) 
PARAMETRIC_REPRESENTATION_CONTEXT() REPRESENTATION_CONTEXT('2D SPACE',''
  ) );
#10102 = ORIENTED_EDGE('',*,*,#5878,.T.);
#10103 = ADVANCED_FACE('',(#10104),#6853,.T.);
#10104 = FACE_BOUND('',#10105,.T.);
#10105 = EDGE_LOOP('',(#10106,#10127));
#10106 = ORIENTED_EDGE('',*,*,#10107,.T.);
#10107 = EDGE_CURVE('',#6810,#2578,#10108,.T.);
#10108 = SURFACE_CURVE('',#10109,(#10113,#10120),.PCURVE_S1.);
#10109 = LINE('',#10110,#10111);
#10110 = CARTESIAN_POINT('',(-32.55813763231,-40.80205477564,5.));
#10111 = VECTOR('',#10112,1.);
#10112 = DIRECTION('',(-0.771134575605,0.636672181194,0.));
#10113 = PCURVE('',#6853,#10114);
#10114 = DEFINITIONAL_REPRESENTATION('',(#10115),#10119);
#10115 = LINE('',#10116,#10117);
#10116 = CARTESIAN_POINT('',(-0.443011807667,-13.03708131194));
#10117 = VECTOR('',#10118,1.);
#10118 = DIRECTION('',(-0.165806994995,-0.986158222807));
#10119 = ( GEOMETRIC_REPRESENTATION_CONTEXT(2) 
PARAMETRIC_REPRESENTATION_CONTEXT() REPRESENTATION_CONTEXT('2D SPACE',''
  ) );
#10120 = PCURVE('',#8511,#10121);
#10121 = DEFINITIONAL_REPRESENTATION('',(#10122),#10126);
#10122 = LINE('',#10123,#10124);
#10123 = CARTESIAN_POINT('',(0.748659765446,-12.91708629421));
#10124 = VECTOR('',#10125,1.);
#10125 = DIRECTION('',(-0.165806994995,-0.986158222807));
#10126 = ( GEOMETRIC_REPRESENTATION_CONTEXT(2) 
PARAMETRIC_REPRESENTATION_CONTEXT() REPRESENTATION_CONTEXT('2D SPACE',''
  ) );
#10127 = ORIENTED_EDGE('',*,*,#6838,.T.);
#10128 = ADVANCED_FACE('',(#10129),#6826,.T.);
#10129 = FACE_BOUND('',#10130,.T.);
#10130 = EDGE_LOOP('',(#10131,#10152));
#10131 = ORIENTED_EDGE('',*,*,#10132,.T.);
#10132 = EDGE_CURVE('',#6781,#6810,#10133,.T.);
#10133 = SURFACE_CURVE('',#10134,(#10138,#10145),.PCURVE_S1.);
#10134 = LINE('',#10135,#10136);
#10135 = CARTESIAN_POINT('',(-31.17884257811,-41.8654962408,5.));
#10136 = VECTOR('',#10137,1.);
#10137 = DIRECTION('',(-0.791944989234,0.610592445112,0.));
#10138 = PCURVE('',#6826,#10139);
#10139 = DEFINITIONAL_REPRESENTATION('',(#10140),#10144);
#10140 = LINE('',#10141,#10142);
#10141 = CARTESIAN_POINT('',(-0.211692010503,-11.31085602311));
#10142 = VECTOR('',#10143,1.);
#10143 = DIRECTION('',(-0.132816074209,-0.991140701632));
#10144 = ( GEOMETRIC_REPRESENTATION_CONTEXT(2) 
PARAMETRIC_REPRESENTATION_CONTEXT() REPRESENTATION_CONTEXT('2D SPACE',''
  ) );
#10145 = PCURVE('',#8511,#10146);
#10146 = DEFINITIONAL_REPRESENTATION('',(#10147),#10151);
#10147 = LINE('',#10148,#10149);
#10148 = CARTESIAN_POINT('',(0.97997956261,-11.19086100538));
#10149 = VECTOR('',#10150,1.);
#10150 = DIRECTION('',(-0.132816074209,-0.991140701632));
#10151 = ( GEOMETRIC_REPRESENTATION_CONTEXT(2) 
PARAMETRIC_REPRESENTATION_CONTEXT() REPRESENTATION_CONTEXT('2D SPACE',''
  ) );
#10152 = ORIENTED_EDGE('',*,*,#6809,.T.);
#10153 = ADVANCED_FACE('',(#10154),#6797,.T.);
#10154 = FACE_BOUND('',#10155,.T.);
#10155 = EDGE_LOOP('',(#10156,#10177));
#10156 = ORIENTED_EDGE('',*,*,#10157,.T.);
#10157 = EDGE_CURVE('',#6752,#6781,#10158,.T.);
#10158 = SURFACE_CURVE('',#10159,(#10163,#10170),.PCURVE_S1.);
#10159 = LINE('',#10160,#10161);
#10160 = CARTESIAN_POINT('',(-29.76483842728,-42.88233194915,5.));
#10161 = VECTOR('',#10162,1.);
#10162 = DIRECTION('',(-0.81187378915,0.583832981675,0.));
#10163 = PCURVE('',#6797,#10164);
#10164 = DEFINITIONAL_REPRESENTATION('',(#10165),#10169);
#10165 = LINE('',#10166,#10167);
#10166 = CARTESIAN_POINT('',(-3.808853101292E-02,-9.57787465326));
#10167 = VECTOR('',#10168,1.);
#10168 = DIRECTION('',(-9.967729912255E-02,-0.995019816908));
#10169 = ( GEOMETRIC_REPRESENTATION_CONTEXT(2) 
PARAMETRIC_REPRESENTATION_CONTEXT() REPRESENTATION_CONTEXT('2D SPACE',''
  ) );
#10170 = PCURVE('',#8511,#10171);
#10171 = DEFINITIONAL_REPRESENTATION('',(#10172),#10176);
#10172 = LINE('',#10173,#10174);
#10173 = CARTESIAN_POINT('',(1.1535830421,-9.45787963553));
#10174 = VECTOR('',#10175,1.);
#10175 = DIRECTION('',(-9.967729912255E-02,-0.995019816908));
#10176 = ( GEOMETRIC_REPRESENTATION_CONTEXT(2) 
PARAMETRIC_REPRESENTATION_CONTEXT() REPRESENTATION_CONTEXT('2D SPACE',''
  ) );
#10177 = ORIENTED_EDGE('',*,*,#6780,.T.);
#10178 = ADVANCED_FACE('',(#10179),#6768,.T.);
#10179 = FACE_BOUND('',#10180,.T.);
#10180 = EDGE_LOOP('',(#10181,#10202));
#10181 = ORIENTED_EDGE('',*,*,#10182,.T.);
#10182 = EDGE_CURVE('',#6723,#6752,#10183,.T.);
#10183 = SURFACE_CURVE('',#10184,(#10188,#10195),.PCURVE_S1.);
#10184 = LINE('',#10185,#10186);
#10185 = CARTESIAN_POINT('',(-28.31769928593,-43.8514299328,5.));
#10186 = VECTOR('',#10187,1.);
#10187 = DIRECTION('',(-0.830898790096,0.556423580212,0.));
#10188 = PCURVE('',#6768,#10189);
#10189 = DEFINITIONAL_REPRESENTATION('',(#10190),#10194);
#10190 = LINE('',#10191,#10192);
#10191 = CARTESIAN_POINT('',(7.760537090509E-02,-7.840066402212));
#10192 = VECTOR('',#10193,1.);
#10193 = DIRECTION('',(-6.642756068031E-02,-0.997791250303));
#10194 = ( GEOMETRIC_REPRESENTATION_CONTEXT(2) 
PARAMETRIC_REPRESENTATION_CONTEXT() REPRESENTATION_CONTEXT('2D SPACE',''
  ) );
#10195 = PCURVE('',#8511,#10196);
#10196 = DEFINITIONAL_REPRESENTATION('',(#10197),#10201);
#10197 = LINE('',#10198,#10199);
#10198 = CARTESIAN_POINT('',(1.269276944018,-7.720071384482));
#10199 = VECTOR('',#10200,1.);
#10200 = DIRECTION('',(-6.642756068031E-02,-0.997791250303));
#10201 = ( GEOMETRIC_REPRESENTATION_CONTEXT(2) 
PARAMETRIC_REPRESENTATION_CONTEXT() REPRESENTATION_CONTEXT('2D SPACE',''
  ) );
#10202 = ORIENTED_EDGE('',*,*,#6751,.T.);
#10203 = ADVANCED_FACE('',(#10204),#6739,.T.);
#10204 = FACE_BOUND('',#10205,.T.);
#10205 = EDGE_LOOP('',(#10206,#10227));
#10206 = ORIENTED_EDGE('',*,*,#10207,.T.);
#10207 = EDGE_CURVE('',#6694,#6723,#10208,.T.);
#10208 = SURFACE_CURVE('',#10209,(#10213,#10220),.PCURVE_S1.);
#10209 = LINE('',#10210,#10211);
#10210 = CARTESIAN_POINT('',(-26.83903614689,-44.77171136672,5.));
#10211 = VECTOR('',#10212,1.);
#10212 = DIRECTION('',(-0.848998812948,0.528394753581,0.));
#10213 = PCURVE('',#6739,#10214);
#10214 = DEFINITIONAL_REPRESENTATION('',(#10215),#10219);
#10215 = LINE('',#10216,#10217);
#10216 = CARTESIAN_POINT('',(0.135260901797,-6.09936584321));
#10217 = VECTOR('',#10218,1.);
#10218 = DIRECTION('',(-3.310387335376E-02,-0.999451916587));
#10219 = ( GEOMETRIC_REPRESENTATION_CONTEXT(2) 
PARAMETRIC_REPRESENTATION_CONTEXT() REPRESENTATION_CONTEXT('2D SPACE',''
  ) );
#10220 = PCURVE('',#8511,#10221);
#10221 = DEFINITIONAL_REPRESENTATION('',(#10222),#10226);
#10222 = LINE('',#10223,#10224);
#10223 = CARTESIAN_POINT('',(1.32693247491,-5.97937082548));
#10224 = VECTOR('',#10225,1.);
#10225 = DIRECTION('',(-3.310387335376E-02,-0.999451916587));
#10226 = ( GEOMETRIC_REPRESENTATION_CONTEXT(2) 
PARAMETRIC_REPRESENTATION_CONTEXT() REPRESENTATION_CONTEXT('2D SPACE',''
  ) );
#10227 = ORIENTED_EDGE('',*,*,#6722,.T.);
#10228 = ADVANCED_FACE('',(#10229),#6710,.T.);
#10229 = FACE_BOUND('',#10230,.T.);
#10230 = EDGE_LOOP('',(#10231,#10252));
#10231 = ORIENTED_EDGE('',*,*,#10232,.T.);
#10232 = EDGE_CURVE('',#6665,#6694,#10233,.T.);
#10233 = SURFACE_CURVE('',#10234,(#10238,#10245),.PCURVE_S1.);
#10234 = LINE('',#10235,#10236);
#10235 = CARTESIAN_POINT('',(-25.33049509636,-45.64215176975,5.));
#10236 = VECTOR('',#10237,1.);
#10237 = DIRECTION('',(-0.86615370829,0.499777704199,0.));
#10238 = PCURVE('',#6710,#10239);
#10239 = DEFINITIONAL_REPRESENTATION('',(#10240),#10244);
#10240 = LINE('',#10241,#10242);
#10241 = CARTESIAN_POINT('',(0.13481387803,-4.357710769287));
#10242 = VECTOR('',#10243,1.);
#10243 = DIRECTION('',(2.566660636527E-04,-0.999999967061));
#10244 = ( GEOMETRIC_REPRESENTATION_CONTEXT(2) 
PARAMETRIC_REPRESENTATION_CONTEXT() REPRESENTATION_CONTEXT('2D SPACE',''
  ) );
#10245 = PCURVE('',#8511,#10246);
#10246 = DEFINITIONAL_REPRESENTATION('',(#10247),#10251);
#10247 = LINE('',#10248,#10249);
#10248 = CARTESIAN_POINT('',(1.326485451143,-4.237715751557));
#10249 = VECTOR('',#10250,1.);
#10250 = DIRECTION('',(2.566660636527E-04,-0.999999967061));
#10251 = ( GEOMETRIC_REPRESENTATION_CONTEXT(2) 
PARAMETRIC_REPRESENTATION_CONTEXT() REPRESENTATION_CONTEXT('2D SPACE',''
  ) );
#10252 = ORIENTED_EDGE('',*,*,#6693,.T.);
#10253 = ADVANCED_FACE('',(#10254),#6681,.T.);
#10254 = FACE_BOUND('',#10255,.T.);
#10255 = EDGE_LOOP('',(#10256,#10277));
#10256 = ORIENTED_EDGE('',*,*,#10257,.T.);
#10257 = EDGE_CURVE('',#6636,#6665,#10258,.T.);
#10258 = SURFACE_CURVE('',#10259,(#10263,#10270),.PCURVE_S1.);
#10259 = LINE('',#10260,#10261);
#10260 = CARTESIAN_POINT('',(-23.79375548138,-46.46178214503,5.));
#10261 = VECTOR('',#10262,1.);
#10262 = DIRECTION('',(-0.882344378848,0.470604289308,0.));
#10263 = PCURVE('',#6681,#10264);
#10264 = DEFINITIONAL_REPRESENTATION('',(#10265),#10269);
#10265 = LINE('',#10266,#10267);
#10266 = CARTESIAN_POINT('',(7.626479724318E-02,-2.617040036066));
#10267 = VECTOR('',#10268,1.);
#10268 = DIRECTION('',(3.361691975374E-02,-0.999434791623));
#10269 = ( GEOMETRIC_REPRESENTATION_CONTEXT(2) 
PARAMETRIC_REPRESENTATION_CONTEXT() REPRESENTATION_CONTEXT('2D SPACE',''
  ) );
#10270 = PCURVE('',#8511,#10271);
#10271 = DEFINITIONAL_REPRESENTATION('',(#10272),#10276);
#10272 = LINE('',#10273,#10274);
#10273 = CARTESIAN_POINT('',(1.267936370356,-2.497045018336));
#10274 = VECTOR('',#10275,1.);
#10275 = DIRECTION('',(3.361691975374E-02,-0.999434791623));
#10276 = ( GEOMETRIC_REPRESENTATION_CONTEXT(2) 
PARAMETRIC_REPRESENTATION_CONTEXT() REPRESENTATION_CONTEXT('2D SPACE',''
  ) );
#10277 = ORIENTED_EDGE('',*,*,#6664,.T.);
#10278 = ADVANCED_FACE('',(#10279),#6652,.T.);
#10279 = FACE_BOUND('',#10280,.T.);
#10280 = EDGE_LOOP('',(#10281,#10302));
#10281 = ORIENTED_EDGE('',*,*,#10282,.T.);
#10282 = EDGE_CURVE('',#6607,#6636,#10283,.T.);
#10283 = SURFACE_CURVE('',#10284,(#10288,#10295),.PCURVE_S1.);
#10284 = LINE('',#10285,#10286);
#10285 = CARTESIAN_POINT('',(-22.23052804035,-47.22969005876,5.));
#10286 = VECTOR('',#10287,1.);
#10287 = DIRECTION('',(-0.897552800747,0.440906985509,0.));
#10288 = PCURVE('',#6652,#10289);
#10289 = DEFINITIONAL_REPRESENTATION('',(#10290),#10294);
#10290 = LINE('',#10291,#10292);
#10291 = CARTESIAN_POINT('',(-4.032116220856E-02,-0.879291403377));
#10292 = VECTOR('',#10293,1.);
#10293 = DIRECTION('',(6.69397502164E-02,-0.99775701944));
#10294 = ( GEOMETRIC_REPRESENTATION_CONTEXT(2) 
PARAMETRIC_REPRESENTATION_CONTEXT() REPRESENTATION_CONTEXT('2D SPACE',''
  ) );
#10295 = PCURVE('',#8511,#10296);
#10296 = DEFINITIONAL_REPRESENTATION('',(#10297),#10301);
#10297 = LINE('',#10298,#10299);
#10298 = CARTESIAN_POINT('',(1.151350410904,-0.759296385647));
#10299 = VECTOR('',#10300,1.);
#10300 = DIRECTION('',(6.69397502164E-02,-0.99775701944));
#10301 = ( GEOMETRIC_REPRESENTATION_CONTEXT(2) 
PARAMETRIC_REPRESENTATION_CONTEXT() REPRESENTATION_CONTEXT('2D SPACE',''
  ) );
#10302 = ORIENTED_EDGE('',*,*,#6635,.T.);
#10303 = ADVANCED_FACE('',(#10304),#6623,.T.);
#10304 = FACE_BOUND('',#10305,.T.);
#10305 = EDGE_LOOP('',(#10306,#10327));
#10306 = ORIENTED_EDGE('',*,*,#10307,.T.);
#10307 = EDGE_CURVE('',#6578,#6607,#10308,.T.);
#10308 = SURFACE_CURVE('',#10309,(#10313,#10320),.PCURVE_S1.);
#10309 = LINE('',#10310,#10311);
#10310 = CARTESIAN_POINT('',(-20.64255299864,-47.94502065593,5.));
#10311 = VECTOR('',#10312,1.);
#10312 = DIRECTION('',(-0.911762043577,0.410718852613,0.));
#10313 = PCURVE('',#6623,#10314);
#10314 = DEFINITIONAL_REPRESENTATION('',(#10315),#10319);
#10315 = LINE('',#10316,#10317);
#10316 = CARTESIAN_POINT('',(-0.214814213809,0.853600621907));
#10317 = VECTOR('',#10318,1.);
#10318 = DIRECTION('',(0.100188061612,-0.994968518251));
#10319 = ( GEOMETRIC_REPRESENTATION_CONTEXT(2) 
PARAMETRIC_REPRESENTATION_CONTEXT() REPRESENTATION_CONTEXT('2D SPACE',''
  ) );
#10320 = PCURVE('',#8511,#10321);
#10321 = DEFINITIONAL_REPRESENTATION('',(#10322),#10326);
#10322 = LINE('',#10323,#10324);
#10323 = CARTESIAN_POINT('',(0.976857359303,0.973595639637));
#10324 = VECTOR('',#10325,1.);
#10325 = DIRECTION('',(0.100188061612,-0.994968518251));
#10326 = ( GEOMETRIC_REPRESENTATION_CONTEXT(2) 
PARAMETRIC_REPRESENTATION_CONTEXT() REPRESENTATION_CONTEXT('2D SPACE',''
  ) );
#10327 = ORIENTED_EDGE('',*,*,#6606,.T.);
#10328 = ADVANCED_FACE('',(#10329),#6594,.T.);
#10329 = FACE_BOUND('',#10330,.T.);
#10330 = EDGE_LOOP('',(#10331,#10352));
#10331 = ORIENTED_EDGE('',*,*,#10332,.T.);
#10332 = EDGE_CURVE('',#6549,#6578,#10333,.T.);
#10333 = SURFACE_CURVE('',#10334,(#10338,#10345),.PCURVE_S1.);
#10334 = LINE('',#10335,#10336);
#10335 = CARTESIAN_POINT('',(-19.03159813126,-48.60697761196,5.));
#10336 = VECTOR('',#10337,1.);
#10337 = DIRECTION('',(-0.92495628924,0.380073496833,0.));
#10338 = PCURVE('',#6594,#10339);
#10339 = DEFINITIONAL_REPRESENTATION('',(#10340),#10344);
#10340 = LINE('',#10341,#10342);
#10341 = CARTESIAN_POINT('',(-0.447020107366,2.579706939418));
#10342 = VECTOR('',#10343,1.);
#10343 = DIRECTION('',(0.133324841058,-0.991072392289));
#10344 = ( GEOMETRIC_REPRESENTATION_CONTEXT(2) 
PARAMETRIC_REPRESENTATION_CONTEXT() REPRESENTATION_CONTEXT('2D SPACE',''
  ) );
#10345 = PCURVE('',#8511,#10346);
#10346 = DEFINITIONAL_REPRESENTATION('',(#10347),#10351);
#10347 = LINE('',#10348,#10349);
#10348 = CARTESIAN_POINT('',(0.744651465747,2.699701957148));
#10349 = VECTOR('',#10350,1.);
#10350 = DIRECTION('',(0.133324841058,-0.991072392289));
#10351 = ( GEOMETRIC_REPRESENTATION_CONTEXT(2) 
PARAMETRIC_REPRESENTATION_CONTEXT() REPRESENTATION_CONTEXT('2D SPACE',''
  ) );
#10352 = ORIENTED_EDGE('',*,*,#6577,.T.);
#10353 = ADVANCED_FACE('',(#10354),#6565,.T.);
#10354 = FACE_BOUND('',#10355,.T.);
#10355 = EDGE_LOOP('',(#10356,#10377));
#10356 = ORIENTED_EDGE('',*,*,#10357,.T.);
#10357 = EDGE_CURVE('',#6520,#6549,#10358,.T.);
#10358 = SURFACE_CURVE('',#10359,(#10363,#10370),.PCURVE_S1.);
#10359 = LINE('',#10360,#10361);
#10360 = CARTESIAN_POINT('',(-17.39945679499,-49.21482401918,5.));
#10361 = VECTOR('',#10362,1.);
#10362 = DIRECTION('',(-0.93712084956,0.349005033373,0.));
#10363 = PCURVE('',#6565,#10364);
#10364 = DEFINITIONAL_REPRESENTATION('',(#10365),#10369);
#10365 = LINE('',#10366,#10367);
#10366 = CARTESIAN_POINT('',(-0.736680345252,4.29710600281));
#10367 = VECTOR('',#10368,1.);
#10368 = DIRECTION('',(0.166313199831,-0.986072978822));
#10369 = ( GEOMETRIC_REPRESENTATION_CONTEXT(2) 
PARAMETRIC_REPRESENTATION_CONTEXT() REPRESENTATION_CONTEXT('2D SPACE',''
  ) );
#10370 = PCURVE('',#8511,#10371);
#10371 = DEFINITIONAL_REPRESENTATION('',(#10372),#10376);
#10372 = LINE('',#10373,#10374);
#10373 = CARTESIAN_POINT('',(0.45499122786,4.41710102054));
#10374 = VECTOR('',#10375,1.);
#10375 = DIRECTION('',(0.166313199831,-0.986072978822));
#10376 = ( GEOMETRIC_REPRESENTATION_CONTEXT(2) 
PARAMETRIC_REPRESENTATION_CONTEXT() REPRESENTATION_CONTEXT('2D SPACE',''
  ) );
#10377 = ORIENTED_EDGE('',*,*,#6548,.T.);
#10378 = ADVANCED_FACE('',(#10379),#6536,.T.);
#10379 = FACE_BOUND('',#10380,.T.);
#10380 = EDGE_LOOP('',(#10381,#10402));
#10381 = ORIENTED_EDGE('',*,*,#10382,.T.);
#10382 = EDGE_CURVE('',#6491,#6520,#10383,.T.);
#10383 = SURFACE_CURVE('',#10384,(#10388,#10395),.PCURVE_S1.);
#10384 = LINE('',#10385,#10386);
#10385 = CARTESIAN_POINT('',(-15.7479459319,-49.7678832072,5.));
#10386 = VECTOR('',#10387,1.);
#10387 = DIRECTION('',(-0.948242182632,0.317548048453,0.));
#10388 = PCURVE('',#6536,#10389);
#10389 = DEFINITIONAL_REPRESENTATION('',(#10390),#10394);
#10390 = LINE('',#10391,#10392);
#10391 = CARTESIAN_POINT('',(-1.083472470175,6.00388595888));
#10392 = VECTOR('',#10393,1.);
#10393 = DIRECTION('',(0.199116414434,-0.979975843326));
#10394 = ( GEOMETRIC_REPRESENTATION_CONTEXT(2) 
PARAMETRIC_REPRESENTATION_CONTEXT() REPRESENTATION_CONTEXT('2D SPACE',''
  ) );
#10395 = PCURVE('',#8511,#10396);
#10396 = DEFINITIONAL_REPRESENTATION('',(#10397),#10401);
#10397 = LINE('',#10398,#10399);
#10398 = CARTESIAN_POINT('',(0.108199102938,6.123880976611));
#10399 = VECTOR('',#10400,1.);
#10400 = DIRECTION('',(0.199116414434,-0.979975843326));
#10401 = ( GEOMETRIC_REPRESENTATION_CONTEXT(2) 
PARAMETRIC_REPRESENTATION_CONTEXT() REPRESENTATION_CONTEXT('2D SPACE',''
  ) );
#10402 = ORIENTED_EDGE('',*,*,#6519,.T.);
#10403 = ADVANCED_FACE('',(#10404),#6507,.T.);
#10404 = FACE_BOUND('',#10405,.T.);
#10405 = EDGE_LOOP('',(#10406,#10427));
#10406 = ORIENTED_EDGE('',*,*,#10407,.T.);
#10407 = EDGE_CURVE('',#6462,#6491,#10408,.T.);
#10408 = SURFACE_CURVE('',#10409,(#10413,#10420),.PCURVE_S1.);
#10409 = LINE('',#10410,#10411);
#10410 = CARTESIAN_POINT('',(-14.07890404675,-50.26553949618,5.));
#10411 = VECTOR('',#10412,1.);
#10412 = DIRECTION('',(-0.958307907901,0.285737560806,0.));
#10413 = PCURVE('',#6507,#10414);
#10414 = DEFINITIONAL_REPRESENTATION('',(#10415),#10419);
#10415 = LINE('',#10416,#10417);
#10416 = CARTESIAN_POINT('',(-1.487010424141,7.698146775892));
#10417 = VECTOR('',#10418,1.);
#10418 = DIRECTION('',(0.231697967477,-0.972787773292));
#10419 = ( GEOMETRIC_REPRESENTATION_CONTEXT(2) 
PARAMETRIC_REPRESENTATION_CONTEXT() REPRESENTATION_CONTEXT('2D SPACE',''
  ) );
#10420 = PCURVE('',#8511,#10421);
#10421 = DEFINITIONAL_REPRESENTATION('',(#10422),#10426);
#10422 = LINE('',#10423,#10424);
#10423 = CARTESIAN_POINT('',(-0.295338851029,7.818141793622));
#10424 = VECTOR('',#10425,1.);
#10425 = DIRECTION('',(0.231697967477,-0.972787773292));
#10426 = ( GEOMETRIC_REPRESENTATION_CONTEXT(2) 
PARAMETRIC_REPRESENTATION_CONTEXT() REPRESENTATION_CONTEXT('2D SPACE',''
  ) );
#10427 = ORIENTED_EDGE('',*,*,#6490,.T.);
#10428 = ADVANCED_FACE('',(#10429),#6478,.T.);
#10429 = FACE_BOUND('',#10430,.T.);
#10430 = EDGE_LOOP('',(#10431,#10452));
#10431 = ORIENTED_EDGE('',*,*,#10432,.T.);
#10432 = EDGE_CURVE('',#6433,#6462,#10433,.T.);
#10433 = SURFACE_CURVE('',#10434,(#10438,#10445),.PCURVE_S1.);
#10434 = LINE('',#10435,#10436);
#10435 = CARTESIAN_POINT('',(-12.39418916027,-50.70723888222,5.));
#10436 = VECTOR('',#10437,1.);
#10437 = DIRECTION('',(-0.967306819938,0.253608982691,0.));
#10438 = PCURVE('',#6478,#10439);
#10439 = DEFINITIONAL_REPRESENTATION('',(#10440),#10444);
#10440 = LINE('',#10441,#10442);
#10441 = CARTESIAN_POINT('',(-1.94684497823,9.378002358738));
#10442 = VECTOR('',#10443,1.);
#10443 = DIRECTION('',(0.264021588331,-0.964516770666));
#10444 = ( GEOMETRIC_REPRESENTATION_CONTEXT(2) 
PARAMETRIC_REPRESENTATION_CONTEXT() REPRESENTATION_CONTEXT('2D SPACE',''
  ) );
#10445 = PCURVE('',#8511,#10446);
#10446 = DEFINITIONAL_REPRESENTATION('',(#10447),#10451);
#10447 = LINE('',#10448,#10449);
#10448 = CARTESIAN_POINT('',(-0.755173405117,9.497997376468));
#10449 = VECTOR('',#10450,1.);
#10450 = DIRECTION('',(0.264021588331,-0.964516770666));
#10451 = ( GEOMETRIC_REPRESENTATION_CONTEXT(2) 
PARAMETRIC_REPRESENTATION_CONTEXT() REPRESENTATION_CONTEXT('2D SPACE',''
  ) );
#10452 = ORIENTED_EDGE('',*,*,#6461,.T.);
#10453 = ADVANCED_FACE('',(#10454),#6449,.T.);
#10454 = FACE_BOUND('',#10455,.T.);
#10455 = EDGE_LOOP('',(#10456,#10477));
#10456 = ORIENTED_EDGE('',*,*,#10457,.T.);
#10457 = EDGE_CURVE('',#6404,#6433,#10458,.T.);
#10458 = SURFACE_CURVE('',#10459,(#10463,#10470),.PCURVE_S1.);
#10459 = LINE('',#10460,#10461);
#10460 = CARTESIAN_POINT('',(-10.69567674079,-51.09248965412,5.));
#10461 = VECTOR('',#10462,1.);
#10462 = DIRECTION('',(-0.975228900922,0.221198080475,0.));
#10463 = PCURVE('',#6449,#10464);
#10464 = DEFINITIONAL_REPRESENTATION('',(#10465),#10469);
#10465 = LINE('',#10466,#10467);
#10466 = CARTESIAN_POINT('',(-2.462464232681,11.041582648592));
#10467 = VECTOR('',#10468,1.);
#10468 = DIRECTION('',(0.296051293501,-0.955172042941));
#10469 = ( GEOMETRIC_REPRESENTATION_CONTEXT(2) 
PARAMETRIC_REPRESENTATION_CONTEXT() REPRESENTATION_CONTEXT('2D SPACE',''
  ) );
#10470 = PCURVE('',#8511,#10471);
#10471 = DEFINITIONAL_REPRESENTATION('',(#10472),#10476);
#10472 = LINE('',#10473,#10474);
#10473 = CARTESIAN_POINT('',(-1.270792659568,11.161577666322));
#10474 = VECTOR('',#10475,1.);
#10475 = DIRECTION('',(0.296051293501,-0.955172042941));
#10476 = ( GEOMETRIC_REPRESENTATION_CONTEXT(2) 
PARAMETRIC_REPRESENTATION_CONTEXT() REPRESENTATION_CONTEXT('2D SPACE',''
  ) );
#10477 = ORIENTED_EDGE('',*,*,#6432,.T.);
#10478 = ADVANCED_FACE('',(#10479),#6420,.T.);
#10479 = FACE_BOUND('',#10480,.T.);
#10480 = EDGE_LOOP('',(#10481,#10502));
#10481 = ORIENTED_EDGE('',*,*,#10482,.T.);
#10482 = EDGE_CURVE('',#6375,#6404,#10483,.T.);
#10483 = SURFACE_CURVE('',#10484,(#10488,#10495),.PCURVE_S1.);
#10484 = LINE('',#10485,#10486);
#10485 = CARTESIAN_POINT('',(-8.985257616428,-51.4208629407,5.));
#10486 = VECTOR('',#10487,1.);
#10487 = DIRECTION('',(-0.982065331787,0.188540934817,0.));
#10488 = PCURVE('',#6420,#10489);
#10489 = DEFINITIONAL_REPRESENTATION('',(#10490),#10494);
#10490 = LINE('',#10491,#10492);
#10491 = CARTESIAN_POINT('',(-3.033294186762,12.687035704707));
#10492 = VECTOR('',#10493,1.);
#10493 = DIRECTION('',(0.327751426689,-0.944763992912));
#10494 = ( GEOMETRIC_REPRESENTATION_CONTEXT(2) 
PARAMETRIC_REPRESENTATION_CONTEXT() REPRESENTATION_CONTEXT('2D SPACE',''
  ) );
#10495 = PCURVE('',#8511,#10496);
#10496 = DEFINITIONAL_REPRESENTATION('',(#10497),#10501);
#10497 = LINE('',#10498,#10499);
#10498 = CARTESIAN_POINT('',(-1.84162261365,12.807030722437));
#10499 = VECTOR('',#10500,1.);
#10500 = DIRECTION('',(0.327751426689,-0.944763992912));
#10501 = ( GEOMETRIC_REPRESENTATION_CONTEXT(2) 
PARAMETRIC_REPRESENTATION_CONTEXT() REPRESENTATION_CONTEXT('2D SPACE',''
  ) );
#10502 = ORIENTED_EDGE('',*,*,#6403,.T.);
#10503 = ADVANCED_FACE('',(#10504),#6391,.T.);
#10504 = FACE_BOUND('',#10505,.T.);
#10505 = EDGE_LOOP('',(#10506,#10527));
#10506 = ORIENTED_EDGE('',*,*,#10507,.T.);
#10507 = EDGE_CURVE('',#3080,#6375,#10508,.T.);
#10508 = SURFACE_CURVE('',#10509,(#10513,#10520),.PCURVE_S1.);
#10509 = LINE('',#10510,#10511);
#10510 = CARTESIAN_POINT('',(-7.264835870115,-51.69199318831,5.));
#10511 = VECTOR('',#10512,1.);
#10512 = DIRECTION('',(-0.987808502041,0.155673900497,0.));
#10513 = PCURVE('',#6391,#10514);
#10514 = DEFINITIONAL_REPRESENTATION('',(#10515),#10519);
#10515 = LINE('',#10516,#10517);
#10516 = CARTESIAN_POINT('',(-3.658699377755,14.31252976604));
#10517 = VECTOR('',#10518,1.);
#10518 = DIRECTION('',(0.359086698484,-0.93330420709));
#10519 = ( GEOMETRIC_REPRESENTATION_CONTEXT(2) 
PARAMETRIC_REPRESENTATION_CONTEXT() REPRESENTATION_CONTEXT('2D SPACE',''
  ) );
#10520 = PCURVE('',#8511,#10521);
#10521 = DEFINITIONAL_REPRESENTATION('',(#10522),#10526);
#10522 = LINE('',#10523,#10524);
#10523 = CARTESIAN_POINT('',(-2.467027804643,14.43252478377));
#10524 = VECTOR('',#10525,1.);
#10525 = DIRECTION('',(0.359086698484,-0.93330420709));
#10526 = ( GEOMETRIC_REPRESENTATION_CONTEXT(2) 
PARAMETRIC_REPRESENTATION_CONTEXT() REPRESENTATION_CONTEXT('2D SPACE',''
  ) );
#10527 = ORIENTED_EDGE('',*,*,#6374,.T.);
#10528 = ADVANCED_FACE('',(#10529),#6902,.T.);
#10529 = FACE_BOUND('',#10530,.T.);
#10530 = EDGE_LOOP('',(#10531,#10560,#10581,#10582));
#10531 = ORIENTED_EDGE('',*,*,#10532,.T.);
#10532 = EDGE_CURVE('',#10533,#10533,#10535,.T.);
#10533 = VERTEX_POINT('',#10534);
#10534 = CARTESIAN_POINT('',(52.445703956507,9.247592629781,
    -8.287384425927));
#10535 = SURFACE_CURVE('',#10536,(#10541,#10548),.PCURVE_S1.);
#10536 = CIRCLE('',#10537,53.254763476519);
#10537 = AXIS2_PLACEMENT_3D('',#10538,#10539,#10540);
#10538 = CARTESIAN_POINT('',(0.,0.,-8.287384425927));
#10539 = DIRECTION('',(0.,-0.,1.));
#10540 = DIRECTION('',(0.984807753012,0.173648177667,0.));
#10541 = PCURVE('',#6902,#10542);
#10542 = DEFINITIONAL_REPRESENTATION('',(#10543),#10547);
#10543 = LINE('',#10544,#10545);
#10544 = CARTESIAN_POINT('',(0.,0.));
#10545 = VECTOR('',#10546,1.);
#10546 = DIRECTION('',(1.,0.));
#10547 = ( GEOMETRIC_REPRESENTATION_CONTEXT(2) 
PARAMETRIC_REPRESENTATION_CONTEXT() REPRESENTATION_CONTEXT('2D SPACE',''
  ) );
#10548 = PCURVE('',#10549,#10554);
#10549 = CONICAL_SURFACE('',#10550,53.1,1.090830782496);
#10550 = AXIS2_PLACEMENT_3D('',#10551,#10552,#10553);
#10551 = CARTESIAN_POINT('',(0.,0.,-8.367949192431));
#10552 = DIRECTION('',(0.,0.,1.));
#10553 = DIRECTION('',(0.984807753012,0.173648177667,0.));
#10554 = DEFINITIONAL_REPRESENTATION('',(#10555),#10559);
#10555 = LINE('',#10556,#10557);
#10556 = CARTESIAN_POINT('',(0.,8.056476650442E-02));
#10557 = VECTOR('',#10558,1.);
#10558 = DIRECTION('',(1.,0.));
#10559 = ( GEOMETRIC_REPRESENTATION_CONTEXT(2) 
PARAMETRIC_REPRESENTATION_CONTEXT() REPRESENTATION_CONTEXT('2D SPACE',''
  ) );
#10560 = ORIENTED_EDGE('',*,*,#10561,.T.);
#10561 = EDGE_CURVE('',#10533,#6886,#10562,.T.);
#10562 = SEAM_CURVE('',#10563,(#10567,#10574),.PCURVE_S1.);
#10563 = LINE('',#10564,#10565);
#10564 = CARTESIAN_POINT('',(52.445703956507,9.247592629781,
    -8.287384425927));
#10565 = VECTOR('',#10566,1.);
#10566 = DIRECTION('',(0.909843726466,0.160429997204,0.382683432365));
#10567 = PCURVE('',#6902,#10568);
#10568 = DEFINITIONAL_REPRESENTATION('',(#10569),#10573);
#10569 = LINE('',#10570,#10571);
#10570 = CARTESIAN_POINT('',(0.,0.));
#10571 = VECTOR('',#10572,1.);
#10572 = DIRECTION('',(0.,1.));
#10573 = ( GEOMETRIC_REPRESENTATION_CONTEXT(2) 
PARAMETRIC_REPRESENTATION_CONTEXT() REPRESENTATION_CONTEXT('2D SPACE',''
  ) );
#10574 = PCURVE('',#6902,#10575);
#10575 = DEFINITIONAL_REPRESENTATION('',(#10576),#10580);
#10576 = LINE('',#10577,#10578);
#10577 = CARTESIAN_POINT('',(6.28318530718,0.));
#10578 = VECTOR('',#10579,1.);
#10579 = DIRECTION('',(0.,1.));
#10580 = ( GEOMETRIC_REPRESENTATION_CONTEXT(2) 
PARAMETRIC_REPRESENTATION_CONTEXT() REPRESENTATION_CONTEXT('2D SPACE',''
  ) );
#10581 = ORIENTED_EDGE('',*,*,#6885,.F.);
#10582 = ORIENTED_EDGE('',*,*,#10561,.F.);
#10583 = ADVANCED_FACE('',(#10584),#6954,.T.);
#10584 = FACE_BOUND('',#10585,.T.);
#10585 = EDGE_LOOP('',(#10586,#10587,#10588,#10589,#10590,#10591,#10592,
    #10593,#10594,#10595,#10596,#10597,#10598,#10599,#10600,#10601,
    #10602,#10603,#10604,#10627,#10655,#10683,#10711,#10739,#10767,
    #10795,#10823,#10851,#10879,#10907,#10935,#10963,#10991,#11019,
    #11047,#11068));
#10586 = ORIENTED_EDGE('',*,*,#6940,.F.);
#10587 = ORIENTED_EDGE('',*,*,#6970,.F.);
#10588 = ORIENTED_EDGE('',*,*,#6995,.F.);
#10589 = ORIENTED_EDGE('',*,*,#7020,.F.);
#10590 = ORIENTED_EDGE('',*,*,#7045,.F.);
#10591 = ORIENTED_EDGE('',*,*,#7070,.F.);
#10592 = ORIENTED_EDGE('',*,*,#7095,.F.);
#10593 = ORIENTED_EDGE('',*,*,#7120,.F.);
#10594 = ORIENTED_EDGE('',*,*,#7145,.F.);
#10595 = ORIENTED_EDGE('',*,*,#7170,.F.);
#10596 = ORIENTED_EDGE('',*,*,#7195,.F.);
#10597 = ORIENTED_EDGE('',*,*,#7221,.F.);
#10598 = ORIENTED_EDGE('',*,*,#7246,.F.);
#10599 = ORIENTED_EDGE('',*,*,#7271,.F.);
#10600 = ORIENTED_EDGE('',*,*,#7296,.F.);
#10601 = ORIENTED_EDGE('',*,*,#7321,.F.);
#10602 = ORIENTED_EDGE('',*,*,#7346,.F.);
#10603 = ORIENTED_EDGE('',*,*,#7632,.T.);
#10604 = ORIENTED_EDGE('',*,*,#10605,.T.);
#10605 = EDGE_CURVE('',#7633,#10606,#10608,.T.);
#10606 = VERTEX_POINT('',#10607);
#10607 = CARTESIAN_POINT('',(48.366987041533,17.688543312669,5.));
#10608 = SURFACE_CURVE('',#10609,(#10613,#10620),.PCURVE_S1.);
#10609 = LINE('',#10610,#10611);
#10610 = CARTESIAN_POINT('',(47.74996851019,19.292239560919,5.));
#10611 = VECTOR('',#10612,1.);
#10612 = DIRECTION('',(0.359086698484,-0.93330420709,0.));
#10613 = PCURVE('',#6954,#10614);
#10614 = DEFINITIONAL_REPRESENTATION('',(#10615),#10619);
#10615 = LINE('',#10616,#10617);
#10616 = CARTESIAN_POINT('',(-3.116056502839,14.170300168379));
#10617 = VECTOR('',#10618,1.);
#10618 = DIRECTION('',(0.359086698484,-0.93330420709));
#10619 = ( GEOMETRIC_REPRESENTATION_CONTEXT(2) 
PARAMETRIC_REPRESENTATION_CONTEXT() REPRESENTATION_CONTEXT('2D SPACE',''
  ) );
#10620 = PCURVE('',#7671,#10621);
#10621 = DEFINITIONAL_REPRESENTATION('',(#10622),#10626);
#10622 = LINE('',#10623,#10624);
#10623 = CARTESIAN_POINT('',(0.,-1.));
#10624 = VECTOR('',#10625,1.);
#10625 = DIRECTION('',(1.,0.));
#10626 = ( GEOMETRIC_REPRESENTATION_CONTEXT(2) 
PARAMETRIC_REPRESENTATION_CONTEXT() REPRESENTATION_CONTEXT('2D SPACE',''
  ) );
#10627 = ORIENTED_EDGE('',*,*,#10628,.T.);
#10628 = EDGE_CURVE('',#10606,#10629,#10631,.T.);
#10629 = VERTEX_POINT('',#10630);
#10630 = CARTESIAN_POINT('',(48.930162187801,16.065155718993,5.));
#10631 = SURFACE_CURVE('',#10632,(#10636,#10643),.PCURVE_S1.);
#10632 = LINE('',#10633,#10634);
#10633 = CARTESIAN_POINT('',(48.366987041533,17.688543312669,5.));
#10634 = VECTOR('',#10635,1.);
#10635 = DIRECTION('',(0.327751426689,-0.944763992912,0.));
#10636 = PCURVE('',#6954,#10637);
#10637 = DEFINITIONAL_REPRESENTATION('',(#10638),#10642);
#10638 = LINE('',#10639,#10640);
#10639 = CARTESIAN_POINT('',(-2.499037971496,12.566603920128));
#10640 = VECTOR('',#10641,1.);
#10641 = DIRECTION('',(0.327751426689,-0.944763992912));
#10642 = ( GEOMETRIC_REPRESENTATION_CONTEXT(2) 
PARAMETRIC_REPRESENTATION_CONTEXT() REPRESENTATION_CONTEXT('2D SPACE',''
  ) );
#10643 = PCURVE('',#10644,#10649);
#10644 = PLANE('',#10645);
#10645 = AXIS2_PLACEMENT_3D('',#10646,#10647,#10648);
#10646 = CARTESIAN_POINT('',(48.366987041533,17.688543312669,4.));
#10647 = DIRECTION('',(0.944763992912,0.327751426689,0.));
#10648 = DIRECTION('',(0.327751426689,-0.944763992912,0.));
#10649 = DEFINITIONAL_REPRESENTATION('',(#10650),#10654);
#10650 = LINE('',#10651,#10652);
#10651 = CARTESIAN_POINT('',(0.,-1.));
#10652 = VECTOR('',#10653,1.);
#10653 = DIRECTION('',(1.,0.));
#10654 = ( GEOMETRIC_REPRESENTATION_CONTEXT(2) 
PARAMETRIC_REPRESENTATION_CONTEXT() REPRESENTATION_CONTEXT('2D SPACE',''
  ) );
#10655 = ORIENTED_EDGE('',*,*,#10656,.T.);
#10656 = EDGE_CURVE('',#10629,#10657,#10659,.T.);
#10657 = VERTEX_POINT('',#10658);
#10658 = CARTESIAN_POINT('',(49.438867007806,14.423883977087,5.));
#10659 = SURFACE_CURVE('',#10660,(#10664,#10671),.PCURVE_S1.);
#10660 = LINE('',#10661,#10662);
#10661 = CARTESIAN_POINT('',(48.930162187801,16.065155718993,5.));
#10662 = VECTOR('',#10663,1.);
#10663 = DIRECTION('',(0.296051293501,-0.955172042941,0.));
#10664 = PCURVE('',#6954,#10665);
#10665 = DEFINITIONAL_REPRESENTATION('',(#10666),#10670);
#10666 = LINE('',#10667,#10668);
#10667 = CARTESIAN_POINT('',(-1.935862825228,10.943216326452));
#10668 = VECTOR('',#10669,1.);
#10669 = DIRECTION('',(0.296051293501,-0.955172042941));
#10670 = ( GEOMETRIC_REPRESENTATION_CONTEXT(2) 
PARAMETRIC_REPRESENTATION_CONTEXT() REPRESENTATION_CONTEXT('2D SPACE',''
  ) );
#10671 = PCURVE('',#10672,#10677);
#10672 = PLANE('',#10673);
#10673 = AXIS2_PLACEMENT_3D('',#10674,#10675,#10676);
#10674 = CARTESIAN_POINT('',(48.930162187801,16.065155718993,4.));
#10675 = DIRECTION('',(0.955172042941,0.296051293501,0.));
#10676 = DIRECTION('',(0.296051293501,-0.955172042941,0.));
#10677 = DEFINITIONAL_REPRESENTATION('',(#10678),#10682);
#10678 = LINE('',#10679,#10680);
#10679 = CARTESIAN_POINT('',(0.,-1.));
#10680 = VECTOR('',#10681,1.);
#10681 = DIRECTION('',(1.,0.));
#10682 = ( GEOMETRIC_REPRESENTATION_CONTEXT(2) 
PARAMETRIC_REPRESENTATION_CONTEXT() REPRESENTATION_CONTEXT('2D SPACE',''
  ) );
#10683 = ORIENTED_EDGE('',*,*,#10684,.T.);
#10684 = EDGE_CURVE('',#10657,#10685,#10687,.T.);
#10685 = VERTEX_POINT('',#10686);
#10686 = CARTESIAN_POINT('',(49.892535198142,12.766555193245,5.));
#10687 = SURFACE_CURVE('',#10688,(#10692,#10699),.PCURVE_S1.);
#10688 = LINE('',#10689,#10690);
#10689 = CARTESIAN_POINT('',(49.438867007806,14.423883977087,5.));
#10690 = VECTOR('',#10691,1.);
#10691 = DIRECTION('',(0.264021588331,-0.964516770666,0.));
#10692 = PCURVE('',#6954,#10693);
#10693 = DEFINITIONAL_REPRESENTATION('',(#10694),#10698);
#10694 = LINE('',#10695,#10696);
#10695 = CARTESIAN_POINT('',(-1.427158005223,9.301944584547));
#10696 = VECTOR('',#10697,1.);
#10697 = DIRECTION('',(0.264021588331,-0.964516770666));
#10698 = ( GEOMETRIC_REPRESENTATION_CONTEXT(2) 
PARAMETRIC_REPRESENTATION_CONTEXT() REPRESENTATION_CONTEXT('2D SPACE',''
  ) );
#10699 = PCURVE('',#10700,#10705);
#10700 = PLANE('',#10701);
#10701 = AXIS2_PLACEMENT_3D('',#10702,#10703,#10704);
#10702 = CARTESIAN_POINT('',(49.438867007806,14.423883977087,4.));
#10703 = DIRECTION('',(0.964516770666,0.264021588331,0.));
#10704 = DIRECTION('',(0.264021588331,-0.964516770666,0.));
#10705 = DEFINITIONAL_REPRESENTATION('',(#10706),#10710);
#10706 = LINE('',#10707,#10708);
#10707 = CARTESIAN_POINT('',(0.,-1.));
#10708 = VECTOR('',#10709,1.);
#10709 = DIRECTION('',(1.,0.));
#10710 = ( GEOMETRIC_REPRESENTATION_CONTEXT(2) 
PARAMETRIC_REPRESENTATION_CONTEXT() REPRESENTATION_CONTEXT('2D SPACE',''
  ) );
#10711 = ORIENTED_EDGE('',*,*,#10712,.T.);
#10712 = EDGE_CURVE('',#10685,#10713,#10715,.T.);
#10713 = VERTEX_POINT('',#10714);
#10714 = CARTESIAN_POINT('',(50.290661723607,11.095014348875,5.));
#10715 = SURFACE_CURVE('',#10716,(#10720,#10727),.PCURVE_S1.);
#10716 = LINE('',#10717,#10718);
#10717 = CARTESIAN_POINT('',(49.892535198142,12.766555193245,5.));
#10718 = VECTOR('',#10719,1.);
#10719 = DIRECTION('',(0.231697967477,-0.972787773292,0.));
#10720 = PCURVE('',#6954,#10721);
#10721 = DEFINITIONAL_REPRESENTATION('',(#10722),#10726);
#10722 = LINE('',#10723,#10724);
#10723 = CARTESIAN_POINT('',(-0.973489814887,7.644615800704));
#10724 = VECTOR('',#10725,1.);
#10725 = DIRECTION('',(0.231697967477,-0.972787773292));
#10726 = ( GEOMETRIC_REPRESENTATION_CONTEXT(2) 
PARAMETRIC_REPRESENTATION_CONTEXT() REPRESENTATION_CONTEXT('2D SPACE',''
  ) );
#10727 = PCURVE('',#10728,#10733);
#10728 = PLANE('',#10729);
#10729 = AXIS2_PLACEMENT_3D('',#10730,#10731,#10732);
#10730 = CARTESIAN_POINT('',(49.892535198142,12.766555193245,4.));
#10731 = DIRECTION('',(0.972787773292,0.231697967477,0.));
#10732 = DIRECTION('',(0.231697967477,-0.972787773292,0.));
#10733 = DEFINITIONAL_REPRESENTATION('',(#10734),#10738);
#10734 = LINE('',#10735,#10736);
#10735 = CARTESIAN_POINT('',(0.,-1.));
#10736 = VECTOR('',#10737,1.);
#10737 = DIRECTION('',(1.,0.));
#10738 = ( GEOMETRIC_REPRESENTATION_CONTEXT(2) 
PARAMETRIC_REPRESENTATION_CONTEXT() REPRESENTATION_CONTEXT('2D SPACE',''
  ) );
#10739 = ORIENTED_EDGE('',*,*,#10740,.T.);
#10740 = EDGE_CURVE('',#10713,#10741,#10743,.T.);
#10741 = VERTEX_POINT('',#10742);
#10742 = CARTESIAN_POINT('',(50.632803379421,9.411122246621,5.));
#10743 = SURFACE_CURVE('',#10744,(#10748,#10755),.PCURVE_S1.);
#10744 = LINE('',#10745,#10746);
#10745 = CARTESIAN_POINT('',(50.290661723607,11.095014348875,5.));
#10746 = VECTOR('',#10747,1.);
#10747 = DIRECTION('',(0.199116414434,-0.979975843326,0.));
#10748 = PCURVE('',#6954,#10749);
#10749 = DEFINITIONAL_REPRESENTATION('',(#10750),#10754);
#10750 = LINE('',#10751,#10752);
#10751 = CARTESIAN_POINT('',(-0.575363289422,5.973074956335));
#10752 = VECTOR('',#10753,1.);
#10753 = DIRECTION('',(0.199116414434,-0.979975843326));
#10754 = ( GEOMETRIC_REPRESENTATION_CONTEXT(2) 
PARAMETRIC_REPRESENTATION_CONTEXT() REPRESENTATION_CONTEXT('2D SPACE',''
  ) );
#10755 = PCURVE('',#10756,#10761);
#10756 = PLANE('',#10757);
#10757 = AXIS2_PLACEMENT_3D('',#10758,#10759,#10760);
#10758 = CARTESIAN_POINT('',(50.290661723607,11.095014348875,4.));
#10759 = DIRECTION('',(0.979975843326,0.199116414434,0.));
#10760 = DIRECTION('',(0.199116414434,-0.979975843326,0.));
#10761 = DEFINITIONAL_REPRESENTATION('',(#10762),#10766);
#10762 = LINE('',#10763,#10764);
#10763 = CARTESIAN_POINT('',(0.,-1.));
#10764 = VECTOR('',#10765,1.);
#10765 = DIRECTION('',(1.,0.));
#10766 = ( GEOMETRIC_REPRESENTATION_CONTEXT(2) 
PARAMETRIC_REPRESENTATION_CONTEXT() REPRESENTATION_CONTEXT('2D SPACE',''
  ) );
#10767 = ORIENTED_EDGE('',*,*,#10768,.T.);
#10768 = EDGE_CURVE('',#10741,#10769,#10771,.T.);
#10769 = VERTEX_POINT('',#10770);
#10770 = CARTESIAN_POINT('',(50.918579284616,7.716753438869,5.));
#10771 = SURFACE_CURVE('',#10772,(#10776,#10783),.PCURVE_S1.);
#10772 = LINE('',#10773,#10774);
#10773 = CARTESIAN_POINT('',(50.632803379421,9.411122246621,5.));
#10774 = VECTOR('',#10775,1.);
#10775 = DIRECTION('',(0.166313199831,-0.986072978822,0.));
#10776 = PCURVE('',#6954,#10777);
#10777 = DEFINITIONAL_REPRESENTATION('',(#10778),#10782);
#10778 = LINE('',#10779,#10780);
#10779 = CARTESIAN_POINT('',(-0.233221633608,4.289182854081));
#10780 = VECTOR('',#10781,1.);
#10781 = DIRECTION('',(0.166313199831,-0.986072978822));
#10782 = ( GEOMETRIC_REPRESENTATION_CONTEXT(2) 
PARAMETRIC_REPRESENTATION_CONTEXT() REPRESENTATION_CONTEXT('2D SPACE',''
  ) );
#10783 = PCURVE('',#10784,#10789);
#10784 = PLANE('',#10785);
#10785 = AXIS2_PLACEMENT_3D('',#10786,#10787,#10788);
#10786 = CARTESIAN_POINT('',(50.632803379421,9.411122246621,4.));
#10787 = DIRECTION('',(0.986072978822,0.166313199831,0.));
#10788 = DIRECTION('',(0.166313199831,-0.986072978822,0.));
#10789 = DEFINITIONAL_REPRESENTATION('',(#10790),#10794);
#10790 = LINE('',#10791,#10792);
#10791 = CARTESIAN_POINT('',(0.,-1.));
#10792 = VECTOR('',#10793,1.);
#10793 = DIRECTION('',(1.,0.));
#10794 = ( GEOMETRIC_REPRESENTATION_CONTEXT(2) 
PARAMETRIC_REPRESENTATION_CONTEXT() REPRESENTATION_CONTEXT('2D SPACE',''
  ) );
#10795 = ORIENTED_EDGE('',*,*,#10796,.T.);
#10796 = EDGE_CURVE('',#10769,#10797,#10799,.T.);
#10797 = VERTEX_POINT('',#10798);
#10798 = CARTESIAN_POINT('',(51.147671306037,6.013794140942,5.));
#10799 = SURFACE_CURVE('',#10800,(#10804,#10811),.PCURVE_S1.);
#10800 = LINE('',#10801,#10802);
#10801 = CARTESIAN_POINT('',(50.918579284616,7.716753438869,5.));
#10802 = VECTOR('',#10803,1.);
#10803 = DIRECTION('',(0.133324841058,-0.991072392289,0.));
#10804 = PCURVE('',#6954,#10805);
#10805 = DEFINITIONAL_REPRESENTATION('',(#10806),#10810);
#10806 = LINE('',#10807,#10808);
#10807 = CARTESIAN_POINT('',(5.255427158688E-02,2.594814046328));
#10808 = VECTOR('',#10809,1.);
#10809 = DIRECTION('',(0.133324841058,-0.991072392289));
#10810 = ( GEOMETRIC_REPRESENTATION_CONTEXT(2) 
PARAMETRIC_REPRESENTATION_CONTEXT() REPRESENTATION_CONTEXT('2D SPACE',''
  ) );
#10811 = PCURVE('',#10812,#10817);
#10812 = PLANE('',#10813);
#10813 = AXIS2_PLACEMENT_3D('',#10814,#10815,#10816);
#10814 = CARTESIAN_POINT('',(50.918579284616,7.716753438869,4.));
#10815 = DIRECTION('',(0.991072392289,0.133324841058,0.));
#10816 = DIRECTION('',(0.133324841058,-0.991072392289,0.));
#10817 = DEFINITIONAL_REPRESENTATION('',(#10818),#10822);
#10818 = LINE('',#10819,#10820);
#10819 = CARTESIAN_POINT('',(0.,-1.));
#10820 = VECTOR('',#10821,1.);
#10821 = DIRECTION('',(1.,0.));
#10822 = ( GEOMETRIC_REPRESENTATION_CONTEXT(2) 
PARAMETRIC_REPRESENTATION_CONTEXT() REPRESENTATION_CONTEXT('2D SPACE',''
  ) );
#10823 = ORIENTED_EDGE('',*,*,#10824,.T.);
#10824 = EDGE_CURVE('',#10797,#10825,#10827,.T.);
#10825 = VERTEX_POINT('',#10826);
#10826 = CARTESIAN_POINT('',(51.319824412501,4.304140131322,5.));
#10827 = SURFACE_CURVE('',#10828,(#10832,#10839),.PCURVE_S1.);
#10828 = LINE('',#10829,#10830);
#10829 = CARTESIAN_POINT('',(51.147671306037,6.013794140942,5.));
#10830 = VECTOR('',#10831,1.);
#10831 = DIRECTION('',(0.100188061612,-0.994968518251,0.));
#10832 = PCURVE('',#6954,#10833);
#10833 = DEFINITIONAL_REPRESENTATION('',(#10834),#10838);
#10834 = LINE('',#10835,#10836);
#10835 = CARTESIAN_POINT('',(0.281646293008,0.891854748401));
#10836 = VECTOR('',#10837,1.);
#10837 = DIRECTION('',(0.100188061612,-0.994968518251));
#10838 = ( GEOMETRIC_REPRESENTATION_CONTEXT(2) 
PARAMETRIC_REPRESENTATION_CONTEXT() REPRESENTATION_CONTEXT('2D SPACE',''
  ) );
#10839 = PCURVE('',#10840,#10845);
#10840 = PLANE('',#10841);
#10841 = AXIS2_PLACEMENT_3D('',#10842,#10843,#10844);
#10842 = CARTESIAN_POINT('',(51.147671306037,6.013794140942,4.));
#10843 = DIRECTION('',(0.994968518251,0.100188061612,0.));
#10844 = DIRECTION('',(0.100188061612,-0.994968518251,0.));
#10845 = DEFINITIONAL_REPRESENTATION('',(#10846),#10850);
#10846 = LINE('',#10847,#10848);
#10847 = CARTESIAN_POINT('',(0.,-1.));
#10848 = VECTOR('',#10849,1.);
#10849 = DIRECTION('',(1.,0.));
#10850 = ( GEOMETRIC_REPRESENTATION_CONTEXT(2) 
PARAMETRIC_REPRESENTATION_CONTEXT() REPRESENTATION_CONTEXT('2D SPACE',''
  ) );
#10851 = ORIENTED_EDGE('',*,*,#10852,.T.);
#10852 = EDGE_CURVE('',#10825,#10853,#10855,.T.);
#10853 = VERTEX_POINT('',#10854);
#10854 = CARTESIAN_POINT('',(51.434846958704,2.589694641217,5.));
#10855 = SURFACE_CURVE('',#10856,(#10860,#10867),.PCURVE_S1.);
#10856 = LINE('',#10857,#10858);
#10857 = CARTESIAN_POINT('',(51.319824412501,4.304140131322,5.));
#10858 = VECTOR('',#10859,1.);
#10859 = DIRECTION('',(6.69397502164E-02,-0.99775701944,0.));
#10860 = PCURVE('',#6954,#10861);
#10861 = DEFINITIONAL_REPRESENTATION('',(#10862),#10866);
#10862 = LINE('',#10863,#10864);
#10863 = CARTESIAN_POINT('',(0.453799399472,-0.817799261219));
#10864 = VECTOR('',#10865,1.);
#10865 = DIRECTION('',(6.69397502164E-02,-0.99775701944));
#10866 = ( GEOMETRIC_REPRESENTATION_CONTEXT(2) 
PARAMETRIC_REPRESENTATION_CONTEXT() REPRESENTATION_CONTEXT('2D SPACE',''
  ) );
#10867 = PCURVE('',#10868,#10873);
#10868 = PLANE('',#10869);
#10869 = AXIS2_PLACEMENT_3D('',#10870,#10871,#10872);
#10870 = CARTESIAN_POINT('',(51.319824412501,4.304140131322,4.));
#10871 = DIRECTION('',(0.99775701944,6.69397502164E-02,0.));
#10872 = DIRECTION('',(6.69397502164E-02,-0.99775701944,0.));
#10873 = DEFINITIONAL_REPRESENTATION('',(#10874),#10878);
#10874 = LINE('',#10875,#10876);
#10875 = CARTESIAN_POINT('',(0.,-1.));
#10876 = VECTOR('',#10877,1.);
#10877 = DIRECTION('',(1.,0.));
#10878 = ( GEOMETRIC_REPRESENTATION_CONTEXT(2) 
PARAMETRIC_REPRESENTATION_CONTEXT() REPRESENTATION_CONTEXT('2D SPACE',''
  ) );
#10879 = ORIENTED_EDGE('',*,*,#10880,.T.);
#10880 = EDGE_CURVE('',#10853,#10881,#10883,.T.);
#10881 = VERTEX_POINT('',#10882);
#10882 = CARTESIAN_POINT('',(51.492610898561,0.872366235836,5.));
#10883 = SURFACE_CURVE('',#10884,(#10888,#10895),.PCURVE_S1.);
#10884 = LINE('',#10885,#10886);
#10885 = CARTESIAN_POINT('',(51.434846958704,2.589694641217,5.));
#10886 = VECTOR('',#10887,1.);
#10887 = DIRECTION('',(3.361691975374E-02,-0.999434791623,0.));
#10888 = PCURVE('',#6954,#10889);
#10889 = DEFINITIONAL_REPRESENTATION('',(#10890),#10894);
#10890 = LINE('',#10891,#10892);
#10891 = CARTESIAN_POINT('',(0.568821945675,-2.532244751323));
#10892 = VECTOR('',#10893,1.);
#10893 = DIRECTION('',(3.361691975374E-02,-0.999434791623));
#10894 = ( GEOMETRIC_REPRESENTATION_CONTEXT(2) 
PARAMETRIC_REPRESENTATION_CONTEXT() REPRESENTATION_CONTEXT('2D SPACE',''
  ) );
#10895 = PCURVE('',#10896,#10901);
#10896 = PLANE('',#10897);
#10897 = AXIS2_PLACEMENT_3D('',#10898,#10899,#10900);
#10898 = CARTESIAN_POINT('',(51.434846958704,2.589694641217,4.));
#10899 = DIRECTION('',(0.999434791623,3.361691975374E-02,0.));
#10900 = DIRECTION('',(3.361691975374E-02,-0.999434791623,0.));
#10901 = DEFINITIONAL_REPRESENTATION('',(#10902),#10906);
#10902 = LINE('',#10903,#10904);
#10903 = CARTESIAN_POINT('',(0.,-1.));
#10904 = VECTOR('',#10905,1.);
#10905 = DIRECTION('',(1.,0.));
#10906 = ( GEOMETRIC_REPRESENTATION_CONTEXT(2) 
PARAMETRIC_REPRESENTATION_CONTEXT() REPRESENTATION_CONTEXT('2D SPACE',''
  ) );
#10907 = ORIENTED_EDGE('',*,*,#10908,.T.);
#10908 = EDGE_CURVE('',#10881,#10909,#10911,.T.);
#10909 = VERTEX_POINT('',#10910);
#10910 = CARTESIAN_POINT('',(51.493051927756,-0.845933310276,5.));
#10911 = SURFACE_CURVE('',#10912,(#10916,#10923),.PCURVE_S1.);
#10912 = LINE('',#10913,#10914);
#10913 = CARTESIAN_POINT('',(51.492610898561,0.872366235836,5.));
#10914 = VECTOR('',#10915,1.);
#10915 = DIRECTION('',(2.566660636513E-04,-0.999999967061,0.));
#10916 = PCURVE('',#6954,#10917);
#10917 = DEFINITIONAL_REPRESENTATION('',(#10918),#10922);
#10918 = LINE('',#10919,#10920);
#10919 = CARTESIAN_POINT('',(0.626585885532,-4.249573156704));
#10920 = VECTOR('',#10921,1.);
#10921 = DIRECTION('',(2.566660636513E-04,-0.999999967061));
#10922 = ( GEOMETRIC_REPRESENTATION_CONTEXT(2) 
PARAMETRIC_REPRESENTATION_CONTEXT() REPRESENTATION_CONTEXT('2D SPACE',''
  ) );
#10923 = PCURVE('',#10924,#10929);
#10924 = PLANE('',#10925);
#10925 = AXIS2_PLACEMENT_3D('',#10926,#10927,#10928);
#10926 = CARTESIAN_POINT('',(51.492610898561,0.872366235836,4.));
#10927 = DIRECTION('',(0.999999967061,2.566660636513E-04,0.));
#10928 = DIRECTION('',(2.566660636513E-04,-0.999999967061,0.));
#10929 = DEFINITIONAL_REPRESENTATION('',(#10930),#10934);
#10930 = LINE('',#10931,#10932);
#10931 = CARTESIAN_POINT('',(0.,-1.));
#10932 = VECTOR('',#10933,1.);
#10933 = DIRECTION('',(1.,0.));
#10934 = ( GEOMETRIC_REPRESENTATION_CONTEXT(2) 
PARAMETRIC_REPRESENTATION_CONTEXT() REPRESENTATION_CONTEXT('2D SPACE',''
  ) );
#10935 = ORIENTED_EDGE('',*,*,#10936,.T.);
#10936 = EDGE_CURVE('',#10909,#10937,#10939,.T.);
#10937 = VERTEX_POINT('',#10938);
#10938 = CARTESIAN_POINT('',(51.436169555324,-2.563291141475,5.));
#10939 = SURFACE_CURVE('',#10940,(#10944,#10951),.PCURVE_S1.);
#10940 = LINE('',#10941,#10942);
#10941 = CARTESIAN_POINT('',(51.493051927756,-0.845933310276,5.));
#10942 = VECTOR('',#10943,1.);
#10943 = DIRECTION('',(-3.310387335376E-02,-0.999451916587,0.));
#10944 = PCURVE('',#6954,#10945);
#10945 = DEFINITIONAL_REPRESENTATION('',(#10946),#10950);
#10946 = LINE('',#10947,#10948);
#10947 = CARTESIAN_POINT('',(0.627026914727,-5.967872702816));
#10948 = VECTOR('',#10949,1.);
#10949 = DIRECTION('',(-3.310387335376E-02,-0.999451916587));
#10950 = ( GEOMETRIC_REPRESENTATION_CONTEXT(2) 
PARAMETRIC_REPRESENTATION_CONTEXT() REPRESENTATION_CONTEXT('2D SPACE',''
  ) );
#10951 = PCURVE('',#10952,#10957);
#10952 = PLANE('',#10953);
#10953 = AXIS2_PLACEMENT_3D('',#10954,#10955,#10956);
#10954 = CARTESIAN_POINT('',(51.493051927756,-0.845933310276,4.));
#10955 = DIRECTION('',(0.999451916587,-3.310387335376E-02,0.));
#10956 = DIRECTION('',(-3.310387335376E-02,-0.999451916587,0.));
#10957 = DEFINITIONAL_REPRESENTATION('',(#10958),#10962);
#10958 = LINE('',#10959,#10960);
#10959 = CARTESIAN_POINT('',(0.,-1.));
#10960 = VECTOR('',#10961,1.);
#10961 = DIRECTION('',(1.,-0.));
#10962 = ( GEOMETRIC_REPRESENTATION_CONTEXT(2) 
PARAMETRIC_REPRESENTATION_CONTEXT() REPRESENTATION_CONTEXT('2D SPACE',''
  ) );
#10963 = ORIENTED_EDGE('',*,*,#10964,.T.);
#10964 = EDGE_CURVE('',#10937,#10965,#10967,.T.);
#10965 = VERTEX_POINT('',#10966);
#10966 = CARTESIAN_POINT('',(51.322027104198,-4.277795450459,5.));
#10967 = SURFACE_CURVE('',#10968,(#10972,#10979),.PCURVE_S1.);
#10968 = LINE('',#10969,#10970);
#10969 = CARTESIAN_POINT('',(51.436169555324,-2.563291141475,5.));
#10970 = VECTOR('',#10971,1.);
#10971 = DIRECTION('',(-6.642756068031E-02,-0.997791250303,0.));
#10972 = PCURVE('',#6954,#10973);
#10973 = DEFINITIONAL_REPRESENTATION('',(#10974),#10978);
#10974 = LINE('',#10975,#10976);
#10975 = CARTESIAN_POINT('',(0.570144542295,-7.685230534015));
#10976 = VECTOR('',#10977,1.);
#10977 = DIRECTION('',(-6.642756068031E-02,-0.997791250303));
#10978 = ( GEOMETRIC_REPRESENTATION_CONTEXT(2) 
PARAMETRIC_REPRESENTATION_CONTEXT() REPRESENTATION_CONTEXT('2D SPACE',''
  ) );
#10979 = PCURVE('',#10980,#10985);
#10980 = PLANE('',#10981);
#10981 = AXIS2_PLACEMENT_3D('',#10982,#10983,#10984);
#10982 = CARTESIAN_POINT('',(51.436169555324,-2.563291141475,4.));
#10983 = DIRECTION('',(0.997791250303,-6.642756068031E-02,0.));
#10984 = DIRECTION('',(-6.642756068031E-02,-0.997791250303,0.));
#10985 = DEFINITIONAL_REPRESENTATION('',(#10986),#10990);
#10986 = LINE('',#10987,#10988);
#10987 = CARTESIAN_POINT('',(0.,-1.));
#10988 = VECTOR('',#10989,1.);
#10989 = DIRECTION('',(1.,-0.));
#10990 = ( GEOMETRIC_REPRESENTATION_CONTEXT(2) 
PARAMETRIC_REPRESENTATION_CONTEXT() REPRESENTATION_CONTEXT('2D SPACE',''
  ) );
#10991 = ORIENTED_EDGE('',*,*,#10992,.T.);
#10992 = EDGE_CURVE('',#10965,#10993,#10995,.T.);
#10993 = VERTEX_POINT('',#10994);
#10994 = CARTESIAN_POINT('',(51.150751640716,-5.987537606541,5.));
#10995 = SURFACE_CURVE('',#10996,(#11000,#11007),.PCURVE_S1.);
#10996 = LINE('',#10997,#10998);
#10997 = CARTESIAN_POINT('',(51.322027104198,-4.277795450459,5.));
#10998 = VECTOR('',#10999,1.);
#10999 = DIRECTION('',(-9.967729912255E-02,-0.995019816908,0.));
#11000 = PCURVE('',#6954,#11001);
#11001 = DEFINITIONAL_REPRESENTATION('',(#11002),#11006);
#11002 = LINE('',#11003,#11004);
#11003 = CARTESIAN_POINT('',(0.456002091169,-9.399734842999));
#11004 = VECTOR('',#11005,1.);
#11005 = DIRECTION('',(-9.967729912255E-02,-0.995019816908));
#11006 = ( GEOMETRIC_REPRESENTATION_CONTEXT(2) 
PARAMETRIC_REPRESENTATION_CONTEXT() REPRESENTATION_CONTEXT('2D SPACE',''
  ) );
#11007 = PCURVE('',#11008,#11013);
#11008 = PLANE('',#11009);
#11009 = AXIS2_PLACEMENT_3D('',#11010,#11011,#11012);
#11010 = CARTESIAN_POINT('',(51.322027104198,-4.277795450459,4.));
#11011 = DIRECTION('',(0.995019816908,-9.967729912255E-02,0.));
#11012 = DIRECTION('',(-9.967729912255E-02,-0.995019816908,0.));
#11013 = DEFINITIONAL_REPRESENTATION('',(#11014),#11018);
#11014 = LINE('',#11015,#11016);
#11015 = CARTESIAN_POINT('',(0.,-1.));
#11016 = VECTOR('',#11017,1.);
#11017 = DIRECTION('',(1.,-0.));
#11018 = ( GEOMETRIC_REPRESENTATION_CONTEXT(2) 
PARAMETRIC_REPRESENTATION_CONTEXT() REPRESENTATION_CONTEXT('2D SPACE',''
  ) );
#11019 = ORIENTED_EDGE('',*,*,#11020,.T.);
#11020 = EDGE_CURVE('',#10993,#11021,#11023,.T.);
#11021 = VERTEX_POINT('',#11022);
#11022 = CARTESIAN_POINT('',(50.92253383317,-7.690614280386,5.));
#11023 = SURFACE_CURVE('',#11024,(#11028,#11035),.PCURVE_S1.);
#11024 = LINE('',#11025,#11026);
#11025 = CARTESIAN_POINT('',(51.150751640716,-5.987537606541,5.));
#11026 = VECTOR('',#11027,1.);
#11027 = DIRECTION('',(-0.132816074209,-0.991140701632,0.));
#11028 = PCURVE('',#6954,#11029);
#11029 = DEFINITIONAL_REPRESENTATION('',(#11030),#11034);
#11030 = LINE('',#11031,#11032);
#11031 = CARTESIAN_POINT('',(0.284726627687,-11.10947699908));
#11032 = VECTOR('',#11033,1.);
#11033 = DIRECTION('',(-0.132816074209,-0.991140701632));
#11034 = ( GEOMETRIC_REPRESENTATION_CONTEXT(2) 
PARAMETRIC_REPRESENTATION_CONTEXT() REPRESENTATION_CONTEXT('2D SPACE',''
  ) );
#11035 = PCURVE('',#11036,#11041);
#11036 = PLANE('',#11037);
#11037 = AXIS2_PLACEMENT_3D('',#11038,#11039,#11040);
#11038 = CARTESIAN_POINT('',(51.150751640716,-5.987537606541,4.));
#11039 = DIRECTION('',(0.991140701632,-0.132816074209,0.));
#11040 = DIRECTION('',(-0.132816074209,-0.991140701632,0.));
#11041 = DEFINITIONAL_REPRESENTATION('',(#11042),#11046);
#11042 = LINE('',#11043,#11044);
#11043 = CARTESIAN_POINT('',(0.,-1.));
#11044 = VECTOR('',#11045,1.);
#11045 = DIRECTION('',(1.,-0.));
#11046 = ( GEOMETRIC_REPRESENTATION_CONTEXT(2) 
PARAMETRIC_REPRESENTATION_CONTEXT() REPRESENTATION_CONTEXT('2D SPACE',''
  ) );
#11047 = ORIENTED_EDGE('',*,*,#11048,.T.);
#11048 = EDGE_CURVE('',#11021,#9230,#11049,.T.);
#11049 = SURFACE_CURVE('',#11050,(#11054,#11061),.PCURVE_S1.);
#11050 = LINE('',#11051,#11052);
#11051 = CARTESIAN_POINT('',(50.92253383317,-7.690614280386,5.));
#11052 = VECTOR('',#11053,1.);
#11053 = DIRECTION('',(-0.165806994995,-0.986158222807,0.));
#11054 = PCURVE('',#6954,#11055);
#11055 = DEFINITIONAL_REPRESENTATION('',(#11056),#11060);
#11056 = LINE('',#11057,#11058);
#11057 = CARTESIAN_POINT('',(5.650882014086E-02,-12.81255367292));
#11058 = VECTOR('',#11059,1.);
#11059 = DIRECTION('',(-0.165806994995,-0.986158222807));
#11060 = ( GEOMETRIC_REPRESENTATION_CONTEXT(2) 
PARAMETRIC_REPRESENTATION_CONTEXT() REPRESENTATION_CONTEXT('2D SPACE',''
  ) );
#11061 = PCURVE('',#9245,#11062);
#11062 = DEFINITIONAL_REPRESENTATION('',(#11063),#11067);
#11063 = LINE('',#11064,#11065);
#11064 = CARTESIAN_POINT('',(0.,-1.));
#11065 = VECTOR('',#11066,1.);
#11066 = DIRECTION('',(1.,-0.));
#11067 = ( GEOMETRIC_REPRESENTATION_CONTEXT(2) 
PARAMETRIC_REPRESENTATION_CONTEXT() REPRESENTATION_CONTEXT('2D SPACE',''
  ) );
#11068 = ORIENTED_EDGE('',*,*,#9257,.T.);
#11069 = ADVANCED_FACE('',(#11070),#7385,.F.);
#11070 = FACE_BOUND('',#11071,.F.);
#11071 = EDGE_LOOP('',(#11072,#11073,#11096,#11119));
#11072 = ORIENTED_EDGE('',*,*,#7371,.F.);
#11073 = ORIENTED_EDGE('',*,*,#11074,.T.);
#11074 = EDGE_CURVE('',#3972,#11075,#11077,.T.);
#11075 = VERTEX_POINT('',#11076);
#11076 = CARTESIAN_POINT('',(51.321016240889,9.53904041308,4.));
#11077 = SURFACE_CURVE('',#11078,(#11082,#11089),.PCURVE_S1.);
#11078 = LINE('',#11079,#11080);
#11079 = CARTESIAN_POINT('',(51.321016240889,9.53904041308,1.5));
#11080 = VECTOR('',#11081,1.);
#11081 = DIRECTION('',(0.,0.,1.));
#11082 = PCURVE('',#7385,#11083);
#11083 = DEFINITIONAL_REPRESENTATION('',(#11084),#11088);
#11084 = LINE('',#11085,#11086);
#11085 = CARTESIAN_POINT('',(0.,0.));
#11086 = VECTOR('',#11087,1.);
#11087 = DIRECTION('',(0.,-1.));
#11088 = ( GEOMETRIC_REPRESENTATION_CONTEXT(2) 
PARAMETRIC_REPRESENTATION_CONTEXT() REPRESENTATION_CONTEXT('2D SPACE',''
  ) );
#11089 = PCURVE('',#7416,#11090);
#11090 = DEFINITIONAL_REPRESENTATION('',(#11091),#11095);
#11091 = LINE('',#11092,#11093);
#11092 = CARTESIAN_POINT('',(1.741655131291,0.));
#11093 = VECTOR('',#11094,1.);
#11094 = DIRECTION('',(0.,-1.));
#11095 = ( GEOMETRIC_REPRESENTATION_CONTEXT(2) 
PARAMETRIC_REPRESENTATION_CONTEXT() REPRESENTATION_CONTEXT('2D SPACE',''
  ) );
#11096 = ORIENTED_EDGE('',*,*,#11097,.F.);
#11097 = EDGE_CURVE('',#11098,#11075,#11100,.T.);
#11098 = VERTEX_POINT('',#11099);
#11099 = CARTESIAN_POINT('',(51.610676478776,7.821641349688,4.));
#11100 = SURFACE_CURVE('',#11101,(#11105,#11112),.PCURVE_S1.);
#11101 = LINE('',#11102,#11103);
#11102 = CARTESIAN_POINT('',(51.610676478776,7.821641349688,4.));
#11103 = VECTOR('',#11104,1.);
#11104 = DIRECTION('',(-0.166313199831,0.986072978822,0.));
#11105 = PCURVE('',#7385,#11106);
#11106 = DEFINITIONAL_REPRESENTATION('',(#11107),#11111);
#11107 = LINE('',#11108,#11109);
#11108 = CARTESIAN_POINT('',(1.741655131291,-2.5));
#11109 = VECTOR('',#11110,1.);
#11110 = DIRECTION('',(-1.,0.));
#11111 = ( GEOMETRIC_REPRESENTATION_CONTEXT(2) 
PARAMETRIC_REPRESENTATION_CONTEXT() REPRESENTATION_CONTEXT('2D SPACE',''
  ) );
#11112 = PCURVE('',#7595,#11113);
#11113 = DEFINITIONAL_REPRESENTATION('',(#11114),#11118);
#11114 = LINE('',#11115,#11116);
#11115 = CARTESIAN_POINT('',(0.744651465747,2.699701957148));
#11116 = VECTOR('',#11117,1.);
#11117 = DIRECTION('',(-0.166313199831,0.986072978822));
#11118 = ( GEOMETRIC_REPRESENTATION_CONTEXT(2) 
PARAMETRIC_REPRESENTATION_CONTEXT() REPRESENTATION_CONTEXT('2D SPACE',''
  ) );
#11119 = ORIENTED_EDGE('',*,*,#11120,.F.);
#11120 = EDGE_CURVE('',#4052,#11098,#11121,.T.);
#11121 = SURFACE_CURVE('',#11122,(#11126,#11133),.PCURVE_S1.);
#11122 = LINE('',#11123,#11124);
#11123 = CARTESIAN_POINT('',(51.610676478776,7.821641349688,1.5));
#11124 = VECTOR('',#11125,1.);
#11125 = DIRECTION('',(0.,0.,1.));
#11126 = PCURVE('',#7385,#11127);
#11127 = DEFINITIONAL_REPRESENTATION('',(#11128),#11132);
#11128 = LINE('',#11129,#11130);
#11129 = CARTESIAN_POINT('',(1.741655131291,0.));
#11130 = VECTOR('',#11131,1.);
#11131 = DIRECTION('',(0.,-1.));
#11132 = ( GEOMETRIC_REPRESENTATION_CONTEXT(2) 
PARAMETRIC_REPRESENTATION_CONTEXT() REPRESENTATION_CONTEXT('2D SPACE',''
  ) );
#11133 = PCURVE('',#9631,#11134);
#11134 = DEFINITIONAL_REPRESENTATION('',(#11135),#11139);
#11135 = LINE('',#11136,#11137);
#11136 = CARTESIAN_POINT('',(0.,0.));
#11137 = VECTOR('',#11138,1.);
#11138 = DIRECTION('',(0.,-1.));
#11139 = ( GEOMETRIC_REPRESENTATION_CONTEXT(2) 
PARAMETRIC_REPRESENTATION_CONTEXT() REPRESENTATION_CONTEXT('2D SPACE',''
  ) );
#11140 = ADVANCED_FACE('',(#11141),#7416,.F.);
#11141 = FACE_BOUND('',#11142,.F.);
#11142 = EDGE_LOOP('',(#11143,#11144,#11167,#11188));
#11143 = ORIENTED_EDGE('',*,*,#7402,.F.);
#11144 = ORIENTED_EDGE('',*,*,#11145,.T.);
#11145 = EDGE_CURVE('',#5801,#11146,#11148,.T.);
#11146 = VERTEX_POINT('',#11147);
#11147 = CARTESIAN_POINT('',(50.974224115967,11.245820369151,4.));
#11148 = SURFACE_CURVE('',#11149,(#11153,#11160),.PCURVE_S1.);
#11149 = LINE('',#11150,#11151);
#11150 = CARTESIAN_POINT('',(50.974224115967,11.245820369151,1.5));
#11151 = VECTOR('',#11152,1.);
#11152 = DIRECTION('',(0.,0.,1.));
#11153 = PCURVE('',#7416,#11154);
#11154 = DEFINITIONAL_REPRESENTATION('',(#11155),#11159);
#11155 = LINE('',#11156,#11157);
#11156 = CARTESIAN_POINT('',(0.,0.));
#11157 = VECTOR('',#11158,1.);
#11158 = DIRECTION('',(0.,-1.));
#11159 = ( GEOMETRIC_REPRESENTATION_CONTEXT(2) 
PARAMETRIC_REPRESENTATION_CONTEXT() REPRESENTATION_CONTEXT('2D SPACE',''
  ) );
#11160 = PCURVE('',#7446,#11161);
#11161 = DEFINITIONAL_REPRESENTATION('',(#11162),#11166);
#11162 = LINE('',#11163,#11164);
#11163 = CARTESIAN_POINT('',(1.741655131291,0.));
#11164 = VECTOR('',#11165,1.);
#11165 = DIRECTION('',(0.,-1.));
#11166 = ( GEOMETRIC_REPRESENTATION_CONTEXT(2) 
PARAMETRIC_REPRESENTATION_CONTEXT() REPRESENTATION_CONTEXT('2D SPACE',''
  ) );
#11167 = ORIENTED_EDGE('',*,*,#11168,.F.);
#11168 = EDGE_CURVE('',#11075,#11146,#11169,.T.);
#11169 = SURFACE_CURVE('',#11170,(#11174,#11181),.PCURVE_S1.);
#11170 = LINE('',#11171,#11172);
#11171 = CARTESIAN_POINT('',(51.321016240889,9.53904041308,4.));
#11172 = VECTOR('',#11173,1.);
#11173 = DIRECTION('',(-0.199116414434,0.979975843326,0.));
#11174 = PCURVE('',#7416,#11175);
#11175 = DEFINITIONAL_REPRESENTATION('',(#11176),#11180);
#11176 = LINE('',#11177,#11178);
#11177 = CARTESIAN_POINT('',(1.741655131291,-2.5));
#11178 = VECTOR('',#11179,1.);
#11179 = DIRECTION('',(-1.,0.));
#11180 = ( GEOMETRIC_REPRESENTATION_CONTEXT(2) 
PARAMETRIC_REPRESENTATION_CONTEXT() REPRESENTATION_CONTEXT('2D SPACE',''
  ) );
#11181 = PCURVE('',#7595,#11182);
#11182 = DEFINITIONAL_REPRESENTATION('',(#11183),#11187);
#11183 = LINE('',#11184,#11185);
#11184 = CARTESIAN_POINT('',(0.45499122786,4.41710102054));
#11185 = VECTOR('',#11186,1.);
#11186 = DIRECTION('',(-0.199116414434,0.979975843326));
#11187 = ( GEOMETRIC_REPRESENTATION_CONTEXT(2) 
PARAMETRIC_REPRESENTATION_CONTEXT() REPRESENTATION_CONTEXT('2D SPACE',''
  ) );
#11188 = ORIENTED_EDGE('',*,*,#11074,.F.);
#11189 = ADVANCED_FACE('',(#11190),#7446,.F.);
#11190 = FACE_BOUND('',#11191,.F.);
#11191 = EDGE_LOOP('',(#11192,#11193,#11216,#11237));
#11192 = ORIENTED_EDGE('',*,*,#7432,.F.);
#11193 = ORIENTED_EDGE('',*,*,#11194,.T.);
#11194 = EDGE_CURVE('',#5772,#11195,#11197,.T.);
#11195 = VERTEX_POINT('',#11196);
#11196 = CARTESIAN_POINT('',(50.570686162,12.940081186162,4.));
#11197 = SURFACE_CURVE('',#11198,(#11202,#11209),.PCURVE_S1.);
#11198 = LINE('',#11199,#11200);
#11199 = CARTESIAN_POINT('',(50.570686162,12.940081186162,1.5));
#11200 = VECTOR('',#11201,1.);
#11201 = DIRECTION('',(0.,0.,1.));
#11202 = PCURVE('',#7446,#11203);
#11203 = DEFINITIONAL_REPRESENTATION('',(#11204),#11208);
#11204 = LINE('',#11205,#11206);
#11205 = CARTESIAN_POINT('',(0.,0.));
#11206 = VECTOR('',#11207,1.);
#11207 = DIRECTION('',(0.,-1.));
#11208 = ( GEOMETRIC_REPRESENTATION_CONTEXT(2) 
PARAMETRIC_REPRESENTATION_CONTEXT() REPRESENTATION_CONTEXT('2D SPACE',''
  ) );
#11209 = PCURVE('',#7476,#11210);
#11210 = DEFINITIONAL_REPRESENTATION('',(#11211),#11215);
#11211 = LINE('',#11212,#11213);
#11212 = CARTESIAN_POINT('',(1.741655131291,0.));
#11213 = VECTOR('',#11214,1.);
#11214 = DIRECTION('',(0.,-1.));
#11215 = ( GEOMETRIC_REPRESENTATION_CONTEXT(2) 
PARAMETRIC_REPRESENTATION_CONTEXT() REPRESENTATION_CONTEXT('2D SPACE',''
  ) );
#11216 = ORIENTED_EDGE('',*,*,#11217,.F.);
#11217 = EDGE_CURVE('',#11146,#11195,#11218,.T.);
#11218 = SURFACE_CURVE('',#11219,(#11223,#11230),.PCURVE_S1.);
#11219 = LINE('',#11220,#11221);
#11220 = CARTESIAN_POINT('',(50.974224115967,11.245820369151,4.));
#11221 = VECTOR('',#11222,1.);
#11222 = DIRECTION('',(-0.231697967477,0.972787773292,0.));
#11223 = PCURVE('',#7446,#11224);
#11224 = DEFINITIONAL_REPRESENTATION('',(#11225),#11229);
#11225 = LINE('',#11226,#11227);
#11226 = CARTESIAN_POINT('',(1.741655131291,-2.5));
#11227 = VECTOR('',#11228,1.);
#11228 = DIRECTION('',(-1.,0.));
#11229 = ( GEOMETRIC_REPRESENTATION_CONTEXT(2) 
PARAMETRIC_REPRESENTATION_CONTEXT() REPRESENTATION_CONTEXT('2D SPACE',''
  ) );
#11230 = PCURVE('',#7595,#11231);
#11231 = DEFINITIONAL_REPRESENTATION('',(#11232),#11236);
#11232 = LINE('',#11233,#11234);
#11233 = CARTESIAN_POINT('',(0.108199102938,6.123880976611));
#11234 = VECTOR('',#11235,1.);
#11235 = DIRECTION('',(-0.231697967477,0.972787773292));
#11236 = ( GEOMETRIC_REPRESENTATION_CONTEXT(2) 
PARAMETRIC_REPRESENTATION_CONTEXT() REPRESENTATION_CONTEXT('2D SPACE',''
  ) );
#11237 = ORIENTED_EDGE('',*,*,#11145,.F.);
#11238 = ADVANCED_FACE('',(#11239),#7476,.F.);
#11239 = FACE_BOUND('',#11240,.F.);
#11240 = EDGE_LOOP('',(#11241,#11242,#11265,#11286));
#11241 = ORIENTED_EDGE('',*,*,#7462,.F.);
#11242 = ORIENTED_EDGE('',*,*,#11243,.T.);
#11243 = EDGE_CURVE('',#5743,#11244,#11246,.T.);
#11244 = VERTEX_POINT('',#11245);
#11245 = CARTESIAN_POINT('',(50.110851607912,14.619936769008,4.));
#11246 = SURFACE_CURVE('',#11247,(#11251,#11258),.PCURVE_S1.);
#11247 = LINE('',#11248,#11249);
#11248 = CARTESIAN_POINT('',(50.110851607912,14.619936769008,1.5));
#11249 = VECTOR('',#11250,1.);
#11250 = DIRECTION('',(0.,0.,1.));
#11251 = PCURVE('',#7476,#11252);
#11252 = DEFINITIONAL_REPRESENTATION('',(#11253),#11257);
#11253 = LINE('',#11254,#11255);
#11254 = CARTESIAN_POINT('',(0.,0.));
#11255 = VECTOR('',#11256,1.);
#11256 = DIRECTION('',(0.,-1.));
#11257 = ( GEOMETRIC_REPRESENTATION_CONTEXT(2) 
PARAMETRIC_REPRESENTATION_CONTEXT() REPRESENTATION_CONTEXT('2D SPACE',''
  ) );
#11258 = PCURVE('',#7506,#11259);
#11259 = DEFINITIONAL_REPRESENTATION('',(#11260),#11264);
#11260 = LINE('',#11261,#11262);
#11261 = CARTESIAN_POINT('',(1.741655131291,0.));
#11262 = VECTOR('',#11263,1.);
#11263 = DIRECTION('',(0.,-1.));
#11264 = ( GEOMETRIC_REPRESENTATION_CONTEXT(2) 
PARAMETRIC_REPRESENTATION_CONTEXT() REPRESENTATION_CONTEXT('2D SPACE',''
  ) );
#11265 = ORIENTED_EDGE('',*,*,#11266,.F.);
#11266 = EDGE_CURVE('',#11195,#11244,#11267,.T.);
#11267 = SURFACE_CURVE('',#11268,(#11272,#11279),.PCURVE_S1.);
#11268 = LINE('',#11269,#11270);
#11269 = CARTESIAN_POINT('',(50.570686162,12.940081186162,4.));
#11270 = VECTOR('',#11271,1.);
#11271 = DIRECTION('',(-0.264021588331,0.964516770666,0.));
#11272 = PCURVE('',#7476,#11273);
#11273 = DEFINITIONAL_REPRESENTATION('',(#11274),#11278);
#11274 = LINE('',#11275,#11276);
#11275 = CARTESIAN_POINT('',(1.741655131291,-2.5));
#11276 = VECTOR('',#11277,1.);
#11277 = DIRECTION('',(-1.,0.));
#11278 = ( GEOMETRIC_REPRESENTATION_CONTEXT(2) 
PARAMETRIC_REPRESENTATION_CONTEXT() REPRESENTATION_CONTEXT('2D SPACE',''
  ) );
#11279 = PCURVE('',#7595,#11280);
#11280 = DEFINITIONAL_REPRESENTATION('',(#11281),#11285);
#11281 = LINE('',#11282,#11283);
#11282 = CARTESIAN_POINT('',(-0.295338851029,7.818141793622));
#11283 = VECTOR('',#11284,1.);
#11284 = DIRECTION('',(-0.264021588331,0.964516770666));
#11285 = ( GEOMETRIC_REPRESENTATION_CONTEXT(2) 
PARAMETRIC_REPRESENTATION_CONTEXT() REPRESENTATION_CONTEXT('2D SPACE',''
  ) );
#11286 = ORIENTED_EDGE('',*,*,#11194,.F.);
#11287 = ADVANCED_FACE('',(#11288),#7506,.F.);
#11288 = FACE_BOUND('',#11289,.F.);
#11289 = EDGE_LOOP('',(#11290,#11291,#11314,#11335));
#11290 = ORIENTED_EDGE('',*,*,#7492,.F.);
#11291 = ORIENTED_EDGE('',*,*,#11292,.T.);
#11292 = EDGE_CURVE('',#5714,#11293,#11295,.T.);
#11293 = VERTEX_POINT('',#11294);
#11294 = CARTESIAN_POINT('',(49.59523235346,16.283517058863,4.));
#11295 = SURFACE_CURVE('',#11296,(#11300,#11307),.PCURVE_S1.);
#11296 = LINE('',#11297,#11298);
#11297 = CARTESIAN_POINT('',(49.59523235346,16.283517058863,1.5));
#11298 = VECTOR('',#11299,1.);
#11299 = DIRECTION('',(0.,0.,1.));
#11300 = PCURVE('',#7506,#11301);
#11301 = DEFINITIONAL_REPRESENTATION('',(#11302),#11306);
#11302 = LINE('',#11303,#11304);
#11303 = CARTESIAN_POINT('',(0.,0.));
#11304 = VECTOR('',#11305,1.);
#11305 = DIRECTION('',(0.,-1.));
#11306 = ( GEOMETRIC_REPRESENTATION_CONTEXT(2) 
PARAMETRIC_REPRESENTATION_CONTEXT() REPRESENTATION_CONTEXT('2D SPACE',''
  ) );
#11307 = PCURVE('',#7536,#11308);
#11308 = DEFINITIONAL_REPRESENTATION('',(#11309),#11313);
#11309 = LINE('',#11310,#11311);
#11310 = CARTESIAN_POINT('',(1.741655131291,0.));
#11311 = VECTOR('',#11312,1.);
#11312 = DIRECTION('',(0.,-1.));
#11313 = ( GEOMETRIC_REPRESENTATION_CONTEXT(2) 
PARAMETRIC_REPRESENTATION_CONTEXT() REPRESENTATION_CONTEXT('2D SPACE',''
  ) );
#11314 = ORIENTED_EDGE('',*,*,#11315,.F.);
#11315 = EDGE_CURVE('',#11244,#11293,#11316,.T.);
#11316 = SURFACE_CURVE('',#11317,(#11321,#11328),.PCURVE_S1.);
#11317 = LINE('',#11318,#11319);
#11318 = CARTESIAN_POINT('',(50.110851607912,14.619936769008,4.));
#11319 = VECTOR('',#11320,1.);
#11320 = DIRECTION('',(-0.296051293501,0.955172042941,0.));
#11321 = PCURVE('',#7506,#11322);
#11322 = DEFINITIONAL_REPRESENTATION('',(#11323),#11327);
#11323 = LINE('',#11324,#11325);
#11324 = CARTESIAN_POINT('',(1.741655131291,-2.5));
#11325 = VECTOR('',#11326,1.);
#11326 = DIRECTION('',(-1.,0.));
#11327 = ( GEOMETRIC_REPRESENTATION_CONTEXT(2) 
PARAMETRIC_REPRESENTATION_CONTEXT() REPRESENTATION_CONTEXT('2D SPACE',''
  ) );
#11328 = PCURVE('',#7595,#11329);
#11329 = DEFINITIONAL_REPRESENTATION('',(#11330),#11334);
#11330 = LINE('',#11331,#11332);
#11331 = CARTESIAN_POINT('',(-0.755173405117,9.497997376468));
#11332 = VECTOR('',#11333,1.);
#11333 = DIRECTION('',(-0.296051293501,0.955172042941));
#11334 = ( GEOMETRIC_REPRESENTATION_CONTEXT(2) 
PARAMETRIC_REPRESENTATION_CONTEXT() REPRESENTATION_CONTEXT('2D SPACE',''
  ) );
#11335 = ORIENTED_EDGE('',*,*,#11243,.F.);
#11336 = ADVANCED_FACE('',(#11337),#7536,.F.);
#11337 = FACE_BOUND('',#11338,.F.);
#11338 = EDGE_LOOP('',(#11339,#11340,#11341,#11362));
#11339 = ORIENTED_EDGE('',*,*,#7522,.F.);
#11340 = ORIENTED_EDGE('',*,*,#7607,.T.);
#11341 = ORIENTED_EDGE('',*,*,#11342,.F.);
#11342 = EDGE_CURVE('',#11293,#7580,#11343,.T.);
#11343 = SURFACE_CURVE('',#11344,(#11348,#11355),.PCURVE_S1.);
#11344 = LINE('',#11345,#11346);
#11345 = CARTESIAN_POINT('',(49.59523235346,16.283517058863,4.));
#11346 = VECTOR('',#11347,1.);
#11347 = DIRECTION('',(-0.327751426689,0.944763992912,0.));
#11348 = PCURVE('',#7536,#11349);
#11349 = DEFINITIONAL_REPRESENTATION('',(#11350),#11354);
#11350 = LINE('',#11351,#11352);
#11351 = CARTESIAN_POINT('',(1.741655131291,-2.5));
#11352 = VECTOR('',#11353,1.);
#11353 = DIRECTION('',(-1.,0.));
#11354 = ( GEOMETRIC_REPRESENTATION_CONTEXT(2) 
PARAMETRIC_REPRESENTATION_CONTEXT() REPRESENTATION_CONTEXT('2D SPACE',''
  ) );
#11355 = PCURVE('',#7595,#11356);
#11356 = DEFINITIONAL_REPRESENTATION('',(#11357),#11361);
#11357 = LINE('',#11358,#11359);
#11358 = CARTESIAN_POINT('',(-1.270792659568,11.161577666322));
#11359 = VECTOR('',#11360,1.);
#11360 = DIRECTION('',(-0.327751426689,0.944763992912));
#11361 = ( GEOMETRIC_REPRESENTATION_CONTEXT(2) 
PARAMETRIC_REPRESENTATION_CONTEXT() REPRESENTATION_CONTEXT('2D SPACE',''
  ) );
#11362 = ORIENTED_EDGE('',*,*,#11292,.F.);
#11363 = ADVANCED_FACE('',(#11364),#7595,.F.);
#11364 = FACE_BOUND('',#11365,.F.);
#11365 = EDGE_LOOP('',(#11366,#11367,#11390,#11413,#11436,#11459,#11482,
    #11505,#11528,#11551,#11572,#11573,#11574,#11575,#11576,#11577,
    #11578,#11579,#11580,#11603,#11626,#11649,#11672,#11695,#11718,
    #11741,#11764,#11787,#11810,#11833,#11856,#11879,#11902,#11925,
    #11948,#11969));
#11366 = ORIENTED_EDGE('',*,*,#9352,.T.);
#11367 = ORIENTED_EDGE('',*,*,#11368,.T.);
#11368 = EDGE_CURVE('',#9325,#11369,#11371,.T.);
#11369 = VERTEX_POINT('',#11370);
#11370 = CARTESIAN_POINT('',(51.846004575639,-6.068921612844,4.));
#11371 = SURFACE_CURVE('',#11372,(#11376,#11383),.PCURVE_S1.);
#11372 = LINE('',#11373,#11374);
#11373 = CARTESIAN_POINT('',(51.614684778475,-7.795146901673,4.));
#11374 = VECTOR('',#11375,1.);
#11375 = DIRECTION('',(0.132816074209,0.991140701632,0.));
#11376 = PCURVE('',#7595,#11377);
#11377 = DEFINITIONAL_REPRESENTATION('',(#11378),#11382);
#11378 = LINE('',#11379,#11380);
#11379 = CARTESIAN_POINT('',(0.748659765446,-12.91708629421));
#11380 = VECTOR('',#11381,1.);
#11381 = DIRECTION('',(0.132816074209,0.991140701632));
#11382 = ( GEOMETRIC_REPRESENTATION_CONTEXT(2) 
PARAMETRIC_REPRESENTATION_CONTEXT() REPRESENTATION_CONTEXT('2D SPACE',''
  ) );
#11383 = PCURVE('',#9340,#11384);
#11384 = DEFINITIONAL_REPRESENTATION('',(#11385),#11389);
#11385 = LINE('',#11386,#11387);
#11386 = CARTESIAN_POINT('',(1.741655131291,-2.5));
#11387 = VECTOR('',#11388,1.);
#11388 = DIRECTION('',(-1.,0.));
#11389 = ( GEOMETRIC_REPRESENTATION_CONTEXT(2) 
PARAMETRIC_REPRESENTATION_CONTEXT() REPRESENTATION_CONTEXT('2D SPACE',''
  ) );
#11390 = ORIENTED_EDGE('',*,*,#11391,.T.);
#11391 = EDGE_CURVE('',#11369,#11392,#11394,.T.);
#11392 = VERTEX_POINT('',#11393);
#11393 = CARTESIAN_POINT('',(52.019608055129,-4.33594024299,4.));
#11394 = SURFACE_CURVE('',#11395,(#11399,#11406),.PCURVE_S1.);
#11395 = LINE('',#11396,#11397);
#11396 = CARTESIAN_POINT('',(51.846004575639,-6.068921612844,4.));
#11397 = VECTOR('',#11398,1.);
#11398 = DIRECTION('',(9.967729912255E-02,0.995019816908,0.));
#11399 = PCURVE('',#7595,#11400);
#11400 = DEFINITIONAL_REPRESENTATION('',(#11401),#11405);
#11401 = LINE('',#11402,#11403);
#11402 = CARTESIAN_POINT('',(0.97997956261,-11.19086100538));
#11403 = VECTOR('',#11404,1.);
#11404 = DIRECTION('',(9.967729912255E-02,0.995019816908));
#11405 = ( GEOMETRIC_REPRESENTATION_CONTEXT(2) 
PARAMETRIC_REPRESENTATION_CONTEXT() REPRESENTATION_CONTEXT('2D SPACE',''
  ) );
#11406 = PCURVE('',#9421,#11407);
#11407 = DEFINITIONAL_REPRESENTATION('',(#11408),#11412);
#11408 = LINE('',#11409,#11410);
#11409 = CARTESIAN_POINT('',(1.741655131291,-2.5));
#11410 = VECTOR('',#11411,1.);
#11411 = DIRECTION('',(-1.,0.));
#11412 = ( GEOMETRIC_REPRESENTATION_CONTEXT(2) 
PARAMETRIC_REPRESENTATION_CONTEXT() REPRESENTATION_CONTEXT('2D SPACE',''
  ) );
#11413 = ORIENTED_EDGE('',*,*,#11414,.T.);
#11414 = EDGE_CURVE('',#11392,#11415,#11417,.T.);
#11415 = VERTEX_POINT('',#11416);
#11416 = CARTESIAN_POINT('',(52.135301957047,-2.598131991941,4.));
#11417 = SURFACE_CURVE('',#11418,(#11422,#11429),.PCURVE_S1.);
#11418 = LINE('',#11419,#11420);
#11419 = CARTESIAN_POINT('',(52.019608055129,-4.33594024299,4.));
#11420 = VECTOR('',#11421,1.);
#11421 = DIRECTION('',(6.642756068031E-02,0.997791250303,0.));
#11422 = PCURVE('',#7595,#11423);
#11423 = DEFINITIONAL_REPRESENTATION('',(#11424),#11428);
#11424 = LINE('',#11425,#11426);
#11425 = CARTESIAN_POINT('',(1.1535830421,-9.45787963553));
#11426 = VECTOR('',#11427,1.);
#11427 = DIRECTION('',(6.642756068031E-02,0.997791250303));
#11428 = ( GEOMETRIC_REPRESENTATION_CONTEXT(2) 
PARAMETRIC_REPRESENTATION_CONTEXT() REPRESENTATION_CONTEXT('2D SPACE',''
  ) );
#11429 = PCURVE('',#9451,#11430);
#11430 = DEFINITIONAL_REPRESENTATION('',(#11431),#11435);
#11431 = LINE('',#11432,#11433);
#11432 = CARTESIAN_POINT('',(1.741655131291,-2.5));
#11433 = VECTOR('',#11434,1.);
#11434 = DIRECTION('',(-1.,0.));
#11435 = ( GEOMETRIC_REPRESENTATION_CONTEXT(2) 
PARAMETRIC_REPRESENTATION_CONTEXT() REPRESENTATION_CONTEXT('2D SPACE',''
  ) );
#11436 = ORIENTED_EDGE('',*,*,#11437,.T.);
#11437 = EDGE_CURVE('',#11415,#11438,#11440,.T.);
#11438 = VERTEX_POINT('',#11439);
#11439 = CARTESIAN_POINT('',(52.192957487939,-0.857431432939,4.));
#11440 = SURFACE_CURVE('',#11441,(#11445,#11452),.PCURVE_S1.);
#11441 = LINE('',#11442,#11443);
#11442 = CARTESIAN_POINT('',(52.135301957047,-2.598131991941,4.));
#11443 = VECTOR('',#11444,1.);
#11444 = DIRECTION('',(3.310387335376E-02,0.999451916587,0.));
#11445 = PCURVE('',#7595,#11446);
#11446 = DEFINITIONAL_REPRESENTATION('',(#11447),#11451);
#11447 = LINE('',#11448,#11449);
#11448 = CARTESIAN_POINT('',(1.269276944018,-7.720071384482));
#11449 = VECTOR('',#11450,1.);
#11450 = DIRECTION('',(3.310387335376E-02,0.999451916587));
#11451 = ( GEOMETRIC_REPRESENTATION_CONTEXT(2) 
PARAMETRIC_REPRESENTATION_CONTEXT() REPRESENTATION_CONTEXT('2D SPACE',''
  ) );
#11452 = PCURVE('',#9481,#11453);
#11453 = DEFINITIONAL_REPRESENTATION('',(#11454),#11458);
#11454 = LINE('',#11455,#11456);
#11455 = CARTESIAN_POINT('',(1.741655131291,-2.5));
#11456 = VECTOR('',#11457,1.);
#11457 = DIRECTION('',(-1.,0.));
#11458 = ( GEOMETRIC_REPRESENTATION_CONTEXT(2) 
PARAMETRIC_REPRESENTATION_CONTEXT() REPRESENTATION_CONTEXT('2D SPACE',''
  ) );
#11459 = ORIENTED_EDGE('',*,*,#11460,.T.);
#11460 = EDGE_CURVE('',#11438,#11461,#11463,.T.);
#11461 = VERTEX_POINT('',#11462);
#11462 = CARTESIAN_POINT('',(52.192510464172,0.884223640984,4.));
#11463 = SURFACE_CURVE('',#11464,(#11468,#11475),.PCURVE_S1.);
#11464 = LINE('',#11465,#11466);
#11465 = CARTESIAN_POINT('',(52.192957487939,-0.857431432939,4.));
#11466 = VECTOR('',#11467,1.);
#11467 = DIRECTION('',(-2.566660636526E-04,0.999999967061,0.));
#11468 = PCURVE('',#7595,#11469);
#11469 = DEFINITIONAL_REPRESENTATION('',(#11470),#11474);
#11470 = LINE('',#11471,#11472);
#11471 = CARTESIAN_POINT('',(1.32693247491,-5.97937082548));
#11472 = VECTOR('',#11473,1.);
#11473 = DIRECTION('',(-2.566660636526E-04,0.999999967061));
#11474 = ( GEOMETRIC_REPRESENTATION_CONTEXT(2) 
PARAMETRIC_REPRESENTATION_CONTEXT() REPRESENTATION_CONTEXT('2D SPACE',''
  ) );
#11475 = PCURVE('',#9511,#11476);
#11476 = DEFINITIONAL_REPRESENTATION('',(#11477),#11481);
#11477 = LINE('',#11478,#11479);
#11478 = CARTESIAN_POINT('',(1.741655131291,-2.5));
#11479 = VECTOR('',#11480,1.);
#11480 = DIRECTION('',(-1.,0.));
#11481 = ( GEOMETRIC_REPRESENTATION_CONTEXT(2) 
PARAMETRIC_REPRESENTATION_CONTEXT() REPRESENTATION_CONTEXT('2D SPACE',''
  ) );
#11482 = ORIENTED_EDGE('',*,*,#11483,.T.);
#11483 = EDGE_CURVE('',#11461,#11484,#11486,.T.);
#11484 = VERTEX_POINT('',#11485);
#11485 = CARTESIAN_POINT('',(52.133961383385,2.624894374204,4.));
#11486 = SURFACE_CURVE('',#11487,(#11491,#11498),.PCURVE_S1.);
#11487 = LINE('',#11488,#11489);
#11488 = CARTESIAN_POINT('',(52.192510464172,0.884223640984,4.));
#11489 = VECTOR('',#11490,1.);
#11490 = DIRECTION('',(-3.361691975374E-02,0.999434791623,0.));
#11491 = PCURVE('',#7595,#11492);
#11492 = DEFINITIONAL_REPRESENTATION('',(#11493),#11497);
#11493 = LINE('',#11494,#11495);
#11494 = CARTESIAN_POINT('',(1.326485451143,-4.237715751557));
#11495 = VECTOR('',#11496,1.);
#11496 = DIRECTION('',(-3.361691975374E-02,0.999434791623));
#11497 = ( GEOMETRIC_REPRESENTATION_CONTEXT(2) 
PARAMETRIC_REPRESENTATION_CONTEXT() REPRESENTATION_CONTEXT('2D SPACE',''
  ) );
#11498 = PCURVE('',#9541,#11499);
#11499 = DEFINITIONAL_REPRESENTATION('',(#11500),#11504);
#11500 = LINE('',#11501,#11502);
#11501 = CARTESIAN_POINT('',(1.741655131291,-2.5));
#11502 = VECTOR('',#11503,1.);
#11503 = DIRECTION('',(-1.,0.));
#11504 = ( GEOMETRIC_REPRESENTATION_CONTEXT(2) 
PARAMETRIC_REPRESENTATION_CONTEXT() REPRESENTATION_CONTEXT('2D SPACE',''
  ) );
#11505 = ORIENTED_EDGE('',*,*,#11506,.T.);
#11506 = EDGE_CURVE('',#11484,#11507,#11509,.T.);
#11507 = VERTEX_POINT('',#11508);
#11508 = CARTESIAN_POINT('',(52.017375423933,4.362643006893,4.));
#11509 = SURFACE_CURVE('',#11510,(#11514,#11521),.PCURVE_S1.);
#11510 = LINE('',#11511,#11512);
#11511 = CARTESIAN_POINT('',(52.133961383385,2.624894374204,4.));
#11512 = VECTOR('',#11513,1.);
#11513 = DIRECTION('',(-6.69397502164E-02,0.99775701944,0.));
#11514 = PCURVE('',#7595,#11515);
#11515 = DEFINITIONAL_REPRESENTATION('',(#11516),#11520);
#11516 = LINE('',#11517,#11518);
#11517 = CARTESIAN_POINT('',(1.267936370356,-2.497045018336));
#11518 = VECTOR('',#11519,1.);
#11519 = DIRECTION('',(-6.69397502164E-02,0.99775701944));
#11520 = ( GEOMETRIC_REPRESENTATION_CONTEXT(2) 
PARAMETRIC_REPRESENTATION_CONTEXT() REPRESENTATION_CONTEXT('2D SPACE',''
  ) );
#11521 = PCURVE('',#9571,#11522);
#11522 = DEFINITIONAL_REPRESENTATION('',(#11523),#11527);
#11523 = LINE('',#11524,#11525);
#11524 = CARTESIAN_POINT('',(1.741655131291,-2.5));
#11525 = VECTOR('',#11526,1.);
#11526 = DIRECTION('',(-1.,0.));
#11527 = ( GEOMETRIC_REPRESENTATION_CONTEXT(2) 
PARAMETRIC_REPRESENTATION_CONTEXT() REPRESENTATION_CONTEXT('2D SPACE',''
  ) );
#11528 = ORIENTED_EDGE('',*,*,#11529,.T.);
#11529 = EDGE_CURVE('',#11507,#11530,#11532,.T.);
#11530 = VERTEX_POINT('',#11531);
#11531 = CARTESIAN_POINT('',(51.842882372332,6.095535032178,4.));
#11532 = SURFACE_CURVE('',#11533,(#11537,#11544),.PCURVE_S1.);
#11533 = LINE('',#11534,#11535);
#11534 = CARTESIAN_POINT('',(52.017375423933,4.362643006893,4.));
#11535 = VECTOR('',#11536,1.);
#11536 = DIRECTION('',(-0.100188061612,0.994968518251,0.));
#11537 = PCURVE('',#7595,#11538);
#11538 = DEFINITIONAL_REPRESENTATION('',(#11539),#11543);
#11539 = LINE('',#11540,#11541);
#11540 = CARTESIAN_POINT('',(1.151350410904,-0.759296385647));
#11541 = VECTOR('',#11542,1.);
#11542 = DIRECTION('',(-0.100188061612,0.994968518251));
#11543 = ( GEOMETRIC_REPRESENTATION_CONTEXT(2) 
PARAMETRIC_REPRESENTATION_CONTEXT() REPRESENTATION_CONTEXT('2D SPACE',''
  ) );
#11544 = PCURVE('',#9601,#11545);
#11545 = DEFINITIONAL_REPRESENTATION('',(#11546),#11550);
#11546 = LINE('',#11547,#11548);
#11547 = CARTESIAN_POINT('',(1.741655131291,-2.5));
#11548 = VECTOR('',#11549,1.);
#11549 = DIRECTION('',(-1.,0.));
#11550 = ( GEOMETRIC_REPRESENTATION_CONTEXT(2) 
PARAMETRIC_REPRESENTATION_CONTEXT() REPRESENTATION_CONTEXT('2D SPACE',''
  ) );
#11551 = ORIENTED_EDGE('',*,*,#11552,.T.);
#11552 = EDGE_CURVE('',#11530,#11098,#11553,.T.);
#11553 = SURFACE_CURVE('',#11554,(#11558,#11565),.PCURVE_S1.);
#11554 = LINE('',#11555,#11556);
#11555 = CARTESIAN_POINT('',(51.842882372332,6.095535032178,4.));
#11556 = VECTOR('',#11557,1.);
#11557 = DIRECTION('',(-0.133324841058,0.991072392289,0.));
#11558 = PCURVE('',#7595,#11559);
#11559 = DEFINITIONAL_REPRESENTATION('',(#11560),#11564);
#11560 = LINE('',#11561,#11562);
#11561 = CARTESIAN_POINT('',(0.976857359303,0.973595639637));
#11562 = VECTOR('',#11563,1.);
#11563 = DIRECTION('',(-0.133324841058,0.991072392289));
#11564 = ( GEOMETRIC_REPRESENTATION_CONTEXT(2) 
PARAMETRIC_REPRESENTATION_CONTEXT() REPRESENTATION_CONTEXT('2D SPACE',''
  ) );
#11565 = PCURVE('',#9631,#11566);
#11566 = DEFINITIONAL_REPRESENTATION('',(#11567),#11571);
#11567 = LINE('',#11568,#11569);
#11568 = CARTESIAN_POINT('',(1.741655131291,-2.5));
#11569 = VECTOR('',#11570,1.);
#11570 = DIRECTION('',(-1.,0.));
#11571 = ( GEOMETRIC_REPRESENTATION_CONTEXT(2) 
PARAMETRIC_REPRESENTATION_CONTEXT() REPRESENTATION_CONTEXT('2D SPACE',''
  ) );
#11572 = ORIENTED_EDGE('',*,*,#11097,.T.);
#11573 = ORIENTED_EDGE('',*,*,#11168,.T.);
#11574 = ORIENTED_EDGE('',*,*,#11217,.T.);
#11575 = ORIENTED_EDGE('',*,*,#11266,.T.);
#11576 = ORIENTED_EDGE('',*,*,#11315,.T.);
#11577 = ORIENTED_EDGE('',*,*,#11342,.T.);
#11578 = ORIENTED_EDGE('',*,*,#7579,.T.);
#11579 = ORIENTED_EDGE('',*,*,#7683,.T.);
#11580 = ORIENTED_EDGE('',*,*,#11581,.T.);
#11581 = EDGE_CURVE('',#7656,#11582,#11584,.T.);
#11582 = VERTEX_POINT('',#11583);
#11583 = CARTESIAN_POINT('',(48.366987041533,17.688543312669,4.));
#11584 = SURFACE_CURVE('',#11585,(#11589,#11596),.PCURVE_S1.);
#11585 = LINE('',#11586,#11587);
#11586 = CARTESIAN_POINT('',(47.74996851019,19.292239560919,4.));
#11587 = VECTOR('',#11588,1.);
#11588 = DIRECTION('',(0.359086698484,-0.93330420709,0.));
#11589 = PCURVE('',#7595,#11590);
#11590 = DEFINITIONAL_REPRESENTATION('',(#11591),#11595);
#11591 = LINE('',#11592,#11593);
#11592 = CARTESIAN_POINT('',(-3.116056502839,14.170300168379));
#11593 = VECTOR('',#11594,1.);
#11594 = DIRECTION('',(0.359086698484,-0.93330420709));
#11595 = ( GEOMETRIC_REPRESENTATION_CONTEXT(2) 
PARAMETRIC_REPRESENTATION_CONTEXT() REPRESENTATION_CONTEXT('2D SPACE',''
  ) );
#11596 = PCURVE('',#7671,#11597);
#11597 = DEFINITIONAL_REPRESENTATION('',(#11598),#11602);
#11598 = LINE('',#11599,#11600);
#11599 = CARTESIAN_POINT('',(0.,0.));
#11600 = VECTOR('',#11601,1.);
#11601 = DIRECTION('',(1.,0.));
#11602 = ( GEOMETRIC_REPRESENTATION_CONTEXT(2) 
PARAMETRIC_REPRESENTATION_CONTEXT() REPRESENTATION_CONTEXT('2D SPACE',''
  ) );
#11603 = ORIENTED_EDGE('',*,*,#11604,.T.);
#11604 = EDGE_CURVE('',#11582,#11605,#11607,.T.);
#11605 = VERTEX_POINT('',#11606);
#11606 = CARTESIAN_POINT('',(48.930162187801,16.065155718993,4.));
#11607 = SURFACE_CURVE('',#11608,(#11612,#11619),.PCURVE_S1.);
#11608 = LINE('',#11609,#11610);
#11609 = CARTESIAN_POINT('',(48.366987041533,17.688543312669,4.));
#11610 = VECTOR('',#11611,1.);
#11611 = DIRECTION('',(0.327751426689,-0.944763992912,0.));
#11612 = PCURVE('',#7595,#11613);
#11613 = DEFINITIONAL_REPRESENTATION('',(#11614),#11618);
#11614 = LINE('',#11615,#11616);
#11615 = CARTESIAN_POINT('',(-2.499037971496,12.566603920128));
#11616 = VECTOR('',#11617,1.);
#11617 = DIRECTION('',(0.327751426689,-0.944763992912));
#11618 = ( GEOMETRIC_REPRESENTATION_CONTEXT(2) 
PARAMETRIC_REPRESENTATION_CONTEXT() REPRESENTATION_CONTEXT('2D SPACE',''
  ) );
#11619 = PCURVE('',#10644,#11620);
#11620 = DEFINITIONAL_REPRESENTATION('',(#11621),#11625);
#11621 = LINE('',#11622,#11623);
#11622 = CARTESIAN_POINT('',(0.,0.));
#11623 = VECTOR('',#11624,1.);
#11624 = DIRECTION('',(1.,0.));
#11625 = ( GEOMETRIC_REPRESENTATION_CONTEXT(2) 
PARAMETRIC_REPRESENTATION_CONTEXT() REPRESENTATION_CONTEXT('2D SPACE',''
  ) );
#11626 = ORIENTED_EDGE('',*,*,#11627,.T.);
#11627 = EDGE_CURVE('',#11605,#11628,#11630,.T.);
#11628 = VERTEX_POINT('',#11629);
#11629 = CARTESIAN_POINT('',(49.438867007806,14.423883977087,4.));
#11630 = SURFACE_CURVE('',#11631,(#11635,#11642),.PCURVE_S1.);
#11631 = LINE('',#11632,#11633);
#11632 = CARTESIAN_POINT('',(48.930162187801,16.065155718993,4.));
#11633 = VECTOR('',#11634,1.);
#11634 = DIRECTION('',(0.296051293501,-0.955172042941,0.));
#11635 = PCURVE('',#7595,#11636);
#11636 = DEFINITIONAL_REPRESENTATION('',(#11637),#11641);
#11637 = LINE('',#11638,#11639);
#11638 = CARTESIAN_POINT('',(-1.935862825228,10.943216326452));
#11639 = VECTOR('',#11640,1.);
#11640 = DIRECTION('',(0.296051293501,-0.955172042941));
#11641 = ( GEOMETRIC_REPRESENTATION_CONTEXT(2) 
PARAMETRIC_REPRESENTATION_CONTEXT() REPRESENTATION_CONTEXT('2D SPACE',''
  ) );
#11642 = PCURVE('',#10672,#11643);
#11643 = DEFINITIONAL_REPRESENTATION('',(#11644),#11648);
#11644 = LINE('',#11645,#11646);
#11645 = CARTESIAN_POINT('',(0.,0.));
#11646 = VECTOR('',#11647,1.);
#11647 = DIRECTION('',(1.,0.));
#11648 = ( GEOMETRIC_REPRESENTATION_CONTEXT(2) 
PARAMETRIC_REPRESENTATION_CONTEXT() REPRESENTATION_CONTEXT('2D SPACE',''
  ) );
#11649 = ORIENTED_EDGE('',*,*,#11650,.T.);
#11650 = EDGE_CURVE('',#11628,#11651,#11653,.T.);
#11651 = VERTEX_POINT('',#11652);
#11652 = CARTESIAN_POINT('',(49.892535198142,12.766555193245,4.));
#11653 = SURFACE_CURVE('',#11654,(#11658,#11665),.PCURVE_S1.);
#11654 = LINE('',#11655,#11656);
#11655 = CARTESIAN_POINT('',(49.438867007806,14.423883977087,4.));
#11656 = VECTOR('',#11657,1.);
#11657 = DIRECTION('',(0.264021588331,-0.964516770666,0.));
#11658 = PCURVE('',#7595,#11659);
#11659 = DEFINITIONAL_REPRESENTATION('',(#11660),#11664);
#11660 = LINE('',#11661,#11662);
#11661 = CARTESIAN_POINT('',(-1.427158005223,9.301944584547));
#11662 = VECTOR('',#11663,1.);
#11663 = DIRECTION('',(0.264021588331,-0.964516770666));
#11664 = ( GEOMETRIC_REPRESENTATION_CONTEXT(2) 
PARAMETRIC_REPRESENTATION_CONTEXT() REPRESENTATION_CONTEXT('2D SPACE',''
  ) );
#11665 = PCURVE('',#10700,#11666);
#11666 = DEFINITIONAL_REPRESENTATION('',(#11667),#11671);
#11667 = LINE('',#11668,#11669);
#11668 = CARTESIAN_POINT('',(0.,0.));
#11669 = VECTOR('',#11670,1.);
#11670 = DIRECTION('',(1.,0.));
#11671 = ( GEOMETRIC_REPRESENTATION_CONTEXT(2) 
PARAMETRIC_REPRESENTATION_CONTEXT() REPRESENTATION_CONTEXT('2D SPACE',''
  ) );
#11672 = ORIENTED_EDGE('',*,*,#11673,.T.);
#11673 = EDGE_CURVE('',#11651,#11674,#11676,.T.);
#11674 = VERTEX_POINT('',#11675);
#11675 = CARTESIAN_POINT('',(50.290661723607,11.095014348875,4.));
#11676 = SURFACE_CURVE('',#11677,(#11681,#11688),.PCURVE_S1.);
#11677 = LINE('',#11678,#11679);
#11678 = CARTESIAN_POINT('',(49.892535198142,12.766555193245,4.));
#11679 = VECTOR('',#11680,1.);
#11680 = DIRECTION('',(0.231697967477,-0.972787773292,0.));
#11681 = PCURVE('',#7595,#11682);
#11682 = DEFINITIONAL_REPRESENTATION('',(#11683),#11687);
#11683 = LINE('',#11684,#11685);
#11684 = CARTESIAN_POINT('',(-0.973489814887,7.644615800704));
#11685 = VECTOR('',#11686,1.);
#11686 = DIRECTION('',(0.231697967477,-0.972787773292));
#11687 = ( GEOMETRIC_REPRESENTATION_CONTEXT(2) 
PARAMETRIC_REPRESENTATION_CONTEXT() REPRESENTATION_CONTEXT('2D SPACE',''
  ) );
#11688 = PCURVE('',#10728,#11689);
#11689 = DEFINITIONAL_REPRESENTATION('',(#11690),#11694);
#11690 = LINE('',#11691,#11692);
#11691 = CARTESIAN_POINT('',(0.,0.));
#11692 = VECTOR('',#11693,1.);
#11693 = DIRECTION('',(1.,0.));
#11694 = ( GEOMETRIC_REPRESENTATION_CONTEXT(2) 
PARAMETRIC_REPRESENTATION_CONTEXT() REPRESENTATION_CONTEXT('2D SPACE',''
  ) );
#11695 = ORIENTED_EDGE('',*,*,#11696,.T.);
#11696 = EDGE_CURVE('',#11674,#11697,#11699,.T.);
#11697 = VERTEX_POINT('',#11698);
#11698 = CARTESIAN_POINT('',(50.632803379421,9.411122246621,4.));
#11699 = SURFACE_CURVE('',#11700,(#11704,#11711),.PCURVE_S1.);
#11700 = LINE('',#11701,#11702);
#11701 = CARTESIAN_POINT('',(50.290661723607,11.095014348875,4.));
#11702 = VECTOR('',#11703,1.);
#11703 = DIRECTION('',(0.199116414434,-0.979975843326,0.));
#11704 = PCURVE('',#7595,#11705);
#11705 = DEFINITIONAL_REPRESENTATION('',(#11706),#11710);
#11706 = LINE('',#11707,#11708);
#11707 = CARTESIAN_POINT('',(-0.575363289422,5.973074956335));
#11708 = VECTOR('',#11709,1.);
#11709 = DIRECTION('',(0.199116414434,-0.979975843326));
#11710 = ( GEOMETRIC_REPRESENTATION_CONTEXT(2) 
PARAMETRIC_REPRESENTATION_CONTEXT() REPRESENTATION_CONTEXT('2D SPACE',''
  ) );
#11711 = PCURVE('',#10756,#11712);
#11712 = DEFINITIONAL_REPRESENTATION('',(#11713),#11717);
#11713 = LINE('',#11714,#11715);
#11714 = CARTESIAN_POINT('',(0.,0.));
#11715 = VECTOR('',#11716,1.);
#11716 = DIRECTION('',(1.,0.));
#11717 = ( GEOMETRIC_REPRESENTATION_CONTEXT(2) 
PARAMETRIC_REPRESENTATION_CONTEXT() REPRESENTATION_CONTEXT('2D SPACE',''
  ) );
#11718 = ORIENTED_EDGE('',*,*,#11719,.T.);
#11719 = EDGE_CURVE('',#11697,#11720,#11722,.T.);
#11720 = VERTEX_POINT('',#11721);
#11721 = CARTESIAN_POINT('',(50.918579284616,7.716753438869,4.));
#11722 = SURFACE_CURVE('',#11723,(#11727,#11734),.PCURVE_S1.);
#11723 = LINE('',#11724,#11725);
#11724 = CARTESIAN_POINT('',(50.632803379421,9.411122246621,4.));
#11725 = VECTOR('',#11726,1.);
#11726 = DIRECTION('',(0.166313199831,-0.986072978822,0.));
#11727 = PCURVE('',#7595,#11728);
#11728 = DEFINITIONAL_REPRESENTATION('',(#11729),#11733);
#11729 = LINE('',#11730,#11731);
#11730 = CARTESIAN_POINT('',(-0.233221633608,4.289182854081));
#11731 = VECTOR('',#11732,1.);
#11732 = DIRECTION('',(0.166313199831,-0.986072978822));
#11733 = ( GEOMETRIC_REPRESENTATION_CONTEXT(2) 
PARAMETRIC_REPRESENTATION_CONTEXT() REPRESENTATION_CONTEXT('2D SPACE',''
  ) );
#11734 = PCURVE('',#10784,#11735);
#11735 = DEFINITIONAL_REPRESENTATION('',(#11736),#11740);
#11736 = LINE('',#11737,#11738);
#11737 = CARTESIAN_POINT('',(0.,0.));
#11738 = VECTOR('',#11739,1.);
#11739 = DIRECTION('',(1.,0.));
#11740 = ( GEOMETRIC_REPRESENTATION_CONTEXT(2) 
PARAMETRIC_REPRESENTATION_CONTEXT() REPRESENTATION_CONTEXT('2D SPACE',''
  ) );
#11741 = ORIENTED_EDGE('',*,*,#11742,.T.);
#11742 = EDGE_CURVE('',#11720,#11743,#11745,.T.);
#11743 = VERTEX_POINT('',#11744);
#11744 = CARTESIAN_POINT('',(51.147671306037,6.013794140942,4.));
#11745 = SURFACE_CURVE('',#11746,(#11750,#11757),.PCURVE_S1.);
#11746 = LINE('',#11747,#11748);
#11747 = CARTESIAN_POINT('',(50.918579284616,7.716753438869,4.));
#11748 = VECTOR('',#11749,1.);
#11749 = DIRECTION('',(0.133324841058,-0.991072392289,0.));
#11750 = PCURVE('',#7595,#11751);
#11751 = DEFINITIONAL_REPRESENTATION('',(#11752),#11756);
#11752 = LINE('',#11753,#11754);
#11753 = CARTESIAN_POINT('',(5.255427158688E-02,2.594814046328));
#11754 = VECTOR('',#11755,1.);
#11755 = DIRECTION('',(0.133324841058,-0.991072392289));
#11756 = ( GEOMETRIC_REPRESENTATION_CONTEXT(2) 
PARAMETRIC_REPRESENTATION_CONTEXT() REPRESENTATION_CONTEXT('2D SPACE',''
  ) );
#11757 = PCURVE('',#10812,#11758);
#11758 = DEFINITIONAL_REPRESENTATION('',(#11759),#11763);
#11759 = LINE('',#11760,#11761);
#11760 = CARTESIAN_POINT('',(0.,0.));
#11761 = VECTOR('',#11762,1.);
#11762 = DIRECTION('',(1.,0.));
#11763 = ( GEOMETRIC_REPRESENTATION_CONTEXT(2) 
PARAMETRIC_REPRESENTATION_CONTEXT() REPRESENTATION_CONTEXT('2D SPACE',''
  ) );
#11764 = ORIENTED_EDGE('',*,*,#11765,.T.);
#11765 = EDGE_CURVE('',#11743,#11766,#11768,.T.);
#11766 = VERTEX_POINT('',#11767);
#11767 = CARTESIAN_POINT('',(51.319824412501,4.304140131322,4.));
#11768 = SURFACE_CURVE('',#11769,(#11773,#11780),.PCURVE_S1.);
#11769 = LINE('',#11770,#11771);
#11770 = CARTESIAN_POINT('',(51.147671306037,6.013794140942,4.));
#11771 = VECTOR('',#11772,1.);
#11772 = DIRECTION('',(0.100188061612,-0.994968518251,0.));
#11773 = PCURVE('',#7595,#11774);
#11774 = DEFINITIONAL_REPRESENTATION('',(#11775),#11779);
#11775 = LINE('',#11776,#11777);
#11776 = CARTESIAN_POINT('',(0.281646293008,0.891854748401));
#11777 = VECTOR('',#11778,1.);
#11778 = DIRECTION('',(0.100188061612,-0.994968518251));
#11779 = ( GEOMETRIC_REPRESENTATION_CONTEXT(2) 
PARAMETRIC_REPRESENTATION_CONTEXT() REPRESENTATION_CONTEXT('2D SPACE',''
  ) );
#11780 = PCURVE('',#10840,#11781);
#11781 = DEFINITIONAL_REPRESENTATION('',(#11782),#11786);
#11782 = LINE('',#11783,#11784);
#11783 = CARTESIAN_POINT('',(0.,0.));
#11784 = VECTOR('',#11785,1.);
#11785 = DIRECTION('',(1.,0.));
#11786 = ( GEOMETRIC_REPRESENTATION_CONTEXT(2) 
PARAMETRIC_REPRESENTATION_CONTEXT() REPRESENTATION_CONTEXT('2D SPACE',''
  ) );
#11787 = ORIENTED_EDGE('',*,*,#11788,.T.);
#11788 = EDGE_CURVE('',#11766,#11789,#11791,.T.);
#11789 = VERTEX_POINT('',#11790);
#11790 = CARTESIAN_POINT('',(51.434846958704,2.589694641217,4.));
#11791 = SURFACE_CURVE('',#11792,(#11796,#11803),.PCURVE_S1.);
#11792 = LINE('',#11793,#11794);
#11793 = CARTESIAN_POINT('',(51.319824412501,4.304140131322,4.));
#11794 = VECTOR('',#11795,1.);
#11795 = DIRECTION('',(6.69397502164E-02,-0.99775701944,0.));
#11796 = PCURVE('',#7595,#11797);
#11797 = DEFINITIONAL_REPRESENTATION('',(#11798),#11802);
#11798 = LINE('',#11799,#11800);
#11799 = CARTESIAN_POINT('',(0.453799399472,-0.817799261219));
#11800 = VECTOR('',#11801,1.);
#11801 = DIRECTION('',(6.69397502164E-02,-0.99775701944));
#11802 = ( GEOMETRIC_REPRESENTATION_CONTEXT(2) 
PARAMETRIC_REPRESENTATION_CONTEXT() REPRESENTATION_CONTEXT('2D SPACE',''
  ) );
#11803 = PCURVE('',#10868,#11804);
#11804 = DEFINITIONAL_REPRESENTATION('',(#11805),#11809);
#11805 = LINE('',#11806,#11807);
#11806 = CARTESIAN_POINT('',(0.,0.));
#11807 = VECTOR('',#11808,1.);
#11808 = DIRECTION('',(1.,0.));
#11809 = ( GEOMETRIC_REPRESENTATION_CONTEXT(2) 
PARAMETRIC_REPRESENTATION_CONTEXT() REPRESENTATION_CONTEXT('2D SPACE',''
  ) );
#11810 = ORIENTED_EDGE('',*,*,#11811,.T.);
#11811 = EDGE_CURVE('',#11789,#11812,#11814,.T.);
#11812 = VERTEX_POINT('',#11813);
#11813 = CARTESIAN_POINT('',(51.492610898561,0.872366235836,4.));
#11814 = SURFACE_CURVE('',#11815,(#11819,#11826),.PCURVE_S1.);
#11815 = LINE('',#11816,#11817);
#11816 = CARTESIAN_POINT('',(51.434846958704,2.589694641217,4.));
#11817 = VECTOR('',#11818,1.);
#11818 = DIRECTION('',(3.361691975374E-02,-0.999434791623,0.));
#11819 = PCURVE('',#7595,#11820);
#11820 = DEFINITIONAL_REPRESENTATION('',(#11821),#11825);
#11821 = LINE('',#11822,#11823);
#11822 = CARTESIAN_POINT('',(0.568821945675,-2.532244751323));
#11823 = VECTOR('',#11824,1.);
#11824 = DIRECTION('',(3.361691975374E-02,-0.999434791623));
#11825 = ( GEOMETRIC_REPRESENTATION_CONTEXT(2) 
PARAMETRIC_REPRESENTATION_CONTEXT() REPRESENTATION_CONTEXT('2D SPACE',''
  ) );
#11826 = PCURVE('',#10896,#11827);
#11827 = DEFINITIONAL_REPRESENTATION('',(#11828),#11832);
#11828 = LINE('',#11829,#11830);
#11829 = CARTESIAN_POINT('',(0.,0.));
#11830 = VECTOR('',#11831,1.);
#11831 = DIRECTION('',(1.,0.));
#11832 = ( GEOMETRIC_REPRESENTATION_CONTEXT(2) 
PARAMETRIC_REPRESENTATION_CONTEXT() REPRESENTATION_CONTEXT('2D SPACE',''
  ) );
#11833 = ORIENTED_EDGE('',*,*,#11834,.T.);
#11834 = EDGE_CURVE('',#11812,#11835,#11837,.T.);
#11835 = VERTEX_POINT('',#11836);
#11836 = CARTESIAN_POINT('',(51.493051927756,-0.845933310276,4.));
#11837 = SURFACE_CURVE('',#11838,(#11842,#11849),.PCURVE_S1.);
#11838 = LINE('',#11839,#11840);
#11839 = CARTESIAN_POINT('',(51.492610898561,0.872366235836,4.));
#11840 = VECTOR('',#11841,1.);
#11841 = DIRECTION('',(2.566660636513E-04,-0.999999967061,0.));
#11842 = PCURVE('',#7595,#11843);
#11843 = DEFINITIONAL_REPRESENTATION('',(#11844),#11848);
#11844 = LINE('',#11845,#11846);
#11845 = CARTESIAN_POINT('',(0.626585885532,-4.249573156704));
#11846 = VECTOR('',#11847,1.);
#11847 = DIRECTION('',(2.566660636513E-04,-0.999999967061));
#11848 = ( GEOMETRIC_REPRESENTATION_CONTEXT(2) 
PARAMETRIC_REPRESENTATION_CONTEXT() REPRESENTATION_CONTEXT('2D SPACE',''
  ) );
#11849 = PCURVE('',#10924,#11850);
#11850 = DEFINITIONAL_REPRESENTATION('',(#11851),#11855);
#11851 = LINE('',#11852,#11853);
#11852 = CARTESIAN_POINT('',(0.,0.));
#11853 = VECTOR('',#11854,1.);
#11854 = DIRECTION('',(1.,0.));
#11855 = ( GEOMETRIC_REPRESENTATION_CONTEXT(2) 
PARAMETRIC_REPRESENTATION_CONTEXT() REPRESENTATION_CONTEXT('2D SPACE',''
  ) );
#11856 = ORIENTED_EDGE('',*,*,#11857,.T.);
#11857 = EDGE_CURVE('',#11835,#11858,#11860,.T.);
#11858 = VERTEX_POINT('',#11859);
#11859 = CARTESIAN_POINT('',(51.436169555324,-2.563291141475,4.));
#11860 = SURFACE_CURVE('',#11861,(#11865,#11872),.PCURVE_S1.);
#11861 = LINE('',#11862,#11863);
#11862 = CARTESIAN_POINT('',(51.493051927756,-0.845933310276,4.));
#11863 = VECTOR('',#11864,1.);
#11864 = DIRECTION('',(-3.310387335376E-02,-0.999451916587,0.));
#11865 = PCURVE('',#7595,#11866);
#11866 = DEFINITIONAL_REPRESENTATION('',(#11867),#11871);
#11867 = LINE('',#11868,#11869);
#11868 = CARTESIAN_POINT('',(0.627026914727,-5.967872702816));
#11869 = VECTOR('',#11870,1.);
#11870 = DIRECTION('',(-3.310387335376E-02,-0.999451916587));
#11871 = ( GEOMETRIC_REPRESENTATION_CONTEXT(2) 
PARAMETRIC_REPRESENTATION_CONTEXT() REPRESENTATION_CONTEXT('2D SPACE',''
  ) );
#11872 = PCURVE('',#10952,#11873);
#11873 = DEFINITIONAL_REPRESENTATION('',(#11874),#11878);
#11874 = LINE('',#11875,#11876);
#11875 = CARTESIAN_POINT('',(0.,0.));
#11876 = VECTOR('',#11877,1.);
#11877 = DIRECTION('',(1.,-0.));
#11878 = ( GEOMETRIC_REPRESENTATION_CONTEXT(2) 
PARAMETRIC_REPRESENTATION_CONTEXT() REPRESENTATION_CONTEXT('2D SPACE',''
  ) );
#11879 = ORIENTED_EDGE('',*,*,#11880,.T.);
#11880 = EDGE_CURVE('',#11858,#11881,#11883,.T.);
#11881 = VERTEX_POINT('',#11882);
#11882 = CARTESIAN_POINT('',(51.322027104198,-4.277795450459,4.));
#11883 = SURFACE_CURVE('',#11884,(#11888,#11895),.PCURVE_S1.);
#11884 = LINE('',#11885,#11886);
#11885 = CARTESIAN_POINT('',(51.436169555324,-2.563291141475,4.));
#11886 = VECTOR('',#11887,1.);
#11887 = DIRECTION('',(-6.642756068031E-02,-0.997791250303,0.));
#11888 = PCURVE('',#7595,#11889);
#11889 = DEFINITIONAL_REPRESENTATION('',(#11890),#11894);
#11890 = LINE('',#11891,#11892);
#11891 = CARTESIAN_POINT('',(0.570144542295,-7.685230534015));
#11892 = VECTOR('',#11893,1.);
#11893 = DIRECTION('',(-6.642756068031E-02,-0.997791250303));
#11894 = ( GEOMETRIC_REPRESENTATION_CONTEXT(2) 
PARAMETRIC_REPRESENTATION_CONTEXT() REPRESENTATION_CONTEXT('2D SPACE',''
  ) );
#11895 = PCURVE('',#10980,#11896);
#11896 = DEFINITIONAL_REPRESENTATION('',(#11897),#11901);
#11897 = LINE('',#11898,#11899);
#11898 = CARTESIAN_POINT('',(0.,0.));
#11899 = VECTOR('',#11900,1.);
#11900 = DIRECTION('',(1.,-0.));
#11901 = ( GEOMETRIC_REPRESENTATION_CONTEXT(2) 
PARAMETRIC_REPRESENTATION_CONTEXT() REPRESENTATION_CONTEXT('2D SPACE',''
  ) );
#11902 = ORIENTED_EDGE('',*,*,#11903,.T.);
#11903 = EDGE_CURVE('',#11881,#11904,#11906,.T.);
#11904 = VERTEX_POINT('',#11905);
#11905 = CARTESIAN_POINT('',(51.150751640716,-5.987537606541,4.));
#11906 = SURFACE_CURVE('',#11907,(#11911,#11918),.PCURVE_S1.);
#11907 = LINE('',#11908,#11909);
#11908 = CARTESIAN_POINT('',(51.322027104198,-4.277795450459,4.));
#11909 = VECTOR('',#11910,1.);
#11910 = DIRECTION('',(-9.967729912255E-02,-0.995019816908,0.));
#11911 = PCURVE('',#7595,#11912);
#11912 = DEFINITIONAL_REPRESENTATION('',(#11913),#11917);
#11913 = LINE('',#11914,#11915);
#11914 = CARTESIAN_POINT('',(0.456002091169,-9.399734842999));
#11915 = VECTOR('',#11916,1.);
#11916 = DIRECTION('',(-9.967729912255E-02,-0.995019816908));
#11917 = ( GEOMETRIC_REPRESENTATION_CONTEXT(2) 
PARAMETRIC_REPRESENTATION_CONTEXT() REPRESENTATION_CONTEXT('2D SPACE',''
  ) );
#11918 = PCURVE('',#11008,#11919);
#11919 = DEFINITIONAL_REPRESENTATION('',(#11920),#11924);
#11920 = LINE('',#11921,#11922);
#11921 = CARTESIAN_POINT('',(0.,0.));
#11922 = VECTOR('',#11923,1.);
#11923 = DIRECTION('',(1.,-0.));
#11924 = ( GEOMETRIC_REPRESENTATION_CONTEXT(2) 
PARAMETRIC_REPRESENTATION_CONTEXT() REPRESENTATION_CONTEXT('2D SPACE',''
  ) );
#11925 = ORIENTED_EDGE('',*,*,#11926,.T.);
#11926 = EDGE_CURVE('',#11904,#11927,#11929,.T.);
#11927 = VERTEX_POINT('',#11928);
#11928 = CARTESIAN_POINT('',(50.92253383317,-7.690614280386,4.));
#11929 = SURFACE_CURVE('',#11930,(#11934,#11941),.PCURVE_S1.);
#11930 = LINE('',#11931,#11932);
#11931 = CARTESIAN_POINT('',(51.150751640716,-5.987537606541,4.));
#11932 = VECTOR('',#11933,1.);
#11933 = DIRECTION('',(-0.132816074209,-0.991140701632,0.));
#11934 = PCURVE('',#7595,#11935);
#11935 = DEFINITIONAL_REPRESENTATION('',(#11936),#11940);
#11936 = LINE('',#11937,#11938);
#11937 = CARTESIAN_POINT('',(0.284726627687,-11.10947699908));
#11938 = VECTOR('',#11939,1.);
#11939 = DIRECTION('',(-0.132816074209,-0.991140701632));
#11940 = ( GEOMETRIC_REPRESENTATION_CONTEXT(2) 
PARAMETRIC_REPRESENTATION_CONTEXT() REPRESENTATION_CONTEXT('2D SPACE',''
  ) );
#11941 = PCURVE('',#11036,#11942);
#11942 = DEFINITIONAL_REPRESENTATION('',(#11943),#11947);
#11943 = LINE('',#11944,#11945);
#11944 = CARTESIAN_POINT('',(0.,0.));
#11945 = VECTOR('',#11946,1.);
#11946 = DIRECTION('',(1.,-0.));
#11947 = ( GEOMETRIC_REPRESENTATION_CONTEXT(2) 
PARAMETRIC_REPRESENTATION_CONTEXT() REPRESENTATION_CONTEXT('2D SPACE',''
  ) );
#11948 = ORIENTED_EDGE('',*,*,#11949,.T.);
#11949 = EDGE_CURVE('',#11927,#9228,#11950,.T.);
#11950 = SURFACE_CURVE('',#11951,(#11955,#11962),.PCURVE_S1.);
#11951 = LINE('',#11952,#11953);
#11952 = CARTESIAN_POINT('',(50.92253383317,-7.690614280386,4.));
#11953 = VECTOR('',#11954,1.);
#11954 = DIRECTION('',(-0.165806994995,-0.986158222807,0.));
#11955 = PCURVE('',#7595,#11956);
#11956 = DEFINITIONAL_REPRESENTATION('',(#11957),#11961);
#11957 = LINE('',#11958,#11959);
#11958 = CARTESIAN_POINT('',(5.650882014086E-02,-12.81255367292));
#11959 = VECTOR('',#11960,1.);
#11960 = DIRECTION('',(-0.165806994995,-0.986158222807));
#11961 = ( GEOMETRIC_REPRESENTATION_CONTEXT(2) 
PARAMETRIC_REPRESENTATION_CONTEXT() REPRESENTATION_CONTEXT('2D SPACE',''
  ) );
#11962 = PCURVE('',#9245,#11963);
#11963 = DEFINITIONAL_REPRESENTATION('',(#11964),#11968);
#11964 = LINE('',#11965,#11966);
#11965 = CARTESIAN_POINT('',(0.,0.));
#11966 = VECTOR('',#11967,1.);
#11967 = DIRECTION('',(1.,-0.));
#11968 = ( GEOMETRIC_REPRESENTATION_CONTEXT(2) 
PARAMETRIC_REPRESENTATION_CONTEXT() REPRESENTATION_CONTEXT('2D SPACE',''
  ) );
#11969 = ORIENTED_EDGE('',*,*,#9279,.T.);
#11970 = ADVANCED_FACE('',(#11971),#7671,.F.);
#11971 = FACE_BOUND('',#11972,.F.);
#11972 = EDGE_LOOP('',(#11973,#11974,#11975,#11996));
#11973 = ORIENTED_EDGE('',*,*,#7655,.T.);
#11974 = ORIENTED_EDGE('',*,*,#10605,.T.);
#11975 = ORIENTED_EDGE('',*,*,#11976,.F.);
#11976 = EDGE_CURVE('',#11582,#10606,#11977,.T.);
#11977 = SURFACE_CURVE('',#11978,(#11982,#11989),.PCURVE_S1.);
#11978 = LINE('',#11979,#11980);
#11979 = CARTESIAN_POINT('',(48.366987041533,17.688543312669,4.));
#11980 = VECTOR('',#11981,1.);
#11981 = DIRECTION('',(0.,0.,1.));
#11982 = PCURVE('',#7671,#11983);
#11983 = DEFINITIONAL_REPRESENTATION('',(#11984),#11988);
#11984 = LINE('',#11985,#11986);
#11985 = CARTESIAN_POINT('',(1.71829960271,0.));
#11986 = VECTOR('',#11987,1.);
#11987 = DIRECTION('',(0.,-1.));
#11988 = ( GEOMETRIC_REPRESENTATION_CONTEXT(2) 
PARAMETRIC_REPRESENTATION_CONTEXT() REPRESENTATION_CONTEXT('2D SPACE',''
  ) );
#11989 = PCURVE('',#10644,#11990);
#11990 = DEFINITIONAL_REPRESENTATION('',(#11991),#11995);
#11991 = LINE('',#11992,#11993);
#11992 = CARTESIAN_POINT('',(0.,0.));
#11993 = VECTOR('',#11994,1.);
#11994 = DIRECTION('',(0.,-1.));
#11995 = ( GEOMETRIC_REPRESENTATION_CONTEXT(2) 
PARAMETRIC_REPRESENTATION_CONTEXT() REPRESENTATION_CONTEXT('2D SPACE',''
  ) );
#11996 = ORIENTED_EDGE('',*,*,#11581,.F.);
#11997 = ADVANCED_FACE('',(#11998),#7725,.F.);
#11998 = FACE_BOUND('',#11999,.F.);
#11999 = EDGE_LOOP('',(#12000,#12030,#12051,#12052));
#12000 = ORIENTED_EDGE('',*,*,#12001,.T.);
#12001 = EDGE_CURVE('',#12002,#12004,#12006,.T.);
#12002 = VERTEX_POINT('',#12003);
#12003 = CARTESIAN_POINT('',(-18.80099957906,47.945515064791,4.));
#12004 = VERTEX_POINT('',#12005);
#12005 = CARTESIAN_POINT('',(-18.80099957906,47.945515064791,5.));
#12006 = SURFACE_CURVE('',#12007,(#12011,#12018),.PCURVE_S1.);
#12007 = LINE('',#12008,#12009);
#12008 = CARTESIAN_POINT('',(-18.80099957906,47.945515064791,4.));
#12009 = VECTOR('',#12010,1.);
#12010 = DIRECTION('',(0.,0.,1.));
#12011 = PCURVE('',#7725,#12012);
#12012 = DEFINITIONAL_REPRESENTATION('',(#12013),#12017);
#12013 = LINE('',#12014,#12015);
#12014 = CARTESIAN_POINT('',(0.,0.));
#12015 = VECTOR('',#12016,1.);
#12016 = DIRECTION('',(0.,-1.));
#12017 = ( GEOMETRIC_REPRESENTATION_CONTEXT(2) 
PARAMETRIC_REPRESENTATION_CONTEXT() REPRESENTATION_CONTEXT('2D SPACE',''
  ) );
#12018 = PCURVE('',#12019,#12024);
#12019 = PLANE('',#12020);
#12020 = AXIS2_PLACEMENT_3D('',#12021,#12022,#12023);
#12021 = CARTESIAN_POINT('',(-20.39001614697,47.2916191468,4.));
#12022 = DIRECTION('',(-0.38054825652,0.924761063443,0.));
#12023 = DIRECTION('',(0.924761063443,0.38054825652,0.));
#12024 = DEFINITIONAL_REPRESENTATION('',(#12025),#12029);
#12025 = LINE('',#12026,#12027);
#12026 = CARTESIAN_POINT('',(1.71829960271,0.));
#12027 = VECTOR('',#12028,1.);
#12028 = DIRECTION('',(0.,-1.));
#12029 = ( GEOMETRIC_REPRESENTATION_CONTEXT(2) 
PARAMETRIC_REPRESENTATION_CONTEXT() REPRESENTATION_CONTEXT('2D SPACE',''
  ) );
#12030 = ORIENTED_EDGE('',*,*,#12031,.T.);
#12031 = EDGE_CURVE('',#12004,#7710,#12032,.T.);
#12032 = SURFACE_CURVE('',#12033,(#12037,#12044),.PCURVE_S1.);
#12033 = LINE('',#12034,#12035);
#12034 = CARTESIAN_POINT('',(-18.80099957906,47.945515064791,5.));
#12035 = VECTOR('',#12036,1.);
#12036 = DIRECTION('',(0.9369415706,0.349486041613,0.));
#12037 = PCURVE('',#7725,#12038);
#12038 = DEFINITIONAL_REPRESENTATION('',(#12039),#12043);
#12039 = LINE('',#12040,#12041);
#12040 = CARTESIAN_POINT('',(0.,-1.));
#12041 = VECTOR('',#12042,1.);
#12042 = DIRECTION('',(1.,0.));
#12043 = ( GEOMETRIC_REPRESENTATION_CONTEXT(2) 
PARAMETRIC_REPRESENTATION_CONTEXT() REPRESENTATION_CONTEXT('2D SPACE',''
  ) );
#12044 = PCURVE('',#7751,#12045);
#12045 = DEFINITIONAL_REPRESENTATION('',(#12046),#12050);
#12046 = LINE('',#12047,#12048);
#12047 = CARTESIAN_POINT('',(5.650882014087E-02,-12.81255367292));
#12048 = VECTOR('',#12049,1.);
#12049 = DIRECTION('',(-0.165806994995,-0.986158222807));
#12050 = ( GEOMETRIC_REPRESENTATION_CONTEXT(2) 
PARAMETRIC_REPRESENTATION_CONTEXT() REPRESENTATION_CONTEXT('2D SPACE',''
  ) );
#12051 = ORIENTED_EDGE('',*,*,#7707,.F.);
#12052 = ORIENTED_EDGE('',*,*,#12053,.F.);
#12053 = EDGE_CURVE('',#12002,#7708,#12054,.T.);
#12054 = SURFACE_CURVE('',#12055,(#12059,#12066),.PCURVE_S1.);
#12055 = LINE('',#12056,#12057);
#12056 = CARTESIAN_POINT('',(-18.80099957906,47.945515064791,4.));
#12057 = VECTOR('',#12058,1.);
#12058 = DIRECTION('',(0.9369415706,0.349486041613,0.));
#12059 = PCURVE('',#7725,#12060);
#12060 = DEFINITIONAL_REPRESENTATION('',(#12061),#12065);
#12061 = LINE('',#12062,#12063);
#12062 = CARTESIAN_POINT('',(0.,0.));
#12063 = VECTOR('',#12064,1.);
#12064 = DIRECTION('',(1.,0.));
#12065 = ( GEOMETRIC_REPRESENTATION_CONTEXT(2) 
PARAMETRIC_REPRESENTATION_CONTEXT() REPRESENTATION_CONTEXT('2D SPACE',''
  ) );
#12066 = PCURVE('',#7778,#12067);
#12067 = DEFINITIONAL_REPRESENTATION('',(#12068),#12072);
#12068 = LINE('',#12069,#12070);
#12069 = CARTESIAN_POINT('',(5.650882014087E-02,-12.81255367292));
#12070 = VECTOR('',#12071,1.);
#12071 = DIRECTION('',(-0.165806994995,-0.986158222807));
#12072 = ( GEOMETRIC_REPRESENTATION_CONTEXT(2) 
PARAMETRIC_REPRESENTATION_CONTEXT() REPRESENTATION_CONTEXT('2D SPACE',''
  ) );
#12073 = ADVANCED_FACE('',(#12074),#7778,.F.);
#12074 = FACE_BOUND('',#12075,.F.);
#12075 = EDGE_LOOP('',(#12076,#12077,#12100,#12123,#12146,#12169,#12192,
    #12215,#12238,#12261,#12284,#12307,#12330,#12353,#12376,#12399,
    #12420,#12421,#12422,#12445,#12473,#12501,#12529,#12557,#12585,
    #12613,#12641,#12669,#12697,#12725,#12753,#12781,#12809,#12837,
    #12858,#12859));
#12076 = ORIENTED_EDGE('',*,*,#7842,.T.);
#12077 = ORIENTED_EDGE('',*,*,#12078,.T.);
#12078 = EDGE_CURVE('',#7815,#12079,#12081,.T.);
#12079 = VERTEX_POINT('',#12080);
#12080 = CARTESIAN_POINT('',(-20.66716199752,47.934417853649,4.));
#12081 = SURFACE_CURVE('',#12082,(#12086,#12093),.PCURVE_S1.);
#12082 = LINE('',#12083,#12084);
#12083 = CARTESIAN_POINT('',(-19.05654714615,48.597201677322,4.));
#12084 = VECTOR('',#12085,1.);
#12085 = DIRECTION('',(-0.924761063443,-0.38054825652,0.));
#12086 = PCURVE('',#7778,#12087);
#12087 = DEFINITIONAL_REPRESENTATION('',(#12088),#12092);
#12088 = LINE('',#12089,#12090);
#12089 = CARTESIAN_POINT('',(0.748659765446,-12.91708629421));
#12090 = VECTOR('',#12091,1.);
#12091 = DIRECTION('',(0.132816074209,0.991140701632));
#12092 = ( GEOMETRIC_REPRESENTATION_CONTEXT(2) 
PARAMETRIC_REPRESENTATION_CONTEXT() REPRESENTATION_CONTEXT('2D SPACE',''
  ) );
#12093 = PCURVE('',#7830,#12094);
#12094 = DEFINITIONAL_REPRESENTATION('',(#12095),#12099);
#12095 = LINE('',#12096,#12097);
#12096 = CARTESIAN_POINT('',(1.741655131291,-2.5));
#12097 = VECTOR('',#12098,1.);
#12098 = DIRECTION('',(-1.,-0.));
#12099 = ( GEOMETRIC_REPRESENTATION_CONTEXT(2) 
PARAMETRIC_REPRESENTATION_CONTEXT() REPRESENTATION_CONTEXT('2D SPACE',''
  ) );
#12100 = ORIENTED_EDGE('',*,*,#12101,.T.);
#12101 = EDGE_CURVE('',#12079,#12102,#12104,.T.);
#12102 = VERTEX_POINT('',#12103);
#12103 = CARTESIAN_POINT('',(-22.25476962784,47.218272192146,4.));
#12104 = SURFACE_CURVE('',#12105,(#12109,#12116),.PCURVE_S1.);
#12105 = LINE('',#12106,#12107);
#12106 = CARTESIAN_POINT('',(-20.66716199752,47.934417853649,4.));
#12107 = VECTOR('',#12108,1.);
#12108 = DIRECTION('',(-0.911551088273,-0.411186835233,0.));
#12109 = PCURVE('',#7778,#12110);
#12110 = DEFINITIONAL_REPRESENTATION('',(#12111),#12115);
#12111 = LINE('',#12112,#12113);
#12112 = CARTESIAN_POINT('',(0.97997956261,-11.19086100538));
#12113 = VECTOR('',#12114,1.);
#12114 = DIRECTION('',(9.967729912255E-02,0.995019816908));
#12115 = ( GEOMETRIC_REPRESENTATION_CONTEXT(2) 
PARAMETRIC_REPRESENTATION_CONTEXT() REPRESENTATION_CONTEXT('2D SPACE',''
  ) );
#12116 = PCURVE('',#7911,#12117);
#12117 = DEFINITIONAL_REPRESENTATION('',(#12118),#12122);
#12118 = LINE('',#12119,#12120);
#12119 = CARTESIAN_POINT('',(1.741655131291,-2.5));
#12120 = VECTOR('',#12121,1.);
#12121 = DIRECTION('',(-1.,-0.));
#12122 = ( GEOMETRIC_REPRESENTATION_CONTEXT(2) 
PARAMETRIC_REPRESENTATION_CONTEXT() REPRESENTATION_CONTEXT('2D SPACE',''
  ) );
#12123 = ORIENTED_EDGE('',*,*,#12124,.T.);
#12124 = EDGE_CURVE('',#12102,#12125,#12127,.T.);
#12125 = VERTEX_POINT('',#12126);
#12126 = CARTESIAN_POINT('',(-23.81760267111,46.449561924746,4.));
#12127 = SURFACE_CURVE('',#12128,(#12132,#12139),.PCURVE_S1.);
#12128 = LINE('',#12129,#12130);
#12129 = CARTESIAN_POINT('',(-22.25476962784,47.218272192146,4.));
#12130 = VECTOR('',#12131,1.);
#12131 = DIRECTION('',(-0.897326350777,-0.441367670091,0.));
#12132 = PCURVE('',#7778,#12133);
#12133 = DEFINITIONAL_REPRESENTATION('',(#12134),#12138);
#12134 = LINE('',#12135,#12136);
#12135 = CARTESIAN_POINT('',(1.1535830421,-9.45787963553));
#12136 = VECTOR('',#12137,1.);
#12137 = DIRECTION('',(6.642756068031E-02,0.997791250303));
#12138 = ( GEOMETRIC_REPRESENTATION_CONTEXT(2) 
PARAMETRIC_REPRESENTATION_CONTEXT() REPRESENTATION_CONTEXT('2D SPACE',''
  ) );
#12139 = PCURVE('',#7941,#12140);
#12140 = DEFINITIONAL_REPRESENTATION('',(#12141),#12145);
#12141 = LINE('',#12142,#12143);
#12142 = CARTESIAN_POINT('',(1.741655131291,-2.5));
#12143 = VECTOR('',#12144,1.);
#12144 = DIRECTION('',(-1.,-0.));
#12145 = ( GEOMETRIC_REPRESENTATION_CONTEXT(2) 
PARAMETRIC_REPRESENTATION_CONTEXT() REPRESENTATION_CONTEXT('2D SPACE',''
  ) );
#12146 = ORIENTED_EDGE('',*,*,#12147,.T.);
#12147 = EDGE_CURVE('',#12125,#12148,#12150,.T.);
#12148 = VERTEX_POINT('',#12149);
#12149 = CARTESIAN_POINT('',(-25.35392134104,45.629142799666,4.));
#12150 = SURFACE_CURVE('',#12151,(#12155,#12162),.PCURVE_S1.);
#12151 = LINE('',#12152,#12153);
#12152 = CARTESIAN_POINT('',(-23.81760267111,46.449561924746,4.));
#12153 = VECTOR('',#12154,1.);
#12154 = DIRECTION('',(-0.882102686302,-0.471057163005,0.));
#12155 = PCURVE('',#7778,#12156);
#12156 = DEFINITIONAL_REPRESENTATION('',(#12157),#12161);
#12157 = LINE('',#12158,#12159);
#12158 = CARTESIAN_POINT('',(1.269276944018,-7.720071384482));
#12159 = VECTOR('',#12160,1.);
#12160 = DIRECTION('',(3.310387335376E-02,0.999451916587));
#12161 = ( GEOMETRIC_REPRESENTATION_CONTEXT(2) 
PARAMETRIC_REPRESENTATION_CONTEXT() REPRESENTATION_CONTEXT('2D SPACE',''
  ) );
#12162 = PCURVE('',#7971,#12163);
#12163 = DEFINITIONAL_REPRESENTATION('',(#12164),#12168);
#12164 = LINE('',#12165,#12166);
#12165 = CARTESIAN_POINT('',(1.741655131291,-2.5));
#12166 = VECTOR('',#12167,1.);
#12167 = DIRECTION('',(-1.,-0.));
#12168 = ( GEOMETRIC_REPRESENTATION_CONTEXT(2) 
PARAMETRIC_REPRESENTATION_CONTEXT() REPRESENTATION_CONTEXT('2D SPACE',''
  ) );
#12169 = ORIENTED_EDGE('',*,*,#12170,.T.);
#12170 = EDGE_CURVE('',#12148,#12171,#12173,.T.);
#12171 = VERTEX_POINT('',#12172);
#12172 = CARTESIAN_POINT('',(-26.8620153678,44.757928128766,4.));
#12173 = SURFACE_CURVE('',#12174,(#12178,#12185),.PCURVE_S1.);
#12174 = LINE('',#12175,#12176);
#12175 = CARTESIAN_POINT('',(-25.35392134104,45.629142799666,4.));
#12176 = VECTOR('',#12177,1.);
#12177 = DIRECTION('',(-0.865897042227,-0.500222262862,0.));
#12178 = PCURVE('',#7778,#12179);
#12179 = DEFINITIONAL_REPRESENTATION('',(#12180),#12184);
#12180 = LINE('',#12181,#12182);
#12181 = CARTESIAN_POINT('',(1.32693247491,-5.97937082548));
#12182 = VECTOR('',#12183,1.);
#12183 = DIRECTION('',(-2.566660636525E-04,0.999999967061));
#12184 = ( GEOMETRIC_REPRESENTATION_CONTEXT(2) 
PARAMETRIC_REPRESENTATION_CONTEXT() REPRESENTATION_CONTEXT('2D SPACE',''
  ) );
#12185 = PCURVE('',#8001,#12186);
#12186 = DEFINITIONAL_REPRESENTATION('',(#12187),#12191);
#12187 = LINE('',#12188,#12189);
#12188 = CARTESIAN_POINT('',(1.741655131291,-2.5));
#12189 = VECTOR('',#12190,1.);
#12190 = DIRECTION('',(-1.,-0.));
#12191 = ( GEOMETRIC_REPRESENTATION_CONTEXT(2) 
PARAMETRIC_REPRESENTATION_CONTEXT() REPRESENTATION_CONTEXT('2D SPACE',''
  ) );
#12192 = ORIENTED_EDGE('',*,*,#12193,.T.);
#12193 = EDGE_CURVE('',#12171,#12194,#12196,.T.);
#12194 = VERTEX_POINT('',#12195);
#12195 = CARTESIAN_POINT('',(-28.340205902,43.836887770826,4.));
#12196 = SURFACE_CURVE('',#12197,(#12201,#12208),.PCURVE_S1.);
#12197 = LINE('',#12198,#12199);
#12198 = CARTESIAN_POINT('',(-26.8620153678,44.757928128766,4.));
#12199 = VECTOR('',#12200,1.);
#12200 = DIRECTION('',(-0.848727459095,-0.528830502315,0.));
#12201 = PCURVE('',#7778,#12202);
#12202 = DEFINITIONAL_REPRESENTATION('',(#12203),#12207);
#12203 = LINE('',#12204,#12205);
#12204 = CARTESIAN_POINT('',(1.326485451143,-4.237715751557));
#12205 = VECTOR('',#12206,1.);
#12206 = DIRECTION('',(-3.361691975374E-02,0.999434791623));
#12207 = ( GEOMETRIC_REPRESENTATION_CONTEXT(2) 
PARAMETRIC_REPRESENTATION_CONTEXT() REPRESENTATION_CONTEXT('2D SPACE',''
  ) );
#12208 = PCURVE('',#8031,#12209);
#12209 = DEFINITIONAL_REPRESENTATION('',(#12210),#12214);
#12210 = LINE('',#12211,#12212);
#12211 = CARTESIAN_POINT('',(1.741655131291,-2.5));
#12212 = VECTOR('',#12213,1.);
#12213 = DIRECTION('',(-1.,-0.));
#12214 = ( GEOMETRIC_REPRESENTATION_CONTEXT(2) 
PARAMETRIC_REPRESENTATION_CONTEXT() REPRESENTATION_CONTEXT('2D SPACE',''
  ) );
#12215 = ORIENTED_EDGE('',*,*,#12216,.T.);
#12216 = EDGE_CURVE('',#12194,#12217,#12219,.T.);
#12217 = VERTEX_POINT('',#12218);
#12218 = CARTESIAN_POINT('',(-29.78684738357,42.867047051872,4.));
#12219 = SURFACE_CURVE('',#12220,(#12224,#12231),.PCURVE_S1.);
#12220 = LINE('',#12221,#12222);
#12221 = CARTESIAN_POINT('',(-28.340205902,43.836887770826,4.));
#12222 = VECTOR('',#12223,1.);
#12223 = DIRECTION('',(-0.830613050531,-0.55685003393,0.));
#12224 = PCURVE('',#7778,#12225);
#12225 = DEFINITIONAL_REPRESENTATION('',(#12226),#12230);
#12226 = LINE('',#12227,#12228);
#12227 = CARTESIAN_POINT('',(1.267936370356,-2.497045018336));
#12228 = VECTOR('',#12229,1.);
#12229 = DIRECTION('',(-6.69397502164E-02,0.99775701944));
#12230 = ( GEOMETRIC_REPRESENTATION_CONTEXT(2) 
PARAMETRIC_REPRESENTATION_CONTEXT() REPRESENTATION_CONTEXT('2D SPACE',''
  ) );
#12231 = PCURVE('',#8061,#12232);
#12232 = DEFINITIONAL_REPRESENTATION('',(#12233),#12237);
#12233 = LINE('',#12234,#12235);
#12234 = CARTESIAN_POINT('',(1.741655131291,-2.5));
#12235 = VECTOR('',#12236,1.);
#12236 = DIRECTION('',(-1.,-0.));
#12237 = ( GEOMETRIC_REPRESENTATION_CONTEXT(2) 
PARAMETRIC_REPRESENTATION_CONTEXT() REPRESENTATION_CONTEXT('2D SPACE',''
  ) );
#12238 = ORIENTED_EDGE('',*,*,#12239,.T.);
#12239 = EDGE_CURVE('',#12217,#12240,#12242,.T.);
#12240 = VERTEX_POINT('',#12241);
#12241 = CARTESIAN_POINT('',(-31.20032937369,41.849485623759,4.));
#12242 = SURFACE_CURVE('',#12243,(#12247,#12254),.PCURVE_S1.);
#12243 = LINE('',#12244,#12245);
#12244 = CARTESIAN_POINT('',(-29.78684738357,42.867047051872,4.));
#12245 = VECTOR('',#12246,1.);
#12246 = DIRECTION('',(-0.811573981965,-0.584249665637,0.));
#12247 = PCURVE('',#7778,#12248);
#12248 = DEFINITIONAL_REPRESENTATION('',(#12249),#12253);
#12249 = LINE('',#12250,#12251);
#12250 = CARTESIAN_POINT('',(1.151350410904,-0.759296385647));
#12251 = VECTOR('',#12252,1.);
#12252 = DIRECTION('',(-0.100188061612,0.994968518251));
#12253 = ( GEOMETRIC_REPRESENTATION_CONTEXT(2) 
PARAMETRIC_REPRESENTATION_CONTEXT() REPRESENTATION_CONTEXT('2D SPACE',''
  ) );
#12254 = PCURVE('',#8091,#12255);
#12255 = DEFINITIONAL_REPRESENTATION('',(#12256),#12260);
#12256 = LINE('',#12257,#12258);
#12257 = CARTESIAN_POINT('',(1.741655131291,-2.5));
#12258 = VECTOR('',#12259,1.);
#12259 = DIRECTION('',(-1.,-0.));
#12260 = ( GEOMETRIC_REPRESENTATION_CONTEXT(2) 
PARAMETRIC_REPRESENTATION_CONTEXT() REPRESENTATION_CONTEXT('2D SPACE',''
  ) );
#12261 = ORIENTED_EDGE('',*,*,#12262,.T.);
#12262 = EDGE_CURVE('',#12240,#12263,#12265,.T.);
#12263 = VERTEX_POINT('',#12264);
#12264 = CARTESIAN_POINT('',(-32.5790783475,40.785336262276,4.));
#12265 = SURFACE_CURVE('',#12266,(#12270,#12277),.PCURVE_S1.);
#12266 = LINE('',#12267,#12268);
#12267 = CARTESIAN_POINT('',(-31.20032937369,41.849485623759,4.));
#12268 = VECTOR('',#12269,1.);
#12269 = DIRECTION('',(-0.791631448183,-0.610998895456,0.));
#12270 = PCURVE('',#7778,#12271);
#12271 = DEFINITIONAL_REPRESENTATION('',(#12272),#12276);
#12272 = LINE('',#12273,#12274);
#12273 = CARTESIAN_POINT('',(0.976857359303,0.973595639637));
#12274 = VECTOR('',#12275,1.);
#12275 = DIRECTION('',(-0.133324841058,0.991072392289));
#12276 = ( GEOMETRIC_REPRESENTATION_CONTEXT(2) 
PARAMETRIC_REPRESENTATION_CONTEXT() REPRESENTATION_CONTEXT('2D SPACE',''
  ) );
#12277 = PCURVE('',#8121,#12278);
#12278 = DEFINITIONAL_REPRESENTATION('',(#12279),#12283);
#12279 = LINE('',#12280,#12281);
#12280 = CARTESIAN_POINT('',(1.741655131291,-2.5));
#12281 = VECTOR('',#12282,1.);
#12282 = DIRECTION('',(-1.,-0.));
#12283 = ( GEOMETRIC_REPRESENTATION_CONTEXT(2) 
PARAMETRIC_REPRESENTATION_CONTEXT() REPRESENTATION_CONTEXT('2D SPACE',''
  ) );
#12284 = ORIENTED_EDGE('',*,*,#12285,.T.);
#12285 = EDGE_CURVE('',#12263,#12286,#12288,.T.);
#12286 = VERTEX_POINT('',#12287);
#12287 = CARTESIAN_POINT('',(-33.92155944589,39.675783606104,4.));
#12288 = SURFACE_CURVE('',#12289,(#12293,#12300),.PCURVE_S1.);
#12289 = LINE('',#12290,#12291);
#12290 = CARTESIAN_POINT('',(-32.5790783475,40.785336262276,4.));
#12291 = VECTOR('',#12292,1.);
#12292 = DIRECTION('',(-0.77080764973,-0.637067945449,0.));
#12293 = PCURVE('',#7778,#12294);
#12294 = DEFINITIONAL_REPRESENTATION('',(#12295),#12299);
#12295 = LINE('',#12296,#12297);
#12296 = CARTESIAN_POINT('',(0.744651465747,2.699701957148));
#12297 = VECTOR('',#12298,1.);
#12298 = DIRECTION('',(-0.166313199831,0.986072978822));
#12299 = ( GEOMETRIC_REPRESENTATION_CONTEXT(2) 
PARAMETRIC_REPRESENTATION_CONTEXT() REPRESENTATION_CONTEXT('2D SPACE',''
  ) );
#12300 = PCURVE('',#8151,#12301);
#12301 = DEFINITIONAL_REPRESENTATION('',(#12302),#12306);
#12302 = LINE('',#12303,#12304);
#12303 = CARTESIAN_POINT('',(1.741655131291,-2.5));
#12304 = VECTOR('',#12305,1.);
#12305 = DIRECTION('',(-1.,-0.));
#12306 = ( GEOMETRIC_REPRESENTATION_CONTEXT(2) 
PARAMETRIC_REPRESENTATION_CONTEXT() REPRESENTATION_CONTEXT('2D SPACE',''
  ) );
#12307 = ORIENTED_EDGE('',*,*,#12308,.T.);
#12308 = EDGE_CURVE('',#12286,#12309,#12311,.T.);
#12309 = VERTEX_POINT('',#12310);
#12310 = CARTESIAN_POINT('',(-35.22627818406,38.522062838053,4.));
#12311 = SURFACE_CURVE('',#12312,(#12316,#12323),.PCURVE_S1.);
#12312 = LINE('',#12313,#12314);
#12313 = CARTESIAN_POINT('',(-33.92155944589,39.675783606104,4.));
#12314 = VECTOR('',#12315,1.);
#12315 = DIRECTION('',(-0.749125768199,-0.662427794873,0.));
#12316 = PCURVE('',#7778,#12317);
#12317 = DEFINITIONAL_REPRESENTATION('',(#12318),#12322);
#12318 = LINE('',#12319,#12320);
#12319 = CARTESIAN_POINT('',(0.45499122786,4.41710102054));
#12320 = VECTOR('',#12321,1.);
#12321 = DIRECTION('',(-0.199116414434,0.979975843326));
#12322 = ( GEOMETRIC_REPRESENTATION_CONTEXT(2) 
PARAMETRIC_REPRESENTATION_CONTEXT() REPRESENTATION_CONTEXT('2D SPACE',''
  ) );
#12323 = PCURVE('',#8181,#12324);
#12324 = DEFINITIONAL_REPRESENTATION('',(#12325),#12329);
#12325 = LINE('',#12326,#12327);
#12326 = CARTESIAN_POINT('',(1.741655131291,-2.5));
#12327 = VECTOR('',#12328,1.);
#12328 = DIRECTION('',(-1.,-0.));
#12329 = ( GEOMETRIC_REPRESENTATION_CONTEXT(2) 
PARAMETRIC_REPRESENTATION_CONTEXT() REPRESENTATION_CONTEXT('2D SPACE',''
  ) );
#12330 = ORIENTED_EDGE('',*,*,#12331,.T.);
#12331 = EDGE_CURVE('',#12309,#12332,#12334,.T.);
#12332 = VERTEX_POINT('',#12333);
#12333 = CARTESIAN_POINT('',(-36.49178211525,37.325458310021,4.));
#12334 = SURFACE_CURVE('',#12335,(#12339,#12346),.PCURVE_S1.);
#12335 = LINE('',#12336,#12337);
#12336 = CARTESIAN_POINT('',(-35.22627818406,38.522062838053,4.));
#12337 = VECTOR('',#12338,1.);
#12338 = DIRECTION('',(-0.726609940423,-0.687050212487,0.));
#12339 = PCURVE('',#7778,#12340);
#12340 = DEFINITIONAL_REPRESENTATION('',(#12341),#12345);
#12341 = LINE('',#12342,#12343);
#12342 = CARTESIAN_POINT('',(0.108199102938,6.123880976611));
#12343 = VECTOR('',#12344,1.);
#12344 = DIRECTION('',(-0.231697967477,0.972787773292));
#12345 = ( GEOMETRIC_REPRESENTATION_CONTEXT(2) 
PARAMETRIC_REPRESENTATION_CONTEXT() REPRESENTATION_CONTEXT('2D SPACE',''
  ) );
#12346 = PCURVE('',#8211,#12347);
#12347 = DEFINITIONAL_REPRESENTATION('',(#12348),#12352);
#12348 = LINE('',#12349,#12350);
#12349 = CARTESIAN_POINT('',(1.741655131291,-2.5));
#12350 = VECTOR('',#12351,1.);
#12351 = DIRECTION('',(-1.,-0.));
#12352 = ( GEOMETRIC_REPRESENTATION_CONTEXT(2) 
PARAMETRIC_REPRESENTATION_CONTEXT() REPRESENTATION_CONTEXT('2D SPACE',''
  ) );
#12353 = ORIENTED_EDGE('',*,*,#12354,.T.);
#12354 = EDGE_CURVE('',#12332,#12355,#12357,.T.);
#12355 = VERTEX_POINT('',#12356);
#12356 = CARTESIAN_POINT('',(-37.71666244764,36.08730211322,4.));
#12357 = SURFACE_CURVE('',#12358,(#12362,#12369),.PCURVE_S1.);
#12358 = LINE('',#12359,#12360);
#12359 = CARTESIAN_POINT('',(-36.49178211525,37.325458310021,4.));
#12360 = VECTOR('',#12361,1.);
#12361 = DIRECTION('',(-0.703285231607,-0.710907787975,0.));
#12362 = PCURVE('',#7778,#12363);
#12363 = DEFINITIONAL_REPRESENTATION('',(#12364),#12368);
#12364 = LINE('',#12365,#12366);
#12365 = CARTESIAN_POINT('',(-0.295338851029,7.818141793622));
#12366 = VECTOR('',#12367,1.);
#12367 = DIRECTION('',(-0.264021588331,0.964516770666));
#12368 = ( GEOMETRIC_REPRESENTATION_CONTEXT(2) 
PARAMETRIC_REPRESENTATION_CONTEXT() REPRESENTATION_CONTEXT('2D SPACE',''
  ) );
#12369 = PCURVE('',#8241,#12370);
#12370 = DEFINITIONAL_REPRESENTATION('',(#12371),#12375);
#12371 = LINE('',#12372,#12373);
#12372 = CARTESIAN_POINT('',(1.741655131291,-2.5));
#12373 = VECTOR('',#12374,1.);
#12374 = DIRECTION('',(-1.,-0.));
#12375 = ( GEOMETRIC_REPRESENTATION_CONTEXT(2) 
PARAMETRIC_REPRESENTATION_CONTEXT() REPRESENTATION_CONTEXT('2D SPACE',''
  ) );
#12376 = ORIENTED_EDGE('',*,*,#12377,.T.);
#12377 = EDGE_CURVE('',#12355,#12378,#12380,.T.);
#12378 = VERTEX_POINT('',#12379);
#12379 = CARTESIAN_POINT('',(-38.89955561266,34.808972595257,4.));
#12380 = SURFACE_CURVE('',#12381,(#12385,#12392),.PCURVE_S1.);
#12381 = LINE('',#12382,#12383);
#12382 = CARTESIAN_POINT('',(-37.71666244764,36.08730211322,4.));
#12383 = VECTOR('',#12384,1.);
#12384 = DIRECTION('',(-0.679177607421,-0.733973962466,0.));
#12385 = PCURVE('',#7778,#12386);
#12386 = DEFINITIONAL_REPRESENTATION('',(#12387),#12391);
#12387 = LINE('',#12388,#12389);
#12388 = CARTESIAN_POINT('',(-0.755173405117,9.497997376468));
#12389 = VECTOR('',#12390,1.);
#12390 = DIRECTION('',(-0.296051293501,0.955172042941));
#12391 = ( GEOMETRIC_REPRESENTATION_CONTEXT(2) 
PARAMETRIC_REPRESENTATION_CONTEXT() REPRESENTATION_CONTEXT('2D SPACE',''
  ) );
#12392 = PCURVE('',#8271,#12393);
#12393 = DEFINITIONAL_REPRESENTATION('',(#12394),#12398);
#12394 = LINE('',#12395,#12396);
#12395 = CARTESIAN_POINT('',(1.741655131291,-2.5));
#12396 = VECTOR('',#12397,1.);
#12397 = DIRECTION('',(-1.,-0.));
#12398 = ( GEOMETRIC_REPRESENTATION_CONTEXT(2) 
PARAMETRIC_REPRESENTATION_CONTEXT() REPRESENTATION_CONTEXT('2D SPACE',''
  ) );
#12399 = ORIENTED_EDGE('',*,*,#12400,.T.);
#12400 = EDGE_CURVE('',#12378,#8345,#12401,.T.);
#12401 = SURFACE_CURVE('',#12402,(#12406,#12413),.PCURVE_S1.);
#12402 = LINE('',#12403,#12404);
#12403 = CARTESIAN_POINT('',(-38.89955561266,34.808972595257,4.));
#12404 = VECTOR('',#12405,1.);
#12405 = DIRECTION('',(-0.654313905098,-0.756223058095,0.));
#12406 = PCURVE('',#7778,#12407);
#12407 = DEFINITIONAL_REPRESENTATION('',(#12408),#12412);
#12408 = LINE('',#12409,#12410);
#12409 = CARTESIAN_POINT('',(-1.270792659568,11.161577666322));
#12410 = VECTOR('',#12411,1.);
#12411 = DIRECTION('',(-0.327751426689,0.944763992912));
#12412 = ( GEOMETRIC_REPRESENTATION_CONTEXT(2) 
PARAMETRIC_REPRESENTATION_CONTEXT() REPRESENTATION_CONTEXT('2D SPACE',''
  ) );
#12413 = PCURVE('',#8301,#12414);
#12414 = DEFINITIONAL_REPRESENTATION('',(#12415),#12419);
#12415 = LINE('',#12416,#12417);
#12416 = CARTESIAN_POINT('',(1.741655131291,-2.5));
#12417 = VECTOR('',#12418,1.);
#12418 = DIRECTION('',(-1.,-0.));
#12419 = ( GEOMETRIC_REPRESENTATION_CONTEXT(2) 
PARAMETRIC_REPRESENTATION_CONTEXT() REPRESENTATION_CONTEXT('2D SPACE',''
  ) );
#12420 = ORIENTED_EDGE('',*,*,#8344,.T.);
#12421 = ORIENTED_EDGE('',*,*,#8443,.T.);
#12422 = ORIENTED_EDGE('',*,*,#12423,.T.);
#12423 = EDGE_CURVE('',#8416,#12424,#12426,.T.);
#12424 = VERTEX_POINT('',#12425);
#12425 = CARTESIAN_POINT('',(-39.50222138547,33.042767826146,4.));
#12426 = SURFACE_CURVE('',#12427,(#12431,#12438),.PCURVE_S1.);
#12427 = LINE('',#12428,#12429);
#12428 = CARTESIAN_POINT('',(-40.58255381074,31.706565979271,4.));
#12429 = VECTOR('',#12430,1.);
#12430 = DIRECTION('',(0.628721803557,0.777630306593,0.));
#12431 = PCURVE('',#7778,#12432);
#12432 = DEFINITIONAL_REPRESENTATION('',(#12433),#12437);
#12433 = LINE('',#12434,#12435);
#12434 = CARTESIAN_POINT('',(-3.116056502839,14.170300168379));
#12435 = VECTOR('',#12436,1.);
#12436 = DIRECTION('',(0.359086698484,-0.93330420709));
#12437 = ( GEOMETRIC_REPRESENTATION_CONTEXT(2) 
PARAMETRIC_REPRESENTATION_CONTEXT() REPRESENTATION_CONTEXT('2D SPACE',''
  ) );
#12438 = PCURVE('',#8431,#12439);
#12439 = DEFINITIONAL_REPRESENTATION('',(#12440),#12444);
#12440 = LINE('',#12441,#12442);
#12441 = CARTESIAN_POINT('',(0.,0.));
#12442 = VECTOR('',#12443,1.);
#12443 = DIRECTION('',(1.,0.));
#12444 = ( GEOMETRIC_REPRESENTATION_CONTEXT(2) 
PARAMETRIC_REPRESENTATION_CONTEXT() REPRESENTATION_CONTEXT('2D SPACE',''
  ) );
#12445 = ORIENTED_EDGE('',*,*,#12446,.T.);
#12446 = EDGE_CURVE('',#12424,#12447,#12449,.T.);
#12447 = VERTEX_POINT('',#12448);
#12448 = CARTESIAN_POINT('',(-38.3779140623,34.342185606432,4.));
#12449 = SURFACE_CURVE('',#12450,(#12454,#12461),.PCURVE_S1.);
#12450 = LINE('',#12451,#12452);
#12451 = CARTESIAN_POINT('',(-39.50222138547,33.042767826146,4.));
#12452 = VECTOR('',#12453,1.);
#12453 = DIRECTION('',(0.654313905098,0.756223058095,0.));
#12454 = PCURVE('',#7778,#12455);
#12455 = DEFINITIONAL_REPRESENTATION('',(#12456),#12460);
#12456 = LINE('',#12457,#12458);
#12457 = CARTESIAN_POINT('',(-2.499037971496,12.566603920128));
#12458 = VECTOR('',#12459,1.);
#12459 = DIRECTION('',(0.327751426689,-0.944763992912));
#12460 = ( GEOMETRIC_REPRESENTATION_CONTEXT(2) 
PARAMETRIC_REPRESENTATION_CONTEXT() REPRESENTATION_CONTEXT('2D SPACE',''
  ) );
#12461 = PCURVE('',#12462,#12467);
#12462 = PLANE('',#12463);
#12463 = AXIS2_PLACEMENT_3D('',#12464,#12465,#12466);
#12464 = CARTESIAN_POINT('',(-39.50222138547,33.042767826146,4.));
#12465 = DIRECTION('',(-0.756223058095,0.654313905098,0.));
#12466 = DIRECTION('',(0.654313905098,0.756223058095,0.));
#12467 = DEFINITIONAL_REPRESENTATION('',(#12468),#12472);
#12468 = LINE('',#12469,#12470);
#12469 = CARTESIAN_POINT('',(0.,0.));
#12470 = VECTOR('',#12471,1.);
#12471 = DIRECTION('',(1.,0.));
#12472 = ( GEOMETRIC_REPRESENTATION_CONTEXT(2) 
PARAMETRIC_REPRESENTATION_CONTEXT() REPRESENTATION_CONTEXT('2D SPACE',''
  ) );
#12473 = ORIENTED_EDGE('',*,*,#12474,.T.);
#12474 = EDGE_CURVE('',#12447,#12475,#12477,.T.);
#12475 = VERTEX_POINT('',#12476);
#12476 = CARTESIAN_POINT('',(-37.2108834493,35.603372774537,4.));
#12477 = SURFACE_CURVE('',#12478,(#12482,#12489),.PCURVE_S1.);
#12478 = LINE('',#12479,#12480);
#12479 = CARTESIAN_POINT('',(-38.3779140623,34.342185606432,4.));
#12480 = VECTOR('',#12481,1.);
#12481 = DIRECTION('',(0.679177607421,0.733973962466,0.));
#12482 = PCURVE('',#7778,#12483);
#12483 = DEFINITIONAL_REPRESENTATION('',(#12484),#12488);
#12484 = LINE('',#12485,#12486);
#12485 = CARTESIAN_POINT('',(-1.935862825228,10.943216326452));
#12486 = VECTOR('',#12487,1.);
#12487 = DIRECTION('',(0.296051293501,-0.955172042941));
#12488 = ( GEOMETRIC_REPRESENTATION_CONTEXT(2) 
PARAMETRIC_REPRESENTATION_CONTEXT() REPRESENTATION_CONTEXT('2D SPACE',''
  ) );
#12489 = PCURVE('',#12490,#12495);
#12490 = PLANE('',#12491);
#12491 = AXIS2_PLACEMENT_3D('',#12492,#12493,#12494);
#12492 = CARTESIAN_POINT('',(-38.3779140623,34.342185606432,4.));
#12493 = DIRECTION('',(-0.733973962466,0.679177607421,0.));
#12494 = DIRECTION('',(0.679177607421,0.733973962466,0.));
#12495 = DEFINITIONAL_REPRESENTATION('',(#12496),#12500);
#12496 = LINE('',#12497,#12498);
#12497 = CARTESIAN_POINT('',(0.,0.));
#12498 = VECTOR('',#12499,1.);
#12499 = DIRECTION('',(1.,0.));
#12500 = ( GEOMETRIC_REPRESENTATION_CONTEXT(2) 
PARAMETRIC_REPRESENTATION_CONTEXT() REPRESENTATION_CONTEXT('2D SPACE',''
  ) );
#12501 = ORIENTED_EDGE('',*,*,#12502,.T.);
#12502 = EDGE_CURVE('',#12475,#12503,#12505,.T.);
#12503 = VERTEX_POINT('',#12504);
#12504 = CARTESIAN_POINT('',(-36.00242871523,36.824925344178,4.));
#12505 = SURFACE_CURVE('',#12506,(#12510,#12517),.PCURVE_S1.);
#12506 = LINE('',#12507,#12508);
#12507 = CARTESIAN_POINT('',(-37.2108834493,35.603372774537,4.));
#12508 = VECTOR('',#12509,1.);
#12509 = DIRECTION('',(0.703285231607,0.710907787975,0.));
#12510 = PCURVE('',#7778,#12511);
#12511 = DEFINITIONAL_REPRESENTATION('',(#12512),#12516);
#12512 = LINE('',#12513,#12514);
#12513 = CARTESIAN_POINT('',(-1.427158005223,9.301944584547));
#12514 = VECTOR('',#12515,1.);
#12515 = DIRECTION('',(0.264021588331,-0.964516770666));
#12516 = ( GEOMETRIC_REPRESENTATION_CONTEXT(2) 
PARAMETRIC_REPRESENTATION_CONTEXT() REPRESENTATION_CONTEXT('2D SPACE',''
  ) );
#12517 = PCURVE('',#12518,#12523);
#12518 = PLANE('',#12519);
#12519 = AXIS2_PLACEMENT_3D('',#12520,#12521,#12522);
#12520 = CARTESIAN_POINT('',(-37.2108834493,35.603372774537,4.));
#12521 = DIRECTION('',(-0.710907787975,0.703285231607,0.));
#12522 = DIRECTION('',(0.703285231607,0.710907787975,0.));
#12523 = DEFINITIONAL_REPRESENTATION('',(#12524),#12528);
#12524 = LINE('',#12525,#12526);
#12525 = CARTESIAN_POINT('',(0.,0.));
#12526 = VECTOR('',#12527,1.);
#12527 = DIRECTION('',(1.,0.));
#12528 = ( GEOMETRIC_REPRESENTATION_CONTEXT(2) 
PARAMETRIC_REPRESENTATION_CONTEXT() REPRESENTATION_CONTEXT('2D SPACE',''
  ) );
#12529 = ORIENTED_EDGE('',*,*,#12530,.T.);
#12530 = EDGE_CURVE('',#12503,#12531,#12533,.T.);
#12531 = VERTEX_POINT('',#12532);
#12532 = CARTESIAN_POINT('',(-34.75389514328,38.005483451336,4.));
#12533 = SURFACE_CURVE('',#12534,(#12538,#12545),.PCURVE_S1.);
#12534 = LINE('',#12535,#12536);
#12535 = CARTESIAN_POINT('',(-36.00242871523,36.824925344178,4.));
#12536 = VECTOR('',#12537,1.);
#12537 = DIRECTION('',(0.726609940423,0.687050212487,0.));
#12538 = PCURVE('',#7778,#12539);
#12539 = DEFINITIONAL_REPRESENTATION('',(#12540),#12544);
#12540 = LINE('',#12541,#12542);
#12541 = CARTESIAN_POINT('',(-0.973489814887,7.644615800704));
#12542 = VECTOR('',#12543,1.);
#12543 = DIRECTION('',(0.231697967477,-0.972787773292));
#12544 = ( GEOMETRIC_REPRESENTATION_CONTEXT(2) 
PARAMETRIC_REPRESENTATION_CONTEXT() REPRESENTATION_CONTEXT('2D SPACE',''
  ) );
#12545 = PCURVE('',#12546,#12551);
#12546 = PLANE('',#12547);
#12547 = AXIS2_PLACEMENT_3D('',#12548,#12549,#12550);
#12548 = CARTESIAN_POINT('',(-36.00242871523,36.824925344178,4.));
#12549 = DIRECTION('',(-0.687050212487,0.726609940423,0.));
#12550 = DIRECTION('',(0.726609940423,0.687050212487,0.));
#12551 = DEFINITIONAL_REPRESENTATION('',(#12552),#12556);
#12552 = LINE('',#12553,#12554);
#12553 = CARTESIAN_POINT('',(0.,0.));
#12554 = VECTOR('',#12555,1.);
#12555 = DIRECTION('',(1.,0.));
#12556 = ( GEOMETRIC_REPRESENTATION_CONTEXT(2) 
PARAMETRIC_REPRESENTATION_CONTEXT() REPRESENTATION_CONTEXT('2D SPACE',''
  ) );
#12557 = ORIENTED_EDGE('',*,*,#12558,.T.);
#12558 = EDGE_CURVE('',#12531,#12559,#12561,.T.);
#12559 = VERTEX_POINT('',#12560);
#12560 = CARTESIAN_POINT('',(-33.4666726334,39.143732868091,4.));
#12561 = SURFACE_CURVE('',#12562,(#12566,#12573),.PCURVE_S1.);
#12562 = LINE('',#12563,#12564);
#12563 = CARTESIAN_POINT('',(-34.75389514328,38.005483451336,4.));
#12564 = VECTOR('',#12565,1.);
#12565 = DIRECTION('',(0.749125768199,0.662427794873,0.));
#12566 = PCURVE('',#7778,#12567);
#12567 = DEFINITIONAL_REPRESENTATION('',(#12568),#12572);
#12568 = LINE('',#12569,#12570);
#12569 = CARTESIAN_POINT('',(-0.575363289422,5.973074956335));
#12570 = VECTOR('',#12571,1.);
#12571 = DIRECTION('',(0.199116414434,-0.979975843326));
#12572 = ( GEOMETRIC_REPRESENTATION_CONTEXT(2) 
PARAMETRIC_REPRESENTATION_CONTEXT() REPRESENTATION_CONTEXT('2D SPACE',''
  ) );
#12573 = PCURVE('',#12574,#12579);
#12574 = PLANE('',#12575);
#12575 = AXIS2_PLACEMENT_3D('',#12576,#12577,#12578);
#12576 = CARTESIAN_POINT('',(-34.75389514328,38.005483451336,4.));
#12577 = DIRECTION('',(-0.662427794873,0.749125768199,0.));
#12578 = DIRECTION('',(0.749125768199,0.662427794873,0.));
#12579 = DEFINITIONAL_REPRESENTATION('',(#12580),#12584);
#12580 = LINE('',#12581,#12582);
#12581 = CARTESIAN_POINT('',(0.,0.));
#12582 = VECTOR('',#12583,1.);
#12583 = DIRECTION('',(1.,0.));
#12584 = ( GEOMETRIC_REPRESENTATION_CONTEXT(2) 
PARAMETRIC_REPRESENTATION_CONTEXT() REPRESENTATION_CONTEXT('2D SPACE',''
  ) );
#12585 = ORIENTED_EDGE('',*,*,#12586,.T.);
#12586 = EDGE_CURVE('',#12559,#12587,#12589,.T.);
#12587 = VERTEX_POINT('',#12588);
#12588 = CARTESIAN_POINT('',(-32.1421941551,40.238406465655,4.));
#12589 = SURFACE_CURVE('',#12590,(#12594,#12601),.PCURVE_S1.);
#12590 = LINE('',#12591,#12592);
#12591 = CARTESIAN_POINT('',(-33.4666726334,39.143732868091,4.));
#12592 = VECTOR('',#12593,1.);
#12593 = DIRECTION('',(0.77080764973,0.637067945449,0.));
#12594 = PCURVE('',#7778,#12595);
#12595 = DEFINITIONAL_REPRESENTATION('',(#12596),#12600);
#12596 = LINE('',#12597,#12598);
#12597 = CARTESIAN_POINT('',(-0.233221633608,4.289182854081));
#12598 = VECTOR('',#12599,1.);
#12599 = DIRECTION('',(0.166313199831,-0.986072978822));
#12600 = ( GEOMETRIC_REPRESENTATION_CONTEXT(2) 
PARAMETRIC_REPRESENTATION_CONTEXT() REPRESENTATION_CONTEXT('2D SPACE',''
  ) );
#12601 = PCURVE('',#12602,#12607);
#12602 = PLANE('',#12603);
#12603 = AXIS2_PLACEMENT_3D('',#12604,#12605,#12606);
#12604 = CARTESIAN_POINT('',(-33.4666726334,39.143732868091,4.));
#12605 = DIRECTION('',(-0.637067945449,0.77080764973,0.));
#12606 = DIRECTION('',(0.77080764973,0.637067945449,0.));
#12607 = DEFINITIONAL_REPRESENTATION('',(#12608),#12612);
#12608 = LINE('',#12609,#12610);
#12609 = CARTESIAN_POINT('',(0.,0.));
#12610 = VECTOR('',#12611,1.);
#12611 = DIRECTION('',(1.,0.));
#12612 = ( GEOMETRIC_REPRESENTATION_CONTEXT(2) 
PARAMETRIC_REPRESENTATION_CONTEXT() REPRESENTATION_CONTEXT('2D SPACE',''
  ) );
#12613 = ORIENTED_EDGE('',*,*,#12614,.T.);
#12614 = EDGE_CURVE('',#12587,#12615,#12617,.T.);
#12615 = VERTEX_POINT('',#12616);
#12616 = CARTESIAN_POINT('',(-30.7819341522,41.288285624973,4.));
#12617 = SURFACE_CURVE('',#12618,(#12622,#12629),.PCURVE_S1.);
#12618 = LINE('',#12619,#12620);
#12619 = CARTESIAN_POINT('',(-32.1421941551,40.238406465655,4.));
#12620 = VECTOR('',#12621,1.);
#12621 = DIRECTION('',(0.791631448183,0.610998895456,0.));
#12622 = PCURVE('',#7778,#12623);
#12623 = DEFINITIONAL_REPRESENTATION('',(#12624),#12628);
#12624 = LINE('',#12625,#12626);
#12625 = CARTESIAN_POINT('',(5.255427158688E-02,2.594814046328));
#12626 = VECTOR('',#12627,1.);
#12627 = DIRECTION('',(0.133324841058,-0.991072392289));
#12628 = ( GEOMETRIC_REPRESENTATION_CONTEXT(2) 
PARAMETRIC_REPRESENTATION_CONTEXT() REPRESENTATION_CONTEXT('2D SPACE',''
  ) );
#12629 = PCURVE('',#12630,#12635);
#12630 = PLANE('',#12631);
#12631 = AXIS2_PLACEMENT_3D('',#12632,#12633,#12634);
#12632 = CARTESIAN_POINT('',(-32.1421941551,40.238406465655,4.));
#12633 = DIRECTION('',(-0.610998895456,0.791631448183,0.));
#12634 = DIRECTION('',(0.791631448183,0.610998895456,0.));
#12635 = DEFINITIONAL_REPRESENTATION('',(#12636),#12640);
#12636 = LINE('',#12637,#12638);
#12637 = CARTESIAN_POINT('',(0.,0.));
#12638 = VECTOR('',#12639,1.);
#12639 = DIRECTION('',(1.,0.));
#12640 = ( GEOMETRIC_REPRESENTATION_CONTEXT(2) 
PARAMETRIC_REPRESENTATION_CONTEXT() REPRESENTATION_CONTEXT('2D SPACE',''
  ) );
#12641 = ORIENTED_EDGE('',*,*,#12642,.T.);
#12642 = EDGE_CURVE('',#12615,#12643,#12645,.T.);
#12643 = VERTEX_POINT('',#12644);
#12644 = CARTESIAN_POINT('',(-29.38740690142,42.292201593322,4.));
#12645 = SURFACE_CURVE('',#12646,(#12650,#12657),.PCURVE_S1.);
#12646 = LINE('',#12647,#12648);
#12647 = CARTESIAN_POINT('',(-30.7819341522,41.288285624973,4.));
#12648 = VECTOR('',#12649,1.);
#12649 = DIRECTION('',(0.811573981965,0.584249665637,0.));
#12650 = PCURVE('',#7778,#12651);
#12651 = DEFINITIONAL_REPRESENTATION('',(#12652),#12656);
#12652 = LINE('',#12653,#12654);
#12653 = CARTESIAN_POINT('',(0.281646293008,0.891854748401));
#12654 = VECTOR('',#12655,1.);
#12655 = DIRECTION('',(0.100188061612,-0.994968518251));
#12656 = ( GEOMETRIC_REPRESENTATION_CONTEXT(2) 
PARAMETRIC_REPRESENTATION_CONTEXT() REPRESENTATION_CONTEXT('2D SPACE',''
  ) );
#12657 = PCURVE('',#12658,#12663);
#12658 = PLANE('',#12659);
#12659 = AXIS2_PLACEMENT_3D('',#12660,#12661,#12662);
#12660 = CARTESIAN_POINT('',(-30.7819341522,41.288285624973,4.));
#12661 = DIRECTION('',(-0.584249665637,0.811573981965,0.));
#12662 = DIRECTION('',(0.811573981965,0.584249665637,0.));
#12663 = DEFINITIONAL_REPRESENTATION('',(#12664),#12668);
#12664 = LINE('',#12665,#12666);
#12665 = CARTESIAN_POINT('',(0.,0.));
#12666 = VECTOR('',#12667,1.);
#12667 = DIRECTION('',(1.,0.));
#12668 = ( GEOMETRIC_REPRESENTATION_CONTEXT(2) 
PARAMETRIC_REPRESENTATION_CONTEXT() REPRESENTATION_CONTEXT('2D SPACE',''
  ) );
#12669 = ORIENTED_EDGE('',*,*,#12670,.T.);
#12670 = EDGE_CURVE('',#12643,#12671,#12673,.T.);
#12671 = VERTEX_POINT('',#12672);
#12672 = CARTESIAN_POINT('',(-27.96016482669,43.249036785394,4.));
#12673 = SURFACE_CURVE('',#12674,(#12678,#12685),.PCURVE_S1.);
#12674 = LINE('',#12675,#12676);
#12675 = CARTESIAN_POINT('',(-29.38740690142,42.292201593322,4.));
#12676 = VECTOR('',#12677,1.);
#12677 = DIRECTION('',(0.830613050531,0.55685003393,0.));
#12678 = PCURVE('',#7778,#12679);
#12679 = DEFINITIONAL_REPRESENTATION('',(#12680),#12684);
#12680 = LINE('',#12681,#12682);
#12681 = CARTESIAN_POINT('',(0.453799399472,-0.817799261219));
#12682 = VECTOR('',#12683,1.);
#12683 = DIRECTION('',(6.69397502164E-02,-0.99775701944));
#12684 = ( GEOMETRIC_REPRESENTATION_CONTEXT(2) 
PARAMETRIC_REPRESENTATION_CONTEXT() REPRESENTATION_CONTEXT('2D SPACE',''
  ) );
#12685 = PCURVE('',#12686,#12691);
#12686 = PLANE('',#12687);
#12687 = AXIS2_PLACEMENT_3D('',#12688,#12689,#12690);
#12688 = CARTESIAN_POINT('',(-29.38740690142,42.292201593322,4.));
#12689 = DIRECTION('',(-0.55685003393,0.830613050531,0.));
#12690 = DIRECTION('',(0.830613050531,0.55685003393,0.));
#12691 = DEFINITIONAL_REPRESENTATION('',(#12692),#12696);
#12692 = LINE('',#12693,#12694);
#12693 = CARTESIAN_POINT('',(0.,0.));
#12694 = VECTOR('',#12695,1.);
#12695 = DIRECTION('',(1.,0.));
#12696 = ( GEOMETRIC_REPRESENTATION_CONTEXT(2) 
PARAMETRIC_REPRESENTATION_CONTEXT() REPRESENTATION_CONTEXT('2D SPACE',''
  ) );
#12697 = ORIENTED_EDGE('',*,*,#12698,.T.);
#12698 = EDGE_CURVE('',#12671,#12699,#12701,.T.);
#12699 = VERTEX_POINT('',#12700);
#12700 = CARTESIAN_POINT('',(-26.50179677091,44.157726027423,4.));
#12701 = SURFACE_CURVE('',#12702,(#12706,#12713),.PCURVE_S1.);
#12702 = LINE('',#12703,#12704);
#12703 = CARTESIAN_POINT('',(-27.96016482669,43.249036785394,4.));
#12704 = VECTOR('',#12705,1.);
#12705 = DIRECTION('',(0.848727459095,0.528830502315,0.));
#12706 = PCURVE('',#7778,#12707);
#12707 = DEFINITIONAL_REPRESENTATION('',(#12708),#12712);
#12708 = LINE('',#12709,#12710);
#12709 = CARTESIAN_POINT('',(0.568821945675,-2.532244751323));
#12710 = VECTOR('',#12711,1.);
#12711 = DIRECTION('',(3.361691975374E-02,-0.999434791623));
#12712 = ( GEOMETRIC_REPRESENTATION_CONTEXT(2) 
PARAMETRIC_REPRESENTATION_CONTEXT() REPRESENTATION_CONTEXT('2D SPACE',''
  ) );
#12713 = PCURVE('',#12714,#12719);
#12714 = PLANE('',#12715);
#12715 = AXIS2_PLACEMENT_3D('',#12716,#12717,#12718);
#12716 = CARTESIAN_POINT('',(-27.96016482669,43.249036785394,4.));
#12717 = DIRECTION('',(-0.528830502315,0.848727459095,0.));
#12718 = DIRECTION('',(0.848727459095,0.528830502315,0.));
#12719 = DEFINITIONAL_REPRESENTATION('',(#12720),#12724);
#12720 = LINE('',#12721,#12722);
#12721 = CARTESIAN_POINT('',(0.,0.));
#12722 = VECTOR('',#12723,1.);
#12723 = DIRECTION('',(1.,0.));
#12724 = ( GEOMETRIC_REPRESENTATION_CONTEXT(2) 
PARAMETRIC_REPRESENTATION_CONTEXT() REPRESENTATION_CONTEXT('2D SPACE',''
  ) );
#12725 = ORIENTED_EDGE('',*,*,#12726,.T.);
#12726 = EDGE_CURVE('',#12699,#12727,#12729,.T.);
#12727 = VERTEX_POINT('',#12728);
#12728 = CARTESIAN_POINT('',(-25.01392622727,45.017257742966,4.));
#12729 = SURFACE_CURVE('',#12730,(#12734,#12741),.PCURVE_S1.);
#12730 = LINE('',#12731,#12732);
#12731 = CARTESIAN_POINT('',(-26.50179677091,44.157726027423,4.));
#12732 = VECTOR('',#12733,1.);
#12733 = DIRECTION('',(0.865897042227,0.500222262862,0.));
#12734 = PCURVE('',#7778,#12735);
#12735 = DEFINITIONAL_REPRESENTATION('',(#12736),#12740);
#12736 = LINE('',#12737,#12738);
#12737 = CARTESIAN_POINT('',(0.626585885532,-4.249573156704));
#12738 = VECTOR('',#12739,1.);
#12739 = DIRECTION('',(2.566660636513E-04,-0.999999967061));
#12740 = ( GEOMETRIC_REPRESENTATION_CONTEXT(2) 
PARAMETRIC_REPRESENTATION_CONTEXT() REPRESENTATION_CONTEXT('2D SPACE',''
  ) );
#12741 = PCURVE('',#12742,#12747);
#12742 = PLANE('',#12743);
#12743 = AXIS2_PLACEMENT_3D('',#12744,#12745,#12746);
#12744 = CARTESIAN_POINT('',(-26.50179677091,44.157726027423,4.));
#12745 = DIRECTION('',(-0.500222262862,0.865897042227,0.));
#12746 = DIRECTION('',(0.865897042227,0.500222262862,0.));
#12747 = DEFINITIONAL_REPRESENTATION('',(#12748),#12752);
#12748 = LINE('',#12749,#12750);
#12749 = CARTESIAN_POINT('',(0.,0.));
#12750 = VECTOR('',#12751,1.);
#12751 = DIRECTION('',(1.,0.));
#12752 = ( GEOMETRIC_REPRESENTATION_CONTEXT(2) 
PARAMETRIC_REPRESENTATION_CONTEXT() REPRESENTATION_CONTEXT('2D SPACE',''
  ) );
#12753 = ORIENTED_EDGE('',*,*,#12754,.T.);
#12754 = EDGE_CURVE('',#12727,#12755,#12757,.T.);
#12755 = VERTEX_POINT('',#12756);
#12756 = CARTESIAN_POINT('',(-23.49820953184,45.826675079012,4.));
#12757 = SURFACE_CURVE('',#12758,(#12762,#12769),.PCURVE_S1.);
#12758 = LINE('',#12759,#12760);
#12759 = CARTESIAN_POINT('',(-25.01392622727,45.017257742966,4.));
#12760 = VECTOR('',#12761,1.);
#12761 = DIRECTION('',(0.882102686302,0.471057163005,0.));
#12762 = PCURVE('',#7778,#12763);
#12763 = DEFINITIONAL_REPRESENTATION('',(#12764),#12768);
#12764 = LINE('',#12765,#12766);
#12765 = CARTESIAN_POINT('',(0.627026914727,-5.967872702816));
#12766 = VECTOR('',#12767,1.);
#12767 = DIRECTION('',(-3.310387335376E-02,-0.999451916587));
#12768 = ( GEOMETRIC_REPRESENTATION_CONTEXT(2) 
PARAMETRIC_REPRESENTATION_CONTEXT() REPRESENTATION_CONTEXT('2D SPACE',''
  ) );
#12769 = PCURVE('',#12770,#12775);
#12770 = PLANE('',#12771);
#12771 = AXIS2_PLACEMENT_3D('',#12772,#12773,#12774);
#12772 = CARTESIAN_POINT('',(-25.01392622727,45.017257742966,4.));
#12773 = DIRECTION('',(-0.471057163005,0.882102686302,0.));
#12774 = DIRECTION('',(0.882102686302,0.471057163005,0.));
#12775 = DEFINITIONAL_REPRESENTATION('',(#12776),#12780);
#12776 = LINE('',#12777,#12778);
#12777 = CARTESIAN_POINT('',(0.,0.));
#12778 = VECTOR('',#12779,1.);
#12779 = DIRECTION('',(1.,0.));
#12780 = ( GEOMETRIC_REPRESENTATION_CONTEXT(2) 
PARAMETRIC_REPRESENTATION_CONTEXT() REPRESENTATION_CONTEXT('2D SPACE',''
  ) );
#12781 = ORIENTED_EDGE('',*,*,#12782,.T.);
#12782 = EDGE_CURVE('',#12755,#12783,#12785,.T.);
#12783 = VERTEX_POINT('',#12784);
#12784 = CARTESIAN_POINT('',(-21.9563340198,46.585076971179,4.));
#12785 = SURFACE_CURVE('',#12786,(#12790,#12797),.PCURVE_S1.);
#12786 = LINE('',#12787,#12788);
#12787 = CARTESIAN_POINT('',(-23.49820953184,45.826675079012,4.));
#12788 = VECTOR('',#12789,1.);
#12789 = DIRECTION('',(0.897326350777,0.441367670091,0.));
#12790 = PCURVE('',#7778,#12791);
#12791 = DEFINITIONAL_REPRESENTATION('',(#12792),#12796);
#12792 = LINE('',#12793,#12794);
#12793 = CARTESIAN_POINT('',(0.570144542295,-7.685230534015));
#12794 = VECTOR('',#12795,1.);
#12795 = DIRECTION('',(-6.642756068031E-02,-0.997791250303));
#12796 = ( GEOMETRIC_REPRESENTATION_CONTEXT(2) 
PARAMETRIC_REPRESENTATION_CONTEXT() REPRESENTATION_CONTEXT('2D SPACE',''
  ) );
#12797 = PCURVE('',#12798,#12803);
#12798 = PLANE('',#12799);
#12799 = AXIS2_PLACEMENT_3D('',#12800,#12801,#12802);
#12800 = CARTESIAN_POINT('',(-23.49820953184,45.826675079012,4.));
#12801 = DIRECTION('',(-0.441367670091,0.897326350777,0.));
#12802 = DIRECTION('',(0.897326350777,0.441367670091,0.));
#12803 = DEFINITIONAL_REPRESENTATION('',(#12804),#12808);
#12804 = LINE('',#12805,#12806);
#12805 = CARTESIAN_POINT('',(0.,0.));
#12806 = VECTOR('',#12807,1.);
#12807 = DIRECTION('',(1.,0.));
#12808 = ( GEOMETRIC_REPRESENTATION_CONTEXT(2) 
PARAMETRIC_REPRESENTATION_CONTEXT() REPRESENTATION_CONTEXT('2D SPACE',''
  ) );
#12809 = ORIENTED_EDGE('',*,*,#12810,.T.);
#12810 = EDGE_CURVE('',#12783,#12811,#12813,.T.);
#12811 = VERTEX_POINT('',#12812);
#12812 = CARTESIAN_POINT('',(-20.39001614697,47.2916191468,4.));
#12813 = SURFACE_CURVE('',#12814,(#12818,#12825),.PCURVE_S1.);
#12814 = LINE('',#12815,#12816);
#12815 = CARTESIAN_POINT('',(-21.9563340198,46.585076971179,4.));
#12816 = VECTOR('',#12817,1.);
#12817 = DIRECTION('',(0.911551088273,0.411186835233,0.));
#12818 = PCURVE('',#7778,#12819);
#12819 = DEFINITIONAL_REPRESENTATION('',(#12820),#12824);
#12820 = LINE('',#12821,#12822);
#12821 = CARTESIAN_POINT('',(0.456002091169,-9.399734842999));
#12822 = VECTOR('',#12823,1.);
#12823 = DIRECTION('',(-9.967729912255E-02,-0.995019816908));
#12824 = ( GEOMETRIC_REPRESENTATION_CONTEXT(2) 
PARAMETRIC_REPRESENTATION_CONTEXT() REPRESENTATION_CONTEXT('2D SPACE',''
  ) );
#12825 = PCURVE('',#12826,#12831);
#12826 = PLANE('',#12827);
#12827 = AXIS2_PLACEMENT_3D('',#12828,#12829,#12830);
#12828 = CARTESIAN_POINT('',(-21.9563340198,46.585076971179,4.));
#12829 = DIRECTION('',(-0.411186835233,0.911551088273,0.));
#12830 = DIRECTION('',(0.911551088273,0.411186835233,0.));
#12831 = DEFINITIONAL_REPRESENTATION('',(#12832),#12836);
#12832 = LINE('',#12833,#12834);
#12833 = CARTESIAN_POINT('',(0.,0.));
#12834 = VECTOR('',#12835,1.);
#12835 = DIRECTION('',(1.,0.));
#12836 = ( GEOMETRIC_REPRESENTATION_CONTEXT(2) 
PARAMETRIC_REPRESENTATION_CONTEXT() REPRESENTATION_CONTEXT('2D SPACE',''
  ) );
#12837 = ORIENTED_EDGE('',*,*,#12838,.T.);
#12838 = EDGE_CURVE('',#12811,#12002,#12839,.T.);
#12839 = SURFACE_CURVE('',#12840,(#12844,#12851),.PCURVE_S1.);
#12840 = LINE('',#12841,#12842);
#12841 = CARTESIAN_POINT('',(-20.39001614697,47.2916191468,4.));
#12842 = VECTOR('',#12843,1.);
#12843 = DIRECTION('',(0.924761063443,0.38054825652,0.));
#12844 = PCURVE('',#7778,#12845);
#12845 = DEFINITIONAL_REPRESENTATION('',(#12846),#12850);
#12846 = LINE('',#12847,#12848);
#12847 = CARTESIAN_POINT('',(0.284726627687,-11.10947699908));
#12848 = VECTOR('',#12849,1.);
#12849 = DIRECTION('',(-0.132816074209,-0.991140701632));
#12850 = ( GEOMETRIC_REPRESENTATION_CONTEXT(2) 
PARAMETRIC_REPRESENTATION_CONTEXT() REPRESENTATION_CONTEXT('2D SPACE',''
  ) );
#12851 = PCURVE('',#12019,#12852);
#12852 = DEFINITIONAL_REPRESENTATION('',(#12853),#12857);
#12853 = LINE('',#12854,#12855);
#12854 = CARTESIAN_POINT('',(0.,0.));
#12855 = VECTOR('',#12856,1.);
#12856 = DIRECTION('',(1.,0.));
#12857 = ( GEOMETRIC_REPRESENTATION_CONTEXT(2) 
PARAMETRIC_REPRESENTATION_CONTEXT() REPRESENTATION_CONTEXT('2D SPACE',''
  ) );
#12858 = ORIENTED_EDGE('',*,*,#12053,.T.);
#12859 = ORIENTED_EDGE('',*,*,#7764,.T.);
#12860 = ADVANCED_FACE('',(#12861),#7751,.T.);
#12861 = FACE_BOUND('',#12862,.T.);
#12862 = EDGE_LOOP('',(#12863,#12864,#12865,#12866,#12867,#12868,#12869,
    #12870,#12871,#12872,#12873,#12874,#12875,#12876,#12877,#12878,
    #12879,#12880,#12881,#12904,#12927,#12950,#12973,#12996,#13019,
    #13042,#13065,#13088,#13111,#13134,#13157,#13180,#13203,#13226,
    #13247,#13248));
#12863 = ORIENTED_EDGE('',*,*,#9682,.F.);
#12864 = ORIENTED_EDGE('',*,*,#9707,.F.);
#12865 = ORIENTED_EDGE('',*,*,#9732,.F.);
#12866 = ORIENTED_EDGE('',*,*,#9757,.F.);
#12867 = ORIENTED_EDGE('',*,*,#9782,.F.);
#12868 = ORIENTED_EDGE('',*,*,#9807,.F.);
#12869 = ORIENTED_EDGE('',*,*,#9832,.F.);
#12870 = ORIENTED_EDGE('',*,*,#9857,.F.);
#12871 = ORIENTED_EDGE('',*,*,#9882,.F.);
#12872 = ORIENTED_EDGE('',*,*,#9907,.F.);
#12873 = ORIENTED_EDGE('',*,*,#9932,.F.);
#12874 = ORIENTED_EDGE('',*,*,#9957,.F.);
#12875 = ORIENTED_EDGE('',*,*,#9982,.F.);
#12876 = ORIENTED_EDGE('',*,*,#10007,.F.);
#12877 = ORIENTED_EDGE('',*,*,#10032,.F.);
#12878 = ORIENTED_EDGE('',*,*,#10057,.F.);
#12879 = ORIENTED_EDGE('',*,*,#10082,.F.);
#12880 = ORIENTED_EDGE('',*,*,#8392,.T.);
#12881 = ORIENTED_EDGE('',*,*,#12882,.T.);
#12882 = EDGE_CURVE('',#8393,#12883,#12885,.T.);
#12883 = VERTEX_POINT('',#12884);
#12884 = CARTESIAN_POINT('',(-39.50222138547,33.042767826146,5.));
#12885 = SURFACE_CURVE('',#12886,(#12890,#12897),.PCURVE_S1.);
#12886 = LINE('',#12887,#12888);
#12887 = CARTESIAN_POINT('',(-40.58255381074,31.706565979271,5.));
#12888 = VECTOR('',#12889,1.);
#12889 = DIRECTION('',(0.628721803557,0.777630306593,0.));
#12890 = PCURVE('',#7751,#12891);
#12891 = DEFINITIONAL_REPRESENTATION('',(#12892),#12896);
#12892 = LINE('',#12893,#12894);
#12893 = CARTESIAN_POINT('',(-3.116056502839,14.170300168379));
#12894 = VECTOR('',#12895,1.);
#12895 = DIRECTION('',(0.359086698484,-0.93330420709));
#12896 = ( GEOMETRIC_REPRESENTATION_CONTEXT(2) 
PARAMETRIC_REPRESENTATION_CONTEXT() REPRESENTATION_CONTEXT('2D SPACE',''
  ) );
#12897 = PCURVE('',#8431,#12898);
#12898 = DEFINITIONAL_REPRESENTATION('',(#12899),#12903);
#12899 = LINE('',#12900,#12901);
#12900 = CARTESIAN_POINT('',(0.,-1.));
#12901 = VECTOR('',#12902,1.);
#12902 = DIRECTION('',(1.,0.));
#12903 = ( GEOMETRIC_REPRESENTATION_CONTEXT(2) 
PARAMETRIC_REPRESENTATION_CONTEXT() REPRESENTATION_CONTEXT('2D SPACE',''
  ) );
#12904 = ORIENTED_EDGE('',*,*,#12905,.T.);
#12905 = EDGE_CURVE('',#12883,#12906,#12908,.T.);
#12906 = VERTEX_POINT('',#12907);
#12907 = CARTESIAN_POINT('',(-38.3779140623,34.342185606432,5.));
#12908 = SURFACE_CURVE('',#12909,(#12913,#12920),.PCURVE_S1.);
#12909 = LINE('',#12910,#12911);
#12910 = CARTESIAN_POINT('',(-39.50222138547,33.042767826146,5.));
#12911 = VECTOR('',#12912,1.);
#12912 = DIRECTION('',(0.654313905098,0.756223058095,0.));
#12913 = PCURVE('',#7751,#12914);
#12914 = DEFINITIONAL_REPRESENTATION('',(#12915),#12919);
#12915 = LINE('',#12916,#12917);
#12916 = CARTESIAN_POINT('',(-2.499037971496,12.566603920128));
#12917 = VECTOR('',#12918,1.);
#12918 = DIRECTION('',(0.327751426689,-0.944763992912));
#12919 = ( GEOMETRIC_REPRESENTATION_CONTEXT(2) 
PARAMETRIC_REPRESENTATION_CONTEXT() REPRESENTATION_CONTEXT('2D SPACE',''
  ) );
#12920 = PCURVE('',#12462,#12921);
#12921 = DEFINITIONAL_REPRESENTATION('',(#12922),#12926);
#12922 = LINE('',#12923,#12924);
#12923 = CARTESIAN_POINT('',(0.,-1.));
#12924 = VECTOR('',#12925,1.);
#12925 = DIRECTION('',(1.,0.));
#12926 = ( GEOMETRIC_REPRESENTATION_CONTEXT(2) 
PARAMETRIC_REPRESENTATION_CONTEXT() REPRESENTATION_CONTEXT('2D SPACE',''
  ) );
#12927 = ORIENTED_EDGE('',*,*,#12928,.T.);
#12928 = EDGE_CURVE('',#12906,#12929,#12931,.T.);
#12929 = VERTEX_POINT('',#12930);
#12930 = CARTESIAN_POINT('',(-37.2108834493,35.603372774537,5.));
#12931 = SURFACE_CURVE('',#12932,(#12936,#12943),.PCURVE_S1.);
#12932 = LINE('',#12933,#12934);
#12933 = CARTESIAN_POINT('',(-38.3779140623,34.342185606432,5.));
#12934 = VECTOR('',#12935,1.);
#12935 = DIRECTION('',(0.679177607421,0.733973962466,0.));
#12936 = PCURVE('',#7751,#12937);
#12937 = DEFINITIONAL_REPRESENTATION('',(#12938),#12942);
#12938 = LINE('',#12939,#12940);
#12939 = CARTESIAN_POINT('',(-1.935862825228,10.943216326452));
#12940 = VECTOR('',#12941,1.);
#12941 = DIRECTION('',(0.296051293501,-0.955172042941));
#12942 = ( GEOMETRIC_REPRESENTATION_CONTEXT(2) 
PARAMETRIC_REPRESENTATION_CONTEXT() REPRESENTATION_CONTEXT('2D SPACE',''
  ) );
#12943 = PCURVE('',#12490,#12944);
#12944 = DEFINITIONAL_REPRESENTATION('',(#12945),#12949);
#12945 = LINE('',#12946,#12947);
#12946 = CARTESIAN_POINT('',(0.,-1.));
#12947 = VECTOR('',#12948,1.);
#12948 = DIRECTION('',(1.,0.));
#12949 = ( GEOMETRIC_REPRESENTATION_CONTEXT(2) 
PARAMETRIC_REPRESENTATION_CONTEXT() REPRESENTATION_CONTEXT('2D SPACE',''
  ) );
#12950 = ORIENTED_EDGE('',*,*,#12951,.T.);
#12951 = EDGE_CURVE('',#12929,#12952,#12954,.T.);
#12952 = VERTEX_POINT('',#12953);
#12953 = CARTESIAN_POINT('',(-36.00242871523,36.824925344178,5.));
#12954 = SURFACE_CURVE('',#12955,(#12959,#12966),.PCURVE_S1.);
#12955 = LINE('',#12956,#12957);
#12956 = CARTESIAN_POINT('',(-37.2108834493,35.603372774537,5.));
#12957 = VECTOR('',#12958,1.);
#12958 = DIRECTION('',(0.703285231607,0.710907787975,0.));
#12959 = PCURVE('',#7751,#12960);
#12960 = DEFINITIONAL_REPRESENTATION('',(#12961),#12965);
#12961 = LINE('',#12962,#12963);
#12962 = CARTESIAN_POINT('',(-1.427158005223,9.301944584547));
#12963 = VECTOR('',#12964,1.);
#12964 = DIRECTION('',(0.264021588331,-0.964516770666));
#12965 = ( GEOMETRIC_REPRESENTATION_CONTEXT(2) 
PARAMETRIC_REPRESENTATION_CONTEXT() REPRESENTATION_CONTEXT('2D SPACE',''
  ) );
#12966 = PCURVE('',#12518,#12967);
#12967 = DEFINITIONAL_REPRESENTATION('',(#12968),#12972);
#12968 = LINE('',#12969,#12970);
#12969 = CARTESIAN_POINT('',(0.,-1.));
#12970 = VECTOR('',#12971,1.);
#12971 = DIRECTION('',(1.,0.));
#12972 = ( GEOMETRIC_REPRESENTATION_CONTEXT(2) 
PARAMETRIC_REPRESENTATION_CONTEXT() REPRESENTATION_CONTEXT('2D SPACE',''
  ) );
#12973 = ORIENTED_EDGE('',*,*,#12974,.T.);
#12974 = EDGE_CURVE('',#12952,#12975,#12977,.T.);
#12975 = VERTEX_POINT('',#12976);
#12976 = CARTESIAN_POINT('',(-34.75389514328,38.005483451336,5.));
#12977 = SURFACE_CURVE('',#12978,(#12982,#12989),.PCURVE_S1.);
#12978 = LINE('',#12979,#12980);
#12979 = CARTESIAN_POINT('',(-36.00242871523,36.824925344178,5.));
#12980 = VECTOR('',#12981,1.);
#12981 = DIRECTION('',(0.726609940423,0.687050212487,0.));
#12982 = PCURVE('',#7751,#12983);
#12983 = DEFINITIONAL_REPRESENTATION('',(#12984),#12988);
#12984 = LINE('',#12985,#12986);
#12985 = CARTESIAN_POINT('',(-0.973489814887,7.644615800704));
#12986 = VECTOR('',#12987,1.);
#12987 = DIRECTION('',(0.231697967477,-0.972787773292));
#12988 = ( GEOMETRIC_REPRESENTATION_CONTEXT(2) 
PARAMETRIC_REPRESENTATION_CONTEXT() REPRESENTATION_CONTEXT('2D SPACE',''
  ) );
#12989 = PCURVE('',#12546,#12990);
#12990 = DEFINITIONAL_REPRESENTATION('',(#12991),#12995);
#12991 = LINE('',#12992,#12993);
#12992 = CARTESIAN_POINT('',(0.,-1.));
#12993 = VECTOR('',#12994,1.);
#12994 = DIRECTION('',(1.,0.));
#12995 = ( GEOMETRIC_REPRESENTATION_CONTEXT(2) 
PARAMETRIC_REPRESENTATION_CONTEXT() REPRESENTATION_CONTEXT('2D SPACE',''
  ) );
#12996 = ORIENTED_EDGE('',*,*,#12997,.T.);
#12997 = EDGE_CURVE('',#12975,#12998,#13000,.T.);
#12998 = VERTEX_POINT('',#12999);
#12999 = CARTESIAN_POINT('',(-33.4666726334,39.143732868091,5.));
#13000 = SURFACE_CURVE('',#13001,(#13005,#13012),.PCURVE_S1.);
#13001 = LINE('',#13002,#13003);
#13002 = CARTESIAN_POINT('',(-34.75389514328,38.005483451336,5.));
#13003 = VECTOR('',#13004,1.);
#13004 = DIRECTION('',(0.749125768199,0.662427794873,0.));
#13005 = PCURVE('',#7751,#13006);
#13006 = DEFINITIONAL_REPRESENTATION('',(#13007),#13011);
#13007 = LINE('',#13008,#13009);
#13008 = CARTESIAN_POINT('',(-0.575363289422,5.973074956335));
#13009 = VECTOR('',#13010,1.);
#13010 = DIRECTION('',(0.199116414434,-0.979975843326));
#13011 = ( GEOMETRIC_REPRESENTATION_CONTEXT(2) 
PARAMETRIC_REPRESENTATION_CONTEXT() REPRESENTATION_CONTEXT('2D SPACE',''
  ) );
#13012 = PCURVE('',#12574,#13013);
#13013 = DEFINITIONAL_REPRESENTATION('',(#13014),#13018);
#13014 = LINE('',#13015,#13016);
#13015 = CARTESIAN_POINT('',(0.,-1.));
#13016 = VECTOR('',#13017,1.);
#13017 = DIRECTION('',(1.,0.));
#13018 = ( GEOMETRIC_REPRESENTATION_CONTEXT(2) 
PARAMETRIC_REPRESENTATION_CONTEXT() REPRESENTATION_CONTEXT('2D SPACE',''
  ) );
#13019 = ORIENTED_EDGE('',*,*,#13020,.T.);
#13020 = EDGE_CURVE('',#12998,#13021,#13023,.T.);
#13021 = VERTEX_POINT('',#13022);
#13022 = CARTESIAN_POINT('',(-32.1421941551,40.238406465655,5.));
#13023 = SURFACE_CURVE('',#13024,(#13028,#13035),.PCURVE_S1.);
#13024 = LINE('',#13025,#13026);
#13025 = CARTESIAN_POINT('',(-33.4666726334,39.143732868091,5.));
#13026 = VECTOR('',#13027,1.);
#13027 = DIRECTION('',(0.77080764973,0.637067945449,0.));
#13028 = PCURVE('',#7751,#13029);
#13029 = DEFINITIONAL_REPRESENTATION('',(#13030),#13034);
#13030 = LINE('',#13031,#13032);
#13031 = CARTESIAN_POINT('',(-0.233221633608,4.289182854081));
#13032 = VECTOR('',#13033,1.);
#13033 = DIRECTION('',(0.166313199831,-0.986072978822));
#13034 = ( GEOMETRIC_REPRESENTATION_CONTEXT(2) 
PARAMETRIC_REPRESENTATION_CONTEXT() REPRESENTATION_CONTEXT('2D SPACE',''
  ) );
#13035 = PCURVE('',#12602,#13036);
#13036 = DEFINITIONAL_REPRESENTATION('',(#13037),#13041);
#13037 = LINE('',#13038,#13039);
#13038 = CARTESIAN_POINT('',(0.,-1.));
#13039 = VECTOR('',#13040,1.);
#13040 = DIRECTION('',(1.,0.));
#13041 = ( GEOMETRIC_REPRESENTATION_CONTEXT(2) 
PARAMETRIC_REPRESENTATION_CONTEXT() REPRESENTATION_CONTEXT('2D SPACE',''
  ) );
#13042 = ORIENTED_EDGE('',*,*,#13043,.T.);
#13043 = EDGE_CURVE('',#13021,#13044,#13046,.T.);
#13044 = VERTEX_POINT('',#13045);
#13045 = CARTESIAN_POINT('',(-30.7819341522,41.288285624973,5.));
#13046 = SURFACE_CURVE('',#13047,(#13051,#13058),.PCURVE_S1.);
#13047 = LINE('',#13048,#13049);
#13048 = CARTESIAN_POINT('',(-32.1421941551,40.238406465655,5.));
#13049 = VECTOR('',#13050,1.);
#13050 = DIRECTION('',(0.791631448183,0.610998895456,0.));
#13051 = PCURVE('',#7751,#13052);
#13052 = DEFINITIONAL_REPRESENTATION('',(#13053),#13057);
#13053 = LINE('',#13054,#13055);
#13054 = CARTESIAN_POINT('',(5.255427158688E-02,2.594814046328));
#13055 = VECTOR('',#13056,1.);
#13056 = DIRECTION('',(0.133324841058,-0.991072392289));
#13057 = ( GEOMETRIC_REPRESENTATION_CONTEXT(2) 
PARAMETRIC_REPRESENTATION_CONTEXT() REPRESENTATION_CONTEXT('2D SPACE',''
  ) );
#13058 = PCURVE('',#12630,#13059);
#13059 = DEFINITIONAL_REPRESENTATION('',(#13060),#13064);
#13060 = LINE('',#13061,#13062);
#13061 = CARTESIAN_POINT('',(0.,-1.));
#13062 = VECTOR('',#13063,1.);
#13063 = DIRECTION('',(1.,0.));
#13064 = ( GEOMETRIC_REPRESENTATION_CONTEXT(2) 
PARAMETRIC_REPRESENTATION_CONTEXT() REPRESENTATION_CONTEXT('2D SPACE',''
  ) );
#13065 = ORIENTED_EDGE('',*,*,#13066,.T.);
#13066 = EDGE_CURVE('',#13044,#13067,#13069,.T.);
#13067 = VERTEX_POINT('',#13068);
#13068 = CARTESIAN_POINT('',(-29.38740690142,42.292201593322,5.));
#13069 = SURFACE_CURVE('',#13070,(#13074,#13081),.PCURVE_S1.);
#13070 = LINE('',#13071,#13072);
#13071 = CARTESIAN_POINT('',(-30.7819341522,41.288285624973,5.));
#13072 = VECTOR('',#13073,1.);
#13073 = DIRECTION('',(0.811573981965,0.584249665637,0.));
#13074 = PCURVE('',#7751,#13075);
#13075 = DEFINITIONAL_REPRESENTATION('',(#13076),#13080);
#13076 = LINE('',#13077,#13078);
#13077 = CARTESIAN_POINT('',(0.281646293008,0.891854748401));
#13078 = VECTOR('',#13079,1.);
#13079 = DIRECTION('',(0.100188061612,-0.994968518251));
#13080 = ( GEOMETRIC_REPRESENTATION_CONTEXT(2) 
PARAMETRIC_REPRESENTATION_CONTEXT() REPRESENTATION_CONTEXT('2D SPACE',''
  ) );
#13081 = PCURVE('',#12658,#13082);
#13082 = DEFINITIONAL_REPRESENTATION('',(#13083),#13087);
#13083 = LINE('',#13084,#13085);
#13084 = CARTESIAN_POINT('',(0.,-1.));
#13085 = VECTOR('',#13086,1.);
#13086 = DIRECTION('',(1.,0.));
#13087 = ( GEOMETRIC_REPRESENTATION_CONTEXT(2) 
PARAMETRIC_REPRESENTATION_CONTEXT() REPRESENTATION_CONTEXT('2D SPACE',''
  ) );
#13088 = ORIENTED_EDGE('',*,*,#13089,.T.);
#13089 = EDGE_CURVE('',#13067,#13090,#13092,.T.);
#13090 = VERTEX_POINT('',#13091);
#13091 = CARTESIAN_POINT('',(-27.96016482669,43.249036785394,5.));
#13092 = SURFACE_CURVE('',#13093,(#13097,#13104),.PCURVE_S1.);
#13093 = LINE('',#13094,#13095);
#13094 = CARTESIAN_POINT('',(-29.38740690142,42.292201593322,5.));
#13095 = VECTOR('',#13096,1.);
#13096 = DIRECTION('',(0.830613050531,0.55685003393,0.));
#13097 = PCURVE('',#7751,#13098);
#13098 = DEFINITIONAL_REPRESENTATION('',(#13099),#13103);
#13099 = LINE('',#13100,#13101);
#13100 = CARTESIAN_POINT('',(0.453799399472,-0.817799261219));
#13101 = VECTOR('',#13102,1.);
#13102 = DIRECTION('',(6.69397502164E-02,-0.99775701944));
#13103 = ( GEOMETRIC_REPRESENTATION_CONTEXT(2) 
PARAMETRIC_REPRESENTATION_CONTEXT() REPRESENTATION_CONTEXT('2D SPACE',''
  ) );
#13104 = PCURVE('',#12686,#13105);
#13105 = DEFINITIONAL_REPRESENTATION('',(#13106),#13110);
#13106 = LINE('',#13107,#13108);
#13107 = CARTESIAN_POINT('',(0.,-1.));
#13108 = VECTOR('',#13109,1.);
#13109 = DIRECTION('',(1.,0.));
#13110 = ( GEOMETRIC_REPRESENTATION_CONTEXT(2) 
PARAMETRIC_REPRESENTATION_CONTEXT() REPRESENTATION_CONTEXT('2D SPACE',''
  ) );
#13111 = ORIENTED_EDGE('',*,*,#13112,.T.);
#13112 = EDGE_CURVE('',#13090,#13113,#13115,.T.);
#13113 = VERTEX_POINT('',#13114);
#13114 = CARTESIAN_POINT('',(-26.50179677091,44.157726027423,5.));
#13115 = SURFACE_CURVE('',#13116,(#13120,#13127),.PCURVE_S1.);
#13116 = LINE('',#13117,#13118);
#13117 = CARTESIAN_POINT('',(-27.96016482669,43.249036785394,5.));
#13118 = VECTOR('',#13119,1.);
#13119 = DIRECTION('',(0.848727459095,0.528830502315,0.));
#13120 = PCURVE('',#7751,#13121);
#13121 = DEFINITIONAL_REPRESENTATION('',(#13122),#13126);
#13122 = LINE('',#13123,#13124);
#13123 = CARTESIAN_POINT('',(0.568821945675,-2.532244751323));
#13124 = VECTOR('',#13125,1.);
#13125 = DIRECTION('',(3.361691975374E-02,-0.999434791623));
#13126 = ( GEOMETRIC_REPRESENTATION_CONTEXT(2) 
PARAMETRIC_REPRESENTATION_CONTEXT() REPRESENTATION_CONTEXT('2D SPACE',''
  ) );
#13127 = PCURVE('',#12714,#13128);
#13128 = DEFINITIONAL_REPRESENTATION('',(#13129),#13133);
#13129 = LINE('',#13130,#13131);
#13130 = CARTESIAN_POINT('',(0.,-1.));
#13131 = VECTOR('',#13132,1.);
#13132 = DIRECTION('',(1.,0.));
#13133 = ( GEOMETRIC_REPRESENTATION_CONTEXT(2) 
PARAMETRIC_REPRESENTATION_CONTEXT() REPRESENTATION_CONTEXT('2D SPACE',''
  ) );
#13134 = ORIENTED_EDGE('',*,*,#13135,.T.);
#13135 = EDGE_CURVE('',#13113,#13136,#13138,.T.);
#13136 = VERTEX_POINT('',#13137);
#13137 = CARTESIAN_POINT('',(-25.01392622727,45.017257742966,5.));
#13138 = SURFACE_CURVE('',#13139,(#13143,#13150),.PCURVE_S1.);
#13139 = LINE('',#13140,#13141);
#13140 = CARTESIAN_POINT('',(-26.50179677091,44.157726027423,5.));
#13141 = VECTOR('',#13142,1.);
#13142 = DIRECTION('',(0.865897042227,0.500222262862,0.));
#13143 = PCURVE('',#7751,#13144);
#13144 = DEFINITIONAL_REPRESENTATION('',(#13145),#13149);
#13145 = LINE('',#13146,#13147);
#13146 = CARTESIAN_POINT('',(0.626585885532,-4.249573156704));
#13147 = VECTOR('',#13148,1.);
#13148 = DIRECTION('',(2.566660636513E-04,-0.999999967061));
#13149 = ( GEOMETRIC_REPRESENTATION_CONTEXT(2) 
PARAMETRIC_REPRESENTATION_CONTEXT() REPRESENTATION_CONTEXT('2D SPACE',''
  ) );
#13150 = PCURVE('',#12742,#13151);
#13151 = DEFINITIONAL_REPRESENTATION('',(#13152),#13156);
#13152 = LINE('',#13153,#13154);
#13153 = CARTESIAN_POINT('',(0.,-1.));
#13154 = VECTOR('',#13155,1.);
#13155 = DIRECTION('',(1.,0.));
#13156 = ( GEOMETRIC_REPRESENTATION_CONTEXT(2) 
PARAMETRIC_REPRESENTATION_CONTEXT() REPRESENTATION_CONTEXT('2D SPACE',''
  ) );
#13157 = ORIENTED_EDGE('',*,*,#13158,.T.);
#13158 = EDGE_CURVE('',#13136,#13159,#13161,.T.);
#13159 = VERTEX_POINT('',#13160);
#13160 = CARTESIAN_POINT('',(-23.49820953184,45.826675079012,5.));
#13161 = SURFACE_CURVE('',#13162,(#13166,#13173),.PCURVE_S1.);
#13162 = LINE('',#13163,#13164);
#13163 = CARTESIAN_POINT('',(-25.01392622727,45.017257742966,5.));
#13164 = VECTOR('',#13165,1.);
#13165 = DIRECTION('',(0.882102686302,0.471057163005,0.));
#13166 = PCURVE('',#7751,#13167);
#13167 = DEFINITIONAL_REPRESENTATION('',(#13168),#13172);
#13168 = LINE('',#13169,#13170);
#13169 = CARTESIAN_POINT('',(0.627026914727,-5.967872702816));
#13170 = VECTOR('',#13171,1.);
#13171 = DIRECTION('',(-3.310387335376E-02,-0.999451916587));
#13172 = ( GEOMETRIC_REPRESENTATION_CONTEXT(2) 
PARAMETRIC_REPRESENTATION_CONTEXT() REPRESENTATION_CONTEXT('2D SPACE',''
  ) );
#13173 = PCURVE('',#12770,#13174);
#13174 = DEFINITIONAL_REPRESENTATION('',(#13175),#13179);
#13175 = LINE('',#13176,#13177);
#13176 = CARTESIAN_POINT('',(0.,-1.));
#13177 = VECTOR('',#13178,1.);
#13178 = DIRECTION('',(1.,0.));
#13179 = ( GEOMETRIC_REPRESENTATION_CONTEXT(2) 
PARAMETRIC_REPRESENTATION_CONTEXT() REPRESENTATION_CONTEXT('2D SPACE',''
  ) );
#13180 = ORIENTED_EDGE('',*,*,#13181,.T.);
#13181 = EDGE_CURVE('',#13159,#13182,#13184,.T.);
#13182 = VERTEX_POINT('',#13183);
#13183 = CARTESIAN_POINT('',(-21.9563340198,46.585076971179,5.));
#13184 = SURFACE_CURVE('',#13185,(#13189,#13196),.PCURVE_S1.);
#13185 = LINE('',#13186,#13187);
#13186 = CARTESIAN_POINT('',(-23.49820953184,45.826675079012,5.));
#13187 = VECTOR('',#13188,1.);
#13188 = DIRECTION('',(0.897326350777,0.441367670091,0.));
#13189 = PCURVE('',#7751,#13190);
#13190 = DEFINITIONAL_REPRESENTATION('',(#13191),#13195);
#13191 = LINE('',#13192,#13193);
#13192 = CARTESIAN_POINT('',(0.570144542295,-7.685230534015));
#13193 = VECTOR('',#13194,1.);
#13194 = DIRECTION('',(-6.642756068031E-02,-0.997791250303));
#13195 = ( GEOMETRIC_REPRESENTATION_CONTEXT(2) 
PARAMETRIC_REPRESENTATION_CONTEXT() REPRESENTATION_CONTEXT('2D SPACE',''
  ) );
#13196 = PCURVE('',#12798,#13197);
#13197 = DEFINITIONAL_REPRESENTATION('',(#13198),#13202);
#13198 = LINE('',#13199,#13200);
#13199 = CARTESIAN_POINT('',(0.,-1.));
#13200 = VECTOR('',#13201,1.);
#13201 = DIRECTION('',(1.,0.));
#13202 = ( GEOMETRIC_REPRESENTATION_CONTEXT(2) 
PARAMETRIC_REPRESENTATION_CONTEXT() REPRESENTATION_CONTEXT('2D SPACE',''
  ) );
#13203 = ORIENTED_EDGE('',*,*,#13204,.T.);
#13204 = EDGE_CURVE('',#13182,#13205,#13207,.T.);
#13205 = VERTEX_POINT('',#13206);
#13206 = CARTESIAN_POINT('',(-20.39001614697,47.2916191468,5.));
#13207 = SURFACE_CURVE('',#13208,(#13212,#13219),.PCURVE_S1.);
#13208 = LINE('',#13209,#13210);
#13209 = CARTESIAN_POINT('',(-21.9563340198,46.585076971179,5.));
#13210 = VECTOR('',#13211,1.);
#13211 = DIRECTION('',(0.911551088273,0.411186835233,0.));
#13212 = PCURVE('',#7751,#13213);
#13213 = DEFINITIONAL_REPRESENTATION('',(#13214),#13218);
#13214 = LINE('',#13215,#13216);
#13215 = CARTESIAN_POINT('',(0.456002091169,-9.399734842999));
#13216 = VECTOR('',#13217,1.);
#13217 = DIRECTION('',(-9.967729912255E-02,-0.995019816908));
#13218 = ( GEOMETRIC_REPRESENTATION_CONTEXT(2) 
PARAMETRIC_REPRESENTATION_CONTEXT() REPRESENTATION_CONTEXT('2D SPACE',''
  ) );
#13219 = PCURVE('',#12826,#13220);
#13220 = DEFINITIONAL_REPRESENTATION('',(#13221),#13225);
#13221 = LINE('',#13222,#13223);
#13222 = CARTESIAN_POINT('',(0.,-1.));
#13223 = VECTOR('',#13224,1.);
#13224 = DIRECTION('',(1.,0.));
#13225 = ( GEOMETRIC_REPRESENTATION_CONTEXT(2) 
PARAMETRIC_REPRESENTATION_CONTEXT() REPRESENTATION_CONTEXT('2D SPACE',''
  ) );
#13226 = ORIENTED_EDGE('',*,*,#13227,.T.);
#13227 = EDGE_CURVE('',#13205,#12004,#13228,.T.);
#13228 = SURFACE_CURVE('',#13229,(#13233,#13240),.PCURVE_S1.);
#13229 = LINE('',#13230,#13231);
#13230 = CARTESIAN_POINT('',(-20.39001614697,47.2916191468,5.));
#13231 = VECTOR('',#13232,1.);
#13232 = DIRECTION('',(0.924761063443,0.38054825652,0.));
#13233 = PCURVE('',#7751,#13234);
#13234 = DEFINITIONAL_REPRESENTATION('',(#13235),#13239);
#13235 = LINE('',#13236,#13237);
#13236 = CARTESIAN_POINT('',(0.284726627687,-11.10947699908));
#13237 = VECTOR('',#13238,1.);
#13238 = DIRECTION('',(-0.132816074209,-0.991140701632));
#13239 = ( GEOMETRIC_REPRESENTATION_CONTEXT(2) 
PARAMETRIC_REPRESENTATION_CONTEXT() REPRESENTATION_CONTEXT('2D SPACE',''
  ) );
#13240 = PCURVE('',#12019,#13241);
#13241 = DEFINITIONAL_REPRESENTATION('',(#13242),#13246);
#13242 = LINE('',#13243,#13244);
#13243 = CARTESIAN_POINT('',(0.,-1.));
#13244 = VECTOR('',#13245,1.);
#13245 = DIRECTION('',(1.,0.));
#13246 = ( GEOMETRIC_REPRESENTATION_CONTEXT(2) 
PARAMETRIC_REPRESENTATION_CONTEXT() REPRESENTATION_CONTEXT('2D SPACE',''
  ) );
#13247 = ORIENTED_EDGE('',*,*,#12031,.T.);
#13248 = ORIENTED_EDGE('',*,*,#7737,.T.);
#13249 = ADVANCED_FACE('',(#13250),#7830,.F.);
#13250 = FACE_BOUND('',#13251,.F.);
#13251 = EDGE_LOOP('',(#13252,#13253,#13274,#13275));
#13252 = ORIENTED_EDGE('',*,*,#7872,.F.);
#13253 = ORIENTED_EDGE('',*,*,#13254,.T.);
#13254 = EDGE_CURVE('',#5487,#12079,#13255,.T.);
#13255 = SURFACE_CURVE('',#13256,(#13260,#13267),.PCURVE_S1.);
#13256 = LINE('',#13257,#13258);
#13257 = CARTESIAN_POINT('',(-20.66716199752,47.934417853649,1.5));
#13258 = VECTOR('',#13259,1.);
#13259 = DIRECTION('',(0.,0.,1.));
#13260 = PCURVE('',#7830,#13261);
#13261 = DEFINITIONAL_REPRESENTATION('',(#13262),#13266);
#13262 = LINE('',#13263,#13264);
#13263 = CARTESIAN_POINT('',(0.,0.));
#13264 = VECTOR('',#13265,1.);
#13265 = DIRECTION('',(0.,-1.));
#13266 = ( GEOMETRIC_REPRESENTATION_CONTEXT(2) 
PARAMETRIC_REPRESENTATION_CONTEXT() REPRESENTATION_CONTEXT('2D SPACE',''
  ) );
#13267 = PCURVE('',#7911,#13268);
#13268 = DEFINITIONAL_REPRESENTATION('',(#13269),#13273);
#13269 = LINE('',#13270,#13271);
#13270 = CARTESIAN_POINT('',(1.741655131291,0.));
#13271 = VECTOR('',#13272,1.);
#13272 = DIRECTION('',(0.,-1.));
#13273 = ( GEOMETRIC_REPRESENTATION_CONTEXT(2) 
PARAMETRIC_REPRESENTATION_CONTEXT() REPRESENTATION_CONTEXT('2D SPACE',''
  ) );
#13274 = ORIENTED_EDGE('',*,*,#12078,.F.);
#13275 = ORIENTED_EDGE('',*,*,#7814,.F.);
#13276 = ADVANCED_FACE('',(#13277),#7911,.F.);
#13277 = FACE_BOUND('',#13278,.F.);
#13278 = EDGE_LOOP('',(#13279,#13280,#13301,#13302));
#13279 = ORIENTED_EDGE('',*,*,#7897,.F.);
#13280 = ORIENTED_EDGE('',*,*,#13281,.T.);
#13281 = EDGE_CURVE('',#5458,#12102,#13282,.T.);
#13282 = SURFACE_CURVE('',#13283,(#13287,#13294),.PCURVE_S1.);
#13283 = LINE('',#13284,#13285);
#13284 = CARTESIAN_POINT('',(-22.25476962784,47.218272192146,1.5));
#13285 = VECTOR('',#13286,1.);
#13286 = DIRECTION('',(0.,0.,1.));
#13287 = PCURVE('',#7911,#13288);
#13288 = DEFINITIONAL_REPRESENTATION('',(#13289),#13293);
#13289 = LINE('',#13290,#13291);
#13290 = CARTESIAN_POINT('',(0.,0.));
#13291 = VECTOR('',#13292,1.);
#13292 = DIRECTION('',(0.,-1.));
#13293 = ( GEOMETRIC_REPRESENTATION_CONTEXT(2) 
PARAMETRIC_REPRESENTATION_CONTEXT() REPRESENTATION_CONTEXT('2D SPACE',''
  ) );
#13294 = PCURVE('',#7941,#13295);
#13295 = DEFINITIONAL_REPRESENTATION('',(#13296),#13300);
#13296 = LINE('',#13297,#13298);
#13297 = CARTESIAN_POINT('',(1.741655131291,0.));
#13298 = VECTOR('',#13299,1.);
#13299 = DIRECTION('',(0.,-1.));
#13300 = ( GEOMETRIC_REPRESENTATION_CONTEXT(2) 
PARAMETRIC_REPRESENTATION_CONTEXT() REPRESENTATION_CONTEXT('2D SPACE',''
  ) );
#13301 = ORIENTED_EDGE('',*,*,#12101,.F.);
#13302 = ORIENTED_EDGE('',*,*,#13254,.F.);
#13303 = ADVANCED_FACE('',(#13304),#7941,.F.);
#13304 = FACE_BOUND('',#13305,.F.);
#13305 = EDGE_LOOP('',(#13306,#13307,#13328,#13329));
#13306 = ORIENTED_EDGE('',*,*,#7927,.F.);
#13307 = ORIENTED_EDGE('',*,*,#13308,.T.);
#13308 = EDGE_CURVE('',#5429,#12125,#13309,.T.);
#13309 = SURFACE_CURVE('',#13310,(#13314,#13321),.PCURVE_S1.);
#13310 = LINE('',#13311,#13312);
#13311 = CARTESIAN_POINT('',(-23.81760267111,46.449561924746,1.5));
#13312 = VECTOR('',#13313,1.);
#13313 = DIRECTION('',(0.,0.,1.));
#13314 = PCURVE('',#7941,#13315);
#13315 = DEFINITIONAL_REPRESENTATION('',(#13316),#13320);
#13316 = LINE('',#13317,#13318);
#13317 = CARTESIAN_POINT('',(0.,0.));
#13318 = VECTOR('',#13319,1.);
#13319 = DIRECTION('',(0.,-1.));
#13320 = ( GEOMETRIC_REPRESENTATION_CONTEXT(2) 
PARAMETRIC_REPRESENTATION_CONTEXT() REPRESENTATION_CONTEXT('2D SPACE',''
  ) );
#13321 = PCURVE('',#7971,#13322);
#13322 = DEFINITIONAL_REPRESENTATION('',(#13323),#13327);
#13323 = LINE('',#13324,#13325);
#13324 = CARTESIAN_POINT('',(1.741655131291,0.));
#13325 = VECTOR('',#13326,1.);
#13326 = DIRECTION('',(0.,-1.));
#13327 = ( GEOMETRIC_REPRESENTATION_CONTEXT(2) 
PARAMETRIC_REPRESENTATION_CONTEXT() REPRESENTATION_CONTEXT('2D SPACE',''
  ) );
#13328 = ORIENTED_EDGE('',*,*,#12124,.F.);
#13329 = ORIENTED_EDGE('',*,*,#13281,.F.);
#13330 = ADVANCED_FACE('',(#13331),#7971,.F.);
#13331 = FACE_BOUND('',#13332,.F.);
#13332 = EDGE_LOOP('',(#13333,#13334,#13355,#13356));
#13333 = ORIENTED_EDGE('',*,*,#7957,.F.);
#13334 = ORIENTED_EDGE('',*,*,#13335,.T.);
#13335 = EDGE_CURVE('',#5400,#12148,#13336,.T.);
#13336 = SURFACE_CURVE('',#13337,(#13341,#13348),.PCURVE_S1.);
#13337 = LINE('',#13338,#13339);
#13338 = CARTESIAN_POINT('',(-25.35392134104,45.629142799666,1.5));
#13339 = VECTOR('',#13340,1.);
#13340 = DIRECTION('',(0.,0.,1.));
#13341 = PCURVE('',#7971,#13342);
#13342 = DEFINITIONAL_REPRESENTATION('',(#13343),#13347);
#13343 = LINE('',#13344,#13345);
#13344 = CARTESIAN_POINT('',(0.,0.));
#13345 = VECTOR('',#13346,1.);
#13346 = DIRECTION('',(0.,-1.));
#13347 = ( GEOMETRIC_REPRESENTATION_CONTEXT(2) 
PARAMETRIC_REPRESENTATION_CONTEXT() REPRESENTATION_CONTEXT('2D SPACE',''
  ) );
#13348 = PCURVE('',#8001,#13349);
#13349 = DEFINITIONAL_REPRESENTATION('',(#13350),#13354);
#13350 = LINE('',#13351,#13352);
#13351 = CARTESIAN_POINT('',(1.741655131291,0.));
#13352 = VECTOR('',#13353,1.);
#13353 = DIRECTION('',(0.,-1.));
#13354 = ( GEOMETRIC_REPRESENTATION_CONTEXT(2) 
PARAMETRIC_REPRESENTATION_CONTEXT() REPRESENTATION_CONTEXT('2D SPACE',''
  ) );
#13355 = ORIENTED_EDGE('',*,*,#12147,.F.);
#13356 = ORIENTED_EDGE('',*,*,#13308,.F.);
#13357 = ADVANCED_FACE('',(#13358),#8001,.F.);
#13358 = FACE_BOUND('',#13359,.F.);
#13359 = EDGE_LOOP('',(#13360,#13361,#13382,#13383));
#13360 = ORIENTED_EDGE('',*,*,#7987,.F.);
#13361 = ORIENTED_EDGE('',*,*,#13362,.T.);
#13362 = EDGE_CURVE('',#5371,#12171,#13363,.T.);
#13363 = SURFACE_CURVE('',#13364,(#13368,#13375),.PCURVE_S1.);
#13364 = LINE('',#13365,#13366);
#13365 = CARTESIAN_POINT('',(-26.8620153678,44.757928128766,1.5));
#13366 = VECTOR('',#13367,1.);
#13367 = DIRECTION('',(0.,0.,1.));
#13368 = PCURVE('',#8001,#13369);
#13369 = DEFINITIONAL_REPRESENTATION('',(#13370),#13374);
#13370 = LINE('',#13371,#13372);
#13371 = CARTESIAN_POINT('',(0.,0.));
#13372 = VECTOR('',#13373,1.);
#13373 = DIRECTION('',(0.,-1.));
#13374 = ( GEOMETRIC_REPRESENTATION_CONTEXT(2) 
PARAMETRIC_REPRESENTATION_CONTEXT() REPRESENTATION_CONTEXT('2D SPACE',''
  ) );
#13375 = PCURVE('',#8031,#13376);
#13376 = DEFINITIONAL_REPRESENTATION('',(#13377),#13381);
#13377 = LINE('',#13378,#13379);
#13378 = CARTESIAN_POINT('',(1.741655131291,0.));
#13379 = VECTOR('',#13380,1.);
#13380 = DIRECTION('',(0.,-1.));
#13381 = ( GEOMETRIC_REPRESENTATION_CONTEXT(2) 
PARAMETRIC_REPRESENTATION_CONTEXT() REPRESENTATION_CONTEXT('2D SPACE',''
  ) );
#13382 = ORIENTED_EDGE('',*,*,#12170,.F.);
#13383 = ORIENTED_EDGE('',*,*,#13335,.F.);
#13384 = ADVANCED_FACE('',(#13385),#8031,.F.);
#13385 = FACE_BOUND('',#13386,.F.);
#13386 = EDGE_LOOP('',(#13387,#13388,#13409,#13410));
#13387 = ORIENTED_EDGE('',*,*,#8017,.F.);
#13388 = ORIENTED_EDGE('',*,*,#13389,.T.);
#13389 = EDGE_CURVE('',#5342,#12194,#13390,.T.);
#13390 = SURFACE_CURVE('',#13391,(#13395,#13402),.PCURVE_S1.);
#13391 = LINE('',#13392,#13393);
#13392 = CARTESIAN_POINT('',(-28.340205902,43.836887770826,1.5));
#13393 = VECTOR('',#13394,1.);
#13394 = DIRECTION('',(0.,0.,1.));
#13395 = PCURVE('',#8031,#13396);
#13396 = DEFINITIONAL_REPRESENTATION('',(#13397),#13401);
#13397 = LINE('',#13398,#13399);
#13398 = CARTESIAN_POINT('',(0.,0.));
#13399 = VECTOR('',#13400,1.);
#13400 = DIRECTION('',(0.,-1.));
#13401 = ( GEOMETRIC_REPRESENTATION_CONTEXT(2) 
PARAMETRIC_REPRESENTATION_CONTEXT() REPRESENTATION_CONTEXT('2D SPACE',''
  ) );
#13402 = PCURVE('',#8061,#13403);
#13403 = DEFINITIONAL_REPRESENTATION('',(#13404),#13408);
#13404 = LINE('',#13405,#13406);
#13405 = CARTESIAN_POINT('',(1.741655131291,0.));
#13406 = VECTOR('',#13407,1.);
#13407 = DIRECTION('',(0.,-1.));
#13408 = ( GEOMETRIC_REPRESENTATION_CONTEXT(2) 
PARAMETRIC_REPRESENTATION_CONTEXT() REPRESENTATION_CONTEXT('2D SPACE',''
  ) );
#13409 = ORIENTED_EDGE('',*,*,#12193,.F.);
#13410 = ORIENTED_EDGE('',*,*,#13362,.F.);
#13411 = ADVANCED_FACE('',(#13412),#8061,.F.);
#13412 = FACE_BOUND('',#13413,.F.);
#13413 = EDGE_LOOP('',(#13414,#13415,#13436,#13437));
#13414 = ORIENTED_EDGE('',*,*,#8047,.F.);
#13415 = ORIENTED_EDGE('',*,*,#13416,.T.);
#13416 = EDGE_CURVE('',#5313,#12217,#13417,.T.);
#13417 = SURFACE_CURVE('',#13418,(#13422,#13429),.PCURVE_S1.);
#13418 = LINE('',#13419,#13420);
#13419 = CARTESIAN_POINT('',(-29.78684738357,42.867047051872,1.5));
#13420 = VECTOR('',#13421,1.);
#13421 = DIRECTION('',(0.,0.,1.));
#13422 = PCURVE('',#8061,#13423);
#13423 = DEFINITIONAL_REPRESENTATION('',(#13424),#13428);
#13424 = LINE('',#13425,#13426);
#13425 = CARTESIAN_POINT('',(0.,0.));
#13426 = VECTOR('',#13427,1.);
#13427 = DIRECTION('',(0.,-1.));
#13428 = ( GEOMETRIC_REPRESENTATION_CONTEXT(2) 
PARAMETRIC_REPRESENTATION_CONTEXT() REPRESENTATION_CONTEXT('2D SPACE',''
  ) );
#13429 = PCURVE('',#8091,#13430);
#13430 = DEFINITIONAL_REPRESENTATION('',(#13431),#13435);
#13431 = LINE('',#13432,#13433);
#13432 = CARTESIAN_POINT('',(1.741655131291,0.));
#13433 = VECTOR('',#13434,1.);
#13434 = DIRECTION('',(0.,-1.));
#13435 = ( GEOMETRIC_REPRESENTATION_CONTEXT(2) 
PARAMETRIC_REPRESENTATION_CONTEXT() REPRESENTATION_CONTEXT('2D SPACE',''
  ) );
#13436 = ORIENTED_EDGE('',*,*,#12216,.F.);
#13437 = ORIENTED_EDGE('',*,*,#13389,.F.);
#13438 = ADVANCED_FACE('',(#13439),#8091,.F.);
#13439 = FACE_BOUND('',#13440,.F.);
#13440 = EDGE_LOOP('',(#13441,#13442,#13463,#13464));
#13441 = ORIENTED_EDGE('',*,*,#8077,.F.);
#13442 = ORIENTED_EDGE('',*,*,#13443,.T.);
#13443 = EDGE_CURVE('',#5284,#12240,#13444,.T.);
#13444 = SURFACE_CURVE('',#13445,(#13449,#13456),.PCURVE_S1.);
#13445 = LINE('',#13446,#13447);
#13446 = CARTESIAN_POINT('',(-31.20032937369,41.849485623759,1.5));
#13447 = VECTOR('',#13448,1.);
#13448 = DIRECTION('',(0.,0.,1.));
#13449 = PCURVE('',#8091,#13450);
#13450 = DEFINITIONAL_REPRESENTATION('',(#13451),#13455);
#13451 = LINE('',#13452,#13453);
#13452 = CARTESIAN_POINT('',(0.,0.));
#13453 = VECTOR('',#13454,1.);
#13454 = DIRECTION('',(0.,-1.));
#13455 = ( GEOMETRIC_REPRESENTATION_CONTEXT(2) 
PARAMETRIC_REPRESENTATION_CONTEXT() REPRESENTATION_CONTEXT('2D SPACE',''
  ) );
#13456 = PCURVE('',#8121,#13457);
#13457 = DEFINITIONAL_REPRESENTATION('',(#13458),#13462);
#13458 = LINE('',#13459,#13460);
#13459 = CARTESIAN_POINT('',(1.741655131291,0.));
#13460 = VECTOR('',#13461,1.);
#13461 = DIRECTION('',(0.,-1.));
#13462 = ( GEOMETRIC_REPRESENTATION_CONTEXT(2) 
PARAMETRIC_REPRESENTATION_CONTEXT() REPRESENTATION_CONTEXT('2D SPACE',''
  ) );
#13463 = ORIENTED_EDGE('',*,*,#12239,.F.);
#13464 = ORIENTED_EDGE('',*,*,#13416,.F.);
#13465 = ADVANCED_FACE('',(#13466),#8121,.F.);
#13466 = FACE_BOUND('',#13467,.F.);
#13467 = EDGE_LOOP('',(#13468,#13469,#13490,#13491));
#13468 = ORIENTED_EDGE('',*,*,#8107,.F.);
#13469 = ORIENTED_EDGE('',*,*,#13470,.T.);
#13470 = EDGE_CURVE('',#5255,#12263,#13471,.T.);
#13471 = SURFACE_CURVE('',#13472,(#13476,#13483),.PCURVE_S1.);
#13472 = LINE('',#13473,#13474);
#13473 = CARTESIAN_POINT('',(-32.5790783475,40.785336262276,1.5));
#13474 = VECTOR('',#13475,1.);
#13475 = DIRECTION('',(0.,0.,1.));
#13476 = PCURVE('',#8121,#13477);
#13477 = DEFINITIONAL_REPRESENTATION('',(#13478),#13482);
#13478 = LINE('',#13479,#13480);
#13479 = CARTESIAN_POINT('',(0.,0.));
#13480 = VECTOR('',#13481,1.);
#13481 = DIRECTION('',(0.,-1.));
#13482 = ( GEOMETRIC_REPRESENTATION_CONTEXT(2) 
PARAMETRIC_REPRESENTATION_CONTEXT() REPRESENTATION_CONTEXT('2D SPACE',''
  ) );
#13483 = PCURVE('',#8151,#13484);
#13484 = DEFINITIONAL_REPRESENTATION('',(#13485),#13489);
#13485 = LINE('',#13486,#13487);
#13486 = CARTESIAN_POINT('',(1.741655131291,0.));
#13487 = VECTOR('',#13488,1.);
#13488 = DIRECTION('',(0.,-1.));
#13489 = ( GEOMETRIC_REPRESENTATION_CONTEXT(2) 
PARAMETRIC_REPRESENTATION_CONTEXT() REPRESENTATION_CONTEXT('2D SPACE',''
  ) );
#13490 = ORIENTED_EDGE('',*,*,#12262,.F.);
#13491 = ORIENTED_EDGE('',*,*,#13443,.F.);
#13492 = ADVANCED_FACE('',(#13493),#8151,.F.);
#13493 = FACE_BOUND('',#13494,.F.);
#13494 = EDGE_LOOP('',(#13495,#13496,#13517,#13518));
#13495 = ORIENTED_EDGE('',*,*,#8137,.F.);
#13496 = ORIENTED_EDGE('',*,*,#13497,.T.);
#13497 = EDGE_CURVE('',#5226,#12286,#13498,.T.);
#13498 = SURFACE_CURVE('',#13499,(#13503,#13510),.PCURVE_S1.);
#13499 = LINE('',#13500,#13501);
#13500 = CARTESIAN_POINT('',(-33.92155944589,39.675783606104,1.5));
#13501 = VECTOR('',#13502,1.);
#13502 = DIRECTION('',(0.,0.,1.));
#13503 = PCURVE('',#8151,#13504);
#13504 = DEFINITIONAL_REPRESENTATION('',(#13505),#13509);
#13505 = LINE('',#13506,#13507);
#13506 = CARTESIAN_POINT('',(0.,0.));
#13507 = VECTOR('',#13508,1.);
#13508 = DIRECTION('',(0.,-1.));
#13509 = ( GEOMETRIC_REPRESENTATION_CONTEXT(2) 
PARAMETRIC_REPRESENTATION_CONTEXT() REPRESENTATION_CONTEXT('2D SPACE',''
  ) );
#13510 = PCURVE('',#8181,#13511);
#13511 = DEFINITIONAL_REPRESENTATION('',(#13512),#13516);
#13512 = LINE('',#13513,#13514);
#13513 = CARTESIAN_POINT('',(1.741655131291,0.));
#13514 = VECTOR('',#13515,1.);
#13515 = DIRECTION('',(0.,-1.));
#13516 = ( GEOMETRIC_REPRESENTATION_CONTEXT(2) 
PARAMETRIC_REPRESENTATION_CONTEXT() REPRESENTATION_CONTEXT('2D SPACE',''
  ) );
#13517 = ORIENTED_EDGE('',*,*,#12285,.F.);
#13518 = ORIENTED_EDGE('',*,*,#13470,.F.);
#13519 = ADVANCED_FACE('',(#13520),#8181,.F.);
#13520 = FACE_BOUND('',#13521,.F.);
#13521 = EDGE_LOOP('',(#13522,#13523,#13544,#13545));
#13522 = ORIENTED_EDGE('',*,*,#8167,.F.);
#13523 = ORIENTED_EDGE('',*,*,#13524,.T.);
#13524 = EDGE_CURVE('',#5197,#12309,#13525,.T.);
#13525 = SURFACE_CURVE('',#13526,(#13530,#13537),.PCURVE_S1.);
#13526 = LINE('',#13527,#13528);
#13527 = CARTESIAN_POINT('',(-35.22627818406,38.522062838053,1.5));
#13528 = VECTOR('',#13529,1.);
#13529 = DIRECTION('',(0.,0.,1.));
#13530 = PCURVE('',#8181,#13531);
#13531 = DEFINITIONAL_REPRESENTATION('',(#13532),#13536);
#13532 = LINE('',#13533,#13534);
#13533 = CARTESIAN_POINT('',(0.,0.));
#13534 = VECTOR('',#13535,1.);
#13535 = DIRECTION('',(0.,-1.));
#13536 = ( GEOMETRIC_REPRESENTATION_CONTEXT(2) 
PARAMETRIC_REPRESENTATION_CONTEXT() REPRESENTATION_CONTEXT('2D SPACE',''
  ) );
#13537 = PCURVE('',#8211,#13538);
#13538 = DEFINITIONAL_REPRESENTATION('',(#13539),#13543);
#13539 = LINE('',#13540,#13541);
#13540 = CARTESIAN_POINT('',(1.741655131291,0.));
#13541 = VECTOR('',#13542,1.);
#13542 = DIRECTION('',(0.,-1.));
#13543 = ( GEOMETRIC_REPRESENTATION_CONTEXT(2) 
PARAMETRIC_REPRESENTATION_CONTEXT() REPRESENTATION_CONTEXT('2D SPACE',''
  ) );
#13544 = ORIENTED_EDGE('',*,*,#12308,.F.);
#13545 = ORIENTED_EDGE('',*,*,#13497,.F.);
#13546 = ADVANCED_FACE('',(#13547),#8211,.F.);
#13547 = FACE_BOUND('',#13548,.F.);
#13548 = EDGE_LOOP('',(#13549,#13550,#13571,#13572));
#13549 = ORIENTED_EDGE('',*,*,#8197,.F.);
#13550 = ORIENTED_EDGE('',*,*,#13551,.T.);
#13551 = EDGE_CURVE('',#5168,#12332,#13552,.T.);
#13552 = SURFACE_CURVE('',#13553,(#13557,#13564),.PCURVE_S1.);
#13553 = LINE('',#13554,#13555);
#13554 = CARTESIAN_POINT('',(-36.49178211525,37.325458310021,1.5));
#13555 = VECTOR('',#13556,1.);
#13556 = DIRECTION('',(0.,0.,1.));
#13557 = PCURVE('',#8211,#13558);
#13558 = DEFINITIONAL_REPRESENTATION('',(#13559),#13563);
#13559 = LINE('',#13560,#13561);
#13560 = CARTESIAN_POINT('',(0.,0.));
#13561 = VECTOR('',#13562,1.);
#13562 = DIRECTION('',(0.,-1.));
#13563 = ( GEOMETRIC_REPRESENTATION_CONTEXT(2) 
PARAMETRIC_REPRESENTATION_CONTEXT() REPRESENTATION_CONTEXT('2D SPACE',''
  ) );
#13564 = PCURVE('',#8241,#13565);
#13565 = DEFINITIONAL_REPRESENTATION('',(#13566),#13570);
#13566 = LINE('',#13567,#13568);
#13567 = CARTESIAN_POINT('',(1.741655131291,0.));
#13568 = VECTOR('',#13569,1.);
#13569 = DIRECTION('',(0.,-1.));
#13570 = ( GEOMETRIC_REPRESENTATION_CONTEXT(2) 
PARAMETRIC_REPRESENTATION_CONTEXT() REPRESENTATION_CONTEXT('2D SPACE',''
  ) );
#13571 = ORIENTED_EDGE('',*,*,#12331,.F.);
#13572 = ORIENTED_EDGE('',*,*,#13524,.F.);
#13573 = ADVANCED_FACE('',(#13574),#8241,.F.);
#13574 = FACE_BOUND('',#13575,.F.);
#13575 = EDGE_LOOP('',(#13576,#13577,#13598,#13599));
#13576 = ORIENTED_EDGE('',*,*,#8227,.F.);
#13577 = ORIENTED_EDGE('',*,*,#13578,.T.);
#13578 = EDGE_CURVE('',#5139,#12355,#13579,.T.);
#13579 = SURFACE_CURVE('',#13580,(#13584,#13591),.PCURVE_S1.);
#13580 = LINE('',#13581,#13582);
#13581 = CARTESIAN_POINT('',(-37.71666244764,36.08730211322,1.5));
#13582 = VECTOR('',#13583,1.);
#13583 = DIRECTION('',(0.,0.,1.));
#13584 = PCURVE('',#8241,#13585);
#13585 = DEFINITIONAL_REPRESENTATION('',(#13586),#13590);
#13586 = LINE('',#13587,#13588);
#13587 = CARTESIAN_POINT('',(0.,0.));
#13588 = VECTOR('',#13589,1.);
#13589 = DIRECTION('',(0.,-1.));
#13590 = ( GEOMETRIC_REPRESENTATION_CONTEXT(2) 
PARAMETRIC_REPRESENTATION_CONTEXT() REPRESENTATION_CONTEXT('2D SPACE',''
  ) );
#13591 = PCURVE('',#8271,#13592);
#13592 = DEFINITIONAL_REPRESENTATION('',(#13593),#13597);
#13593 = LINE('',#13594,#13595);
#13594 = CARTESIAN_POINT('',(1.741655131291,0.));
#13595 = VECTOR('',#13596,1.);
#13596 = DIRECTION('',(0.,-1.));
#13597 = ( GEOMETRIC_REPRESENTATION_CONTEXT(2) 
PARAMETRIC_REPRESENTATION_CONTEXT() REPRESENTATION_CONTEXT('2D SPACE',''
  ) );
#13598 = ORIENTED_EDGE('',*,*,#12354,.F.);
#13599 = ORIENTED_EDGE('',*,*,#13551,.F.);
#13600 = ADVANCED_FACE('',(#13601),#8271,.F.);
#13601 = FACE_BOUND('',#13602,.F.);
#13602 = EDGE_LOOP('',(#13603,#13604,#13625,#13626));
#13603 = ORIENTED_EDGE('',*,*,#8257,.F.);
#13604 = ORIENTED_EDGE('',*,*,#13605,.T.);
#13605 = EDGE_CURVE('',#5110,#12378,#13606,.T.);
#13606 = SURFACE_CURVE('',#13607,(#13611,#13618),.PCURVE_S1.);
#13607 = LINE('',#13608,#13609);
#13608 = CARTESIAN_POINT('',(-38.89955561266,34.808972595257,1.5));
#13609 = VECTOR('',#13610,1.);
#13610 = DIRECTION('',(0.,0.,1.));
#13611 = PCURVE('',#8271,#13612);
#13612 = DEFINITIONAL_REPRESENTATION('',(#13613),#13617);
#13613 = LINE('',#13614,#13615);
#13614 = CARTESIAN_POINT('',(0.,0.));
#13615 = VECTOR('',#13616,1.);
#13616 = DIRECTION('',(0.,-1.));
#13617 = ( GEOMETRIC_REPRESENTATION_CONTEXT(2) 
PARAMETRIC_REPRESENTATION_CONTEXT() REPRESENTATION_CONTEXT('2D SPACE',''
  ) );
#13618 = PCURVE('',#8301,#13619);
#13619 = DEFINITIONAL_REPRESENTATION('',(#13620),#13624);
#13620 = LINE('',#13621,#13622);
#13621 = CARTESIAN_POINT('',(1.741655131291,0.));
#13622 = VECTOR('',#13623,1.);
#13623 = DIRECTION('',(0.,-1.));
#13624 = ( GEOMETRIC_REPRESENTATION_CONTEXT(2) 
PARAMETRIC_REPRESENTATION_CONTEXT() REPRESENTATION_CONTEXT('2D SPACE',''
  ) );
#13625 = ORIENTED_EDGE('',*,*,#12377,.F.);
#13626 = ORIENTED_EDGE('',*,*,#13578,.F.);
#13627 = ADVANCED_FACE('',(#13628),#8301,.F.);
#13628 = FACE_BOUND('',#13629,.F.);
#13629 = EDGE_LOOP('',(#13630,#13631,#13632,#13633));
#13630 = ORIENTED_EDGE('',*,*,#8287,.F.);
#13631 = ORIENTED_EDGE('',*,*,#8367,.T.);
#13632 = ORIENTED_EDGE('',*,*,#12400,.F.);
#13633 = ORIENTED_EDGE('',*,*,#13605,.F.);
#13634 = ADVANCED_FACE('',(#13635),#8431,.F.);
#13635 = FACE_BOUND('',#13636,.F.);
#13636 = EDGE_LOOP('',(#13637,#13638,#13639,#13660));
#13637 = ORIENTED_EDGE('',*,*,#8415,.T.);
#13638 = ORIENTED_EDGE('',*,*,#12882,.T.);
#13639 = ORIENTED_EDGE('',*,*,#13640,.F.);
#13640 = EDGE_CURVE('',#12424,#12883,#13641,.T.);
#13641 = SURFACE_CURVE('',#13642,(#13646,#13653),.PCURVE_S1.);
#13642 = LINE('',#13643,#13644);
#13643 = CARTESIAN_POINT('',(-39.50222138547,33.042767826146,4.));
#13644 = VECTOR('',#13645,1.);
#13645 = DIRECTION('',(0.,0.,1.));
#13646 = PCURVE('',#8431,#13647);
#13647 = DEFINITIONAL_REPRESENTATION('',(#13648),#13652);
#13648 = LINE('',#13649,#13650);
#13649 = CARTESIAN_POINT('',(1.71829960271,0.));
#13650 = VECTOR('',#13651,1.);
#13651 = DIRECTION('',(0.,-1.));
#13652 = ( GEOMETRIC_REPRESENTATION_CONTEXT(2) 
PARAMETRIC_REPRESENTATION_CONTEXT() REPRESENTATION_CONTEXT('2D SPACE',''
  ) );
#13653 = PCURVE('',#12462,#13654);
#13654 = DEFINITIONAL_REPRESENTATION('',(#13655),#13659);
#13655 = LINE('',#13656,#13657);
#13656 = CARTESIAN_POINT('',(0.,0.));
#13657 = VECTOR('',#13658,1.);
#13658 = DIRECTION('',(0.,-1.));
#13659 = ( GEOMETRIC_REPRESENTATION_CONTEXT(2) 
PARAMETRIC_REPRESENTATION_CONTEXT() REPRESENTATION_CONTEXT('2D SPACE',''
  ) );
#13660 = ORIENTED_EDGE('',*,*,#12423,.F.);
#13661 = ADVANCED_FACE('',(#13662),#8485,.F.);
#13662 = FACE_BOUND('',#13663,.F.);
#13663 = EDGE_LOOP('',(#13664,#13694,#13715,#13716));
#13664 = ORIENTED_EDGE('',*,*,#13665,.T.);
#13665 = EDGE_CURVE('',#13666,#13668,#13670,.T.);
#13666 = VERTEX_POINT('',#13667);
#13667 = CARTESIAN_POINT('',(-32.1215342541,-40.2549007844,4.));
#13668 = VERTEX_POINT('',#13669);
#13669 = CARTESIAN_POINT('',(-32.1215342541,-40.2549007844,5.));
#13670 = SURFACE_CURVE('',#13671,(#13675,#13682),.PCURVE_S1.);
#13671 = LINE('',#13672,#13673);
#13672 = CARTESIAN_POINT('',(-32.1215342541,-40.2549007844,4.));
#13673 = VECTOR('',#13674,1.);
#13674 = DIRECTION('',(0.,0.,1.));
#13675 = PCURVE('',#8485,#13676);
#13676 = DEFINITIONAL_REPRESENTATION('',(#13677),#13681);
#13677 = LINE('',#13678,#13679);
#13678 = CARTESIAN_POINT('',(0.,0.));
#13679 = VECTOR('',#13680,1.);
#13680 = DIRECTION('',(0.,-1.));
#13681 = ( GEOMETRIC_REPRESENTATION_CONTEXT(2) 
PARAMETRIC_REPRESENTATION_CONTEXT() REPRESENTATION_CONTEXT('2D SPACE',''
  ) );
#13682 = PCURVE('',#13683,#13688);
#13683 = PLANE('',#13684);
#13684 = AXIS2_PLACEMENT_3D('',#13685,#13686,#13687);
#13685 = CARTESIAN_POINT('',(-30.76073549373,-41.30408154025,4.));
#13686 = DIRECTION('',(-0.610592445112,-0.791944989234,0.));
#13687 = DIRECTION('',(-0.791944989234,0.610592445112,0.));
#13688 = DEFINITIONAL_REPRESENTATION('',(#13689),#13693);
#13689 = LINE('',#13690,#13691);
#13690 = CARTESIAN_POINT('',(1.71829960271,0.));
#13691 = VECTOR('',#13692,1.);
#13692 = DIRECTION('',(0.,-1.));
#13693 = ( GEOMETRIC_REPRESENTATION_CONTEXT(2) 
PARAMETRIC_REPRESENTATION_CONTEXT() REPRESENTATION_CONTEXT('2D SPACE',''
  ) );
#13694 = ORIENTED_EDGE('',*,*,#13695,.T.);
#13695 = EDGE_CURVE('',#13668,#8470,#13696,.T.);
#13696 = SURFACE_CURVE('',#13697,(#13701,#13708),.PCURVE_S1.);
#13697 = LINE('',#13698,#13699);
#13698 = CARTESIAN_POINT('',(-32.1215342541,-40.2549007844,5.));
#13699 = VECTOR('',#13700,1.);
#13700 = DIRECTION('',(-0.771134575605,0.636672181194,0.));
#13701 = PCURVE('',#8485,#13702);
#13702 = DEFINITIONAL_REPRESENTATION('',(#13703),#13707);
#13703 = LINE('',#13704,#13705);
#13704 = CARTESIAN_POINT('',(0.,-1.));
#13705 = VECTOR('',#13706,1.);
#13706 = DIRECTION('',(1.,0.));
#13707 = ( GEOMETRIC_REPRESENTATION_CONTEXT(2) 
PARAMETRIC_REPRESENTATION_CONTEXT() REPRESENTATION_CONTEXT('2D SPACE',''
  ) );
#13708 = PCURVE('',#8511,#13709);
#13709 = DEFINITIONAL_REPRESENTATION('',(#13710),#13714);
#13710 = LINE('',#13711,#13712);
#13711 = CARTESIAN_POINT('',(5.650882014086E-02,-12.81255367292));
#13712 = VECTOR('',#13713,1.);
#13713 = DIRECTION('',(-0.165806994995,-0.986158222807));
#13714 = ( GEOMETRIC_REPRESENTATION_CONTEXT(2) 
PARAMETRIC_REPRESENTATION_CONTEXT() REPRESENTATION_CONTEXT('2D SPACE',''
  ) );
#13715 = ORIENTED_EDGE('',*,*,#8467,.F.);
#13716 = ORIENTED_EDGE('',*,*,#13717,.F.);
#13717 = EDGE_CURVE('',#13666,#8468,#13718,.T.);
#13718 = SURFACE_CURVE('',#13719,(#13723,#13730),.PCURVE_S1.);
#13719 = LINE('',#13720,#13721);
#13720 = CARTESIAN_POINT('',(-32.1215342541,-40.2549007844,4.));
#13721 = VECTOR('',#13722,1.);
#13722 = DIRECTION('',(-0.771134575605,0.636672181194,0.));
#13723 = PCURVE('',#8485,#13724);
#13724 = DEFINITIONAL_REPRESENTATION('',(#13725),#13729);
#13725 = LINE('',#13726,#13727);
#13726 = CARTESIAN_POINT('',(0.,0.));
#13727 = VECTOR('',#13728,1.);
#13728 = DIRECTION('',(1.,0.));
#13729 = ( GEOMETRIC_REPRESENTATION_CONTEXT(2) 
PARAMETRIC_REPRESENTATION_CONTEXT() REPRESENTATION_CONTEXT('2D SPACE',''
  ) );
#13730 = PCURVE('',#8538,#13731);
#13731 = DEFINITIONAL_REPRESENTATION('',(#13732),#13736);
#13732 = LINE('',#13733,#13734);
#13733 = CARTESIAN_POINT('',(5.650882014086E-02,-12.81255367292));
#13734 = VECTOR('',#13735,1.);
#13735 = DIRECTION('',(-0.165806994995,-0.986158222807));
#13736 = ( GEOMETRIC_REPRESENTATION_CONTEXT(2) 
PARAMETRIC_REPRESENTATION_CONTEXT() REPRESENTATION_CONTEXT('2D SPACE',''
  ) );
#13737 = ADVANCED_FACE('',(#13738),#8538,.F.);
#13738 = FACE_BOUND('',#13739,.F.);
#13739 = EDGE_LOOP('',(#13740,#13741,#13764,#13787,#13810,#13833,#13856,
    #13879,#13902,#13925,#13948,#13971,#13994,#14017,#14040,#14063,
    #14084,#14085,#14086,#14109,#14137,#14165,#14193,#14221,#14249,
    #14277,#14305,#14333,#14361,#14389,#14417,#14445,#14473,#14501,
    #14522,#14523));
#13740 = ORIENTED_EDGE('',*,*,#8602,.T.);
#13741 = ORIENTED_EDGE('',*,*,#13742,.T.);
#13742 = EDGE_CURVE('',#8575,#13743,#13745,.T.);
#13743 = VERTEX_POINT('',#13744);
#13744 = CARTESIAN_POINT('',(-31.17884257811,-41.8654962408,4.));
#13745 = SURFACE_CURVE('',#13746,(#13750,#13757),.PCURVE_S1.);
#13746 = LINE('',#13747,#13748);
#13747 = CARTESIAN_POINT('',(-32.55813763231,-40.80205477564,4.));
#13748 = VECTOR('',#13749,1.);
#13749 = DIRECTION('',(0.791944989234,-0.610592445112,0.));
#13750 = PCURVE('',#8538,#13751);
#13751 = DEFINITIONAL_REPRESENTATION('',(#13752),#13756);
#13752 = LINE('',#13753,#13754);
#13753 = CARTESIAN_POINT('',(0.748659765446,-12.91708629421));
#13754 = VECTOR('',#13755,1.);
#13755 = DIRECTION('',(0.132816074209,0.991140701632));
#13756 = ( GEOMETRIC_REPRESENTATION_CONTEXT(2) 
PARAMETRIC_REPRESENTATION_CONTEXT() REPRESENTATION_CONTEXT('2D SPACE',''
  ) );
#13757 = PCURVE('',#8590,#13758);
#13758 = DEFINITIONAL_REPRESENTATION('',(#13759),#13763);
#13759 = LINE('',#13760,#13761);
#13760 = CARTESIAN_POINT('',(1.741655131291,-2.5));
#13761 = VECTOR('',#13762,1.);
#13762 = DIRECTION('',(-1.,-0.));
#13763 = ( GEOMETRIC_REPRESENTATION_CONTEXT(2) 
PARAMETRIC_REPRESENTATION_CONTEXT() REPRESENTATION_CONTEXT('2D SPACE',''
  ) );
#13764 = ORIENTED_EDGE('',*,*,#13765,.T.);
#13765 = EDGE_CURVE('',#13743,#13766,#13768,.T.);
#13766 = VERTEX_POINT('',#13767);
#13767 = CARTESIAN_POINT('',(-29.76483842728,-42.88233194915,4.));
#13768 = SURFACE_CURVE('',#13769,(#13773,#13780),.PCURVE_S1.);
#13769 = LINE('',#13770,#13771);
#13770 = CARTESIAN_POINT('',(-31.17884257811,-41.8654962408,4.));
#13771 = VECTOR('',#13772,1.);
#13772 = DIRECTION('',(0.81187378915,-0.583832981675,0.));
#13773 = PCURVE('',#8538,#13774);
#13774 = DEFINITIONAL_REPRESENTATION('',(#13775),#13779);
#13775 = LINE('',#13776,#13777);
#13776 = CARTESIAN_POINT('',(0.97997956261,-11.19086100538));
#13777 = VECTOR('',#13778,1.);
#13778 = DIRECTION('',(9.967729912255E-02,0.995019816908));
#13779 = ( GEOMETRIC_REPRESENTATION_CONTEXT(2) 
PARAMETRIC_REPRESENTATION_CONTEXT() REPRESENTATION_CONTEXT('2D SPACE',''
  ) );
#13780 = PCURVE('',#8671,#13781);
#13781 = DEFINITIONAL_REPRESENTATION('',(#13782),#13786);
#13782 = LINE('',#13783,#13784);
#13783 = CARTESIAN_POINT('',(1.741655131291,-2.5));
#13784 = VECTOR('',#13785,1.);
#13785 = DIRECTION('',(-1.,-0.));
#13786 = ( GEOMETRIC_REPRESENTATION_CONTEXT(2) 
PARAMETRIC_REPRESENTATION_CONTEXT() REPRESENTATION_CONTEXT('2D SPACE',''
  ) );
#13787 = ORIENTED_EDGE('',*,*,#13788,.T.);
#13788 = EDGE_CURVE('',#13766,#13789,#13791,.T.);
#13789 = VERTEX_POINT('',#13790);
#13790 = CARTESIAN_POINT('',(-28.31769928593,-43.8514299328,4.));
#13791 = SURFACE_CURVE('',#13792,(#13796,#13803),.PCURVE_S1.);
#13792 = LINE('',#13793,#13794);
#13793 = CARTESIAN_POINT('',(-29.76483842728,-42.88233194915,4.));
#13794 = VECTOR('',#13795,1.);
#13795 = DIRECTION('',(0.830898790096,-0.556423580212,0.));
#13796 = PCURVE('',#8538,#13797);
#13797 = DEFINITIONAL_REPRESENTATION('',(#13798),#13802);
#13798 = LINE('',#13799,#13800);
#13799 = CARTESIAN_POINT('',(1.1535830421,-9.45787963553));
#13800 = VECTOR('',#13801,1.);
#13801 = DIRECTION('',(6.642756068031E-02,0.997791250303));
#13802 = ( GEOMETRIC_REPRESENTATION_CONTEXT(2) 
PARAMETRIC_REPRESENTATION_CONTEXT() REPRESENTATION_CONTEXT('2D SPACE',''
  ) );
#13803 = PCURVE('',#8701,#13804);
#13804 = DEFINITIONAL_REPRESENTATION('',(#13805),#13809);
#13805 = LINE('',#13806,#13807);
#13806 = CARTESIAN_POINT('',(1.741655131291,-2.5));
#13807 = VECTOR('',#13808,1.);
#13808 = DIRECTION('',(-1.,-0.));
#13809 = ( GEOMETRIC_REPRESENTATION_CONTEXT(2) 
PARAMETRIC_REPRESENTATION_CONTEXT() REPRESENTATION_CONTEXT('2D SPACE',''
  ) );
#13810 = ORIENTED_EDGE('',*,*,#13811,.T.);
#13811 = EDGE_CURVE('',#13789,#13812,#13814,.T.);
#13812 = VERTEX_POINT('',#13813);
#13813 = CARTESIAN_POINT('',(-26.83903614689,-44.77171136672,4.));
#13814 = SURFACE_CURVE('',#13815,(#13819,#13826),.PCURVE_S1.);
#13815 = LINE('',#13816,#13817);
#13816 = CARTESIAN_POINT('',(-28.31769928593,-43.8514299328,4.));
#13817 = VECTOR('',#13818,1.);
#13818 = DIRECTION('',(0.848998812948,-0.528394753581,0.));
#13819 = PCURVE('',#8538,#13820);
#13820 = DEFINITIONAL_REPRESENTATION('',(#13821),#13825);
#13821 = LINE('',#13822,#13823);
#13822 = CARTESIAN_POINT('',(1.269276944018,-7.720071384482));
#13823 = VECTOR('',#13824,1.);
#13824 = DIRECTION('',(3.310387335376E-02,0.999451916587));
#13825 = ( GEOMETRIC_REPRESENTATION_CONTEXT(2) 
PARAMETRIC_REPRESENTATION_CONTEXT() REPRESENTATION_CONTEXT('2D SPACE',''
  ) );
#13826 = PCURVE('',#8731,#13827);
#13827 = DEFINITIONAL_REPRESENTATION('',(#13828),#13832);
#13828 = LINE('',#13829,#13830);
#13829 = CARTESIAN_POINT('',(1.741655131291,-2.5));
#13830 = VECTOR('',#13831,1.);
#13831 = DIRECTION('',(-1.,-0.));
#13832 = ( GEOMETRIC_REPRESENTATION_CONTEXT(2) 
PARAMETRIC_REPRESENTATION_CONTEXT() REPRESENTATION_CONTEXT('2D SPACE',''
  ) );
#13833 = ORIENTED_EDGE('',*,*,#13834,.T.);
#13834 = EDGE_CURVE('',#13812,#13835,#13837,.T.);
#13835 = VERTEX_POINT('',#13836);
#13836 = CARTESIAN_POINT('',(-25.33049509636,-45.64215176975,4.));
#13837 = SURFACE_CURVE('',#13838,(#13842,#13849),.PCURVE_S1.);
#13838 = LINE('',#13839,#13840);
#13839 = CARTESIAN_POINT('',(-26.83903614689,-44.77171136672,4.));
#13840 = VECTOR('',#13841,1.);
#13841 = DIRECTION('',(0.86615370829,-0.499777704199,0.));
#13842 = PCURVE('',#8538,#13843);
#13843 = DEFINITIONAL_REPRESENTATION('',(#13844),#13848);
#13844 = LINE('',#13845,#13846);
#13845 = CARTESIAN_POINT('',(1.32693247491,-5.97937082548));
#13846 = VECTOR('',#13847,1.);
#13847 = DIRECTION('',(-2.566660636527E-04,0.999999967061));
#13848 = ( GEOMETRIC_REPRESENTATION_CONTEXT(2) 
PARAMETRIC_REPRESENTATION_CONTEXT() REPRESENTATION_CONTEXT('2D SPACE',''
  ) );
#13849 = PCURVE('',#8761,#13850);
#13850 = DEFINITIONAL_REPRESENTATION('',(#13851),#13855);
#13851 = LINE('',#13852,#13853);
#13852 = CARTESIAN_POINT('',(1.741655131291,-2.5));
#13853 = VECTOR('',#13854,1.);
#13854 = DIRECTION('',(-1.,-0.));
#13855 = ( GEOMETRIC_REPRESENTATION_CONTEXT(2) 
PARAMETRIC_REPRESENTATION_CONTEXT() REPRESENTATION_CONTEXT('2D SPACE',''
  ) );
#13856 = ORIENTED_EDGE('',*,*,#13857,.T.);
#13857 = EDGE_CURVE('',#13835,#13858,#13860,.T.);
#13858 = VERTEX_POINT('',#13859);
#13859 = CARTESIAN_POINT('',(-23.79375548138,-46.46178214503,4.));
#13860 = SURFACE_CURVE('',#13861,(#13865,#13872),.PCURVE_S1.);
#13861 = LINE('',#13862,#13863);
#13862 = CARTESIAN_POINT('',(-25.33049509636,-45.64215176975,4.));
#13863 = VECTOR('',#13864,1.);
#13864 = DIRECTION('',(0.882344378848,-0.470604289308,0.));
#13865 = PCURVE('',#8538,#13866);
#13866 = DEFINITIONAL_REPRESENTATION('',(#13867),#13871);
#13867 = LINE('',#13868,#13869);
#13868 = CARTESIAN_POINT('',(1.326485451143,-4.237715751557));
#13869 = VECTOR('',#13870,1.);
#13870 = DIRECTION('',(-3.361691975374E-02,0.999434791623));
#13871 = ( GEOMETRIC_REPRESENTATION_CONTEXT(2) 
PARAMETRIC_REPRESENTATION_CONTEXT() REPRESENTATION_CONTEXT('2D SPACE',''
  ) );
#13872 = PCURVE('',#8791,#13873);
#13873 = DEFINITIONAL_REPRESENTATION('',(#13874),#13878);
#13874 = LINE('',#13875,#13876);
#13875 = CARTESIAN_POINT('',(1.741655131291,-2.5));
#13876 = VECTOR('',#13877,1.);
#13877 = DIRECTION('',(-1.,-0.));
#13878 = ( GEOMETRIC_REPRESENTATION_CONTEXT(2) 
PARAMETRIC_REPRESENTATION_CONTEXT() REPRESENTATION_CONTEXT('2D SPACE',''
  ) );
#13879 = ORIENTED_EDGE('',*,*,#13880,.T.);
#13880 = EDGE_CURVE('',#13858,#13881,#13883,.T.);
#13881 = VERTEX_POINT('',#13882);
#13882 = CARTESIAN_POINT('',(-22.23052804035,-47.22969005876,4.));
#13883 = SURFACE_CURVE('',#13884,(#13888,#13895),.PCURVE_S1.);
#13884 = LINE('',#13885,#13886);
#13885 = CARTESIAN_POINT('',(-23.79375548138,-46.46178214503,4.));
#13886 = VECTOR('',#13887,1.);
#13887 = DIRECTION('',(0.897552800747,-0.440906985509,0.));
#13888 = PCURVE('',#8538,#13889);
#13889 = DEFINITIONAL_REPRESENTATION('',(#13890),#13894);
#13890 = LINE('',#13891,#13892);
#13891 = CARTESIAN_POINT('',(1.267936370356,-2.497045018336));
#13892 = VECTOR('',#13893,1.);
#13893 = DIRECTION('',(-6.69397502164E-02,0.99775701944));
#13894 = ( GEOMETRIC_REPRESENTATION_CONTEXT(2) 
PARAMETRIC_REPRESENTATION_CONTEXT() REPRESENTATION_CONTEXT('2D SPACE',''
  ) );
#13895 = PCURVE('',#8821,#13896);
#13896 = DEFINITIONAL_REPRESENTATION('',(#13897),#13901);
#13897 = LINE('',#13898,#13899);
#13898 = CARTESIAN_POINT('',(1.741655131291,-2.5));
#13899 = VECTOR('',#13900,1.);
#13900 = DIRECTION('',(-1.,-0.));
#13901 = ( GEOMETRIC_REPRESENTATION_CONTEXT(2) 
PARAMETRIC_REPRESENTATION_CONTEXT() REPRESENTATION_CONTEXT('2D SPACE',''
  ) );
#13902 = ORIENTED_EDGE('',*,*,#13903,.T.);
#13903 = EDGE_CURVE('',#13881,#13904,#13906,.T.);
#13904 = VERTEX_POINT('',#13905);
#13905 = CARTESIAN_POINT('',(-20.64255299864,-47.94502065593,4.));
#13906 = SURFACE_CURVE('',#13907,(#13911,#13918),.PCURVE_S1.);
#13907 = LINE('',#13908,#13909);
#13908 = CARTESIAN_POINT('',(-22.23052804035,-47.22969005876,4.));
#13909 = VECTOR('',#13910,1.);
#13910 = DIRECTION('',(0.911762043577,-0.410718852613,0.));
#13911 = PCURVE('',#8538,#13912);
#13912 = DEFINITIONAL_REPRESENTATION('',(#13913),#13917);
#13913 = LINE('',#13914,#13915);
#13914 = CARTESIAN_POINT('',(1.151350410904,-0.759296385647));
#13915 = VECTOR('',#13916,1.);
#13916 = DIRECTION('',(-0.100188061612,0.994968518251));
#13917 = ( GEOMETRIC_REPRESENTATION_CONTEXT(2) 
PARAMETRIC_REPRESENTATION_CONTEXT() REPRESENTATION_CONTEXT('2D SPACE',''
  ) );
#13918 = PCURVE('',#8851,#13919);
#13919 = DEFINITIONAL_REPRESENTATION('',(#13920),#13924);
#13920 = LINE('',#13921,#13922);
#13921 = CARTESIAN_POINT('',(1.741655131291,-2.5));
#13922 = VECTOR('',#13923,1.);
#13923 = DIRECTION('',(-1.,-0.));
#13924 = ( GEOMETRIC_REPRESENTATION_CONTEXT(2) 
PARAMETRIC_REPRESENTATION_CONTEXT() REPRESENTATION_CONTEXT('2D SPACE',''
  ) );
#13925 = ORIENTED_EDGE('',*,*,#13926,.T.);
#13926 = EDGE_CURVE('',#13904,#13927,#13929,.T.);
#13927 = VERTEX_POINT('',#13928);
#13928 = CARTESIAN_POINT('',(-19.03159813126,-48.60697761196,4.));
#13929 = SURFACE_CURVE('',#13930,(#13934,#13941),.PCURVE_S1.);
#13930 = LINE('',#13931,#13932);
#13931 = CARTESIAN_POINT('',(-20.64255299864,-47.94502065593,4.));
#13932 = VECTOR('',#13933,1.);
#13933 = DIRECTION('',(0.92495628924,-0.380073496833,0.));
#13934 = PCURVE('',#8538,#13935);
#13935 = DEFINITIONAL_REPRESENTATION('',(#13936),#13940);
#13936 = LINE('',#13937,#13938);
#13937 = CARTESIAN_POINT('',(0.976857359303,0.973595639637));
#13938 = VECTOR('',#13939,1.);
#13939 = DIRECTION('',(-0.133324841058,0.991072392289));
#13940 = ( GEOMETRIC_REPRESENTATION_CONTEXT(2) 
PARAMETRIC_REPRESENTATION_CONTEXT() REPRESENTATION_CONTEXT('2D SPACE',''
  ) );
#13941 = PCURVE('',#8881,#13942);
#13942 = DEFINITIONAL_REPRESENTATION('',(#13943),#13947);
#13943 = LINE('',#13944,#13945);
#13944 = CARTESIAN_POINT('',(1.741655131291,-2.5));
#13945 = VECTOR('',#13946,1.);
#13946 = DIRECTION('',(-1.,-0.));
#13947 = ( GEOMETRIC_REPRESENTATION_CONTEXT(2) 
PARAMETRIC_REPRESENTATION_CONTEXT() REPRESENTATION_CONTEXT('2D SPACE',''
  ) );
#13948 = ORIENTED_EDGE('',*,*,#13949,.T.);
#13949 = EDGE_CURVE('',#13927,#13950,#13952,.T.);
#13950 = VERTEX_POINT('',#13951);
#13951 = CARTESIAN_POINT('',(-17.39945679499,-49.21482401918,4.));
#13952 = SURFACE_CURVE('',#13953,(#13957,#13964),.PCURVE_S1.);
#13953 = LINE('',#13954,#13955);
#13954 = CARTESIAN_POINT('',(-19.03159813126,-48.60697761196,4.));
#13955 = VECTOR('',#13956,1.);
#13956 = DIRECTION('',(0.93712084956,-0.349005033373,0.));
#13957 = PCURVE('',#8538,#13958);
#13958 = DEFINITIONAL_REPRESENTATION('',(#13959),#13963);
#13959 = LINE('',#13960,#13961);
#13960 = CARTESIAN_POINT('',(0.744651465747,2.699701957148));
#13961 = VECTOR('',#13962,1.);
#13962 = DIRECTION('',(-0.166313199831,0.986072978822));
#13963 = ( GEOMETRIC_REPRESENTATION_CONTEXT(2) 
PARAMETRIC_REPRESENTATION_CONTEXT() REPRESENTATION_CONTEXT('2D SPACE',''
  ) );
#13964 = PCURVE('',#8911,#13965);
#13965 = DEFINITIONAL_REPRESENTATION('',(#13966),#13970);
#13966 = LINE('',#13967,#13968);
#13967 = CARTESIAN_POINT('',(1.741655131291,-2.5));
#13968 = VECTOR('',#13969,1.);
#13969 = DIRECTION('',(-1.,-0.));
#13970 = ( GEOMETRIC_REPRESENTATION_CONTEXT(2) 
PARAMETRIC_REPRESENTATION_CONTEXT() REPRESENTATION_CONTEXT('2D SPACE',''
  ) );
#13971 = ORIENTED_EDGE('',*,*,#13972,.T.);
#13972 = EDGE_CURVE('',#13950,#13973,#13975,.T.);
#13973 = VERTEX_POINT('',#13974);
#13974 = CARTESIAN_POINT('',(-15.7479459319,-49.7678832072,4.));
#13975 = SURFACE_CURVE('',#13976,(#13980,#13987),.PCURVE_S1.);
#13976 = LINE('',#13977,#13978);
#13977 = CARTESIAN_POINT('',(-17.39945679499,-49.21482401918,4.));
#13978 = VECTOR('',#13979,1.);
#13979 = DIRECTION('',(0.948242182632,-0.317548048453,0.));
#13980 = PCURVE('',#8538,#13981);
#13981 = DEFINITIONAL_REPRESENTATION('',(#13982),#13986);
#13982 = LINE('',#13983,#13984);
#13983 = CARTESIAN_POINT('',(0.45499122786,4.41710102054));
#13984 = VECTOR('',#13985,1.);
#13985 = DIRECTION('',(-0.199116414434,0.979975843326));
#13986 = ( GEOMETRIC_REPRESENTATION_CONTEXT(2) 
PARAMETRIC_REPRESENTATION_CONTEXT() REPRESENTATION_CONTEXT('2D SPACE',''
  ) );
#13987 = PCURVE('',#8941,#13988);
#13988 = DEFINITIONAL_REPRESENTATION('',(#13989),#13993);
#13989 = LINE('',#13990,#13991);
#13990 = CARTESIAN_POINT('',(1.741655131291,-2.5));
#13991 = VECTOR('',#13992,1.);
#13992 = DIRECTION('',(-1.,-0.));
#13993 = ( GEOMETRIC_REPRESENTATION_CONTEXT(2) 
PARAMETRIC_REPRESENTATION_CONTEXT() REPRESENTATION_CONTEXT('2D SPACE',''
  ) );
#13994 = ORIENTED_EDGE('',*,*,#13995,.T.);
#13995 = EDGE_CURVE('',#13973,#13996,#13998,.T.);
#13996 = VERTEX_POINT('',#13997);
#13997 = CARTESIAN_POINT('',(-14.07890404675,-50.26553949618,4.));
#13998 = SURFACE_CURVE('',#13999,(#14003,#14010),.PCURVE_S1.);
#13999 = LINE('',#14000,#14001);
#14000 = CARTESIAN_POINT('',(-15.7479459319,-49.7678832072,4.));
#14001 = VECTOR('',#14002,1.);
#14002 = DIRECTION('',(0.958307907901,-0.285737560806,0.));
#14003 = PCURVE('',#8538,#14004);
#14004 = DEFINITIONAL_REPRESENTATION('',(#14005),#14009);
#14005 = LINE('',#14006,#14007);
#14006 = CARTESIAN_POINT('',(0.108199102938,6.123880976611));
#14007 = VECTOR('',#14008,1.);
#14008 = DIRECTION('',(-0.231697967477,0.972787773292));
#14009 = ( GEOMETRIC_REPRESENTATION_CONTEXT(2) 
PARAMETRIC_REPRESENTATION_CONTEXT() REPRESENTATION_CONTEXT('2D SPACE',''
  ) );
#14010 = PCURVE('',#8971,#14011);
#14011 = DEFINITIONAL_REPRESENTATION('',(#14012),#14016);
#14012 = LINE('',#14013,#14014);
#14013 = CARTESIAN_POINT('',(1.741655131291,-2.5));
#14014 = VECTOR('',#14015,1.);
#14015 = DIRECTION('',(-1.,-0.));
#14016 = ( GEOMETRIC_REPRESENTATION_CONTEXT(2) 
PARAMETRIC_REPRESENTATION_CONTEXT() REPRESENTATION_CONTEXT('2D SPACE',''
  ) );
#14017 = ORIENTED_EDGE('',*,*,#14018,.T.);
#14018 = EDGE_CURVE('',#13996,#14019,#14021,.T.);
#14019 = VERTEX_POINT('',#14020);
#14020 = CARTESIAN_POINT('',(-12.39418916027,-50.70723888222,4.));
#14021 = SURFACE_CURVE('',#14022,(#14026,#14033),.PCURVE_S1.);
#14022 = LINE('',#14023,#14024);
#14023 = CARTESIAN_POINT('',(-14.07890404675,-50.26553949618,4.));
#14024 = VECTOR('',#14025,1.);
#14025 = DIRECTION('',(0.967306819938,-0.253608982691,0.));
#14026 = PCURVE('',#8538,#14027);
#14027 = DEFINITIONAL_REPRESENTATION('',(#14028),#14032);
#14028 = LINE('',#14029,#14030);
#14029 = CARTESIAN_POINT('',(-0.295338851029,7.818141793622));
#14030 = VECTOR('',#14031,1.);
#14031 = DIRECTION('',(-0.264021588331,0.964516770666));
#14032 = ( GEOMETRIC_REPRESENTATION_CONTEXT(2) 
PARAMETRIC_REPRESENTATION_CONTEXT() REPRESENTATION_CONTEXT('2D SPACE',''
  ) );
#14033 = PCURVE('',#9001,#14034);
#14034 = DEFINITIONAL_REPRESENTATION('',(#14035),#14039);
#14035 = LINE('',#14036,#14037);
#14036 = CARTESIAN_POINT('',(1.741655131291,-2.5));
#14037 = VECTOR('',#14038,1.);
#14038 = DIRECTION('',(-1.,-0.));
#14039 = ( GEOMETRIC_REPRESENTATION_CONTEXT(2) 
PARAMETRIC_REPRESENTATION_CONTEXT() REPRESENTATION_CONTEXT('2D SPACE',''
  ) );
#14040 = ORIENTED_EDGE('',*,*,#14041,.T.);
#14041 = EDGE_CURVE('',#14019,#14042,#14044,.T.);
#14042 = VERTEX_POINT('',#14043);
#14043 = CARTESIAN_POINT('',(-10.69567674079,-51.09248965412,4.));
#14044 = SURFACE_CURVE('',#14045,(#14049,#14056),.PCURVE_S1.);
#14045 = LINE('',#14046,#14047);
#14046 = CARTESIAN_POINT('',(-12.39418916027,-50.70723888222,4.));
#14047 = VECTOR('',#14048,1.);
#14048 = DIRECTION('',(0.975228900922,-0.221198080475,0.));
#14049 = PCURVE('',#8538,#14050);
#14050 = DEFINITIONAL_REPRESENTATION('',(#14051),#14055);
#14051 = LINE('',#14052,#14053);
#14052 = CARTESIAN_POINT('',(-0.755173405117,9.497997376468));
#14053 = VECTOR('',#14054,1.);
#14054 = DIRECTION('',(-0.296051293501,0.955172042941));
#14055 = ( GEOMETRIC_REPRESENTATION_CONTEXT(2) 
PARAMETRIC_REPRESENTATION_CONTEXT() REPRESENTATION_CONTEXT('2D SPACE',''
  ) );
#14056 = PCURVE('',#9031,#14057);
#14057 = DEFINITIONAL_REPRESENTATION('',(#14058),#14062);
#14058 = LINE('',#14059,#14060);
#14059 = CARTESIAN_POINT('',(1.741655131291,-2.5));
#14060 = VECTOR('',#14061,1.);
#14061 = DIRECTION('',(-1.,-0.));
#14062 = ( GEOMETRIC_REPRESENTATION_CONTEXT(2) 
PARAMETRIC_REPRESENTATION_CONTEXT() REPRESENTATION_CONTEXT('2D SPACE',''
  ) );
#14063 = ORIENTED_EDGE('',*,*,#14064,.T.);
#14064 = EDGE_CURVE('',#14042,#9105,#14065,.T.);
#14065 = SURFACE_CURVE('',#14066,(#14070,#14077),.PCURVE_S1.);
#14066 = LINE('',#14067,#14068);
#14067 = CARTESIAN_POINT('',(-10.69567674079,-51.09248965412,4.));
#14068 = VECTOR('',#14069,1.);
#14069 = DIRECTION('',(0.982065331787,-0.188540934817,0.));
#14070 = PCURVE('',#8538,#14071);
#14071 = DEFINITIONAL_REPRESENTATION('',(#14072),#14076);
#14072 = LINE('',#14073,#14074);
#14073 = CARTESIAN_POINT('',(-1.270792659568,11.161577666322));
#14074 = VECTOR('',#14075,1.);
#14075 = DIRECTION('',(-0.327751426689,0.944763992912));
#14076 = ( GEOMETRIC_REPRESENTATION_CONTEXT(2) 
PARAMETRIC_REPRESENTATION_CONTEXT() REPRESENTATION_CONTEXT('2D SPACE',''
  ) );
#14077 = PCURVE('',#9061,#14078);
#14078 = DEFINITIONAL_REPRESENTATION('',(#14079),#14083);
#14079 = LINE('',#14080,#14081);
#14080 = CARTESIAN_POINT('',(1.741655131291,-2.5));
#14081 = VECTOR('',#14082,1.);
#14082 = DIRECTION('',(-1.,-0.));
#14083 = ( GEOMETRIC_REPRESENTATION_CONTEXT(2) 
PARAMETRIC_REPRESENTATION_CONTEXT() REPRESENTATION_CONTEXT('2D SPACE',''
  ) );
#14084 = ORIENTED_EDGE('',*,*,#9104,.T.);
#14085 = ORIENTED_EDGE('',*,*,#9203,.T.);
#14086 = ORIENTED_EDGE('',*,*,#14087,.T.);
#14087 = EDGE_CURVE('',#9176,#14088,#14090,.T.);
#14088 = VERTEX_POINT('',#14089);
#14089 = CARTESIAN_POINT('',(-8.864765656054,-50.73131113881,4.));
#14090 = SURFACE_CURVE('',#14091,(#14095,#14102),.PCURVE_S1.);
#14091 = LINE('',#14092,#14093);
#14092 = CARTESIAN_POINT('',(-7.167414699443,-50.99880554019,4.));
#14093 = VECTOR('',#14094,1.);
#14094 = DIRECTION('',(-0.987808502041,0.155673900497,0.));
#14095 = PCURVE('',#8538,#14096);
#14096 = DEFINITIONAL_REPRESENTATION('',(#14097),#14101);
#14097 = LINE('',#14098,#14099);
#14098 = CARTESIAN_POINT('',(-3.116056502839,14.170300168379));
#14099 = VECTOR('',#14100,1.);
#14100 = DIRECTION('',(0.359086698484,-0.93330420709));
#14101 = ( GEOMETRIC_REPRESENTATION_CONTEXT(2) 
PARAMETRIC_REPRESENTATION_CONTEXT() REPRESENTATION_CONTEXT('2D SPACE',''
  ) );
#14102 = PCURVE('',#9191,#14103);
#14103 = DEFINITIONAL_REPRESENTATION('',(#14104),#14108);
#14104 = LINE('',#14105,#14106);
#14105 = CARTESIAN_POINT('',(0.,0.));
#14106 = VECTOR('',#14107,1.);
#14107 = DIRECTION('',(1.,0.));
#14108 = ( GEOMETRIC_REPRESENTATION_CONTEXT(2) 
PARAMETRIC_REPRESENTATION_CONTEXT() REPRESENTATION_CONTEXT('2D SPACE',''
  ) );
#14109 = ORIENTED_EDGE('',*,*,#14110,.T.);
#14110 = EDGE_CURVE('',#14088,#14111,#14113,.T.);
#14111 = VERTEX_POINT('',#14112);
#14112 = CARTESIAN_POINT('',(-10.5522481255,-50.40734132542,4.));
#14113 = SURFACE_CURVE('',#14114,(#14118,#14125),.PCURVE_S1.);
#14114 = LINE('',#14115,#14116);
#14115 = CARTESIAN_POINT('',(-8.864765656054,-50.73131113881,4.));
#14116 = VECTOR('',#14117,1.);
#14117 = DIRECTION('',(-0.982065331787,0.188540934817,0.));
#14118 = PCURVE('',#8538,#14119);
#14119 = DEFINITIONAL_REPRESENTATION('',(#14120),#14124);
#14120 = LINE('',#14121,#14122);
#14121 = CARTESIAN_POINT('',(-2.499037971496,12.566603920128));
#14122 = VECTOR('',#14123,1.);
#14123 = DIRECTION('',(0.327751426689,-0.944763992912));
#14124 = ( GEOMETRIC_REPRESENTATION_CONTEXT(2) 
PARAMETRIC_REPRESENTATION_CONTEXT() REPRESENTATION_CONTEXT('2D SPACE',''
  ) );
#14125 = PCURVE('',#14126,#14131);
#14126 = PLANE('',#14127);
#14127 = AXIS2_PLACEMENT_3D('',#14128,#14129,#14130);
#14128 = CARTESIAN_POINT('',(-8.864765656054,-50.73131113881,4.));
#14129 = DIRECTION('',(-0.188540934817,-0.982065331787,0.));
#14130 = DIRECTION('',(-0.982065331787,0.188540934817,0.));
#14131 = DEFINITIONAL_REPRESENTATION('',(#14132),#14136);
#14132 = LINE('',#14133,#14134);
#14133 = CARTESIAN_POINT('',(0.,0.));
#14134 = VECTOR('',#14135,1.);
#14135 = DIRECTION('',(1.,0.));
#14136 = ( GEOMETRIC_REPRESENTATION_CONTEXT(2) 
PARAMETRIC_REPRESENTATION_CONTEXT() REPRESENTATION_CONTEXT('2D SPACE',''
  ) );
#14137 = ORIENTED_EDGE('',*,*,#14138,.T.);
#14138 = EDGE_CURVE('',#14111,#14139,#14141,.T.);
#14139 = VERTEX_POINT('',#14140);
#14140 = CARTESIAN_POINT('',(-12.2279835585,-50.02725675162,4.));
#14141 = SURFACE_CURVE('',#14142,(#14146,#14153),.PCURVE_S1.);
#14142 = LINE('',#14143,#14144);
#14143 = CARTESIAN_POINT('',(-10.5522481255,-50.40734132542,4.));
#14144 = VECTOR('',#14145,1.);
#14145 = DIRECTION('',(-0.975228900922,0.221198080475,0.));
#14146 = PCURVE('',#8538,#14147);
#14147 = DEFINITIONAL_REPRESENTATION('',(#14148),#14152);
#14148 = LINE('',#14149,#14150);
#14149 = CARTESIAN_POINT('',(-1.935862825228,10.943216326452));
#14150 = VECTOR('',#14151,1.);
#14151 = DIRECTION('',(0.296051293501,-0.955172042941));
#14152 = ( GEOMETRIC_REPRESENTATION_CONTEXT(2) 
PARAMETRIC_REPRESENTATION_CONTEXT() REPRESENTATION_CONTEXT('2D SPACE',''
  ) );
#14153 = PCURVE('',#14154,#14159);
#14154 = PLANE('',#14155);
#14155 = AXIS2_PLACEMENT_3D('',#14156,#14157,#14158);
#14156 = CARTESIAN_POINT('',(-10.5522481255,-50.40734132542,4.));
#14157 = DIRECTION('',(-0.221198080475,-0.975228900922,0.));
#14158 = DIRECTION('',(-0.975228900922,0.221198080475,0.));
#14159 = DEFINITIONAL_REPRESENTATION('',(#14160),#14164);
#14160 = LINE('',#14161,#14162);
#14161 = CARTESIAN_POINT('',(0.,0.));
#14162 = VECTOR('',#14163,1.);
#14163 = DIRECTION('',(1.,0.));
#14164 = ( GEOMETRIC_REPRESENTATION_CONTEXT(2) 
PARAMETRIC_REPRESENTATION_CONTEXT() REPRESENTATION_CONTEXT('2D SPACE',''
  ) );
#14165 = ORIENTED_EDGE('',*,*,#14166,.T.);
#14166 = EDGE_CURVE('',#14139,#14167,#14169,.T.);
#14167 = VERTEX_POINT('',#14168);
#14168 = CARTESIAN_POINT('',(-13.8901064829,-49.59148053742,4.));
#14169 = SURFACE_CURVE('',#14170,(#14174,#14181),.PCURVE_S1.);
#14170 = LINE('',#14171,#14172);
#14171 = CARTESIAN_POINT('',(-12.2279835585,-50.02725675162,4.));
#14172 = VECTOR('',#14173,1.);
#14173 = DIRECTION('',(-0.967306819938,0.253608982691,0.));
#14174 = PCURVE('',#8538,#14175);
#14175 = DEFINITIONAL_REPRESENTATION('',(#14176),#14180);
#14176 = LINE('',#14177,#14178);
#14177 = CARTESIAN_POINT('',(-1.427158005223,9.301944584547));
#14178 = VECTOR('',#14179,1.);
#14179 = DIRECTION('',(0.264021588331,-0.964516770666));
#14180 = ( GEOMETRIC_REPRESENTATION_CONTEXT(2) 
PARAMETRIC_REPRESENTATION_CONTEXT() REPRESENTATION_CONTEXT('2D SPACE',''
  ) );
#14181 = PCURVE('',#14182,#14187);
#14182 = PLANE('',#14183);
#14183 = AXIS2_PLACEMENT_3D('',#14184,#14185,#14186);
#14184 = CARTESIAN_POINT('',(-12.2279835585,-50.02725675162,4.));
#14185 = DIRECTION('',(-0.253608982691,-0.967306819938,0.));
#14186 = DIRECTION('',(-0.967306819938,0.253608982691,0.));
#14187 = DEFINITIONAL_REPRESENTATION('',(#14188),#14192);
#14188 = LINE('',#14189,#14190);
#14189 = CARTESIAN_POINT('',(0.,0.));
#14190 = VECTOR('',#14191,1.);
#14191 = DIRECTION('',(1.,0.));
#14192 = ( GEOMETRIC_REPRESENTATION_CONTEXT(2) 
PARAMETRIC_REPRESENTATION_CONTEXT() REPRESENTATION_CONTEXT('2D SPACE',''
  ) );
#14193 = ORIENTED_EDGE('',*,*,#14194,.T.);
#14194 = EDGE_CURVE('',#14167,#14195,#14197,.T.);
#14195 = VERTEX_POINT('',#14196);
#14196 = CARTESIAN_POINT('',(-15.53676658032,-49.10049780021,4.));
#14197 = SURFACE_CURVE('',#14198,(#14202,#14209),.PCURVE_S1.);
#14198 = LINE('',#14199,#14200);
#14199 = CARTESIAN_POINT('',(-13.8901064829,-49.59148053742,4.));
#14200 = VECTOR('',#14201,1.);
#14201 = DIRECTION('',(-0.958307907901,0.285737560806,0.));
#14202 = PCURVE('',#8538,#14203);
#14203 = DEFINITIONAL_REPRESENTATION('',(#14204),#14208);
#14204 = LINE('',#14205,#14206);
#14205 = CARTESIAN_POINT('',(-0.973489814887,7.644615800704));
#14206 = VECTOR('',#14207,1.);
#14207 = DIRECTION('',(0.231697967477,-0.972787773292));
#14208 = ( GEOMETRIC_REPRESENTATION_CONTEXT(2) 
PARAMETRIC_REPRESENTATION_CONTEXT() REPRESENTATION_CONTEXT('2D SPACE',''
  ) );
#14209 = PCURVE('',#14210,#14215);
#14210 = PLANE('',#14211);
#14211 = AXIS2_PLACEMENT_3D('',#14212,#14213,#14214);
#14212 = CARTESIAN_POINT('',(-13.8901064829,-49.59148053742,4.));
#14213 = DIRECTION('',(-0.285737560806,-0.958307907901,0.));
#14214 = DIRECTION('',(-0.958307907901,0.285737560806,0.));
#14215 = DEFINITIONAL_REPRESENTATION('',(#14216),#14220);
#14216 = LINE('',#14217,#14218);
#14217 = CARTESIAN_POINT('',(0.,0.));
#14218 = VECTOR('',#14219,1.);
#14219 = DIRECTION('',(1.,0.));
#14220 = ( GEOMETRIC_REPRESENTATION_CONTEXT(2) 
PARAMETRIC_REPRESENTATION_CONTEXT() REPRESENTATION_CONTEXT('2D SPACE',''
  ) );
#14221 = ORIENTED_EDGE('',*,*,#14222,.T.);
#14222 = EDGE_CURVE('',#14195,#14223,#14225,.T.);
#14223 = VERTEX_POINT('',#14224);
#14224 = CARTESIAN_POINT('',(-17.16613074601,-48.55485511471,4.));
#14225 = SURFACE_CURVE('',#14226,(#14230,#14237),.PCURVE_S1.);
#14226 = LINE('',#14227,#14228);
#14227 = CARTESIAN_POINT('',(-15.53676658032,-49.10049780021,4.));
#14228 = VECTOR('',#14229,1.);
#14229 = DIRECTION('',(-0.948242182632,0.317548048453,0.));
#14230 = PCURVE('',#8538,#14231);
#14231 = DEFINITIONAL_REPRESENTATION('',(#14232),#14236);
#14232 = LINE('',#14233,#14234);
#14233 = CARTESIAN_POINT('',(-0.575363289422,5.973074956335));
#14234 = VECTOR('',#14235,1.);
#14235 = DIRECTION('',(0.199116414434,-0.979975843326));
#14236 = ( GEOMETRIC_REPRESENTATION_CONTEXT(2) 
PARAMETRIC_REPRESENTATION_CONTEXT() REPRESENTATION_CONTEXT('2D SPACE',''
  ) );
#14237 = PCURVE('',#14238,#14243);
#14238 = PLANE('',#14239);
#14239 = AXIS2_PLACEMENT_3D('',#14240,#14241,#14242);
#14240 = CARTESIAN_POINT('',(-15.53676658032,-49.10049780021,4.));
#14241 = DIRECTION('',(-0.317548048453,-0.948242182632,0.));
#14242 = DIRECTION('',(-0.948242182632,0.317548048453,0.));
#14243 = DEFINITIONAL_REPRESENTATION('',(#14244),#14248);
#14244 = LINE('',#14245,#14246);
#14245 = CARTESIAN_POINT('',(0.,0.));
#14246 = VECTOR('',#14247,1.);
#14247 = DIRECTION('',(1.,0.));
#14248 = ( GEOMETRIC_REPRESENTATION_CONTEXT(2) 
PARAMETRIC_REPRESENTATION_CONTEXT() REPRESENTATION_CONTEXT('2D SPACE',''
  ) );
#14249 = ORIENTED_EDGE('',*,*,#14250,.T.);
#14250 = EDGE_CURVE('',#14223,#14251,#14253,.T.);
#14251 = VERTEX_POINT('',#14252);
#14252 = CARTESIAN_POINT('',(-18.7763851295,-47.95515990452,4.));
#14253 = SURFACE_CURVE('',#14254,(#14258,#14265),.PCURVE_S1.);
#14254 = LINE('',#14255,#14256);
#14255 = CARTESIAN_POINT('',(-17.16613074601,-48.55485511471,4.));
#14256 = VECTOR('',#14257,1.);
#14257 = DIRECTION('',(-0.93712084956,0.349005033373,0.));
#14258 = PCURVE('',#8538,#14259);
#14259 = DEFINITIONAL_REPRESENTATION('',(#14260),#14264);
#14260 = LINE('',#14261,#14262);
#14261 = CARTESIAN_POINT('',(-0.233221633608,4.289182854081));
#14262 = VECTOR('',#14263,1.);
#14263 = DIRECTION('',(0.166313199831,-0.986072978822));
#14264 = ( GEOMETRIC_REPRESENTATION_CONTEXT(2) 
PARAMETRIC_REPRESENTATION_CONTEXT() REPRESENTATION_CONTEXT('2D SPACE',''
  ) );
#14265 = PCURVE('',#14266,#14271);
#14266 = PLANE('',#14267);
#14267 = AXIS2_PLACEMENT_3D('',#14268,#14269,#14270);
#14268 = CARTESIAN_POINT('',(-17.16613074601,-48.55485511471,4.));
#14269 = DIRECTION('',(-0.349005033373,-0.93712084956,0.));
#14270 = DIRECTION('',(-0.93712084956,0.349005033373,0.));
#14271 = DEFINITIONAL_REPRESENTATION('',(#14272),#14276);
#14272 = LINE('',#14273,#14274);
#14273 = CARTESIAN_POINT('',(0.,0.));
#14274 = VECTOR('',#14275,1.);
#14275 = DIRECTION('',(1.,0.));
#14276 = ( GEOMETRIC_REPRESENTATION_CONTEXT(2) 
PARAMETRIC_REPRESENTATION_CONTEXT() REPRESENTATION_CONTEXT('2D SPACE',''
  ) );
#14277 = ORIENTED_EDGE('',*,*,#14278,.T.);
#14278 = EDGE_CURVE('',#14251,#14279,#14281,.T.);
#14279 = VERTEX_POINT('',#14280);
#14280 = CARTESIAN_POINT('',(-20.36573715383,-47.30207976591,4.));
#14281 = SURFACE_CURVE('',#14282,(#14286,#14293),.PCURVE_S1.);
#14282 = LINE('',#14283,#14284);
#14283 = CARTESIAN_POINT('',(-18.7763851295,-47.95515990452,4.));
#14284 = VECTOR('',#14285,1.);
#14285 = DIRECTION('',(-0.92495628924,0.380073496833,0.));
#14286 = PCURVE('',#8538,#14287);
#14287 = DEFINITIONAL_REPRESENTATION('',(#14288),#14292);
#14288 = LINE('',#14289,#14290);
#14289 = CARTESIAN_POINT('',(5.255427158688E-02,2.594814046328));
#14290 = VECTOR('',#14291,1.);
#14291 = DIRECTION('',(0.133324841058,-0.991072392289));
#14292 = ( GEOMETRIC_REPRESENTATION_CONTEXT(2) 
PARAMETRIC_REPRESENTATION_CONTEXT() REPRESENTATION_CONTEXT('2D SPACE',''
  ) );
#14293 = PCURVE('',#14294,#14299);
#14294 = PLANE('',#14295);
#14295 = AXIS2_PLACEMENT_3D('',#14296,#14297,#14298);
#14296 = CARTESIAN_POINT('',(-18.7763851295,-47.95515990452,4.));
#14297 = DIRECTION('',(-0.380073496833,-0.92495628924,0.));
#14298 = DIRECTION('',(-0.92495628924,0.380073496833,0.));
#14299 = DEFINITIONAL_REPRESENTATION('',(#14300),#14304);
#14300 = LINE('',#14301,#14302);
#14301 = CARTESIAN_POINT('',(0.,0.));
#14302 = VECTOR('',#14303,1.);
#14303 = DIRECTION('',(1.,0.));
#14304 = ( GEOMETRIC_REPRESENTATION_CONTEXT(2) 
PARAMETRIC_REPRESENTATION_CONTEXT() REPRESENTATION_CONTEXT('2D SPACE',''
  ) );
#14305 = ORIENTED_EDGE('',*,*,#14306,.T.);
#14306 = EDGE_CURVE('',#14279,#14307,#14309,.T.);
#14307 = VERTEX_POINT('',#14308);
#14308 = CARTESIAN_POINT('',(-21.93241751107,-46.59634172464,4.));
#14309 = SURFACE_CURVE('',#14310,(#14314,#14321),.PCURVE_S1.);
#14310 = LINE('',#14311,#14312);
#14311 = CARTESIAN_POINT('',(-20.36573715383,-47.30207976591,4.));
#14312 = VECTOR('',#14313,1.);
#14313 = DIRECTION('',(-0.911762043577,0.410718852613,0.));
#14314 = PCURVE('',#8538,#14315);
#14315 = DEFINITIONAL_REPRESENTATION('',(#14316),#14320);
#14316 = LINE('',#14317,#14318);
#14317 = CARTESIAN_POINT('',(0.281646293008,0.891854748401));
#14318 = VECTOR('',#14319,1.);
#14319 = DIRECTION('',(0.100188061612,-0.994968518251));
#14320 = ( GEOMETRIC_REPRESENTATION_CONTEXT(2) 
PARAMETRIC_REPRESENTATION_CONTEXT() REPRESENTATION_CONTEXT('2D SPACE',''
  ) );
#14321 = PCURVE('',#14322,#14327);
#14322 = PLANE('',#14323);
#14323 = AXIS2_PLACEMENT_3D('',#14324,#14325,#14326);
#14324 = CARTESIAN_POINT('',(-20.36573715383,-47.30207976591,4.));
#14325 = DIRECTION('',(-0.410718852613,-0.911762043577,0.));
#14326 = DIRECTION('',(-0.911762043577,0.410718852613,0.));
#14327 = DEFINITIONAL_REPRESENTATION('',(#14328),#14332);
#14328 = LINE('',#14329,#14330);
#14329 = CARTESIAN_POINT('',(0.,0.));
#14330 = VECTOR('',#14331,1.);
#14331 = DIRECTION('',(1.,0.));
#14332 = ( GEOMETRIC_REPRESENTATION_CONTEXT(2) 
PARAMETRIC_REPRESENTATION_CONTEXT() REPRESENTATION_CONTEXT('2D SPACE',''
  ) );
#14333 = ORIENTED_EDGE('',*,*,#14334,.T.);
#14334 = EDGE_CURVE('',#14307,#14335,#14337,.T.);
#14335 = VERTEX_POINT('',#14336);
#14336 = CARTESIAN_POINT('',(-23.47468213201,-45.83873142661,4.));
#14337 = SURFACE_CURVE('',#14338,(#14342,#14349),.PCURVE_S1.);
#14338 = LINE('',#14339,#14340);
#14339 = CARTESIAN_POINT('',(-21.93241751107,-46.59634172464,4.));
#14340 = VECTOR('',#14341,1.);
#14341 = DIRECTION('',(-0.897552800747,0.440906985509,0.));
#14342 = PCURVE('',#8538,#14343);
#14343 = DEFINITIONAL_REPRESENTATION('',(#14344),#14348);
#14344 = LINE('',#14345,#14346);
#14345 = CARTESIAN_POINT('',(0.453799399472,-0.817799261219));
#14346 = VECTOR('',#14347,1.);
#14347 = DIRECTION('',(6.69397502164E-02,-0.99775701944));
#14348 = ( GEOMETRIC_REPRESENTATION_CONTEXT(2) 
PARAMETRIC_REPRESENTATION_CONTEXT() REPRESENTATION_CONTEXT('2D SPACE',''
  ) );
#14349 = PCURVE('',#14350,#14355);
#14350 = PLANE('',#14351);
#14351 = AXIS2_PLACEMENT_3D('',#14352,#14353,#14354);
#14352 = CARTESIAN_POINT('',(-21.93241751107,-46.59634172464,4.));
#14353 = DIRECTION('',(-0.440906985509,-0.897552800747,0.));
#14354 = DIRECTION('',(-0.897552800747,0.440906985509,0.));
#14355 = DEFINITIONAL_REPRESENTATION('',(#14356),#14360);
#14356 = LINE('',#14357,#14358);
#14357 = CARTESIAN_POINT('',(0.,0.));
#14358 = VECTOR('',#14359,1.);
#14359 = DIRECTION('',(1.,0.));
#14360 = ( GEOMETRIC_REPRESENTATION_CONTEXT(2) 
PARAMETRIC_REPRESENTATION_CONTEXT() REPRESENTATION_CONTEXT('2D SPACE',''
  ) );
#14361 = ORIENTED_EDGE('',*,*,#14362,.T.);
#14362 = EDGE_CURVE('',#14335,#14363,#14365,.T.);
#14363 = VERTEX_POINT('',#14364);
#14364 = CARTESIAN_POINT('',(-24.99081412764,-45.03009226325,4.));
#14365 = SURFACE_CURVE('',#14366,(#14370,#14377),.PCURVE_S1.);
#14366 = LINE('',#14367,#14368);
#14367 = CARTESIAN_POINT('',(-23.47468213201,-45.83873142661,4.));
#14368 = VECTOR('',#14369,1.);
#14369 = DIRECTION('',(-0.882344378848,0.470604289308,0.));
#14370 = PCURVE('',#8538,#14371);
#14371 = DEFINITIONAL_REPRESENTATION('',(#14372),#14376);
#14372 = LINE('',#14373,#14374);
#14373 = CARTESIAN_POINT('',(0.568821945675,-2.532244751323));
#14374 = VECTOR('',#14375,1.);
#14375 = DIRECTION('',(3.361691975374E-02,-0.999434791623));
#14376 = ( GEOMETRIC_REPRESENTATION_CONTEXT(2) 
PARAMETRIC_REPRESENTATION_CONTEXT() REPRESENTATION_CONTEXT('2D SPACE',''
  ) );
#14377 = PCURVE('',#14378,#14383);
#14378 = PLANE('',#14379);
#14379 = AXIS2_PLACEMENT_3D('',#14380,#14381,#14382);
#14380 = CARTESIAN_POINT('',(-23.47468213201,-45.83873142661,4.));
#14381 = DIRECTION('',(-0.470604289308,-0.882344378848,0.));
#14382 = DIRECTION('',(-0.882344378848,0.470604289308,0.));
#14383 = DEFINITIONAL_REPRESENTATION('',(#14384),#14388);
#14384 = LINE('',#14385,#14386);
#14385 = CARTESIAN_POINT('',(0.,0.));
#14386 = VECTOR('',#14387,1.);
#14387 = DIRECTION('',(1.,0.));
#14388 = ( GEOMETRIC_REPRESENTATION_CONTEXT(2) 
PARAMETRIC_REPRESENTATION_CONTEXT() REPRESENTATION_CONTEXT('2D SPACE',''
  ) );
#14389 = ORIENTED_EDGE('',*,*,#14390,.T.);
#14390 = EDGE_CURVE('',#14363,#14391,#14393,.T.);
#14391 = VERTEX_POINT('',#14392);
#14392 = CARTESIAN_POINT('',(-26.47912570048,-44.17132443269,4.));
#14393 = SURFACE_CURVE('',#14394,(#14398,#14405),.PCURVE_S1.);
#14394 = LINE('',#14395,#14396);
#14395 = CARTESIAN_POINT('',(-24.99081412764,-45.03009226325,4.));
#14396 = VECTOR('',#14397,1.);
#14397 = DIRECTION('',(-0.86615370829,0.499777704199,0.));
#14398 = PCURVE('',#8538,#14399);
#14399 = DEFINITIONAL_REPRESENTATION('',(#14400),#14404);
#14400 = LINE('',#14401,#14402);
#14401 = CARTESIAN_POINT('',(0.626585885532,-4.249573156704));
#14402 = VECTOR('',#14403,1.);
#14403 = DIRECTION('',(2.566660636512E-04,-0.999999967061));
#14404 = ( GEOMETRIC_REPRESENTATION_CONTEXT(2) 
PARAMETRIC_REPRESENTATION_CONTEXT() REPRESENTATION_CONTEXT('2D SPACE',''
  ) );
#14405 = PCURVE('',#14406,#14411);
#14406 = PLANE('',#14407);
#14407 = AXIS2_PLACEMENT_3D('',#14408,#14409,#14410);
#14408 = CARTESIAN_POINT('',(-24.99081412764,-45.03009226325,4.));
#14409 = DIRECTION('',(-0.499777704199,-0.86615370829,0.));
#14410 = DIRECTION('',(-0.86615370829,0.499777704199,0.));
#14411 = DEFINITIONAL_REPRESENTATION('',(#14412),#14416);
#14412 = LINE('',#14413,#14414);
#14413 = CARTESIAN_POINT('',(0.,0.));
#14414 = VECTOR('',#14415,1.);
#14415 = DIRECTION('',(1.,0.));
#14416 = ( GEOMETRIC_REPRESENTATION_CONTEXT(2) 
PARAMETRIC_REPRESENTATION_CONTEXT() REPRESENTATION_CONTEXT('2D SPACE',''
  ) );
#14417 = ORIENTED_EDGE('',*,*,#14418,.T.);
#14418 = EDGE_CURVE('',#14391,#14419,#14421,.T.);
#14419 = VERTEX_POINT('',#14420);
#14420 = CARTESIAN_POINT('',(-27.93796002347,-43.26338393753,4.));
#14421 = SURFACE_CURVE('',#14422,(#14426,#14433),.PCURVE_S1.);
#14422 = LINE('',#14423,#14424);
#14423 = CARTESIAN_POINT('',(-26.47912570048,-44.17132443269,4.));
#14424 = VECTOR('',#14425,1.);
#14425 = DIRECTION('',(-0.848998812948,0.528394753581,0.));
#14426 = PCURVE('',#8538,#14427);
#14427 = DEFINITIONAL_REPRESENTATION('',(#14428),#14432);
#14428 = LINE('',#14429,#14430);
#14429 = CARTESIAN_POINT('',(0.627026914727,-5.967872702816));
#14430 = VECTOR('',#14431,1.);
#14431 = DIRECTION('',(-3.310387335376E-02,-0.999451916587));
#14432 = ( GEOMETRIC_REPRESENTATION_CONTEXT(2) 
PARAMETRIC_REPRESENTATION_CONTEXT() REPRESENTATION_CONTEXT('2D SPACE',''
  ) );
#14433 = PCURVE('',#14434,#14439);
#14434 = PLANE('',#14435);
#14435 = AXIS2_PLACEMENT_3D('',#14436,#14437,#14438);
#14436 = CARTESIAN_POINT('',(-26.47912570048,-44.17132443269,4.));
#14437 = DIRECTION('',(-0.528394753581,-0.848998812948,0.));
#14438 = DIRECTION('',(-0.848998812948,0.528394753581,0.));
#14439 = DEFINITIONAL_REPRESENTATION('',(#14440),#14444);
#14440 = LINE('',#14441,#14442);
#14441 = CARTESIAN_POINT('',(0.,0.));
#14442 = VECTOR('',#14443,1.);
#14443 = DIRECTION('',(1.,0.));
#14444 = ( GEOMETRIC_REPRESENTATION_CONTEXT(2) 
PARAMETRIC_REPRESENTATION_CONTEXT() REPRESENTATION_CONTEXT('2D SPACE',''
  ) );
#14445 = ORIENTED_EDGE('',*,*,#14446,.T.);
#14446 = EDGE_CURVE('',#14419,#14447,#14449,.T.);
#14447 = VERTEX_POINT('',#14448);
#14448 = CARTESIAN_POINT('',(-29.36569308439,-42.30728152071,4.));
#14449 = SURFACE_CURVE('',#14450,(#14454,#14461),.PCURVE_S1.);
#14450 = LINE('',#14451,#14452);
#14451 = CARTESIAN_POINT('',(-27.93796002347,-43.26338393753,4.));
#14452 = VECTOR('',#14453,1.);
#14453 = DIRECTION('',(-0.830898790096,0.556423580212,0.));
#14454 = PCURVE('',#8538,#14455);
#14455 = DEFINITIONAL_REPRESENTATION('',(#14456),#14460);
#14456 = LINE('',#14457,#14458);
#14457 = CARTESIAN_POINT('',(0.570144542295,-7.685230534015));
#14458 = VECTOR('',#14459,1.);
#14459 = DIRECTION('',(-6.642756068031E-02,-0.997791250303));
#14460 = ( GEOMETRIC_REPRESENTATION_CONTEXT(2) 
PARAMETRIC_REPRESENTATION_CONTEXT() REPRESENTATION_CONTEXT('2D SPACE',''
  ) );
#14461 = PCURVE('',#14462,#14467);
#14462 = PLANE('',#14463);
#14463 = AXIS2_PLACEMENT_3D('',#14464,#14465,#14466);
#14464 = CARTESIAN_POINT('',(-27.93796002347,-43.26338393753,4.));
#14465 = DIRECTION('',(-0.556423580212,-0.830898790096,0.));
#14466 = DIRECTION('',(-0.830898790096,0.556423580212,0.));
#14467 = DEFINITIONAL_REPRESENTATION('',(#14468),#14472);
#14468 = LINE('',#14469,#14470);
#14469 = CARTESIAN_POINT('',(0.,0.));
#14470 = VECTOR('',#14471,1.);
#14471 = DIRECTION('',(1.,0.));
#14472 = ( GEOMETRIC_REPRESENTATION_CONTEXT(2) 
PARAMETRIC_REPRESENTATION_CONTEXT() REPRESENTATION_CONTEXT('2D SPACE',''
  ) );
#14473 = ORIENTED_EDGE('',*,*,#14474,.T.);
#14474 = EDGE_CURVE('',#14447,#14475,#14477,.T.);
#14475 = VERTEX_POINT('',#14476);
#14476 = CARTESIAN_POINT('',(-30.76073549373,-41.30408154025,4.));
#14477 = SURFACE_CURVE('',#14478,(#14482,#14489),.PCURVE_S1.);
#14478 = LINE('',#14479,#14480);
#14479 = CARTESIAN_POINT('',(-29.36569308439,-42.30728152071,4.));
#14480 = VECTOR('',#14481,1.);
#14481 = DIRECTION('',(-0.81187378915,0.583832981675,0.));
#14482 = PCURVE('',#8538,#14483);
#14483 = DEFINITIONAL_REPRESENTATION('',(#14484),#14488);
#14484 = LINE('',#14485,#14486);
#14485 = CARTESIAN_POINT('',(0.456002091169,-9.399734842999));
#14486 = VECTOR('',#14487,1.);
#14487 = DIRECTION('',(-9.967729912255E-02,-0.995019816908));
#14488 = ( GEOMETRIC_REPRESENTATION_CONTEXT(2) 
PARAMETRIC_REPRESENTATION_CONTEXT() REPRESENTATION_CONTEXT('2D SPACE',''
  ) );
#14489 = PCURVE('',#14490,#14495);
#14490 = PLANE('',#14491);
#14491 = AXIS2_PLACEMENT_3D('',#14492,#14493,#14494);
#14492 = CARTESIAN_POINT('',(-29.36569308439,-42.30728152071,4.));
#14493 = DIRECTION('',(-0.583832981675,-0.81187378915,0.));
#14494 = DIRECTION('',(-0.81187378915,0.583832981675,0.));
#14495 = DEFINITIONAL_REPRESENTATION('',(#14496),#14500);
#14496 = LINE('',#14497,#14498);
#14497 = CARTESIAN_POINT('',(0.,0.));
#14498 = VECTOR('',#14499,1.);
#14499 = DIRECTION('',(1.,0.));
#14500 = ( GEOMETRIC_REPRESENTATION_CONTEXT(2) 
PARAMETRIC_REPRESENTATION_CONTEXT() REPRESENTATION_CONTEXT('2D SPACE',''
  ) );
#14501 = ORIENTED_EDGE('',*,*,#14502,.T.);
#14502 = EDGE_CURVE('',#14475,#13666,#14503,.T.);
#14503 = SURFACE_CURVE('',#14504,(#14508,#14515),.PCURVE_S1.);
#14504 = LINE('',#14505,#14506);
#14505 = CARTESIAN_POINT('',(-30.76073549373,-41.30408154025,4.));
#14506 = VECTOR('',#14507,1.);
#14507 = DIRECTION('',(-0.791944989234,0.610592445112,0.));
#14508 = PCURVE('',#8538,#14509);
#14509 = DEFINITIONAL_REPRESENTATION('',(#14510),#14514);
#14510 = LINE('',#14511,#14512);
#14511 = CARTESIAN_POINT('',(0.284726627687,-11.10947699908));
#14512 = VECTOR('',#14513,1.);
#14513 = DIRECTION('',(-0.132816074209,-0.991140701632));
#14514 = ( GEOMETRIC_REPRESENTATION_CONTEXT(2) 
PARAMETRIC_REPRESENTATION_CONTEXT() REPRESENTATION_CONTEXT('2D SPACE',''
  ) );
#14515 = PCURVE('',#13683,#14516);
#14516 = DEFINITIONAL_REPRESENTATION('',(#14517),#14521);
#14517 = LINE('',#14518,#14519);
#14518 = CARTESIAN_POINT('',(0.,0.));
#14519 = VECTOR('',#14520,1.);
#14520 = DIRECTION('',(1.,0.));
#14521 = ( GEOMETRIC_REPRESENTATION_CONTEXT(2) 
PARAMETRIC_REPRESENTATION_CONTEXT() REPRESENTATION_CONTEXT('2D SPACE',''
  ) );
#14522 = ORIENTED_EDGE('',*,*,#13717,.T.);
#14523 = ORIENTED_EDGE('',*,*,#8524,.T.);
#14524 = ADVANCED_FACE('',(#14525),#8511,.T.);
#14525 = FACE_BOUND('',#14526,.T.);
#14526 = EDGE_LOOP('',(#14527,#14528,#14529,#14530,#14531,#14532,#14533,
    #14534,#14535,#14536,#14537,#14538,#14539,#14540,#14541,#14542,
    #14543,#14544,#14545,#14568,#14591,#14614,#14637,#14660,#14683,
    #14706,#14729,#14752,#14775,#14798,#14821,#14844,#14867,#14890,
    #14911,#14912));
#14527 = ORIENTED_EDGE('',*,*,#10107,.F.);
#14528 = ORIENTED_EDGE('',*,*,#10132,.F.);
#14529 = ORIENTED_EDGE('',*,*,#10157,.F.);
#14530 = ORIENTED_EDGE('',*,*,#10182,.F.);
#14531 = ORIENTED_EDGE('',*,*,#10207,.F.);
#14532 = ORIENTED_EDGE('',*,*,#10232,.F.);
#14533 = ORIENTED_EDGE('',*,*,#10257,.F.);
#14534 = ORIENTED_EDGE('',*,*,#10282,.F.);
#14535 = ORIENTED_EDGE('',*,*,#10307,.F.);
#14536 = ORIENTED_EDGE('',*,*,#10332,.F.);
#14537 = ORIENTED_EDGE('',*,*,#10357,.F.);
#14538 = ORIENTED_EDGE('',*,*,#10382,.F.);
#14539 = ORIENTED_EDGE('',*,*,#10407,.F.);
#14540 = ORIENTED_EDGE('',*,*,#10432,.F.);
#14541 = ORIENTED_EDGE('',*,*,#10457,.F.);
#14542 = ORIENTED_EDGE('',*,*,#10482,.F.);
#14543 = ORIENTED_EDGE('',*,*,#10507,.F.);
#14544 = ORIENTED_EDGE('',*,*,#9152,.T.);
#14545 = ORIENTED_EDGE('',*,*,#14546,.T.);
#14546 = EDGE_CURVE('',#9153,#14547,#14549,.T.);
#14547 = VERTEX_POINT('',#14548);
#14548 = CARTESIAN_POINT('',(-8.864765656054,-50.73131113881,5.));
#14549 = SURFACE_CURVE('',#14550,(#14554,#14561),.PCURVE_S1.);
#14550 = LINE('',#14551,#14552);
#14551 = CARTESIAN_POINT('',(-7.167414699443,-50.99880554019,5.));
#14552 = VECTOR('',#14553,1.);
#14553 = DIRECTION('',(-0.987808502041,0.155673900497,0.));
#14554 = PCURVE('',#8511,#14555);
#14555 = DEFINITIONAL_REPRESENTATION('',(#14556),#14560);
#14556 = LINE('',#14557,#14558);
#14557 = CARTESIAN_POINT('',(-3.116056502839,14.170300168379));
#14558 = VECTOR('',#14559,1.);
#14559 = DIRECTION('',(0.359086698484,-0.93330420709));
#14560 = ( GEOMETRIC_REPRESENTATION_CONTEXT(2) 
PARAMETRIC_REPRESENTATION_CONTEXT() REPRESENTATION_CONTEXT('2D SPACE',''
  ) );
#14561 = PCURVE('',#9191,#14562);
#14562 = DEFINITIONAL_REPRESENTATION('',(#14563),#14567);
#14563 = LINE('',#14564,#14565);
#14564 = CARTESIAN_POINT('',(0.,-1.));
#14565 = VECTOR('',#14566,1.);
#14566 = DIRECTION('',(1.,0.));
#14567 = ( GEOMETRIC_REPRESENTATION_CONTEXT(2) 
PARAMETRIC_REPRESENTATION_CONTEXT() REPRESENTATION_CONTEXT('2D SPACE',''
  ) );
#14568 = ORIENTED_EDGE('',*,*,#14569,.T.);
#14569 = EDGE_CURVE('',#14547,#14570,#14572,.T.);
#14570 = VERTEX_POINT('',#14571);
#14571 = CARTESIAN_POINT('',(-10.5522481255,-50.40734132542,5.));
#14572 = SURFACE_CURVE('',#14573,(#14577,#14584),.PCURVE_S1.);
#14573 = LINE('',#14574,#14575);
#14574 = CARTESIAN_POINT('',(-8.864765656054,-50.73131113881,5.));
#14575 = VECTOR('',#14576,1.);
#14576 = DIRECTION('',(-0.982065331787,0.188540934817,0.));
#14577 = PCURVE('',#8511,#14578);
#14578 = DEFINITIONAL_REPRESENTATION('',(#14579),#14583);
#14579 = LINE('',#14580,#14581);
#14580 = CARTESIAN_POINT('',(-2.499037971496,12.566603920128));
#14581 = VECTOR('',#14582,1.);
#14582 = DIRECTION('',(0.327751426689,-0.944763992912));
#14583 = ( GEOMETRIC_REPRESENTATION_CONTEXT(2) 
PARAMETRIC_REPRESENTATION_CONTEXT() REPRESENTATION_CONTEXT('2D SPACE',''
  ) );
#14584 = PCURVE('',#14126,#14585);
#14585 = DEFINITIONAL_REPRESENTATION('',(#14586),#14590);
#14586 = LINE('',#14587,#14588);
#14587 = CARTESIAN_POINT('',(0.,-1.));
#14588 = VECTOR('',#14589,1.);
#14589 = DIRECTION('',(1.,0.));
#14590 = ( GEOMETRIC_REPRESENTATION_CONTEXT(2) 
PARAMETRIC_REPRESENTATION_CONTEXT() REPRESENTATION_CONTEXT('2D SPACE',''
  ) );
#14591 = ORIENTED_EDGE('',*,*,#14592,.T.);
#14592 = EDGE_CURVE('',#14570,#14593,#14595,.T.);
#14593 = VERTEX_POINT('',#14594);
#14594 = CARTESIAN_POINT('',(-12.2279835585,-50.02725675162,5.));
#14595 = SURFACE_CURVE('',#14596,(#14600,#14607),.PCURVE_S1.);
#14596 = LINE('',#14597,#14598);
#14597 = CARTESIAN_POINT('',(-10.5522481255,-50.40734132542,5.));
#14598 = VECTOR('',#14599,1.);
#14599 = DIRECTION('',(-0.975228900922,0.221198080475,0.));
#14600 = PCURVE('',#8511,#14601);
#14601 = DEFINITIONAL_REPRESENTATION('',(#14602),#14606);
#14602 = LINE('',#14603,#14604);
#14603 = CARTESIAN_POINT('',(-1.935862825228,10.943216326452));
#14604 = VECTOR('',#14605,1.);
#14605 = DIRECTION('',(0.296051293501,-0.955172042941));
#14606 = ( GEOMETRIC_REPRESENTATION_CONTEXT(2) 
PARAMETRIC_REPRESENTATION_CONTEXT() REPRESENTATION_CONTEXT('2D SPACE',''
  ) );
#14607 = PCURVE('',#14154,#14608);
#14608 = DEFINITIONAL_REPRESENTATION('',(#14609),#14613);
#14609 = LINE('',#14610,#14611);
#14610 = CARTESIAN_POINT('',(0.,-1.));
#14611 = VECTOR('',#14612,1.);
#14612 = DIRECTION('',(1.,0.));
#14613 = ( GEOMETRIC_REPRESENTATION_CONTEXT(2) 
PARAMETRIC_REPRESENTATION_CONTEXT() REPRESENTATION_CONTEXT('2D SPACE',''
  ) );
#14614 = ORIENTED_EDGE('',*,*,#14615,.T.);
#14615 = EDGE_CURVE('',#14593,#14616,#14618,.T.);
#14616 = VERTEX_POINT('',#14617);
#14617 = CARTESIAN_POINT('',(-13.8901064829,-49.59148053742,5.));
#14618 = SURFACE_CURVE('',#14619,(#14623,#14630),.PCURVE_S1.);
#14619 = LINE('',#14620,#14621);
#14620 = CARTESIAN_POINT('',(-12.2279835585,-50.02725675162,5.));
#14621 = VECTOR('',#14622,1.);
#14622 = DIRECTION('',(-0.967306819938,0.253608982691,0.));
#14623 = PCURVE('',#8511,#14624);
#14624 = DEFINITIONAL_REPRESENTATION('',(#14625),#14629);
#14625 = LINE('',#14626,#14627);
#14626 = CARTESIAN_POINT('',(-1.427158005223,9.301944584547));
#14627 = VECTOR('',#14628,1.);
#14628 = DIRECTION('',(0.264021588331,-0.964516770666));
#14629 = ( GEOMETRIC_REPRESENTATION_CONTEXT(2) 
PARAMETRIC_REPRESENTATION_CONTEXT() REPRESENTATION_CONTEXT('2D SPACE',''
  ) );
#14630 = PCURVE('',#14182,#14631);
#14631 = DEFINITIONAL_REPRESENTATION('',(#14632),#14636);
#14632 = LINE('',#14633,#14634);
#14633 = CARTESIAN_POINT('',(0.,-1.));
#14634 = VECTOR('',#14635,1.);
#14635 = DIRECTION('',(1.,0.));
#14636 = ( GEOMETRIC_REPRESENTATION_CONTEXT(2) 
PARAMETRIC_REPRESENTATION_CONTEXT() REPRESENTATION_CONTEXT('2D SPACE',''
  ) );
#14637 = ORIENTED_EDGE('',*,*,#14638,.T.);
#14638 = EDGE_CURVE('',#14616,#14639,#14641,.T.);
#14639 = VERTEX_POINT('',#14640);
#14640 = CARTESIAN_POINT('',(-15.53676658032,-49.10049780021,5.));
#14641 = SURFACE_CURVE('',#14642,(#14646,#14653),.PCURVE_S1.);
#14642 = LINE('',#14643,#14644);
#14643 = CARTESIAN_POINT('',(-13.8901064829,-49.59148053742,5.));
#14644 = VECTOR('',#14645,1.);
#14645 = DIRECTION('',(-0.958307907901,0.285737560806,0.));
#14646 = PCURVE('',#8511,#14647);
#14647 = DEFINITIONAL_REPRESENTATION('',(#14648),#14652);
#14648 = LINE('',#14649,#14650);
#14649 = CARTESIAN_POINT('',(-0.973489814887,7.644615800704));
#14650 = VECTOR('',#14651,1.);
#14651 = DIRECTION('',(0.231697967477,-0.972787773292));
#14652 = ( GEOMETRIC_REPRESENTATION_CONTEXT(2) 
PARAMETRIC_REPRESENTATION_CONTEXT() REPRESENTATION_CONTEXT('2D SPACE',''
  ) );
#14653 = PCURVE('',#14210,#14654);
#14654 = DEFINITIONAL_REPRESENTATION('',(#14655),#14659);
#14655 = LINE('',#14656,#14657);
#14656 = CARTESIAN_POINT('',(0.,-1.));
#14657 = VECTOR('',#14658,1.);
#14658 = DIRECTION('',(1.,0.));
#14659 = ( GEOMETRIC_REPRESENTATION_CONTEXT(2) 
PARAMETRIC_REPRESENTATION_CONTEXT() REPRESENTATION_CONTEXT('2D SPACE',''
  ) );
#14660 = ORIENTED_EDGE('',*,*,#14661,.T.);
#14661 = EDGE_CURVE('',#14639,#14662,#14664,.T.);
#14662 = VERTEX_POINT('',#14663);
#14663 = CARTESIAN_POINT('',(-17.16613074601,-48.55485511471,5.));
#14664 = SURFACE_CURVE('',#14665,(#14669,#14676),.PCURVE_S1.);
#14665 = LINE('',#14666,#14667);
#14666 = CARTESIAN_POINT('',(-15.53676658032,-49.10049780021,5.));
#14667 = VECTOR('',#14668,1.);
#14668 = DIRECTION('',(-0.948242182632,0.317548048453,0.));
#14669 = PCURVE('',#8511,#14670);
#14670 = DEFINITIONAL_REPRESENTATION('',(#14671),#14675);
#14671 = LINE('',#14672,#14673);
#14672 = CARTESIAN_POINT('',(-0.575363289422,5.973074956335));
#14673 = VECTOR('',#14674,1.);
#14674 = DIRECTION('',(0.199116414434,-0.979975843326));
#14675 = ( GEOMETRIC_REPRESENTATION_CONTEXT(2) 
PARAMETRIC_REPRESENTATION_CONTEXT() REPRESENTATION_CONTEXT('2D SPACE',''
  ) );
#14676 = PCURVE('',#14238,#14677);
#14677 = DEFINITIONAL_REPRESENTATION('',(#14678),#14682);
#14678 = LINE('',#14679,#14680);
#14679 = CARTESIAN_POINT('',(0.,-1.));
#14680 = VECTOR('',#14681,1.);
#14681 = DIRECTION('',(1.,0.));
#14682 = ( GEOMETRIC_REPRESENTATION_CONTEXT(2) 
PARAMETRIC_REPRESENTATION_CONTEXT() REPRESENTATION_CONTEXT('2D SPACE',''
  ) );
#14683 = ORIENTED_EDGE('',*,*,#14684,.T.);
#14684 = EDGE_CURVE('',#14662,#14685,#14687,.T.);
#14685 = VERTEX_POINT('',#14686);
#14686 = CARTESIAN_POINT('',(-18.7763851295,-47.95515990452,5.));
#14687 = SURFACE_CURVE('',#14688,(#14692,#14699),.PCURVE_S1.);
#14688 = LINE('',#14689,#14690);
#14689 = CARTESIAN_POINT('',(-17.16613074601,-48.55485511471,5.));
#14690 = VECTOR('',#14691,1.);
#14691 = DIRECTION('',(-0.93712084956,0.349005033373,0.));
#14692 = PCURVE('',#8511,#14693);
#14693 = DEFINITIONAL_REPRESENTATION('',(#14694),#14698);
#14694 = LINE('',#14695,#14696);
#14695 = CARTESIAN_POINT('',(-0.233221633608,4.289182854081));
#14696 = VECTOR('',#14697,1.);
#14697 = DIRECTION('',(0.166313199831,-0.986072978822));
#14698 = ( GEOMETRIC_REPRESENTATION_CONTEXT(2) 
PARAMETRIC_REPRESENTATION_CONTEXT() REPRESENTATION_CONTEXT('2D SPACE',''
  ) );
#14699 = PCURVE('',#14266,#14700);
#14700 = DEFINITIONAL_REPRESENTATION('',(#14701),#14705);
#14701 = LINE('',#14702,#14703);
#14702 = CARTESIAN_POINT('',(0.,-1.));
#14703 = VECTOR('',#14704,1.);
#14704 = DIRECTION('',(1.,0.));
#14705 = ( GEOMETRIC_REPRESENTATION_CONTEXT(2) 
PARAMETRIC_REPRESENTATION_CONTEXT() REPRESENTATION_CONTEXT('2D SPACE',''
  ) );
#14706 = ORIENTED_EDGE('',*,*,#14707,.T.);
#14707 = EDGE_CURVE('',#14685,#14708,#14710,.T.);
#14708 = VERTEX_POINT('',#14709);
#14709 = CARTESIAN_POINT('',(-20.36573715383,-47.30207976591,5.));
#14710 = SURFACE_CURVE('',#14711,(#14715,#14722),.PCURVE_S1.);
#14711 = LINE('',#14712,#14713);
#14712 = CARTESIAN_POINT('',(-18.7763851295,-47.95515990452,5.));
#14713 = VECTOR('',#14714,1.);
#14714 = DIRECTION('',(-0.92495628924,0.380073496833,0.));
#14715 = PCURVE('',#8511,#14716);
#14716 = DEFINITIONAL_REPRESENTATION('',(#14717),#14721);
#14717 = LINE('',#14718,#14719);
#14718 = CARTESIAN_POINT('',(5.255427158688E-02,2.594814046328));
#14719 = VECTOR('',#14720,1.);
#14720 = DIRECTION('',(0.133324841058,-0.991072392289));
#14721 = ( GEOMETRIC_REPRESENTATION_CONTEXT(2) 
PARAMETRIC_REPRESENTATION_CONTEXT() REPRESENTATION_CONTEXT('2D SPACE',''
  ) );
#14722 = PCURVE('',#14294,#14723);
#14723 = DEFINITIONAL_REPRESENTATION('',(#14724),#14728);
#14724 = LINE('',#14725,#14726);
#14725 = CARTESIAN_POINT('',(0.,-1.));
#14726 = VECTOR('',#14727,1.);
#14727 = DIRECTION('',(1.,0.));
#14728 = ( GEOMETRIC_REPRESENTATION_CONTEXT(2) 
PARAMETRIC_REPRESENTATION_CONTEXT() REPRESENTATION_CONTEXT('2D SPACE',''
  ) );
#14729 = ORIENTED_EDGE('',*,*,#14730,.T.);
#14730 = EDGE_CURVE('',#14708,#14731,#14733,.T.);
#14731 = VERTEX_POINT('',#14732);
#14732 = CARTESIAN_POINT('',(-21.93241751107,-46.59634172464,5.));
#14733 = SURFACE_CURVE('',#14734,(#14738,#14745),.PCURVE_S1.);
#14734 = LINE('',#14735,#14736);
#14735 = CARTESIAN_POINT('',(-20.36573715383,-47.30207976591,5.));
#14736 = VECTOR('',#14737,1.);
#14737 = DIRECTION('',(-0.911762043577,0.410718852613,0.));
#14738 = PCURVE('',#8511,#14739);
#14739 = DEFINITIONAL_REPRESENTATION('',(#14740),#14744);
#14740 = LINE('',#14741,#14742);
#14741 = CARTESIAN_POINT('',(0.281646293008,0.891854748401));
#14742 = VECTOR('',#14743,1.);
#14743 = DIRECTION('',(0.100188061612,-0.994968518251));
#14744 = ( GEOMETRIC_REPRESENTATION_CONTEXT(2) 
PARAMETRIC_REPRESENTATION_CONTEXT() REPRESENTATION_CONTEXT('2D SPACE',''
  ) );
#14745 = PCURVE('',#14322,#14746);
#14746 = DEFINITIONAL_REPRESENTATION('',(#14747),#14751);
#14747 = LINE('',#14748,#14749);
#14748 = CARTESIAN_POINT('',(0.,-1.));
#14749 = VECTOR('',#14750,1.);
#14750 = DIRECTION('',(1.,0.));
#14751 = ( GEOMETRIC_REPRESENTATION_CONTEXT(2) 
PARAMETRIC_REPRESENTATION_CONTEXT() REPRESENTATION_CONTEXT('2D SPACE',''
  ) );
#14752 = ORIENTED_EDGE('',*,*,#14753,.T.);
#14753 = EDGE_CURVE('',#14731,#14754,#14756,.T.);
#14754 = VERTEX_POINT('',#14755);
#14755 = CARTESIAN_POINT('',(-23.47468213201,-45.83873142661,5.));
#14756 = SURFACE_CURVE('',#14757,(#14761,#14768),.PCURVE_S1.);
#14757 = LINE('',#14758,#14759);
#14758 = CARTESIAN_POINT('',(-21.93241751107,-46.59634172464,5.));
#14759 = VECTOR('',#14760,1.);
#14760 = DIRECTION('',(-0.897552800747,0.440906985509,0.));
#14761 = PCURVE('',#8511,#14762);
#14762 = DEFINITIONAL_REPRESENTATION('',(#14763),#14767);
#14763 = LINE('',#14764,#14765);
#14764 = CARTESIAN_POINT('',(0.453799399472,-0.817799261219));
#14765 = VECTOR('',#14766,1.);
#14766 = DIRECTION('',(6.69397502164E-02,-0.99775701944));
#14767 = ( GEOMETRIC_REPRESENTATION_CONTEXT(2) 
PARAMETRIC_REPRESENTATION_CONTEXT() REPRESENTATION_CONTEXT('2D SPACE',''
  ) );
#14768 = PCURVE('',#14350,#14769);
#14769 = DEFINITIONAL_REPRESENTATION('',(#14770),#14774);
#14770 = LINE('',#14771,#14772);
#14771 = CARTESIAN_POINT('',(0.,-1.));
#14772 = VECTOR('',#14773,1.);
#14773 = DIRECTION('',(1.,0.));
#14774 = ( GEOMETRIC_REPRESENTATION_CONTEXT(2) 
PARAMETRIC_REPRESENTATION_CONTEXT() REPRESENTATION_CONTEXT('2D SPACE',''
  ) );
#14775 = ORIENTED_EDGE('',*,*,#14776,.T.);
#14776 = EDGE_CURVE('',#14754,#14777,#14779,.T.);
#14777 = VERTEX_POINT('',#14778);
#14778 = CARTESIAN_POINT('',(-24.99081412764,-45.03009226325,5.));
#14779 = SURFACE_CURVE('',#14780,(#14784,#14791),.PCURVE_S1.);
#14780 = LINE('',#14781,#14782);
#14781 = CARTESIAN_POINT('',(-23.47468213201,-45.83873142661,5.));
#14782 = VECTOR('',#14783,1.);
#14783 = DIRECTION('',(-0.882344378848,0.470604289308,0.));
#14784 = PCURVE('',#8511,#14785);
#14785 = DEFINITIONAL_REPRESENTATION('',(#14786),#14790);
#14786 = LINE('',#14787,#14788);
#14787 = CARTESIAN_POINT('',(0.568821945675,-2.532244751323));
#14788 = VECTOR('',#14789,1.);
#14789 = DIRECTION('',(3.361691975374E-02,-0.999434791623));
#14790 = ( GEOMETRIC_REPRESENTATION_CONTEXT(2) 
PARAMETRIC_REPRESENTATION_CONTEXT() REPRESENTATION_CONTEXT('2D SPACE',''
  ) );
#14791 = PCURVE('',#14378,#14792);
#14792 = DEFINITIONAL_REPRESENTATION('',(#14793),#14797);
#14793 = LINE('',#14794,#14795);
#14794 = CARTESIAN_POINT('',(0.,-1.));
#14795 = VECTOR('',#14796,1.);
#14796 = DIRECTION('',(1.,0.));
#14797 = ( GEOMETRIC_REPRESENTATION_CONTEXT(2) 
PARAMETRIC_REPRESENTATION_CONTEXT() REPRESENTATION_CONTEXT('2D SPACE',''
  ) );
#14798 = ORIENTED_EDGE('',*,*,#14799,.T.);
#14799 = EDGE_CURVE('',#14777,#14800,#14802,.T.);
#14800 = VERTEX_POINT('',#14801);
#14801 = CARTESIAN_POINT('',(-26.47912570048,-44.17132443269,5.));
#14802 = SURFACE_CURVE('',#14803,(#14807,#14814),.PCURVE_S1.);
#14803 = LINE('',#14804,#14805);
#14804 = CARTESIAN_POINT('',(-24.99081412764,-45.03009226325,5.));
#14805 = VECTOR('',#14806,1.);
#14806 = DIRECTION('',(-0.86615370829,0.499777704199,0.));
#14807 = PCURVE('',#8511,#14808);
#14808 = DEFINITIONAL_REPRESENTATION('',(#14809),#14813);
#14809 = LINE('',#14810,#14811);
#14810 = CARTESIAN_POINT('',(0.626585885532,-4.249573156704));
#14811 = VECTOR('',#14812,1.);
#14812 = DIRECTION('',(2.566660636512E-04,-0.999999967061));
#14813 = ( GEOMETRIC_REPRESENTATION_CONTEXT(2) 
PARAMETRIC_REPRESENTATION_CONTEXT() REPRESENTATION_CONTEXT('2D SPACE',''
  ) );
#14814 = PCURVE('',#14406,#14815);
#14815 = DEFINITIONAL_REPRESENTATION('',(#14816),#14820);
#14816 = LINE('',#14817,#14818);
#14817 = CARTESIAN_POINT('',(0.,-1.));
#14818 = VECTOR('',#14819,1.);
#14819 = DIRECTION('',(1.,0.));
#14820 = ( GEOMETRIC_REPRESENTATION_CONTEXT(2) 
PARAMETRIC_REPRESENTATION_CONTEXT() REPRESENTATION_CONTEXT('2D SPACE',''
  ) );
#14821 = ORIENTED_EDGE('',*,*,#14822,.T.);
#14822 = EDGE_CURVE('',#14800,#14823,#14825,.T.);
#14823 = VERTEX_POINT('',#14824);
#14824 = CARTESIAN_POINT('',(-27.93796002347,-43.26338393753,5.));
#14825 = SURFACE_CURVE('',#14826,(#14830,#14837),.PCURVE_S1.);
#14826 = LINE('',#14827,#14828);
#14827 = CARTESIAN_POINT('',(-26.47912570048,-44.17132443269,5.));
#14828 = VECTOR('',#14829,1.);
#14829 = DIRECTION('',(-0.848998812948,0.528394753581,0.));
#14830 = PCURVE('',#8511,#14831);
#14831 = DEFINITIONAL_REPRESENTATION('',(#14832),#14836);
#14832 = LINE('',#14833,#14834);
#14833 = CARTESIAN_POINT('',(0.627026914727,-5.967872702816));
#14834 = VECTOR('',#14835,1.);
#14835 = DIRECTION('',(-3.310387335376E-02,-0.999451916587));
#14836 = ( GEOMETRIC_REPRESENTATION_CONTEXT(2) 
PARAMETRIC_REPRESENTATION_CONTEXT() REPRESENTATION_CONTEXT('2D SPACE',''
  ) );
#14837 = PCURVE('',#14434,#14838);
#14838 = DEFINITIONAL_REPRESENTATION('',(#14839),#14843);
#14839 = LINE('',#14840,#14841);
#14840 = CARTESIAN_POINT('',(0.,-1.));
#14841 = VECTOR('',#14842,1.);
#14842 = DIRECTION('',(1.,0.));
#14843 = ( GEOMETRIC_REPRESENTATION_CONTEXT(2) 
PARAMETRIC_REPRESENTATION_CONTEXT() REPRESENTATION_CONTEXT('2D SPACE',''
  ) );
#14844 = ORIENTED_EDGE('',*,*,#14845,.T.);
#14845 = EDGE_CURVE('',#14823,#14846,#14848,.T.);
#14846 = VERTEX_POINT('',#14847);
#14847 = CARTESIAN_POINT('',(-29.36569308439,-42.30728152071,5.));
#14848 = SURFACE_CURVE('',#14849,(#14853,#14860),.PCURVE_S1.);
#14849 = LINE('',#14850,#14851);
#14850 = CARTESIAN_POINT('',(-27.93796002347,-43.26338393753,5.));
#14851 = VECTOR('',#14852,1.);
#14852 = DIRECTION('',(-0.830898790096,0.556423580212,0.));
#14853 = PCURVE('',#8511,#14854);
#14854 = DEFINITIONAL_REPRESENTATION('',(#14855),#14859);
#14855 = LINE('',#14856,#14857);
#14856 = CARTESIAN_POINT('',(0.570144542295,-7.685230534015));
#14857 = VECTOR('',#14858,1.);
#14858 = DIRECTION('',(-6.642756068031E-02,-0.997791250303));
#14859 = ( GEOMETRIC_REPRESENTATION_CONTEXT(2) 
PARAMETRIC_REPRESENTATION_CONTEXT() REPRESENTATION_CONTEXT('2D SPACE',''
  ) );
#14860 = PCURVE('',#14462,#14861);
#14861 = DEFINITIONAL_REPRESENTATION('',(#14862),#14866);
#14862 = LINE('',#14863,#14864);
#14863 = CARTESIAN_POINT('',(0.,-1.));
#14864 = VECTOR('',#14865,1.);
#14865 = DIRECTION('',(1.,0.));
#14866 = ( GEOMETRIC_REPRESENTATION_CONTEXT(2) 
PARAMETRIC_REPRESENTATION_CONTEXT() REPRESENTATION_CONTEXT('2D SPACE',''
  ) );
#14867 = ORIENTED_EDGE('',*,*,#14868,.T.);
#14868 = EDGE_CURVE('',#14846,#14869,#14871,.T.);
#14869 = VERTEX_POINT('',#14870);
#14870 = CARTESIAN_POINT('',(-30.76073549373,-41.30408154025,5.));
#14871 = SURFACE_CURVE('',#14872,(#14876,#14883),.PCURVE_S1.);
#14872 = LINE('',#14873,#14874);
#14873 = CARTESIAN_POINT('',(-29.36569308439,-42.30728152071,5.));
#14874 = VECTOR('',#14875,1.);
#14875 = DIRECTION('',(-0.81187378915,0.583832981675,0.));
#14876 = PCURVE('',#8511,#14877);
#14877 = DEFINITIONAL_REPRESENTATION('',(#14878),#14882);
#14878 = LINE('',#14879,#14880);
#14879 = CARTESIAN_POINT('',(0.456002091169,-9.399734842999));
#14880 = VECTOR('',#14881,1.);
#14881 = DIRECTION('',(-9.967729912255E-02,-0.995019816908));
#14882 = ( GEOMETRIC_REPRESENTATION_CONTEXT(2) 
PARAMETRIC_REPRESENTATION_CONTEXT() REPRESENTATION_CONTEXT('2D SPACE',''
  ) );
#14883 = PCURVE('',#14490,#14884);
#14884 = DEFINITIONAL_REPRESENTATION('',(#14885),#14889);
#14885 = LINE('',#14886,#14887);
#14886 = CARTESIAN_POINT('',(0.,-1.));
#14887 = VECTOR('',#14888,1.);
#14888 = DIRECTION('',(1.,0.));
#14889 = ( GEOMETRIC_REPRESENTATION_CONTEXT(2) 
PARAMETRIC_REPRESENTATION_CONTEXT() REPRESENTATION_CONTEXT('2D SPACE',''
  ) );
#14890 = ORIENTED_EDGE('',*,*,#14891,.T.);
#14891 = EDGE_CURVE('',#14869,#13668,#14892,.T.);
#14892 = SURFACE_CURVE('',#14893,(#14897,#14904),.PCURVE_S1.);
#14893 = LINE('',#14894,#14895);
#14894 = CARTESIAN_POINT('',(-30.76073549373,-41.30408154025,5.));
#14895 = VECTOR('',#14896,1.);
#14896 = DIRECTION('',(-0.791944989234,0.610592445112,0.));
#14897 = PCURVE('',#8511,#14898);
#14898 = DEFINITIONAL_REPRESENTATION('',(#14899),#14903);
#14899 = LINE('',#14900,#14901);
#14900 = CARTESIAN_POINT('',(0.284726627687,-11.10947699908));
#14901 = VECTOR('',#14902,1.);
#14902 = DIRECTION('',(-0.132816074209,-0.991140701632));
#14903 = ( GEOMETRIC_REPRESENTATION_CONTEXT(2) 
PARAMETRIC_REPRESENTATION_CONTEXT() REPRESENTATION_CONTEXT('2D SPACE',''
  ) );
#14904 = PCURVE('',#13683,#14905);
#14905 = DEFINITIONAL_REPRESENTATION('',(#14906),#14910);
#14906 = LINE('',#14907,#14908);
#14907 = CARTESIAN_POINT('',(0.,-1.));
#14908 = VECTOR('',#14909,1.);
#14909 = DIRECTION('',(1.,0.));
#14910 = ( GEOMETRIC_REPRESENTATION_CONTEXT(2) 
PARAMETRIC_REPRESENTATION_CONTEXT() REPRESENTATION_CONTEXT('2D SPACE',''
  ) );
#14911 = ORIENTED_EDGE('',*,*,#13695,.T.);
#14912 = ORIENTED_EDGE('',*,*,#8497,.T.);
#14913 = ADVANCED_FACE('',(#14914),#8590,.F.);
#14914 = FACE_BOUND('',#14915,.F.);
#14915 = EDGE_LOOP('',(#14916,#14917,#14938,#14939));
#14916 = ORIENTED_EDGE('',*,*,#8632,.F.);
#14917 = ORIENTED_EDGE('',*,*,#14918,.T.);
#14918 = EDGE_CURVE('',#4883,#13743,#14919,.T.);
#14919 = SURFACE_CURVE('',#14920,(#14924,#14931),.PCURVE_S1.);
#14920 = LINE('',#14921,#14922);
#14921 = CARTESIAN_POINT('',(-31.17884257811,-41.8654962408,1.5));
#14922 = VECTOR('',#14923,1.);
#14923 = DIRECTION('',(0.,0.,1.));
#14924 = PCURVE('',#8590,#14925);
#14925 = DEFINITIONAL_REPRESENTATION('',(#14926),#14930);
#14926 = LINE('',#14927,#14928);
#14927 = CARTESIAN_POINT('',(0.,0.));
#14928 = VECTOR('',#14929,1.);
#14929 = DIRECTION('',(0.,-1.));
#14930 = ( GEOMETRIC_REPRESENTATION_CONTEXT(2) 
PARAMETRIC_REPRESENTATION_CONTEXT() REPRESENTATION_CONTEXT('2D SPACE',''
  ) );
#14931 = PCURVE('',#8671,#14932);
#14932 = DEFINITIONAL_REPRESENTATION('',(#14933),#14937);
#14933 = LINE('',#14934,#14935);
#14934 = CARTESIAN_POINT('',(1.741655131291,0.));
#14935 = VECTOR('',#14936,1.);
#14936 = DIRECTION('',(0.,-1.));
#14937 = ( GEOMETRIC_REPRESENTATION_CONTEXT(2) 
PARAMETRIC_REPRESENTATION_CONTEXT() REPRESENTATION_CONTEXT('2D SPACE',''
  ) );
#14938 = ORIENTED_EDGE('',*,*,#13742,.F.);
#14939 = ORIENTED_EDGE('',*,*,#8574,.F.);
#14940 = ADVANCED_FACE('',(#14941),#8671,.F.);
#14941 = FACE_BOUND('',#14942,.F.);
#14942 = EDGE_LOOP('',(#14943,#14944,#14965,#14966));
#14943 = ORIENTED_EDGE('',*,*,#8657,.F.);
#14944 = ORIENTED_EDGE('',*,*,#14945,.T.);
#14945 = EDGE_CURVE('',#4854,#13766,#14946,.T.);
#14946 = SURFACE_CURVE('',#14947,(#14951,#14958),.PCURVE_S1.);
#14947 = LINE('',#14948,#14949);
#14948 = CARTESIAN_POINT('',(-29.76483842728,-42.88233194915,1.5));
#14949 = VECTOR('',#14950,1.);
#14950 = DIRECTION('',(0.,0.,1.));
#14951 = PCURVE('',#8671,#14952);
#14952 = DEFINITIONAL_REPRESENTATION('',(#14953),#14957);
#14953 = LINE('',#14954,#14955);
#14954 = CARTESIAN_POINT('',(0.,0.));
#14955 = VECTOR('',#14956,1.);
#14956 = DIRECTION('',(0.,-1.));
#14957 = ( GEOMETRIC_REPRESENTATION_CONTEXT(2) 
PARAMETRIC_REPRESENTATION_CONTEXT() REPRESENTATION_CONTEXT('2D SPACE',''
  ) );
#14958 = PCURVE('',#8701,#14959);
#14959 = DEFINITIONAL_REPRESENTATION('',(#14960),#14964);
#14960 = LINE('',#14961,#14962);
#14961 = CARTESIAN_POINT('',(1.741655131291,0.));
#14962 = VECTOR('',#14963,1.);
#14963 = DIRECTION('',(0.,-1.));
#14964 = ( GEOMETRIC_REPRESENTATION_CONTEXT(2) 
PARAMETRIC_REPRESENTATION_CONTEXT() REPRESENTATION_CONTEXT('2D SPACE',''
  ) );
#14965 = ORIENTED_EDGE('',*,*,#13765,.F.);
#14966 = ORIENTED_EDGE('',*,*,#14918,.F.);
#14967 = ADVANCED_FACE('',(#14968),#8701,.F.);
#14968 = FACE_BOUND('',#14969,.F.);
#14969 = EDGE_LOOP('',(#14970,#14971,#14992,#14993));
#14970 = ORIENTED_EDGE('',*,*,#8687,.F.);
#14971 = ORIENTED_EDGE('',*,*,#14972,.T.);
#14972 = EDGE_CURVE('',#4825,#13789,#14973,.T.);
#14973 = SURFACE_CURVE('',#14974,(#14978,#14985),.PCURVE_S1.);
#14974 = LINE('',#14975,#14976);
#14975 = CARTESIAN_POINT('',(-28.31769928593,-43.8514299328,1.5));
#14976 = VECTOR('',#14977,1.);
#14977 = DIRECTION('',(0.,0.,1.));
#14978 = PCURVE('',#8701,#14979);
#14979 = DEFINITIONAL_REPRESENTATION('',(#14980),#14984);
#14980 = LINE('',#14981,#14982);
#14981 = CARTESIAN_POINT('',(0.,0.));
#14982 = VECTOR('',#14983,1.);
#14983 = DIRECTION('',(0.,-1.));
#14984 = ( GEOMETRIC_REPRESENTATION_CONTEXT(2) 
PARAMETRIC_REPRESENTATION_CONTEXT() REPRESENTATION_CONTEXT('2D SPACE',''
  ) );
#14985 = PCURVE('',#8731,#14986);
#14986 = DEFINITIONAL_REPRESENTATION('',(#14987),#14991);
#14987 = LINE('',#14988,#14989);
#14988 = CARTESIAN_POINT('',(1.741655131291,0.));
#14989 = VECTOR('',#14990,1.);
#14990 = DIRECTION('',(0.,-1.));
#14991 = ( GEOMETRIC_REPRESENTATION_CONTEXT(2) 
PARAMETRIC_REPRESENTATION_CONTEXT() REPRESENTATION_CONTEXT('2D SPACE',''
  ) );
#14992 = ORIENTED_EDGE('',*,*,#13788,.F.);
#14993 = ORIENTED_EDGE('',*,*,#14945,.F.);
#14994 = ADVANCED_FACE('',(#14995),#8731,.F.);
#14995 = FACE_BOUND('',#14996,.F.);
#14996 = EDGE_LOOP('',(#14997,#14998,#15019,#15020));
#14997 = ORIENTED_EDGE('',*,*,#8717,.F.);
#14998 = ORIENTED_EDGE('',*,*,#14999,.T.);
#14999 = EDGE_CURVE('',#4796,#13812,#15000,.T.);
#15000 = SURFACE_CURVE('',#15001,(#15005,#15012),.PCURVE_S1.);
#15001 = LINE('',#15002,#15003);
#15002 = CARTESIAN_POINT('',(-26.83903614689,-44.77171136672,1.5));
#15003 = VECTOR('',#15004,1.);
#15004 = DIRECTION('',(0.,0.,1.));
#15005 = PCURVE('',#8731,#15006);
#15006 = DEFINITIONAL_REPRESENTATION('',(#15007),#15011);
#15007 = LINE('',#15008,#15009);
#15008 = CARTESIAN_POINT('',(0.,0.));
#15009 = VECTOR('',#15010,1.);
#15010 = DIRECTION('',(0.,-1.));
#15011 = ( GEOMETRIC_REPRESENTATION_CONTEXT(2) 
PARAMETRIC_REPRESENTATION_CONTEXT() REPRESENTATION_CONTEXT('2D SPACE',''
  ) );
#15012 = PCURVE('',#8761,#15013);
#15013 = DEFINITIONAL_REPRESENTATION('',(#15014),#15018);
#15014 = LINE('',#15015,#15016);
#15015 = CARTESIAN_POINT('',(1.741655131291,0.));
#15016 = VECTOR('',#15017,1.);
#15017 = DIRECTION('',(0.,-1.));
#15018 = ( GEOMETRIC_REPRESENTATION_CONTEXT(2) 
PARAMETRIC_REPRESENTATION_CONTEXT() REPRESENTATION_CONTEXT('2D SPACE',''
  ) );
#15019 = ORIENTED_EDGE('',*,*,#13811,.F.);
#15020 = ORIENTED_EDGE('',*,*,#14972,.F.);
#15021 = ADVANCED_FACE('',(#15022),#8761,.F.);
#15022 = FACE_BOUND('',#15023,.F.);
#15023 = EDGE_LOOP('',(#15024,#15025,#15046,#15047));
#15024 = ORIENTED_EDGE('',*,*,#8747,.F.);
#15025 = ORIENTED_EDGE('',*,*,#15026,.T.);
#15026 = EDGE_CURVE('',#4767,#13835,#15027,.T.);
#15027 = SURFACE_CURVE('',#15028,(#15032,#15039),.PCURVE_S1.);
#15028 = LINE('',#15029,#15030);
#15029 = CARTESIAN_POINT('',(-25.33049509636,-45.64215176975,1.5));
#15030 = VECTOR('',#15031,1.);
#15031 = DIRECTION('',(0.,0.,1.));
#15032 = PCURVE('',#8761,#15033);
#15033 = DEFINITIONAL_REPRESENTATION('',(#15034),#15038);
#15034 = LINE('',#15035,#15036);
#15035 = CARTESIAN_POINT('',(0.,0.));
#15036 = VECTOR('',#15037,1.);
#15037 = DIRECTION('',(0.,-1.));
#15038 = ( GEOMETRIC_REPRESENTATION_CONTEXT(2) 
PARAMETRIC_REPRESENTATION_CONTEXT() REPRESENTATION_CONTEXT('2D SPACE',''
  ) );
#15039 = PCURVE('',#8791,#15040);
#15040 = DEFINITIONAL_REPRESENTATION('',(#15041),#15045);
#15041 = LINE('',#15042,#15043);
#15042 = CARTESIAN_POINT('',(1.741655131291,0.));
#15043 = VECTOR('',#15044,1.);
#15044 = DIRECTION('',(0.,-1.));
#15045 = ( GEOMETRIC_REPRESENTATION_CONTEXT(2) 
PARAMETRIC_REPRESENTATION_CONTEXT() REPRESENTATION_CONTEXT('2D SPACE',''
  ) );
#15046 = ORIENTED_EDGE('',*,*,#13834,.F.);
#15047 = ORIENTED_EDGE('',*,*,#14999,.F.);
#15048 = ADVANCED_FACE('',(#15049),#8791,.F.);
#15049 = FACE_BOUND('',#15050,.F.);
#15050 = EDGE_LOOP('',(#15051,#15052,#15073,#15074));
#15051 = ORIENTED_EDGE('',*,*,#8777,.F.);
#15052 = ORIENTED_EDGE('',*,*,#15053,.T.);
#15053 = EDGE_CURVE('',#4738,#13858,#15054,.T.);
#15054 = SURFACE_CURVE('',#15055,(#15059,#15066),.PCURVE_S1.);
#15055 = LINE('',#15056,#15057);
#15056 = CARTESIAN_POINT('',(-23.79375548138,-46.46178214503,1.5));
#15057 = VECTOR('',#15058,1.);
#15058 = DIRECTION('',(0.,0.,1.));
#15059 = PCURVE('',#8791,#15060);
#15060 = DEFINITIONAL_REPRESENTATION('',(#15061),#15065);
#15061 = LINE('',#15062,#15063);
#15062 = CARTESIAN_POINT('',(0.,0.));
#15063 = VECTOR('',#15064,1.);
#15064 = DIRECTION('',(0.,-1.));
#15065 = ( GEOMETRIC_REPRESENTATION_CONTEXT(2) 
PARAMETRIC_REPRESENTATION_CONTEXT() REPRESENTATION_CONTEXT('2D SPACE',''
  ) );
#15066 = PCURVE('',#8821,#15067);
#15067 = DEFINITIONAL_REPRESENTATION('',(#15068),#15072);
#15068 = LINE('',#15069,#15070);
#15069 = CARTESIAN_POINT('',(1.741655131291,0.));
#15070 = VECTOR('',#15071,1.);
#15071 = DIRECTION('',(0.,-1.));
#15072 = ( GEOMETRIC_REPRESENTATION_CONTEXT(2) 
PARAMETRIC_REPRESENTATION_CONTEXT() REPRESENTATION_CONTEXT('2D SPACE',''
  ) );
#15073 = ORIENTED_EDGE('',*,*,#13857,.F.);
#15074 = ORIENTED_EDGE('',*,*,#15026,.F.);
#15075 = ADVANCED_FACE('',(#15076),#8821,.F.);
#15076 = FACE_BOUND('',#15077,.F.);
#15077 = EDGE_LOOP('',(#15078,#15079,#15100,#15101));
#15078 = ORIENTED_EDGE('',*,*,#8807,.F.);
#15079 = ORIENTED_EDGE('',*,*,#15080,.T.);
#15080 = EDGE_CURVE('',#4709,#13881,#15081,.T.);
#15081 = SURFACE_CURVE('',#15082,(#15086,#15093),.PCURVE_S1.);
#15082 = LINE('',#15083,#15084);
#15083 = CARTESIAN_POINT('',(-22.23052804035,-47.22969005876,1.5));
#15084 = VECTOR('',#15085,1.);
#15085 = DIRECTION('',(0.,0.,1.));
#15086 = PCURVE('',#8821,#15087);
#15087 = DEFINITIONAL_REPRESENTATION('',(#15088),#15092);
#15088 = LINE('',#15089,#15090);
#15089 = CARTESIAN_POINT('',(0.,0.));
#15090 = VECTOR('',#15091,1.);
#15091 = DIRECTION('',(0.,-1.));
#15092 = ( GEOMETRIC_REPRESENTATION_CONTEXT(2) 
PARAMETRIC_REPRESENTATION_CONTEXT() REPRESENTATION_CONTEXT('2D SPACE',''
  ) );
#15093 = PCURVE('',#8851,#15094);
#15094 = DEFINITIONAL_REPRESENTATION('',(#15095),#15099);
#15095 = LINE('',#15096,#15097);
#15096 = CARTESIAN_POINT('',(1.741655131291,0.));
#15097 = VECTOR('',#15098,1.);
#15098 = DIRECTION('',(0.,-1.));
#15099 = ( GEOMETRIC_REPRESENTATION_CONTEXT(2) 
PARAMETRIC_REPRESENTATION_CONTEXT() REPRESENTATION_CONTEXT('2D SPACE',''
  ) );
#15100 = ORIENTED_EDGE('',*,*,#13880,.F.);
#15101 = ORIENTED_EDGE('',*,*,#15053,.F.);
#15102 = ADVANCED_FACE('',(#15103),#8851,.F.);
#15103 = FACE_BOUND('',#15104,.F.);
#15104 = EDGE_LOOP('',(#15105,#15106,#15127,#15128));
#15105 = ORIENTED_EDGE('',*,*,#8837,.F.);
#15106 = ORIENTED_EDGE('',*,*,#15107,.T.);
#15107 = EDGE_CURVE('',#4680,#13904,#15108,.T.);
#15108 = SURFACE_CURVE('',#15109,(#15113,#15120),.PCURVE_S1.);
#15109 = LINE('',#15110,#15111);
#15110 = CARTESIAN_POINT('',(-20.64255299864,-47.94502065593,1.5));
#15111 = VECTOR('',#15112,1.);
#15112 = DIRECTION('',(0.,0.,1.));
#15113 = PCURVE('',#8851,#15114);
#15114 = DEFINITIONAL_REPRESENTATION('',(#15115),#15119);
#15115 = LINE('',#15116,#15117);
#15116 = CARTESIAN_POINT('',(0.,0.));
#15117 = VECTOR('',#15118,1.);
#15118 = DIRECTION('',(0.,-1.));
#15119 = ( GEOMETRIC_REPRESENTATION_CONTEXT(2) 
PARAMETRIC_REPRESENTATION_CONTEXT() REPRESENTATION_CONTEXT('2D SPACE',''
  ) );
#15120 = PCURVE('',#8881,#15121);
#15121 = DEFINITIONAL_REPRESENTATION('',(#15122),#15126);
#15122 = LINE('',#15123,#15124);
#15123 = CARTESIAN_POINT('',(1.741655131291,0.));
#15124 = VECTOR('',#15125,1.);
#15125 = DIRECTION('',(0.,-1.));
#15126 = ( GEOMETRIC_REPRESENTATION_CONTEXT(2) 
PARAMETRIC_REPRESENTATION_CONTEXT() REPRESENTATION_CONTEXT('2D SPACE',''
  ) );
#15127 = ORIENTED_EDGE('',*,*,#13903,.F.);
#15128 = ORIENTED_EDGE('',*,*,#15080,.F.);
#15129 = ADVANCED_FACE('',(#15130),#8881,.F.);
#15130 = FACE_BOUND('',#15131,.F.);
#15131 = EDGE_LOOP('',(#15132,#15133,#15154,#15155));
#15132 = ORIENTED_EDGE('',*,*,#8867,.F.);
#15133 = ORIENTED_EDGE('',*,*,#15134,.T.);
#15134 = EDGE_CURVE('',#4651,#13927,#15135,.T.);
#15135 = SURFACE_CURVE('',#15136,(#15140,#15147),.PCURVE_S1.);
#15136 = LINE('',#15137,#15138);
#15137 = CARTESIAN_POINT('',(-19.03159813126,-48.60697761196,1.5));
#15138 = VECTOR('',#15139,1.);
#15139 = DIRECTION('',(0.,0.,1.));
#15140 = PCURVE('',#8881,#15141);
#15141 = DEFINITIONAL_REPRESENTATION('',(#15142),#15146);
#15142 = LINE('',#15143,#15144);
#15143 = CARTESIAN_POINT('',(0.,0.));
#15144 = VECTOR('',#15145,1.);
#15145 = DIRECTION('',(0.,-1.));
#15146 = ( GEOMETRIC_REPRESENTATION_CONTEXT(2) 
PARAMETRIC_REPRESENTATION_CONTEXT() REPRESENTATION_CONTEXT('2D SPACE',''
  ) );
#15147 = PCURVE('',#8911,#15148);
#15148 = DEFINITIONAL_REPRESENTATION('',(#15149),#15153);
#15149 = LINE('',#15150,#15151);
#15150 = CARTESIAN_POINT('',(1.741655131291,0.));
#15151 = VECTOR('',#15152,1.);
#15152 = DIRECTION('',(0.,-1.));
#15153 = ( GEOMETRIC_REPRESENTATION_CONTEXT(2) 
PARAMETRIC_REPRESENTATION_CONTEXT() REPRESENTATION_CONTEXT('2D SPACE',''
  ) );
#15154 = ORIENTED_EDGE('',*,*,#13926,.F.);
#15155 = ORIENTED_EDGE('',*,*,#15107,.F.);
#15156 = ADVANCED_FACE('',(#15157),#8911,.F.);
#15157 = FACE_BOUND('',#15158,.F.);
#15158 = EDGE_LOOP('',(#15159,#15160,#15181,#15182));
#15159 = ORIENTED_EDGE('',*,*,#8897,.F.);
#15160 = ORIENTED_EDGE('',*,*,#15161,.T.);
#15161 = EDGE_CURVE('',#4622,#13950,#15162,.T.);
#15162 = SURFACE_CURVE('',#15163,(#15167,#15174),.PCURVE_S1.);
#15163 = LINE('',#15164,#15165);
#15164 = CARTESIAN_POINT('',(-17.39945679499,-49.21482401918,1.5));
#15165 = VECTOR('',#15166,1.);
#15166 = DIRECTION('',(0.,0.,1.));
#15167 = PCURVE('',#8911,#15168);
#15168 = DEFINITIONAL_REPRESENTATION('',(#15169),#15173);
#15169 = LINE('',#15170,#15171);
#15170 = CARTESIAN_POINT('',(0.,0.));
#15171 = VECTOR('',#15172,1.);
#15172 = DIRECTION('',(0.,-1.));
#15173 = ( GEOMETRIC_REPRESENTATION_CONTEXT(2) 
PARAMETRIC_REPRESENTATION_CONTEXT() REPRESENTATION_CONTEXT('2D SPACE',''
  ) );
#15174 = PCURVE('',#8941,#15175);
#15175 = DEFINITIONAL_REPRESENTATION('',(#15176),#15180);
#15176 = LINE('',#15177,#15178);
#15177 = CARTESIAN_POINT('',(1.741655131291,0.));
#15178 = VECTOR('',#15179,1.);
#15179 = DIRECTION('',(0.,-1.));
#15180 = ( GEOMETRIC_REPRESENTATION_CONTEXT(2) 
PARAMETRIC_REPRESENTATION_CONTEXT() REPRESENTATION_CONTEXT('2D SPACE',''
  ) );
#15181 = ORIENTED_EDGE('',*,*,#13949,.F.);
#15182 = ORIENTED_EDGE('',*,*,#15134,.F.);
#15183 = ADVANCED_FACE('',(#15184),#8941,.F.);
#15184 = FACE_BOUND('',#15185,.F.);
#15185 = EDGE_LOOP('',(#15186,#15187,#15208,#15209));
#15186 = ORIENTED_EDGE('',*,*,#8927,.F.);
#15187 = ORIENTED_EDGE('',*,*,#15188,.T.);
#15188 = EDGE_CURVE('',#4593,#13973,#15189,.T.);
#15189 = SURFACE_CURVE('',#15190,(#15194,#15201),.PCURVE_S1.);
#15190 = LINE('',#15191,#15192);
#15191 = CARTESIAN_POINT('',(-15.7479459319,-49.7678832072,1.5));
#15192 = VECTOR('',#15193,1.);
#15193 = DIRECTION('',(0.,0.,1.));
#15194 = PCURVE('',#8941,#15195);
#15195 = DEFINITIONAL_REPRESENTATION('',(#15196),#15200);
#15196 = LINE('',#15197,#15198);
#15197 = CARTESIAN_POINT('',(0.,0.));
#15198 = VECTOR('',#15199,1.);
#15199 = DIRECTION('',(0.,-1.));
#15200 = ( GEOMETRIC_REPRESENTATION_CONTEXT(2) 
PARAMETRIC_REPRESENTATION_CONTEXT() REPRESENTATION_CONTEXT('2D SPACE',''
  ) );
#15201 = PCURVE('',#8971,#15202);
#15202 = DEFINITIONAL_REPRESENTATION('',(#15203),#15207);
#15203 = LINE('',#15204,#15205);
#15204 = CARTESIAN_POINT('',(1.741655131291,0.));
#15205 = VECTOR('',#15206,1.);
#15206 = DIRECTION('',(0.,-1.));
#15207 = ( GEOMETRIC_REPRESENTATION_CONTEXT(2) 
PARAMETRIC_REPRESENTATION_CONTEXT() REPRESENTATION_CONTEXT('2D SPACE',''
  ) );
#15208 = ORIENTED_EDGE('',*,*,#13972,.F.);
#15209 = ORIENTED_EDGE('',*,*,#15161,.F.);
#15210 = ADVANCED_FACE('',(#15211),#8971,.F.);
#15211 = FACE_BOUND('',#15212,.F.);
#15212 = EDGE_LOOP('',(#15213,#15214,#15235,#15236));
#15213 = ORIENTED_EDGE('',*,*,#8957,.F.);
#15214 = ORIENTED_EDGE('',*,*,#15215,.T.);
#15215 = EDGE_CURVE('',#4564,#13996,#15216,.T.);
#15216 = SURFACE_CURVE('',#15217,(#15221,#15228),.PCURVE_S1.);
#15217 = LINE('',#15218,#15219);
#15218 = CARTESIAN_POINT('',(-14.07890404675,-50.26553949618,1.5));
#15219 = VECTOR('',#15220,1.);
#15220 = DIRECTION('',(0.,0.,1.));
#15221 = PCURVE('',#8971,#15222);
#15222 = DEFINITIONAL_REPRESENTATION('',(#15223),#15227);
#15223 = LINE('',#15224,#15225);
#15224 = CARTESIAN_POINT('',(0.,0.));
#15225 = VECTOR('',#15226,1.);
#15226 = DIRECTION('',(0.,-1.));
#15227 = ( GEOMETRIC_REPRESENTATION_CONTEXT(2) 
PARAMETRIC_REPRESENTATION_CONTEXT() REPRESENTATION_CONTEXT('2D SPACE',''
  ) );
#15228 = PCURVE('',#9001,#15229);
#15229 = DEFINITIONAL_REPRESENTATION('',(#15230),#15234);
#15230 = LINE('',#15231,#15232);
#15231 = CARTESIAN_POINT('',(1.741655131291,0.));
#15232 = VECTOR('',#15233,1.);
#15233 = DIRECTION('',(0.,-1.));
#15234 = ( GEOMETRIC_REPRESENTATION_CONTEXT(2) 
PARAMETRIC_REPRESENTATION_CONTEXT() REPRESENTATION_CONTEXT('2D SPACE',''
  ) );
#15235 = ORIENTED_EDGE('',*,*,#13995,.F.);
#15236 = ORIENTED_EDGE('',*,*,#15188,.F.);
#15237 = ADVANCED_FACE('',(#15238),#9001,.F.);
#15238 = FACE_BOUND('',#15239,.F.);
#15239 = EDGE_LOOP('',(#15240,#15241,#15262,#15263));
#15240 = ORIENTED_EDGE('',*,*,#8987,.F.);
#15241 = ORIENTED_EDGE('',*,*,#15242,.T.);
#15242 = EDGE_CURVE('',#4535,#14019,#15243,.T.);
#15243 = SURFACE_CURVE('',#15244,(#15248,#15255),.PCURVE_S1.);
#15244 = LINE('',#15245,#15246);
#15245 = CARTESIAN_POINT('',(-12.39418916027,-50.70723888222,1.5));
#15246 = VECTOR('',#15247,1.);
#15247 = DIRECTION('',(0.,0.,1.));
#15248 = PCURVE('',#9001,#15249);
#15249 = DEFINITIONAL_REPRESENTATION('',(#15250),#15254);
#15250 = LINE('',#15251,#15252);
#15251 = CARTESIAN_POINT('',(0.,0.));
#15252 = VECTOR('',#15253,1.);
#15253 = DIRECTION('',(0.,-1.));
#15254 = ( GEOMETRIC_REPRESENTATION_CONTEXT(2) 
PARAMETRIC_REPRESENTATION_CONTEXT() REPRESENTATION_CONTEXT('2D SPACE',''
  ) );
#15255 = PCURVE('',#9031,#15256);
#15256 = DEFINITIONAL_REPRESENTATION('',(#15257),#15261);
#15257 = LINE('',#15258,#15259);
#15258 = CARTESIAN_POINT('',(1.741655131291,0.));
#15259 = VECTOR('',#15260,1.);
#15260 = DIRECTION('',(0.,-1.));
#15261 = ( GEOMETRIC_REPRESENTATION_CONTEXT(2) 
PARAMETRIC_REPRESENTATION_CONTEXT() REPRESENTATION_CONTEXT('2D SPACE',''
  ) );
#15262 = ORIENTED_EDGE('',*,*,#14018,.F.);
#15263 = ORIENTED_EDGE('',*,*,#15215,.F.);
#15264 = ADVANCED_FACE('',(#15265),#9031,.F.);
#15265 = FACE_BOUND('',#15266,.F.);
#15266 = EDGE_LOOP('',(#15267,#15268,#15289,#15290));
#15267 = ORIENTED_EDGE('',*,*,#9017,.F.);
#15268 = ORIENTED_EDGE('',*,*,#15269,.T.);
#15269 = EDGE_CURVE('',#4506,#14042,#15270,.T.);
#15270 = SURFACE_CURVE('',#15271,(#15275,#15282),.PCURVE_S1.);
#15271 = LINE('',#15272,#15273);
#15272 = CARTESIAN_POINT('',(-10.69567674079,-51.09248965412,1.5));
#15273 = VECTOR('',#15274,1.);
#15274 = DIRECTION('',(0.,0.,1.));
#15275 = PCURVE('',#9031,#15276);
#15276 = DEFINITIONAL_REPRESENTATION('',(#15277),#15281);
#15277 = LINE('',#15278,#15279);
#15278 = CARTESIAN_POINT('',(0.,0.));
#15279 = VECTOR('',#15280,1.);
#15280 = DIRECTION('',(0.,-1.));
#15281 = ( GEOMETRIC_REPRESENTATION_CONTEXT(2) 
PARAMETRIC_REPRESENTATION_CONTEXT() REPRESENTATION_CONTEXT('2D SPACE',''
  ) );
#15282 = PCURVE('',#9061,#15283);
#15283 = DEFINITIONAL_REPRESENTATION('',(#15284),#15288);
#15284 = LINE('',#15285,#15286);
#15285 = CARTESIAN_POINT('',(1.741655131291,0.));
#15286 = VECTOR('',#15287,1.);
#15287 = DIRECTION('',(0.,-1.));
#15288 = ( GEOMETRIC_REPRESENTATION_CONTEXT(2) 
PARAMETRIC_REPRESENTATION_CONTEXT() REPRESENTATION_CONTEXT('2D SPACE',''
  ) );
#15289 = ORIENTED_EDGE('',*,*,#14041,.F.);
#15290 = ORIENTED_EDGE('',*,*,#15242,.F.);
#15291 = ADVANCED_FACE('',(#15292),#9061,.F.);
#15292 = FACE_BOUND('',#15293,.F.);
#15293 = EDGE_LOOP('',(#15294,#15295,#15296,#15297));
#15294 = ORIENTED_EDGE('',*,*,#9047,.F.);
#15295 = ORIENTED_EDGE('',*,*,#9127,.T.);
#15296 = ORIENTED_EDGE('',*,*,#14064,.F.);
#15297 = ORIENTED_EDGE('',*,*,#15269,.F.);
#15298 = ADVANCED_FACE('',(#15299),#9191,.F.);
#15299 = FACE_BOUND('',#15300,.F.);
#15300 = EDGE_LOOP('',(#15301,#15302,#15303,#15324));
#15301 = ORIENTED_EDGE('',*,*,#9175,.T.);
#15302 = ORIENTED_EDGE('',*,*,#14546,.T.);
#15303 = ORIENTED_EDGE('',*,*,#15304,.F.);
#15304 = EDGE_CURVE('',#14088,#14547,#15305,.T.);
#15305 = SURFACE_CURVE('',#15306,(#15310,#15317),.PCURVE_S1.);
#15306 = LINE('',#15307,#15308);
#15307 = CARTESIAN_POINT('',(-8.864765656054,-50.73131113881,4.));
#15308 = VECTOR('',#15309,1.);
#15309 = DIRECTION('',(0.,0.,1.));
#15310 = PCURVE('',#9191,#15311);
#15311 = DEFINITIONAL_REPRESENTATION('',(#15312),#15316);
#15312 = LINE('',#15313,#15314);
#15313 = CARTESIAN_POINT('',(1.71829960271,0.));
#15314 = VECTOR('',#15315,1.);
#15315 = DIRECTION('',(0.,-1.));
#15316 = ( GEOMETRIC_REPRESENTATION_CONTEXT(2) 
PARAMETRIC_REPRESENTATION_CONTEXT() REPRESENTATION_CONTEXT('2D SPACE',''
  ) );
#15317 = PCURVE('',#14126,#15318);
#15318 = DEFINITIONAL_REPRESENTATION('',(#15319),#15323);
#15319 = LINE('',#15320,#15321);
#15320 = CARTESIAN_POINT('',(0.,0.));
#15321 = VECTOR('',#15322,1.);
#15322 = DIRECTION('',(0.,-1.));
#15323 = ( GEOMETRIC_REPRESENTATION_CONTEXT(2) 
PARAMETRIC_REPRESENTATION_CONTEXT() REPRESENTATION_CONTEXT('2D SPACE',''
  ) );
#15324 = ORIENTED_EDGE('',*,*,#14087,.F.);
#15325 = ADVANCED_FACE('',(#15326),#9245,.F.);
#15326 = FACE_BOUND('',#15327,.F.);
#15327 = EDGE_LOOP('',(#15328,#15349,#15350,#15351));
#15328 = ORIENTED_EDGE('',*,*,#15329,.T.);
#15329 = EDGE_CURVE('',#11927,#11021,#15330,.T.);
#15330 = SURFACE_CURVE('',#15331,(#15335,#15342),.PCURVE_S1.);
#15331 = LINE('',#15332,#15333);
#15332 = CARTESIAN_POINT('',(50.92253383317,-7.690614280386,4.));
#15333 = VECTOR('',#15334,1.);
#15334 = DIRECTION('',(0.,0.,1.));
#15335 = PCURVE('',#9245,#15336);
#15336 = DEFINITIONAL_REPRESENTATION('',(#15337),#15341);
#15337 = LINE('',#15338,#15339);
#15338 = CARTESIAN_POINT('',(0.,0.));
#15339 = VECTOR('',#15340,1.);
#15340 = DIRECTION('',(0.,-1.));
#15341 = ( GEOMETRIC_REPRESENTATION_CONTEXT(2) 
PARAMETRIC_REPRESENTATION_CONTEXT() REPRESENTATION_CONTEXT('2D SPACE',''
  ) );
#15342 = PCURVE('',#11036,#15343);
#15343 = DEFINITIONAL_REPRESENTATION('',(#15344),#15348);
#15344 = LINE('',#15345,#15346);
#15345 = CARTESIAN_POINT('',(1.71829960271,-0.));
#15346 = VECTOR('',#15347,1.);
#15347 = DIRECTION('',(0.,-1.));
#15348 = ( GEOMETRIC_REPRESENTATION_CONTEXT(2) 
PARAMETRIC_REPRESENTATION_CONTEXT() REPRESENTATION_CONTEXT('2D SPACE',''
  ) );
#15349 = ORIENTED_EDGE('',*,*,#11048,.T.);
#15350 = ORIENTED_EDGE('',*,*,#9227,.F.);
#15351 = ORIENTED_EDGE('',*,*,#11949,.F.);
#15352 = ADVANCED_FACE('',(#15353),#9340,.F.);
#15353 = FACE_BOUND('',#15354,.F.);
#15354 = EDGE_LOOP('',(#15355,#15356,#15377,#15378));
#15355 = ORIENTED_EDGE('',*,*,#9382,.F.);
#15356 = ORIENTED_EDGE('',*,*,#15357,.T.);
#15357 = EDGE_CURVE('',#4279,#11369,#15358,.T.);
#15358 = SURFACE_CURVE('',#15359,(#15363,#15370),.PCURVE_S1.);
#15359 = LINE('',#15360,#15361);
#15360 = CARTESIAN_POINT('',(51.846004575639,-6.068921612844,1.5));
#15361 = VECTOR('',#15362,1.);
#15362 = DIRECTION('',(0.,0.,1.));
#15363 = PCURVE('',#9340,#15364);
#15364 = DEFINITIONAL_REPRESENTATION('',(#15365),#15369);
#15365 = LINE('',#15366,#15367);
#15366 = CARTESIAN_POINT('',(0.,0.));
#15367 = VECTOR('',#15368,1.);
#15368 = DIRECTION('',(0.,-1.));
#15369 = ( GEOMETRIC_REPRESENTATION_CONTEXT(2) 
PARAMETRIC_REPRESENTATION_CONTEXT() REPRESENTATION_CONTEXT('2D SPACE',''
  ) );
#15370 = PCURVE('',#9421,#15371);
#15371 = DEFINITIONAL_REPRESENTATION('',(#15372),#15376);
#15372 = LINE('',#15373,#15374);
#15373 = CARTESIAN_POINT('',(1.741655131291,-0.));
#15374 = VECTOR('',#15375,1.);
#15375 = DIRECTION('',(0.,-1.));
#15376 = ( GEOMETRIC_REPRESENTATION_CONTEXT(2) 
PARAMETRIC_REPRESENTATION_CONTEXT() REPRESENTATION_CONTEXT('2D SPACE',''
  ) );
#15377 = ORIENTED_EDGE('',*,*,#11368,.F.);
#15378 = ORIENTED_EDGE('',*,*,#9324,.F.);
#15379 = ADVANCED_FACE('',(#15380),#9421,.F.);
#15380 = FACE_BOUND('',#15381,.F.);
#15381 = EDGE_LOOP('',(#15382,#15383,#15404,#15405));
#15382 = ORIENTED_EDGE('',*,*,#9407,.F.);
#15383 = ORIENTED_EDGE('',*,*,#15384,.T.);
#15384 = EDGE_CURVE('',#4250,#11392,#15385,.T.);
#15385 = SURFACE_CURVE('',#15386,(#15390,#15397),.PCURVE_S1.);
#15386 = LINE('',#15387,#15388);
#15387 = CARTESIAN_POINT('',(52.019608055129,-4.33594024299,1.5));
#15388 = VECTOR('',#15389,1.);
#15389 = DIRECTION('',(0.,0.,1.));
#15390 = PCURVE('',#9421,#15391);
#15391 = DEFINITIONAL_REPRESENTATION('',(#15392),#15396);
#15392 = LINE('',#15393,#15394);
#15393 = CARTESIAN_POINT('',(0.,0.));
#15394 = VECTOR('',#15395,1.);
#15395 = DIRECTION('',(0.,-1.));
#15396 = ( GEOMETRIC_REPRESENTATION_CONTEXT(2) 
PARAMETRIC_REPRESENTATION_CONTEXT() REPRESENTATION_CONTEXT('2D SPACE',''
  ) );
#15397 = PCURVE('',#9451,#15398);
#15398 = DEFINITIONAL_REPRESENTATION('',(#15399),#15403);
#15399 = LINE('',#15400,#15401);
#15400 = CARTESIAN_POINT('',(1.741655131291,-0.));
#15401 = VECTOR('',#15402,1.);
#15402 = DIRECTION('',(0.,-1.));
#15403 = ( GEOMETRIC_REPRESENTATION_CONTEXT(2) 
PARAMETRIC_REPRESENTATION_CONTEXT() REPRESENTATION_CONTEXT('2D SPACE',''
  ) );
#15404 = ORIENTED_EDGE('',*,*,#11391,.F.);
#15405 = ORIENTED_EDGE('',*,*,#15357,.F.);
#15406 = ADVANCED_FACE('',(#15407),#9451,.F.);
#15407 = FACE_BOUND('',#15408,.F.);
#15408 = EDGE_LOOP('',(#15409,#15410,#15431,#15432));
#15409 = ORIENTED_EDGE('',*,*,#9437,.F.);
#15410 = ORIENTED_EDGE('',*,*,#15411,.T.);
#15411 = EDGE_CURVE('',#4221,#11415,#15412,.T.);
#15412 = SURFACE_CURVE('',#15413,(#15417,#15424),.PCURVE_S1.);
#15413 = LINE('',#15414,#15415);
#15414 = CARTESIAN_POINT('',(52.135301957047,-2.598131991941,1.5));
#15415 = VECTOR('',#15416,1.);
#15416 = DIRECTION('',(0.,0.,1.));
#15417 = PCURVE('',#9451,#15418);
#15418 = DEFINITIONAL_REPRESENTATION('',(#15419),#15423);
#15419 = LINE('',#15420,#15421);
#15420 = CARTESIAN_POINT('',(0.,0.));
#15421 = VECTOR('',#15422,1.);
#15422 = DIRECTION('',(0.,-1.));
#15423 = ( GEOMETRIC_REPRESENTATION_CONTEXT(2) 
PARAMETRIC_REPRESENTATION_CONTEXT() REPRESENTATION_CONTEXT('2D SPACE',''
  ) );
#15424 = PCURVE('',#9481,#15425);
#15425 = DEFINITIONAL_REPRESENTATION('',(#15426),#15430);
#15426 = LINE('',#15427,#15428);
#15427 = CARTESIAN_POINT('',(1.741655131291,-0.));
#15428 = VECTOR('',#15429,1.);
#15429 = DIRECTION('',(0.,-1.));
#15430 = ( GEOMETRIC_REPRESENTATION_CONTEXT(2) 
PARAMETRIC_REPRESENTATION_CONTEXT() REPRESENTATION_CONTEXT('2D SPACE',''
  ) );
#15431 = ORIENTED_EDGE('',*,*,#11414,.F.);
#15432 = ORIENTED_EDGE('',*,*,#15384,.F.);
#15433 = ADVANCED_FACE('',(#15434),#9481,.F.);
#15434 = FACE_BOUND('',#15435,.F.);
#15435 = EDGE_LOOP('',(#15436,#15437,#15458,#15459));
#15436 = ORIENTED_EDGE('',*,*,#9467,.F.);
#15437 = ORIENTED_EDGE('',*,*,#15438,.T.);
#15438 = EDGE_CURVE('',#4192,#11438,#15439,.T.);
#15439 = SURFACE_CURVE('',#15440,(#15444,#15451),.PCURVE_S1.);
#15440 = LINE('',#15441,#15442);
#15441 = CARTESIAN_POINT('',(52.192957487939,-0.857431432939,1.5));
#15442 = VECTOR('',#15443,1.);
#15443 = DIRECTION('',(0.,0.,1.));
#15444 = PCURVE('',#9481,#15445);
#15445 = DEFINITIONAL_REPRESENTATION('',(#15446),#15450);
#15446 = LINE('',#15447,#15448);
#15447 = CARTESIAN_POINT('',(0.,0.));
#15448 = VECTOR('',#15449,1.);
#15449 = DIRECTION('',(0.,-1.));
#15450 = ( GEOMETRIC_REPRESENTATION_CONTEXT(2) 
PARAMETRIC_REPRESENTATION_CONTEXT() REPRESENTATION_CONTEXT('2D SPACE',''
  ) );
#15451 = PCURVE('',#9511,#15452);
#15452 = DEFINITIONAL_REPRESENTATION('',(#15453),#15457);
#15453 = LINE('',#15454,#15455);
#15454 = CARTESIAN_POINT('',(1.741655131291,0.));
#15455 = VECTOR('',#15456,1.);
#15456 = DIRECTION('',(0.,-1.));
#15457 = ( GEOMETRIC_REPRESENTATION_CONTEXT(2) 
PARAMETRIC_REPRESENTATION_CONTEXT() REPRESENTATION_CONTEXT('2D SPACE',''
  ) );
#15458 = ORIENTED_EDGE('',*,*,#11437,.F.);
#15459 = ORIENTED_EDGE('',*,*,#15411,.F.);
#15460 = ADVANCED_FACE('',(#15461),#9511,.F.);
#15461 = FACE_BOUND('',#15462,.F.);
#15462 = EDGE_LOOP('',(#15463,#15464,#15485,#15486));
#15463 = ORIENTED_EDGE('',*,*,#9497,.F.);
#15464 = ORIENTED_EDGE('',*,*,#15465,.T.);
#15465 = EDGE_CURVE('',#4163,#11461,#15466,.T.);
#15466 = SURFACE_CURVE('',#15467,(#15471,#15478),.PCURVE_S1.);
#15467 = LINE('',#15468,#15469);
#15468 = CARTESIAN_POINT('',(52.192510464172,0.884223640984,1.5));
#15469 = VECTOR('',#15470,1.);
#15470 = DIRECTION('',(0.,0.,1.));
#15471 = PCURVE('',#9511,#15472);
#15472 = DEFINITIONAL_REPRESENTATION('',(#15473),#15477);
#15473 = LINE('',#15474,#15475);
#15474 = CARTESIAN_POINT('',(0.,0.));
#15475 = VECTOR('',#15476,1.);
#15476 = DIRECTION('',(0.,-1.));
#15477 = ( GEOMETRIC_REPRESENTATION_CONTEXT(2) 
PARAMETRIC_REPRESENTATION_CONTEXT() REPRESENTATION_CONTEXT('2D SPACE',''
  ) );
#15478 = PCURVE('',#9541,#15479);
#15479 = DEFINITIONAL_REPRESENTATION('',(#15480),#15484);
#15480 = LINE('',#15481,#15482);
#15481 = CARTESIAN_POINT('',(1.741655131291,0.));
#15482 = VECTOR('',#15483,1.);
#15483 = DIRECTION('',(0.,-1.));
#15484 = ( GEOMETRIC_REPRESENTATION_CONTEXT(2) 
PARAMETRIC_REPRESENTATION_CONTEXT() REPRESENTATION_CONTEXT('2D SPACE',''
  ) );
#15485 = ORIENTED_EDGE('',*,*,#11460,.F.);
#15486 = ORIENTED_EDGE('',*,*,#15438,.F.);
#15487 = ADVANCED_FACE('',(#15488),#9541,.F.);
#15488 = FACE_BOUND('',#15489,.F.);
#15489 = EDGE_LOOP('',(#15490,#15491,#15512,#15513));
#15490 = ORIENTED_EDGE('',*,*,#9527,.F.);
#15491 = ORIENTED_EDGE('',*,*,#15492,.T.);
#15492 = EDGE_CURVE('',#4134,#11484,#15493,.T.);
#15493 = SURFACE_CURVE('',#15494,(#15498,#15505),.PCURVE_S1.);
#15494 = LINE('',#15495,#15496);
#15495 = CARTESIAN_POINT('',(52.133961383385,2.624894374204,1.5));
#15496 = VECTOR('',#15497,1.);
#15497 = DIRECTION('',(0.,0.,1.));
#15498 = PCURVE('',#9541,#15499);
#15499 = DEFINITIONAL_REPRESENTATION('',(#15500),#15504);
#15500 = LINE('',#15501,#15502);
#15501 = CARTESIAN_POINT('',(0.,0.));
#15502 = VECTOR('',#15503,1.);
#15503 = DIRECTION('',(0.,-1.));
#15504 = ( GEOMETRIC_REPRESENTATION_CONTEXT(2) 
PARAMETRIC_REPRESENTATION_CONTEXT() REPRESENTATION_CONTEXT('2D SPACE',''
  ) );
#15505 = PCURVE('',#9571,#15506);
#15506 = DEFINITIONAL_REPRESENTATION('',(#15507),#15511);
#15507 = LINE('',#15508,#15509);
#15508 = CARTESIAN_POINT('',(1.741655131291,0.));
#15509 = VECTOR('',#15510,1.);
#15510 = DIRECTION('',(0.,-1.));
#15511 = ( GEOMETRIC_REPRESENTATION_CONTEXT(2) 
PARAMETRIC_REPRESENTATION_CONTEXT() REPRESENTATION_CONTEXT('2D SPACE',''
  ) );
#15512 = ORIENTED_EDGE('',*,*,#11483,.F.);
#15513 = ORIENTED_EDGE('',*,*,#15465,.F.);
#15514 = ADVANCED_FACE('',(#15515),#9571,.F.);
#15515 = FACE_BOUND('',#15516,.F.);
#15516 = EDGE_LOOP('',(#15517,#15518,#15539,#15540));
#15517 = ORIENTED_EDGE('',*,*,#9557,.F.);
#15518 = ORIENTED_EDGE('',*,*,#15519,.T.);
#15519 = EDGE_CURVE('',#4105,#11507,#15520,.T.);
#15520 = SURFACE_CURVE('',#15521,(#15525,#15532),.PCURVE_S1.);
#15521 = LINE('',#15522,#15523);
#15522 = CARTESIAN_POINT('',(52.017375423933,4.362643006893,1.5));
#15523 = VECTOR('',#15524,1.);
#15524 = DIRECTION('',(0.,0.,1.));
#15525 = PCURVE('',#9571,#15526);
#15526 = DEFINITIONAL_REPRESENTATION('',(#15527),#15531);
#15527 = LINE('',#15528,#15529);
#15528 = CARTESIAN_POINT('',(0.,0.));
#15529 = VECTOR('',#15530,1.);
#15530 = DIRECTION('',(0.,-1.));
#15531 = ( GEOMETRIC_REPRESENTATION_CONTEXT(2) 
PARAMETRIC_REPRESENTATION_CONTEXT() REPRESENTATION_CONTEXT('2D SPACE',''
  ) );
#15532 = PCURVE('',#9601,#15533);
#15533 = DEFINITIONAL_REPRESENTATION('',(#15534),#15538);
#15534 = LINE('',#15535,#15536);
#15535 = CARTESIAN_POINT('',(1.741655131291,0.));
#15536 = VECTOR('',#15537,1.);
#15537 = DIRECTION('',(0.,-1.));
#15538 = ( GEOMETRIC_REPRESENTATION_CONTEXT(2) 
PARAMETRIC_REPRESENTATION_CONTEXT() REPRESENTATION_CONTEXT('2D SPACE',''
  ) );
#15539 = ORIENTED_EDGE('',*,*,#11506,.F.);
#15540 = ORIENTED_EDGE('',*,*,#15492,.F.);
#15541 = ADVANCED_FACE('',(#15542),#9601,.F.);
#15542 = FACE_BOUND('',#15543,.F.);
#15543 = EDGE_LOOP('',(#15544,#15545,#15566,#15567));
#15544 = ORIENTED_EDGE('',*,*,#9587,.F.);
#15545 = ORIENTED_EDGE('',*,*,#15546,.T.);
#15546 = EDGE_CURVE('',#4076,#11530,#15547,.T.);
#15547 = SURFACE_CURVE('',#15548,(#15552,#15559),.PCURVE_S1.);
#15548 = LINE('',#15549,#15550);
#15549 = CARTESIAN_POINT('',(51.842882372332,6.095535032178,1.5));
#15550 = VECTOR('',#15551,1.);
#15551 = DIRECTION('',(0.,0.,1.));
#15552 = PCURVE('',#9601,#15553);
#15553 = DEFINITIONAL_REPRESENTATION('',(#15554),#15558);
#15554 = LINE('',#15555,#15556);
#15555 = CARTESIAN_POINT('',(0.,0.));
#15556 = VECTOR('',#15557,1.);
#15557 = DIRECTION('',(0.,-1.));
#15558 = ( GEOMETRIC_REPRESENTATION_CONTEXT(2) 
PARAMETRIC_REPRESENTATION_CONTEXT() REPRESENTATION_CONTEXT('2D SPACE',''
  ) );
#15559 = PCURVE('',#9631,#15560);
#15560 = DEFINITIONAL_REPRESENTATION('',(#15561),#15565);
#15561 = LINE('',#15562,#15563);
#15562 = CARTESIAN_POINT('',(1.741655131291,0.));
#15563 = VECTOR('',#15564,1.);
#15564 = DIRECTION('',(0.,-1.));
#15565 = ( GEOMETRIC_REPRESENTATION_CONTEXT(2) 
PARAMETRIC_REPRESENTATION_CONTEXT() REPRESENTATION_CONTEXT('2D SPACE',''
  ) );
#15566 = ORIENTED_EDGE('',*,*,#11529,.F.);
#15567 = ORIENTED_EDGE('',*,*,#15519,.F.);
#15568 = ADVANCED_FACE('',(#15569),#9631,.F.);
#15569 = FACE_BOUND('',#15570,.F.);
#15570 = EDGE_LOOP('',(#15571,#15572,#15573,#15574));
#15571 = ORIENTED_EDGE('',*,*,#9617,.F.);
#15572 = ORIENTED_EDGE('',*,*,#11120,.T.);
#15573 = ORIENTED_EDGE('',*,*,#11552,.F.);
#15574 = ORIENTED_EDGE('',*,*,#15546,.F.);
#15575 = ADVANCED_FACE('',(#15576),#9667,.F.);
#15576 = FACE_BOUND('',#15577,.F.);
#15577 = EDGE_LOOP('',(#15578,#15579,#15602,#15629));
#15578 = ORIENTED_EDGE('',*,*,#9650,.F.);
#15579 = ORIENTED_EDGE('',*,*,#15580,.F.);
#15580 = EDGE_CURVE('',#15581,#9651,#15583,.T.);
#15581 = VERTEX_POINT('',#15582);
#15582 = CARTESIAN_POINT('',(47.270772144586,8.335112528013,-9.));
#15583 = SEAM_CURVE('',#15584,(#15588,#15595),.PCURVE_S1.);
#15584 = LINE('',#15585,#15586);
#15585 = CARTESIAN_POINT('',(47.270772144586,8.335112528013,-9.));
#15586 = VECTOR('',#15587,1.);
#15587 = DIRECTION('',(0.,0.,1.));
#15588 = PCURVE('',#9667,#15589);
#15589 = DEFINITIONAL_REPRESENTATION('',(#15590),#15594);
#15590 = LINE('',#15591,#15592);
#15591 = CARTESIAN_POINT('',(6.28318530718,-0.));
#15592 = VECTOR('',#15593,1.);
#15593 = DIRECTION('',(0.,1.));
#15594 = ( GEOMETRIC_REPRESENTATION_CONTEXT(2) 
PARAMETRIC_REPRESENTATION_CONTEXT() REPRESENTATION_CONTEXT('2D SPACE',''
  ) );
#15595 = PCURVE('',#9667,#15596);
#15596 = DEFINITIONAL_REPRESENTATION('',(#15597),#15601);
#15597 = LINE('',#15598,#15599);
#15598 = CARTESIAN_POINT('',(0.,-0.));
#15599 = VECTOR('',#15600,1.);
#15600 = DIRECTION('',(0.,1.));
#15601 = ( GEOMETRIC_REPRESENTATION_CONTEXT(2) 
PARAMETRIC_REPRESENTATION_CONTEXT() REPRESENTATION_CONTEXT('2D SPACE',''
  ) );
#15602 = ORIENTED_EDGE('',*,*,#15603,.T.);
#15603 = EDGE_CURVE('',#15581,#15581,#15604,.T.);
#15604 = SURFACE_CURVE('',#15605,(#15610,#15617),.PCURVE_S1.);
#15605 = CIRCLE('',#15606,48.);
#15606 = AXIS2_PLACEMENT_3D('',#15607,#15608,#15609);
#15607 = CARTESIAN_POINT('',(0.,0.,-9.));
#15608 = DIRECTION('',(0.,-0.,1.));
#15609 = DIRECTION('',(0.984807753012,0.173648177667,0.));
#15610 = PCURVE('',#9667,#15611);
#15611 = DEFINITIONAL_REPRESENTATION('',(#15612),#15616);
#15612 = LINE('',#15613,#15614);
#15613 = CARTESIAN_POINT('',(0.,0.));
#15614 = VECTOR('',#15615,1.);
#15615 = DIRECTION('',(1.,0.));
#15616 = ( GEOMETRIC_REPRESENTATION_CONTEXT(2) 
PARAMETRIC_REPRESENTATION_CONTEXT() REPRESENTATION_CONTEXT('2D SPACE',''
  ) );
#15617 = PCURVE('',#15618,#15623);
#15618 = PLANE('',#15619);
#15619 = AXIS2_PLACEMENT_3D('',#15620,#15621,#15622);
#15620 = CARTESIAN_POINT('',(0.,0.,-9.));
#15621 = DIRECTION('',(0.,0.,1.));
#15622 = DIRECTION('',(0.984807753012,0.173648177667,0.));
#15623 = DEFINITIONAL_REPRESENTATION('',(#15624),#15628);
#15624 = CIRCLE('',#15625,48.);
#15625 = AXIS2_PLACEMENT_2D('',#15626,#15627);
#15626 = CARTESIAN_POINT('',(0.,0.));
#15627 = DIRECTION('',(1.,-4.74729883959E-18));
#15628 = ( GEOMETRIC_REPRESENTATION_CONTEXT(2) 
PARAMETRIC_REPRESENTATION_CONTEXT() REPRESENTATION_CONTEXT('2D SPACE',''
  ) );
#15629 = ORIENTED_EDGE('',*,*,#15580,.T.);
#15630 = ADVANCED_FACE('',(#15631),#10549,.T.);
#15631 = FACE_BOUND('',#15632,.T.);
#15632 = EDGE_LOOP('',(#15633,#15662,#15683,#15684));
#15633 = ORIENTED_EDGE('',*,*,#15634,.T.);
#15634 = EDGE_CURVE('',#15635,#15635,#15637,.T.);
#15635 = VERTEX_POINT('',#15636);
#15636 = CARTESIAN_POINT('',(52.293291684948,9.220718234114,
    -8.367949192431));
#15637 = SURFACE_CURVE('',#15638,(#15643,#15650),.PCURVE_S1.);
#15638 = CIRCLE('',#15639,53.1);
#15639 = AXIS2_PLACEMENT_3D('',#15640,#15641,#15642);
#15640 = CARTESIAN_POINT('',(0.,0.,-8.367949192431));
#15641 = DIRECTION('',(0.,-0.,1.));
#15642 = DIRECTION('',(0.984807753012,0.173648177667,0.));
#15643 = PCURVE('',#10549,#15644);
#15644 = DEFINITIONAL_REPRESENTATION('',(#15645),#15649);
#15645 = LINE('',#15646,#15647);
#15646 = CARTESIAN_POINT('',(0.,0.));
#15647 = VECTOR('',#15648,1.);
#15648 = DIRECTION('',(1.,0.));
#15649 = ( GEOMETRIC_REPRESENTATION_CONTEXT(2) 
PARAMETRIC_REPRESENTATION_CONTEXT() REPRESENTATION_CONTEXT('2D SPACE',''
  ) );
#15650 = PCURVE('',#15651,#15656);
#15651 = CONICAL_SURFACE('',#15652,52.952847127298,1.003564319897);
#15652 = AXIS2_PLACEMENT_3D('',#15653,#15654,#15655);
#15653 = CARTESIAN_POINT('',(0.,0.,-8.461695911422));
#15654 = DIRECTION('',(0.,0.,1.));
#15655 = DIRECTION('',(0.984807753012,0.173648177667,0.));
#15656 = DEFINITIONAL_REPRESENTATION('',(#15657),#15661);
#15657 = LINE('',#15658,#15659);
#15658 = CARTESIAN_POINT('',(0.,9.374671899089E-02));
#15659 = VECTOR('',#15660,1.);
#15660 = DIRECTION('',(1.,0.));
#15661 = ( GEOMETRIC_REPRESENTATION_CONTEXT(2) 
PARAMETRIC_REPRESENTATION_CONTEXT() REPRESENTATION_CONTEXT('2D SPACE',''
  ) );
#15662 = ORIENTED_EDGE('',*,*,#15663,.T.);
#15663 = EDGE_CURVE('',#15635,#10533,#15664,.T.);
#15664 = SEAM_CURVE('',#15665,(#15669,#15676),.PCURVE_S1.);
#15665 = LINE('',#15666,#15667);
#15666 = CARTESIAN_POINT('',(52.293291684948,9.220718234114,
    -8.367949192431));
#15667 = VECTOR('',#15668,1.);
#15668 = DIRECTION('',(0.87353514552,0.154027814752,0.461748613235));
#15669 = PCURVE('',#10549,#15670);
#15670 = DEFINITIONAL_REPRESENTATION('',(#15671),#15675);
#15671 = LINE('',#15672,#15673);
#15672 = CARTESIAN_POINT('',(0.,0.));
#15673 = VECTOR('',#15674,1.);
#15674 = DIRECTION('',(0.,1.));
#15675 = ( GEOMETRIC_REPRESENTATION_CONTEXT(2) 
PARAMETRIC_REPRESENTATION_CONTEXT() REPRESENTATION_CONTEXT('2D SPACE',''
  ) );
#15676 = PCURVE('',#10549,#15677);
#15677 = DEFINITIONAL_REPRESENTATION('',(#15678),#15682);
#15678 = LINE('',#15679,#15680);
#15679 = CARTESIAN_POINT('',(6.28318530718,0.));
#15680 = VECTOR('',#15681,1.);
#15681 = DIRECTION('',(0.,1.));
#15682 = ( GEOMETRIC_REPRESENTATION_CONTEXT(2) 
PARAMETRIC_REPRESENTATION_CONTEXT() REPRESENTATION_CONTEXT('2D SPACE',''
  ) );
#15683 = ORIENTED_EDGE('',*,*,#10532,.F.);
#15684 = ORIENTED_EDGE('',*,*,#15663,.F.);
#15685 = ADVANCED_FACE('',(#15686),#10644,.F.);
#15686 = FACE_BOUND('',#15687,.F.);
#15687 = EDGE_LOOP('',(#15688,#15689,#15690,#15711));
#15688 = ORIENTED_EDGE('',*,*,#11976,.T.);
#15689 = ORIENTED_EDGE('',*,*,#10628,.T.);
#15690 = ORIENTED_EDGE('',*,*,#15691,.F.);
#15691 = EDGE_CURVE('',#11605,#10629,#15692,.T.);
#15692 = SURFACE_CURVE('',#15693,(#15697,#15704),.PCURVE_S1.);
#15693 = LINE('',#15694,#15695);
#15694 = CARTESIAN_POINT('',(48.930162187801,16.065155718993,4.));
#15695 = VECTOR('',#15696,1.);
#15696 = DIRECTION('',(0.,0.,1.));
#15697 = PCURVE('',#10644,#15698);
#15698 = DEFINITIONAL_REPRESENTATION('',(#15699),#15703);
#15699 = LINE('',#15700,#15701);
#15700 = CARTESIAN_POINT('',(1.71829960271,0.));
#15701 = VECTOR('',#15702,1.);
#15702 = DIRECTION('',(0.,-1.));
#15703 = ( GEOMETRIC_REPRESENTATION_CONTEXT(2) 
PARAMETRIC_REPRESENTATION_CONTEXT() REPRESENTATION_CONTEXT('2D SPACE',''
  ) );
#15704 = PCURVE('',#10672,#15705);
#15705 = DEFINITIONAL_REPRESENTATION('',(#15706),#15710);
#15706 = LINE('',#15707,#15708);
#15707 = CARTESIAN_POINT('',(0.,0.));
#15708 = VECTOR('',#15709,1.);
#15709 = DIRECTION('',(0.,-1.));
#15710 = ( GEOMETRIC_REPRESENTATION_CONTEXT(2) 
PARAMETRIC_REPRESENTATION_CONTEXT() REPRESENTATION_CONTEXT('2D SPACE',''
  ) );
#15711 = ORIENTED_EDGE('',*,*,#11604,.F.);
#15712 = ADVANCED_FACE('',(#15713),#10672,.F.);
#15713 = FACE_BOUND('',#15714,.F.);
#15714 = EDGE_LOOP('',(#15715,#15716,#15717,#15738));
#15715 = ORIENTED_EDGE('',*,*,#15691,.T.);
#15716 = ORIENTED_EDGE('',*,*,#10656,.T.);
#15717 = ORIENTED_EDGE('',*,*,#15718,.F.);
#15718 = EDGE_CURVE('',#11628,#10657,#15719,.T.);
#15719 = SURFACE_CURVE('',#15720,(#15724,#15731),.PCURVE_S1.);
#15720 = LINE('',#15721,#15722);
#15721 = CARTESIAN_POINT('',(49.438867007806,14.423883977087,4.));
#15722 = VECTOR('',#15723,1.);
#15723 = DIRECTION('',(0.,0.,1.));
#15724 = PCURVE('',#10672,#15725);
#15725 = DEFINITIONAL_REPRESENTATION('',(#15726),#15730);
#15726 = LINE('',#15727,#15728);
#15727 = CARTESIAN_POINT('',(1.71829960271,0.));
#15728 = VECTOR('',#15729,1.);
#15729 = DIRECTION('',(0.,-1.));
#15730 = ( GEOMETRIC_REPRESENTATION_CONTEXT(2) 
PARAMETRIC_REPRESENTATION_CONTEXT() REPRESENTATION_CONTEXT('2D SPACE',''
  ) );
#15731 = PCURVE('',#10700,#15732);
#15732 = DEFINITIONAL_REPRESENTATION('',(#15733),#15737);
#15733 = LINE('',#15734,#15735);
#15734 = CARTESIAN_POINT('',(0.,0.));
#15735 = VECTOR('',#15736,1.);
#15736 = DIRECTION('',(0.,-1.));
#15737 = ( GEOMETRIC_REPRESENTATION_CONTEXT(2) 
PARAMETRIC_REPRESENTATION_CONTEXT() REPRESENTATION_CONTEXT('2D SPACE',''
  ) );
#15738 = ORIENTED_EDGE('',*,*,#11627,.F.);
#15739 = ADVANCED_FACE('',(#15740),#10700,.F.);
#15740 = FACE_BOUND('',#15741,.F.);
#15741 = EDGE_LOOP('',(#15742,#15743,#15744,#15765));
#15742 = ORIENTED_EDGE('',*,*,#15718,.T.);
#15743 = ORIENTED_EDGE('',*,*,#10684,.T.);
#15744 = ORIENTED_EDGE('',*,*,#15745,.F.);
#15745 = EDGE_CURVE('',#11651,#10685,#15746,.T.);
#15746 = SURFACE_CURVE('',#15747,(#15751,#15758),.PCURVE_S1.);
#15747 = LINE('',#15748,#15749);
#15748 = CARTESIAN_POINT('',(49.892535198142,12.766555193245,4.));
#15749 = VECTOR('',#15750,1.);
#15750 = DIRECTION('',(0.,0.,1.));
#15751 = PCURVE('',#10700,#15752);
#15752 = DEFINITIONAL_REPRESENTATION('',(#15753),#15757);
#15753 = LINE('',#15754,#15755);
#15754 = CARTESIAN_POINT('',(1.71829960271,0.));
#15755 = VECTOR('',#15756,1.);
#15756 = DIRECTION('',(0.,-1.));
#15757 = ( GEOMETRIC_REPRESENTATION_CONTEXT(2) 
PARAMETRIC_REPRESENTATION_CONTEXT() REPRESENTATION_CONTEXT('2D SPACE',''
  ) );
#15758 = PCURVE('',#10728,#15759);
#15759 = DEFINITIONAL_REPRESENTATION('',(#15760),#15764);
#15760 = LINE('',#15761,#15762);
#15761 = CARTESIAN_POINT('',(0.,0.));
#15762 = VECTOR('',#15763,1.);
#15763 = DIRECTION('',(0.,-1.));
#15764 = ( GEOMETRIC_REPRESENTATION_CONTEXT(2) 
PARAMETRIC_REPRESENTATION_CONTEXT() REPRESENTATION_CONTEXT('2D SPACE',''
  ) );
#15765 = ORIENTED_EDGE('',*,*,#11650,.F.);
#15766 = ADVANCED_FACE('',(#15767),#10728,.F.);
#15767 = FACE_BOUND('',#15768,.F.);
#15768 = EDGE_LOOP('',(#15769,#15770,#15771,#15792));
#15769 = ORIENTED_EDGE('',*,*,#15745,.T.);
#15770 = ORIENTED_EDGE('',*,*,#10712,.T.);
#15771 = ORIENTED_EDGE('',*,*,#15772,.F.);
#15772 = EDGE_CURVE('',#11674,#10713,#15773,.T.);
#15773 = SURFACE_CURVE('',#15774,(#15778,#15785),.PCURVE_S1.);
#15774 = LINE('',#15775,#15776);
#15775 = CARTESIAN_POINT('',(50.290661723607,11.095014348875,4.));
#15776 = VECTOR('',#15777,1.);
#15777 = DIRECTION('',(0.,0.,1.));
#15778 = PCURVE('',#10728,#15779);
#15779 = DEFINITIONAL_REPRESENTATION('',(#15780),#15784);
#15780 = LINE('',#15781,#15782);
#15781 = CARTESIAN_POINT('',(1.71829960271,0.));
#15782 = VECTOR('',#15783,1.);
#15783 = DIRECTION('',(0.,-1.));
#15784 = ( GEOMETRIC_REPRESENTATION_CONTEXT(2) 
PARAMETRIC_REPRESENTATION_CONTEXT() REPRESENTATION_CONTEXT('2D SPACE',''
  ) );
#15785 = PCURVE('',#10756,#15786);
#15786 = DEFINITIONAL_REPRESENTATION('',(#15787),#15791);
#15787 = LINE('',#15788,#15789);
#15788 = CARTESIAN_POINT('',(0.,0.));
#15789 = VECTOR('',#15790,1.);
#15790 = DIRECTION('',(0.,-1.));
#15791 = ( GEOMETRIC_REPRESENTATION_CONTEXT(2) 
PARAMETRIC_REPRESENTATION_CONTEXT() REPRESENTATION_CONTEXT('2D SPACE',''
  ) );
#15792 = ORIENTED_EDGE('',*,*,#11673,.F.);
#15793 = ADVANCED_FACE('',(#15794),#10756,.F.);
#15794 = FACE_BOUND('',#15795,.F.);
#15795 = EDGE_LOOP('',(#15796,#15797,#15798,#15819));
#15796 = ORIENTED_EDGE('',*,*,#15772,.T.);
#15797 = ORIENTED_EDGE('',*,*,#10740,.T.);
#15798 = ORIENTED_EDGE('',*,*,#15799,.F.);
#15799 = EDGE_CURVE('',#11697,#10741,#15800,.T.);
#15800 = SURFACE_CURVE('',#15801,(#15805,#15812),.PCURVE_S1.);
#15801 = LINE('',#15802,#15803);
#15802 = CARTESIAN_POINT('',(50.632803379421,9.411122246621,4.));
#15803 = VECTOR('',#15804,1.);
#15804 = DIRECTION('',(0.,0.,1.));
#15805 = PCURVE('',#10756,#15806);
#15806 = DEFINITIONAL_REPRESENTATION('',(#15807),#15811);
#15807 = LINE('',#15808,#15809);
#15808 = CARTESIAN_POINT('',(1.71829960271,0.));
#15809 = VECTOR('',#15810,1.);
#15810 = DIRECTION('',(0.,-1.));
#15811 = ( GEOMETRIC_REPRESENTATION_CONTEXT(2) 
PARAMETRIC_REPRESENTATION_CONTEXT() REPRESENTATION_CONTEXT('2D SPACE',''
  ) );
#15812 = PCURVE('',#10784,#15813);
#15813 = DEFINITIONAL_REPRESENTATION('',(#15814),#15818);
#15814 = LINE('',#15815,#15816);
#15815 = CARTESIAN_POINT('',(0.,0.));
#15816 = VECTOR('',#15817,1.);
#15817 = DIRECTION('',(0.,-1.));
#15818 = ( GEOMETRIC_REPRESENTATION_CONTEXT(2) 
PARAMETRIC_REPRESENTATION_CONTEXT() REPRESENTATION_CONTEXT('2D SPACE',''
  ) );
#15819 = ORIENTED_EDGE('',*,*,#11696,.F.);
#15820 = ADVANCED_FACE('',(#15821),#10784,.F.);
#15821 = FACE_BOUND('',#15822,.F.);
#15822 = EDGE_LOOP('',(#15823,#15824,#15825,#15846));
#15823 = ORIENTED_EDGE('',*,*,#15799,.T.);
#15824 = ORIENTED_EDGE('',*,*,#10768,.T.);
#15825 = ORIENTED_EDGE('',*,*,#15826,.F.);
#15826 = EDGE_CURVE('',#11720,#10769,#15827,.T.);
#15827 = SURFACE_CURVE('',#15828,(#15832,#15839),.PCURVE_S1.);
#15828 = LINE('',#15829,#15830);
#15829 = CARTESIAN_POINT('',(50.918579284616,7.716753438869,4.));
#15830 = VECTOR('',#15831,1.);
#15831 = DIRECTION('',(0.,0.,1.));
#15832 = PCURVE('',#10784,#15833);
#15833 = DEFINITIONAL_REPRESENTATION('',(#15834),#15838);
#15834 = LINE('',#15835,#15836);
#15835 = CARTESIAN_POINT('',(1.71829960271,0.));
#15836 = VECTOR('',#15837,1.);
#15837 = DIRECTION('',(0.,-1.));
#15838 = ( GEOMETRIC_REPRESENTATION_CONTEXT(2) 
PARAMETRIC_REPRESENTATION_CONTEXT() REPRESENTATION_CONTEXT('2D SPACE',''
  ) );
#15839 = PCURVE('',#10812,#15840);
#15840 = DEFINITIONAL_REPRESENTATION('',(#15841),#15845);
#15841 = LINE('',#15842,#15843);
#15842 = CARTESIAN_POINT('',(0.,0.));
#15843 = VECTOR('',#15844,1.);
#15844 = DIRECTION('',(0.,-1.));
#15845 = ( GEOMETRIC_REPRESENTATION_CONTEXT(2) 
PARAMETRIC_REPRESENTATION_CONTEXT() REPRESENTATION_CONTEXT('2D SPACE',''
  ) );
#15846 = ORIENTED_EDGE('',*,*,#11719,.F.);
#15847 = ADVANCED_FACE('',(#15848),#10812,.F.);
#15848 = FACE_BOUND('',#15849,.F.);
#15849 = EDGE_LOOP('',(#15850,#15851,#15852,#15873));
#15850 = ORIENTED_EDGE('',*,*,#15826,.T.);
#15851 = ORIENTED_EDGE('',*,*,#10796,.T.);
#15852 = ORIENTED_EDGE('',*,*,#15853,.F.);
#15853 = EDGE_CURVE('',#11743,#10797,#15854,.T.);
#15854 = SURFACE_CURVE('',#15855,(#15859,#15866),.PCURVE_S1.);
#15855 = LINE('',#15856,#15857);
#15856 = CARTESIAN_POINT('',(51.147671306037,6.013794140942,4.));
#15857 = VECTOR('',#15858,1.);
#15858 = DIRECTION('',(0.,0.,1.));
#15859 = PCURVE('',#10812,#15860);
#15860 = DEFINITIONAL_REPRESENTATION('',(#15861),#15865);
#15861 = LINE('',#15862,#15863);
#15862 = CARTESIAN_POINT('',(1.71829960271,0.));
#15863 = VECTOR('',#15864,1.);
#15864 = DIRECTION('',(0.,-1.));
#15865 = ( GEOMETRIC_REPRESENTATION_CONTEXT(2) 
PARAMETRIC_REPRESENTATION_CONTEXT() REPRESENTATION_CONTEXT('2D SPACE',''
  ) );
#15866 = PCURVE('',#10840,#15867);
#15867 = DEFINITIONAL_REPRESENTATION('',(#15868),#15872);
#15868 = LINE('',#15869,#15870);
#15869 = CARTESIAN_POINT('',(0.,0.));
#15870 = VECTOR('',#15871,1.);
#15871 = DIRECTION('',(0.,-1.));
#15872 = ( GEOMETRIC_REPRESENTATION_CONTEXT(2) 
PARAMETRIC_REPRESENTATION_CONTEXT() REPRESENTATION_CONTEXT('2D SPACE',''
  ) );
#15873 = ORIENTED_EDGE('',*,*,#11742,.F.);
#15874 = ADVANCED_FACE('',(#15875),#10840,.F.);
#15875 = FACE_BOUND('',#15876,.F.);
#15876 = EDGE_LOOP('',(#15877,#15878,#15879,#15900));
#15877 = ORIENTED_EDGE('',*,*,#15853,.T.);
#15878 = ORIENTED_EDGE('',*,*,#10824,.T.);
#15879 = ORIENTED_EDGE('',*,*,#15880,.F.);
#15880 = EDGE_CURVE('',#11766,#10825,#15881,.T.);
#15881 = SURFACE_CURVE('',#15882,(#15886,#15893),.PCURVE_S1.);
#15882 = LINE('',#15883,#15884);
#15883 = CARTESIAN_POINT('',(51.319824412501,4.304140131322,4.));
#15884 = VECTOR('',#15885,1.);
#15885 = DIRECTION('',(0.,0.,1.));
#15886 = PCURVE('',#10840,#15887);
#15887 = DEFINITIONAL_REPRESENTATION('',(#15888),#15892);
#15888 = LINE('',#15889,#15890);
#15889 = CARTESIAN_POINT('',(1.71829960271,0.));
#15890 = VECTOR('',#15891,1.);
#15891 = DIRECTION('',(0.,-1.));
#15892 = ( GEOMETRIC_REPRESENTATION_CONTEXT(2) 
PARAMETRIC_REPRESENTATION_CONTEXT() REPRESENTATION_CONTEXT('2D SPACE',''
  ) );
#15893 = PCURVE('',#10868,#15894);
#15894 = DEFINITIONAL_REPRESENTATION('',(#15895),#15899);
#15895 = LINE('',#15896,#15897);
#15896 = CARTESIAN_POINT('',(0.,0.));
#15897 = VECTOR('',#15898,1.);
#15898 = DIRECTION('',(0.,-1.));
#15899 = ( GEOMETRIC_REPRESENTATION_CONTEXT(2) 
PARAMETRIC_REPRESENTATION_CONTEXT() REPRESENTATION_CONTEXT('2D SPACE',''
  ) );
#15900 = ORIENTED_EDGE('',*,*,#11765,.F.);
#15901 = ADVANCED_FACE('',(#15902),#10868,.F.);
#15902 = FACE_BOUND('',#15903,.F.);
#15903 = EDGE_LOOP('',(#15904,#15905,#15906,#15927));
#15904 = ORIENTED_EDGE('',*,*,#15880,.T.);
#15905 = ORIENTED_EDGE('',*,*,#10852,.T.);
#15906 = ORIENTED_EDGE('',*,*,#15907,.F.);
#15907 = EDGE_CURVE('',#11789,#10853,#15908,.T.);
#15908 = SURFACE_CURVE('',#15909,(#15913,#15920),.PCURVE_S1.);
#15909 = LINE('',#15910,#15911);
#15910 = CARTESIAN_POINT('',(51.434846958704,2.589694641217,4.));
#15911 = VECTOR('',#15912,1.);
#15912 = DIRECTION('',(0.,0.,1.));
#15913 = PCURVE('',#10868,#15914);
#15914 = DEFINITIONAL_REPRESENTATION('',(#15915),#15919);
#15915 = LINE('',#15916,#15917);
#15916 = CARTESIAN_POINT('',(1.71829960271,0.));
#15917 = VECTOR('',#15918,1.);
#15918 = DIRECTION('',(0.,-1.));
#15919 = ( GEOMETRIC_REPRESENTATION_CONTEXT(2) 
PARAMETRIC_REPRESENTATION_CONTEXT() REPRESENTATION_CONTEXT('2D SPACE',''
  ) );
#15920 = PCURVE('',#10896,#15921);
#15921 = DEFINITIONAL_REPRESENTATION('',(#15922),#15926);
#15922 = LINE('',#15923,#15924);
#15923 = CARTESIAN_POINT('',(0.,0.));
#15924 = VECTOR('',#15925,1.);
#15925 = DIRECTION('',(0.,-1.));
#15926 = ( GEOMETRIC_REPRESENTATION_CONTEXT(2) 
PARAMETRIC_REPRESENTATION_CONTEXT() REPRESENTATION_CONTEXT('2D SPACE',''
  ) );
#15927 = ORIENTED_EDGE('',*,*,#11788,.F.);
#15928 = ADVANCED_FACE('',(#15929),#10896,.F.);
#15929 = FACE_BOUND('',#15930,.F.);
#15930 = EDGE_LOOP('',(#15931,#15932,#15933,#15954));
#15931 = ORIENTED_EDGE('',*,*,#15907,.T.);
#15932 = ORIENTED_EDGE('',*,*,#10880,.T.);
#15933 = ORIENTED_EDGE('',*,*,#15934,.F.);
#15934 = EDGE_CURVE('',#11812,#10881,#15935,.T.);
#15935 = SURFACE_CURVE('',#15936,(#15940,#15947),.PCURVE_S1.);
#15936 = LINE('',#15937,#15938);
#15937 = CARTESIAN_POINT('',(51.492610898561,0.872366235836,4.));
#15938 = VECTOR('',#15939,1.);
#15939 = DIRECTION('',(0.,0.,1.));
#15940 = PCURVE('',#10896,#15941);
#15941 = DEFINITIONAL_REPRESENTATION('',(#15942),#15946);
#15942 = LINE('',#15943,#15944);
#15943 = CARTESIAN_POINT('',(1.71829960271,0.));
#15944 = VECTOR('',#15945,1.);
#15945 = DIRECTION('',(0.,-1.));
#15946 = ( GEOMETRIC_REPRESENTATION_CONTEXT(2) 
PARAMETRIC_REPRESENTATION_CONTEXT() REPRESENTATION_CONTEXT('2D SPACE',''
  ) );
#15947 = PCURVE('',#10924,#15948);
#15948 = DEFINITIONAL_REPRESENTATION('',(#15949),#15953);
#15949 = LINE('',#15950,#15951);
#15950 = CARTESIAN_POINT('',(0.,0.));
#15951 = VECTOR('',#15952,1.);
#15952 = DIRECTION('',(0.,-1.));
#15953 = ( GEOMETRIC_REPRESENTATION_CONTEXT(2) 
PARAMETRIC_REPRESENTATION_CONTEXT() REPRESENTATION_CONTEXT('2D SPACE',''
  ) );
#15954 = ORIENTED_EDGE('',*,*,#11811,.F.);
#15955 = ADVANCED_FACE('',(#15956),#10924,.F.);
#15956 = FACE_BOUND('',#15957,.F.);
#15957 = EDGE_LOOP('',(#15958,#15959,#15960,#15981));
#15958 = ORIENTED_EDGE('',*,*,#15934,.T.);
#15959 = ORIENTED_EDGE('',*,*,#10908,.T.);
#15960 = ORIENTED_EDGE('',*,*,#15961,.F.);
#15961 = EDGE_CURVE('',#11835,#10909,#15962,.T.);
#15962 = SURFACE_CURVE('',#15963,(#15967,#15974),.PCURVE_S1.);
#15963 = LINE('',#15964,#15965);
#15964 = CARTESIAN_POINT('',(51.493051927756,-0.845933310276,4.));
#15965 = VECTOR('',#15966,1.);
#15966 = DIRECTION('',(0.,0.,1.));
#15967 = PCURVE('',#10924,#15968);
#15968 = DEFINITIONAL_REPRESENTATION('',(#15969),#15973);
#15969 = LINE('',#15970,#15971);
#15970 = CARTESIAN_POINT('',(1.71829960271,0.));
#15971 = VECTOR('',#15972,1.);
#15972 = DIRECTION('',(0.,-1.));
#15973 = ( GEOMETRIC_REPRESENTATION_CONTEXT(2) 
PARAMETRIC_REPRESENTATION_CONTEXT() REPRESENTATION_CONTEXT('2D SPACE',''
  ) );
#15974 = PCURVE('',#10952,#15975);
#15975 = DEFINITIONAL_REPRESENTATION('',(#15976),#15980);
#15976 = LINE('',#15977,#15978);
#15977 = CARTESIAN_POINT('',(0.,0.));
#15978 = VECTOR('',#15979,1.);
#15979 = DIRECTION('',(0.,-1.));
#15980 = ( GEOMETRIC_REPRESENTATION_CONTEXT(2) 
PARAMETRIC_REPRESENTATION_CONTEXT() REPRESENTATION_CONTEXT('2D SPACE',''
  ) );
#15981 = ORIENTED_EDGE('',*,*,#11834,.F.);
#15982 = ADVANCED_FACE('',(#15983),#10952,.F.);
#15983 = FACE_BOUND('',#15984,.F.);
#15984 = EDGE_LOOP('',(#15985,#15986,#15987,#16008));
#15985 = ORIENTED_EDGE('',*,*,#15961,.T.);
#15986 = ORIENTED_EDGE('',*,*,#10936,.T.);
#15987 = ORIENTED_EDGE('',*,*,#15988,.F.);
#15988 = EDGE_CURVE('',#11858,#10937,#15989,.T.);
#15989 = SURFACE_CURVE('',#15990,(#15994,#16001),.PCURVE_S1.);
#15990 = LINE('',#15991,#15992);
#15991 = CARTESIAN_POINT('',(51.436169555324,-2.563291141475,4.));
#15992 = VECTOR('',#15993,1.);
#15993 = DIRECTION('',(0.,0.,1.));
#15994 = PCURVE('',#10952,#15995);
#15995 = DEFINITIONAL_REPRESENTATION('',(#15996),#16000);
#15996 = LINE('',#15997,#15998);
#15997 = CARTESIAN_POINT('',(1.71829960271,-0.));
#15998 = VECTOR('',#15999,1.);
#15999 = DIRECTION('',(0.,-1.));
#16000 = ( GEOMETRIC_REPRESENTATION_CONTEXT(2) 
PARAMETRIC_REPRESENTATION_CONTEXT() REPRESENTATION_CONTEXT('2D SPACE',''
  ) );
#16001 = PCURVE('',#10980,#16002);
#16002 = DEFINITIONAL_REPRESENTATION('',(#16003),#16007);
#16003 = LINE('',#16004,#16005);
#16004 = CARTESIAN_POINT('',(0.,0.));
#16005 = VECTOR('',#16006,1.);
#16006 = DIRECTION('',(0.,-1.));
#16007 = ( GEOMETRIC_REPRESENTATION_CONTEXT(2) 
PARAMETRIC_REPRESENTATION_CONTEXT() REPRESENTATION_CONTEXT('2D SPACE',''
  ) );
#16008 = ORIENTED_EDGE('',*,*,#11857,.F.);
#16009 = ADVANCED_FACE('',(#16010),#10980,.F.);
#16010 = FACE_BOUND('',#16011,.F.);
#16011 = EDGE_LOOP('',(#16012,#16013,#16014,#16035));
#16012 = ORIENTED_EDGE('',*,*,#15988,.T.);
#16013 = ORIENTED_EDGE('',*,*,#10964,.T.);
#16014 = ORIENTED_EDGE('',*,*,#16015,.F.);
#16015 = EDGE_CURVE('',#11881,#10965,#16016,.T.);
#16016 = SURFACE_CURVE('',#16017,(#16021,#16028),.PCURVE_S1.);
#16017 = LINE('',#16018,#16019);
#16018 = CARTESIAN_POINT('',(51.322027104198,-4.277795450459,4.));
#16019 = VECTOR('',#16020,1.);
#16020 = DIRECTION('',(0.,0.,1.));
#16021 = PCURVE('',#10980,#16022);
#16022 = DEFINITIONAL_REPRESENTATION('',(#16023),#16027);
#16023 = LINE('',#16024,#16025);
#16024 = CARTESIAN_POINT('',(1.71829960271,-0.));
#16025 = VECTOR('',#16026,1.);
#16026 = DIRECTION('',(0.,-1.));
#16027 = ( GEOMETRIC_REPRESENTATION_CONTEXT(2) 
PARAMETRIC_REPRESENTATION_CONTEXT() REPRESENTATION_CONTEXT('2D SPACE',''
  ) );
#16028 = PCURVE('',#11008,#16029);
#16029 = DEFINITIONAL_REPRESENTATION('',(#16030),#16034);
#16030 = LINE('',#16031,#16032);
#16031 = CARTESIAN_POINT('',(0.,0.));
#16032 = VECTOR('',#16033,1.);
#16033 = DIRECTION('',(0.,-1.));
#16034 = ( GEOMETRIC_REPRESENTATION_CONTEXT(2) 
PARAMETRIC_REPRESENTATION_CONTEXT() REPRESENTATION_CONTEXT('2D SPACE',''
  ) );
#16035 = ORIENTED_EDGE('',*,*,#11880,.F.);
#16036 = ADVANCED_FACE('',(#16037),#11008,.F.);
#16037 = FACE_BOUND('',#16038,.F.);
#16038 = EDGE_LOOP('',(#16039,#16040,#16041,#16062));
#16039 = ORIENTED_EDGE('',*,*,#16015,.T.);
#16040 = ORIENTED_EDGE('',*,*,#10992,.T.);
#16041 = ORIENTED_EDGE('',*,*,#16042,.F.);
#16042 = EDGE_CURVE('',#11904,#10993,#16043,.T.);
#16043 = SURFACE_CURVE('',#16044,(#16048,#16055),.PCURVE_S1.);
#16044 = LINE('',#16045,#16046);
#16045 = CARTESIAN_POINT('',(51.150751640716,-5.987537606541,4.));
#16046 = VECTOR('',#16047,1.);
#16047 = DIRECTION('',(0.,0.,1.));
#16048 = PCURVE('',#11008,#16049);
#16049 = DEFINITIONAL_REPRESENTATION('',(#16050),#16054);
#16050 = LINE('',#16051,#16052);
#16051 = CARTESIAN_POINT('',(1.71829960271,-0.));
#16052 = VECTOR('',#16053,1.);
#16053 = DIRECTION('',(0.,-1.));
#16054 = ( GEOMETRIC_REPRESENTATION_CONTEXT(2) 
PARAMETRIC_REPRESENTATION_CONTEXT() REPRESENTATION_CONTEXT('2D SPACE',''
  ) );
#16055 = PCURVE('',#11036,#16056);
#16056 = DEFINITIONAL_REPRESENTATION('',(#16057),#16061);
#16057 = LINE('',#16058,#16059);
#16058 = CARTESIAN_POINT('',(0.,0.));
#16059 = VECTOR('',#16060,1.);
#16060 = DIRECTION('',(0.,-1.));
#16061 = ( GEOMETRIC_REPRESENTATION_CONTEXT(2) 
PARAMETRIC_REPRESENTATION_CONTEXT() REPRESENTATION_CONTEXT('2D SPACE',''
  ) );
#16062 = ORIENTED_EDGE('',*,*,#11903,.F.);
#16063 = ADVANCED_FACE('',(#16064),#11036,.F.);
#16064 = FACE_BOUND('',#16065,.F.);
#16065 = EDGE_LOOP('',(#16066,#16067,#16068,#16069));
#16066 = ORIENTED_EDGE('',*,*,#16042,.T.);
#16067 = ORIENTED_EDGE('',*,*,#11020,.T.);
#16068 = ORIENTED_EDGE('',*,*,#15329,.F.);
#16069 = ORIENTED_EDGE('',*,*,#11926,.F.);
#16070 = ADVANCED_FACE('',(#16071),#12019,.F.);
#16071 = FACE_BOUND('',#16072,.F.);
#16072 = EDGE_LOOP('',(#16073,#16094,#16095,#16096));
#16073 = ORIENTED_EDGE('',*,*,#16074,.T.);
#16074 = EDGE_CURVE('',#12811,#13205,#16075,.T.);
#16075 = SURFACE_CURVE('',#16076,(#16080,#16087),.PCURVE_S1.);
#16076 = LINE('',#16077,#16078);
#16077 = CARTESIAN_POINT('',(-20.39001614697,47.2916191468,4.));
#16078 = VECTOR('',#16079,1.);
#16079 = DIRECTION('',(0.,0.,1.));
#16080 = PCURVE('',#12019,#16081);
#16081 = DEFINITIONAL_REPRESENTATION('',(#16082),#16086);
#16082 = LINE('',#16083,#16084);
#16083 = CARTESIAN_POINT('',(0.,0.));
#16084 = VECTOR('',#16085,1.);
#16085 = DIRECTION('',(0.,-1.));
#16086 = ( GEOMETRIC_REPRESENTATION_CONTEXT(2) 
PARAMETRIC_REPRESENTATION_CONTEXT() REPRESENTATION_CONTEXT('2D SPACE',''
  ) );
#16087 = PCURVE('',#12826,#16088);
#16088 = DEFINITIONAL_REPRESENTATION('',(#16089),#16093);
#16089 = LINE('',#16090,#16091);
#16090 = CARTESIAN_POINT('',(1.71829960271,0.));
#16091 = VECTOR('',#16092,1.);
#16092 = DIRECTION('',(0.,-1.));
#16093 = ( GEOMETRIC_REPRESENTATION_CONTEXT(2) 
PARAMETRIC_REPRESENTATION_CONTEXT() REPRESENTATION_CONTEXT('2D SPACE',''
  ) );
#16094 = ORIENTED_EDGE('',*,*,#13227,.T.);
#16095 = ORIENTED_EDGE('',*,*,#12001,.F.);
#16096 = ORIENTED_EDGE('',*,*,#12838,.F.);
#16097 = ADVANCED_FACE('',(#16098),#12462,.F.);
#16098 = FACE_BOUND('',#16099,.F.);
#16099 = EDGE_LOOP('',(#16100,#16101,#16102,#16123));
#16100 = ORIENTED_EDGE('',*,*,#13640,.T.);
#16101 = ORIENTED_EDGE('',*,*,#12905,.T.);
#16102 = ORIENTED_EDGE('',*,*,#16103,.F.);
#16103 = EDGE_CURVE('',#12447,#12906,#16104,.T.);
#16104 = SURFACE_CURVE('',#16105,(#16109,#16116),.PCURVE_S1.);
#16105 = LINE('',#16106,#16107);
#16106 = CARTESIAN_POINT('',(-38.3779140623,34.342185606432,4.));
#16107 = VECTOR('',#16108,1.);
#16108 = DIRECTION('',(0.,0.,1.));
#16109 = PCURVE('',#12462,#16110);
#16110 = DEFINITIONAL_REPRESENTATION('',(#16111),#16115);
#16111 = LINE('',#16112,#16113);
#16112 = CARTESIAN_POINT('',(1.71829960271,0.));
#16113 = VECTOR('',#16114,1.);
#16114 = DIRECTION('',(0.,-1.));
#16115 = ( GEOMETRIC_REPRESENTATION_CONTEXT(2) 
PARAMETRIC_REPRESENTATION_CONTEXT() REPRESENTATION_CONTEXT('2D SPACE',''
  ) );
#16116 = PCURVE('',#12490,#16117);
#16117 = DEFINITIONAL_REPRESENTATION('',(#16118),#16122);
#16118 = LINE('',#16119,#16120);
#16119 = CARTESIAN_POINT('',(0.,0.));
#16120 = VECTOR('',#16121,1.);
#16121 = DIRECTION('',(0.,-1.));
#16122 = ( GEOMETRIC_REPRESENTATION_CONTEXT(2) 
PARAMETRIC_REPRESENTATION_CONTEXT() REPRESENTATION_CONTEXT('2D SPACE',''
  ) );
#16123 = ORIENTED_EDGE('',*,*,#12446,.F.);
#16124 = ADVANCED_FACE('',(#16125),#12490,.F.);
#16125 = FACE_BOUND('',#16126,.F.);
#16126 = EDGE_LOOP('',(#16127,#16128,#16129,#16150));
#16127 = ORIENTED_EDGE('',*,*,#16103,.T.);
#16128 = ORIENTED_EDGE('',*,*,#12928,.T.);
#16129 = ORIENTED_EDGE('',*,*,#16130,.F.);
#16130 = EDGE_CURVE('',#12475,#12929,#16131,.T.);
#16131 = SURFACE_CURVE('',#16132,(#16136,#16143),.PCURVE_S1.);
#16132 = LINE('',#16133,#16134);
#16133 = CARTESIAN_POINT('',(-37.2108834493,35.603372774537,4.));
#16134 = VECTOR('',#16135,1.);
#16135 = DIRECTION('',(0.,0.,1.));
#16136 = PCURVE('',#12490,#16137);
#16137 = DEFINITIONAL_REPRESENTATION('',(#16138),#16142);
#16138 = LINE('',#16139,#16140);
#16139 = CARTESIAN_POINT('',(1.71829960271,0.));
#16140 = VECTOR('',#16141,1.);
#16141 = DIRECTION('',(0.,-1.));
#16142 = ( GEOMETRIC_REPRESENTATION_CONTEXT(2) 
PARAMETRIC_REPRESENTATION_CONTEXT() REPRESENTATION_CONTEXT('2D SPACE',''
  ) );
#16143 = PCURVE('',#12518,#16144);
#16144 = DEFINITIONAL_REPRESENTATION('',(#16145),#16149);
#16145 = LINE('',#16146,#16147);
#16146 = CARTESIAN_POINT('',(0.,0.));
#16147 = VECTOR('',#16148,1.);
#16148 = DIRECTION('',(0.,-1.));
#16149 = ( GEOMETRIC_REPRESENTATION_CONTEXT(2) 
PARAMETRIC_REPRESENTATION_CONTEXT() REPRESENTATION_CONTEXT('2D SPACE',''
  ) );
#16150 = ORIENTED_EDGE('',*,*,#12474,.F.);
#16151 = ADVANCED_FACE('',(#16152),#12518,.F.);
#16152 = FACE_BOUND('',#16153,.F.);
#16153 = EDGE_LOOP('',(#16154,#16155,#16156,#16177));
#16154 = ORIENTED_EDGE('',*,*,#16130,.T.);
#16155 = ORIENTED_EDGE('',*,*,#12951,.T.);
#16156 = ORIENTED_EDGE('',*,*,#16157,.F.);
#16157 = EDGE_CURVE('',#12503,#12952,#16158,.T.);
#16158 = SURFACE_CURVE('',#16159,(#16163,#16170),.PCURVE_S1.);
#16159 = LINE('',#16160,#16161);
#16160 = CARTESIAN_POINT('',(-36.00242871523,36.824925344178,4.));
#16161 = VECTOR('',#16162,1.);
#16162 = DIRECTION('',(0.,0.,1.));
#16163 = PCURVE('',#12518,#16164);
#16164 = DEFINITIONAL_REPRESENTATION('',(#16165),#16169);
#16165 = LINE('',#16166,#16167);
#16166 = CARTESIAN_POINT('',(1.71829960271,0.));
#16167 = VECTOR('',#16168,1.);
#16168 = DIRECTION('',(0.,-1.));
#16169 = ( GEOMETRIC_REPRESENTATION_CONTEXT(2) 
PARAMETRIC_REPRESENTATION_CONTEXT() REPRESENTATION_CONTEXT('2D SPACE',''
  ) );
#16170 = PCURVE('',#12546,#16171);
#16171 = DEFINITIONAL_REPRESENTATION('',(#16172),#16176);
#16172 = LINE('',#16173,#16174);
#16173 = CARTESIAN_POINT('',(0.,0.));
#16174 = VECTOR('',#16175,1.);
#16175 = DIRECTION('',(0.,-1.));
#16176 = ( GEOMETRIC_REPRESENTATION_CONTEXT(2) 
PARAMETRIC_REPRESENTATION_CONTEXT() REPRESENTATION_CONTEXT('2D SPACE',''
  ) );
#16177 = ORIENTED_EDGE('',*,*,#12502,.F.);
#16178 = ADVANCED_FACE('',(#16179),#12546,.F.);
#16179 = FACE_BOUND('',#16180,.F.);
#16180 = EDGE_LOOP('',(#16181,#16182,#16183,#16204));
#16181 = ORIENTED_EDGE('',*,*,#16157,.T.);
#16182 = ORIENTED_EDGE('',*,*,#12974,.T.);
#16183 = ORIENTED_EDGE('',*,*,#16184,.F.);
#16184 = EDGE_CURVE('',#12531,#12975,#16185,.T.);
#16185 = SURFACE_CURVE('',#16186,(#16190,#16197),.PCURVE_S1.);
#16186 = LINE('',#16187,#16188);
#16187 = CARTESIAN_POINT('',(-34.75389514328,38.005483451336,4.));
#16188 = VECTOR('',#16189,1.);
#16189 = DIRECTION('',(0.,0.,1.));
#16190 = PCURVE('',#12546,#16191);
#16191 = DEFINITIONAL_REPRESENTATION('',(#16192),#16196);
#16192 = LINE('',#16193,#16194);
#16193 = CARTESIAN_POINT('',(1.71829960271,0.));
#16194 = VECTOR('',#16195,1.);
#16195 = DIRECTION('',(0.,-1.));
#16196 = ( GEOMETRIC_REPRESENTATION_CONTEXT(2) 
PARAMETRIC_REPRESENTATION_CONTEXT() REPRESENTATION_CONTEXT('2D SPACE',''
  ) );
#16197 = PCURVE('',#12574,#16198);
#16198 = DEFINITIONAL_REPRESENTATION('',(#16199),#16203);
#16199 = LINE('',#16200,#16201);
#16200 = CARTESIAN_POINT('',(0.,0.));
#16201 = VECTOR('',#16202,1.);
#16202 = DIRECTION('',(0.,-1.));
#16203 = ( GEOMETRIC_REPRESENTATION_CONTEXT(2) 
PARAMETRIC_REPRESENTATION_CONTEXT() REPRESENTATION_CONTEXT('2D SPACE',''
  ) );
#16204 = ORIENTED_EDGE('',*,*,#12530,.F.);
#16205 = ADVANCED_FACE('',(#16206),#12574,.F.);
#16206 = FACE_BOUND('',#16207,.F.);
#16207 = EDGE_LOOP('',(#16208,#16209,#16210,#16231));
#16208 = ORIENTED_EDGE('',*,*,#16184,.T.);
#16209 = ORIENTED_EDGE('',*,*,#12997,.T.);
#16210 = ORIENTED_EDGE('',*,*,#16211,.F.);
#16211 = EDGE_CURVE('',#12559,#12998,#16212,.T.);
#16212 = SURFACE_CURVE('',#16213,(#16217,#16224),.PCURVE_S1.);
#16213 = LINE('',#16214,#16215);
#16214 = CARTESIAN_POINT('',(-33.4666726334,39.143732868091,4.));
#16215 = VECTOR('',#16216,1.);
#16216 = DIRECTION('',(0.,0.,1.));
#16217 = PCURVE('',#12574,#16218);
#16218 = DEFINITIONAL_REPRESENTATION('',(#16219),#16223);
#16219 = LINE('',#16220,#16221);
#16220 = CARTESIAN_POINT('',(1.71829960271,0.));
#16221 = VECTOR('',#16222,1.);
#16222 = DIRECTION('',(0.,-1.));
#16223 = ( GEOMETRIC_REPRESENTATION_CONTEXT(2) 
PARAMETRIC_REPRESENTATION_CONTEXT() REPRESENTATION_CONTEXT('2D SPACE',''
  ) );
#16224 = PCURVE('',#12602,#16225);
#16225 = DEFINITIONAL_REPRESENTATION('',(#16226),#16230);
#16226 = LINE('',#16227,#16228);
#16227 = CARTESIAN_POINT('',(0.,0.));
#16228 = VECTOR('',#16229,1.);
#16229 = DIRECTION('',(0.,-1.));
#16230 = ( GEOMETRIC_REPRESENTATION_CONTEXT(2) 
PARAMETRIC_REPRESENTATION_CONTEXT() REPRESENTATION_CONTEXT('2D SPACE',''
  ) );
#16231 = ORIENTED_EDGE('',*,*,#12558,.F.);
#16232 = ADVANCED_FACE('',(#16233),#12602,.F.);
#16233 = FACE_BOUND('',#16234,.F.);
#16234 = EDGE_LOOP('',(#16235,#16236,#16237,#16258));
#16235 = ORIENTED_EDGE('',*,*,#16211,.T.);
#16236 = ORIENTED_EDGE('',*,*,#13020,.T.);
#16237 = ORIENTED_EDGE('',*,*,#16238,.F.);
#16238 = EDGE_CURVE('',#12587,#13021,#16239,.T.);
#16239 = SURFACE_CURVE('',#16240,(#16244,#16251),.PCURVE_S1.);
#16240 = LINE('',#16241,#16242);
#16241 = CARTESIAN_POINT('',(-32.1421941551,40.238406465655,4.));
#16242 = VECTOR('',#16243,1.);
#16243 = DIRECTION('',(0.,0.,1.));
#16244 = PCURVE('',#12602,#16245);
#16245 = DEFINITIONAL_REPRESENTATION('',(#16246),#16250);
#16246 = LINE('',#16247,#16248);
#16247 = CARTESIAN_POINT('',(1.71829960271,0.));
#16248 = VECTOR('',#16249,1.);
#16249 = DIRECTION('',(0.,-1.));
#16250 = ( GEOMETRIC_REPRESENTATION_CONTEXT(2) 
PARAMETRIC_REPRESENTATION_CONTEXT() REPRESENTATION_CONTEXT('2D SPACE',''
  ) );
#16251 = PCURVE('',#12630,#16252);
#16252 = DEFINITIONAL_REPRESENTATION('',(#16253),#16257);
#16253 = LINE('',#16254,#16255);
#16254 = CARTESIAN_POINT('',(0.,0.));
#16255 = VECTOR('',#16256,1.);
#16256 = DIRECTION('',(0.,-1.));
#16257 = ( GEOMETRIC_REPRESENTATION_CONTEXT(2) 
PARAMETRIC_REPRESENTATION_CONTEXT() REPRESENTATION_CONTEXT('2D SPACE',''
  ) );
#16258 = ORIENTED_EDGE('',*,*,#12586,.F.);
#16259 = ADVANCED_FACE('',(#16260),#12630,.F.);
#16260 = FACE_BOUND('',#16261,.F.);
#16261 = EDGE_LOOP('',(#16262,#16263,#16264,#16285));
#16262 = ORIENTED_EDGE('',*,*,#16238,.T.);
#16263 = ORIENTED_EDGE('',*,*,#13043,.T.);
#16264 = ORIENTED_EDGE('',*,*,#16265,.F.);
#16265 = EDGE_CURVE('',#12615,#13044,#16266,.T.);
#16266 = SURFACE_CURVE('',#16267,(#16271,#16278),.PCURVE_S1.);
#16267 = LINE('',#16268,#16269);
#16268 = CARTESIAN_POINT('',(-30.7819341522,41.288285624973,4.));
#16269 = VECTOR('',#16270,1.);
#16270 = DIRECTION('',(0.,0.,1.));
#16271 = PCURVE('',#12630,#16272);
#16272 = DEFINITIONAL_REPRESENTATION('',(#16273),#16277);
#16273 = LINE('',#16274,#16275);
#16274 = CARTESIAN_POINT('',(1.71829960271,0.));
#16275 = VECTOR('',#16276,1.);
#16276 = DIRECTION('',(0.,-1.));
#16277 = ( GEOMETRIC_REPRESENTATION_CONTEXT(2) 
PARAMETRIC_REPRESENTATION_CONTEXT() REPRESENTATION_CONTEXT('2D SPACE',''
  ) );
#16278 = PCURVE('',#12658,#16279);
#16279 = DEFINITIONAL_REPRESENTATION('',(#16280),#16284);
#16280 = LINE('',#16281,#16282);
#16281 = CARTESIAN_POINT('',(0.,0.));
#16282 = VECTOR('',#16283,1.);
#16283 = DIRECTION('',(0.,-1.));
#16284 = ( GEOMETRIC_REPRESENTATION_CONTEXT(2) 
PARAMETRIC_REPRESENTATION_CONTEXT() REPRESENTATION_CONTEXT('2D SPACE',''
  ) );
#16285 = ORIENTED_EDGE('',*,*,#12614,.F.);
#16286 = ADVANCED_FACE('',(#16287),#12658,.F.);
#16287 = FACE_BOUND('',#16288,.F.);
#16288 = EDGE_LOOP('',(#16289,#16290,#16291,#16312));
#16289 = ORIENTED_EDGE('',*,*,#16265,.T.);
#16290 = ORIENTED_EDGE('',*,*,#13066,.T.);
#16291 = ORIENTED_EDGE('',*,*,#16292,.F.);
#16292 = EDGE_CURVE('',#12643,#13067,#16293,.T.);
#16293 = SURFACE_CURVE('',#16294,(#16298,#16305),.PCURVE_S1.);
#16294 = LINE('',#16295,#16296);
#16295 = CARTESIAN_POINT('',(-29.38740690142,42.292201593322,4.));
#16296 = VECTOR('',#16297,1.);
#16297 = DIRECTION('',(0.,0.,1.));
#16298 = PCURVE('',#12658,#16299);
#16299 = DEFINITIONAL_REPRESENTATION('',(#16300),#16304);
#16300 = LINE('',#16301,#16302);
#16301 = CARTESIAN_POINT('',(1.71829960271,0.));
#16302 = VECTOR('',#16303,1.);
#16303 = DIRECTION('',(0.,-1.));
#16304 = ( GEOMETRIC_REPRESENTATION_CONTEXT(2) 
PARAMETRIC_REPRESENTATION_CONTEXT() REPRESENTATION_CONTEXT('2D SPACE',''
  ) );
#16305 = PCURVE('',#12686,#16306);
#16306 = DEFINITIONAL_REPRESENTATION('',(#16307),#16311);
#16307 = LINE('',#16308,#16309);
#16308 = CARTESIAN_POINT('',(0.,0.));
#16309 = VECTOR('',#16310,1.);
#16310 = DIRECTION('',(0.,-1.));
#16311 = ( GEOMETRIC_REPRESENTATION_CONTEXT(2) 
PARAMETRIC_REPRESENTATION_CONTEXT() REPRESENTATION_CONTEXT('2D SPACE',''
  ) );
#16312 = ORIENTED_EDGE('',*,*,#12642,.F.);
#16313 = ADVANCED_FACE('',(#16314),#12686,.F.);
#16314 = FACE_BOUND('',#16315,.F.);
#16315 = EDGE_LOOP('',(#16316,#16317,#16318,#16339));
#16316 = ORIENTED_EDGE('',*,*,#16292,.T.);
#16317 = ORIENTED_EDGE('',*,*,#13089,.T.);
#16318 = ORIENTED_EDGE('',*,*,#16319,.F.);
#16319 = EDGE_CURVE('',#12671,#13090,#16320,.T.);
#16320 = SURFACE_CURVE('',#16321,(#16325,#16332),.PCURVE_S1.);
#16321 = LINE('',#16322,#16323);
#16322 = CARTESIAN_POINT('',(-27.96016482669,43.249036785394,4.));
#16323 = VECTOR('',#16324,1.);
#16324 = DIRECTION('',(0.,0.,1.));
#16325 = PCURVE('',#12686,#16326);
#16326 = DEFINITIONAL_REPRESENTATION('',(#16327),#16331);
#16327 = LINE('',#16328,#16329);
#16328 = CARTESIAN_POINT('',(1.71829960271,0.));
#16329 = VECTOR('',#16330,1.);
#16330 = DIRECTION('',(0.,-1.));
#16331 = ( GEOMETRIC_REPRESENTATION_CONTEXT(2) 
PARAMETRIC_REPRESENTATION_CONTEXT() REPRESENTATION_CONTEXT('2D SPACE',''
  ) );
#16332 = PCURVE('',#12714,#16333);
#16333 = DEFINITIONAL_REPRESENTATION('',(#16334),#16338);
#16334 = LINE('',#16335,#16336);
#16335 = CARTESIAN_POINT('',(0.,0.));
#16336 = VECTOR('',#16337,1.);
#16337 = DIRECTION('',(0.,-1.));
#16338 = ( GEOMETRIC_REPRESENTATION_CONTEXT(2) 
PARAMETRIC_REPRESENTATION_CONTEXT() REPRESENTATION_CONTEXT('2D SPACE',''
  ) );
#16339 = ORIENTED_EDGE('',*,*,#12670,.F.);
#16340 = ADVANCED_FACE('',(#16341),#12714,.F.);
#16341 = FACE_BOUND('',#16342,.F.);
#16342 = EDGE_LOOP('',(#16343,#16344,#16345,#16366));
#16343 = ORIENTED_EDGE('',*,*,#16319,.T.);
#16344 = ORIENTED_EDGE('',*,*,#13112,.T.);
#16345 = ORIENTED_EDGE('',*,*,#16346,.F.);
#16346 = EDGE_CURVE('',#12699,#13113,#16347,.T.);
#16347 = SURFACE_CURVE('',#16348,(#16352,#16359),.PCURVE_S1.);
#16348 = LINE('',#16349,#16350);
#16349 = CARTESIAN_POINT('',(-26.50179677091,44.157726027423,4.));
#16350 = VECTOR('',#16351,1.);
#16351 = DIRECTION('',(0.,0.,1.));
#16352 = PCURVE('',#12714,#16353);
#16353 = DEFINITIONAL_REPRESENTATION('',(#16354),#16358);
#16354 = LINE('',#16355,#16356);
#16355 = CARTESIAN_POINT('',(1.71829960271,0.));
#16356 = VECTOR('',#16357,1.);
#16357 = DIRECTION('',(0.,-1.));
#16358 = ( GEOMETRIC_REPRESENTATION_CONTEXT(2) 
PARAMETRIC_REPRESENTATION_CONTEXT() REPRESENTATION_CONTEXT('2D SPACE',''
  ) );
#16359 = PCURVE('',#12742,#16360);
#16360 = DEFINITIONAL_REPRESENTATION('',(#16361),#16365);
#16361 = LINE('',#16362,#16363);
#16362 = CARTESIAN_POINT('',(0.,0.));
#16363 = VECTOR('',#16364,1.);
#16364 = DIRECTION('',(0.,-1.));
#16365 = ( GEOMETRIC_REPRESENTATION_CONTEXT(2) 
PARAMETRIC_REPRESENTATION_CONTEXT() REPRESENTATION_CONTEXT('2D SPACE',''
  ) );
#16366 = ORIENTED_EDGE('',*,*,#12698,.F.);
#16367 = ADVANCED_FACE('',(#16368),#12742,.F.);
#16368 = FACE_BOUND('',#16369,.F.);
#16369 = EDGE_LOOP('',(#16370,#16371,#16372,#16393));
#16370 = ORIENTED_EDGE('',*,*,#16346,.T.);
#16371 = ORIENTED_EDGE('',*,*,#13135,.T.);
#16372 = ORIENTED_EDGE('',*,*,#16373,.F.);
#16373 = EDGE_CURVE('',#12727,#13136,#16374,.T.);
#16374 = SURFACE_CURVE('',#16375,(#16379,#16386),.PCURVE_S1.);
#16375 = LINE('',#16376,#16377);
#16376 = CARTESIAN_POINT('',(-25.01392622727,45.017257742966,4.));
#16377 = VECTOR('',#16378,1.);
#16378 = DIRECTION('',(0.,0.,1.));
#16379 = PCURVE('',#12742,#16380);
#16380 = DEFINITIONAL_REPRESENTATION('',(#16381),#16385);
#16381 = LINE('',#16382,#16383);
#16382 = CARTESIAN_POINT('',(1.71829960271,0.));
#16383 = VECTOR('',#16384,1.);
#16384 = DIRECTION('',(0.,-1.));
#16385 = ( GEOMETRIC_REPRESENTATION_CONTEXT(2) 
PARAMETRIC_REPRESENTATION_CONTEXT() REPRESENTATION_CONTEXT('2D SPACE',''
  ) );
#16386 = PCURVE('',#12770,#16387);
#16387 = DEFINITIONAL_REPRESENTATION('',(#16388),#16392);
#16388 = LINE('',#16389,#16390);
#16389 = CARTESIAN_POINT('',(0.,0.));
#16390 = VECTOR('',#16391,1.);
#16391 = DIRECTION('',(0.,-1.));
#16392 = ( GEOMETRIC_REPRESENTATION_CONTEXT(2) 
PARAMETRIC_REPRESENTATION_CONTEXT() REPRESENTATION_CONTEXT('2D SPACE',''
  ) );
#16393 = ORIENTED_EDGE('',*,*,#12726,.F.);
#16394 = ADVANCED_FACE('',(#16395),#12770,.F.);
#16395 = FACE_BOUND('',#16396,.F.);
#16396 = EDGE_LOOP('',(#16397,#16398,#16399,#16420));
#16397 = ORIENTED_EDGE('',*,*,#16373,.T.);
#16398 = ORIENTED_EDGE('',*,*,#13158,.T.);
#16399 = ORIENTED_EDGE('',*,*,#16400,.F.);
#16400 = EDGE_CURVE('',#12755,#13159,#16401,.T.);
#16401 = SURFACE_CURVE('',#16402,(#16406,#16413),.PCURVE_S1.);
#16402 = LINE('',#16403,#16404);
#16403 = CARTESIAN_POINT('',(-23.49820953184,45.826675079012,4.));
#16404 = VECTOR('',#16405,1.);
#16405 = DIRECTION('',(0.,0.,1.));
#16406 = PCURVE('',#12770,#16407);
#16407 = DEFINITIONAL_REPRESENTATION('',(#16408),#16412);
#16408 = LINE('',#16409,#16410);
#16409 = CARTESIAN_POINT('',(1.71829960271,0.));
#16410 = VECTOR('',#16411,1.);
#16411 = DIRECTION('',(0.,-1.));
#16412 = ( GEOMETRIC_REPRESENTATION_CONTEXT(2) 
PARAMETRIC_REPRESENTATION_CONTEXT() REPRESENTATION_CONTEXT('2D SPACE',''
  ) );
#16413 = PCURVE('',#12798,#16414);
#16414 = DEFINITIONAL_REPRESENTATION('',(#16415),#16419);
#16415 = LINE('',#16416,#16417);
#16416 = CARTESIAN_POINT('',(0.,0.));
#16417 = VECTOR('',#16418,1.);
#16418 = DIRECTION('',(0.,-1.));
#16419 = ( GEOMETRIC_REPRESENTATION_CONTEXT(2) 
PARAMETRIC_REPRESENTATION_CONTEXT() REPRESENTATION_CONTEXT('2D SPACE',''
  ) );
#16420 = ORIENTED_EDGE('',*,*,#12754,.F.);
#16421 = ADVANCED_FACE('',(#16422),#12798,.F.);
#16422 = FACE_BOUND('',#16423,.F.);
#16423 = EDGE_LOOP('',(#16424,#16425,#16426,#16447));
#16424 = ORIENTED_EDGE('',*,*,#16400,.T.);
#16425 = ORIENTED_EDGE('',*,*,#13181,.T.);
#16426 = ORIENTED_EDGE('',*,*,#16427,.F.);
#16427 = EDGE_CURVE('',#12783,#13182,#16428,.T.);
#16428 = SURFACE_CURVE('',#16429,(#16433,#16440),.PCURVE_S1.);
#16429 = LINE('',#16430,#16431);
#16430 = CARTESIAN_POINT('',(-21.9563340198,46.585076971179,4.));
#16431 = VECTOR('',#16432,1.);
#16432 = DIRECTION('',(0.,0.,1.));
#16433 = PCURVE('',#12798,#16434);
#16434 = DEFINITIONAL_REPRESENTATION('',(#16435),#16439);
#16435 = LINE('',#16436,#16437);
#16436 = CARTESIAN_POINT('',(1.71829960271,0.));
#16437 = VECTOR('',#16438,1.);
#16438 = DIRECTION('',(0.,-1.));
#16439 = ( GEOMETRIC_REPRESENTATION_CONTEXT(2) 
PARAMETRIC_REPRESENTATION_CONTEXT() REPRESENTATION_CONTEXT('2D SPACE',''
  ) );
#16440 = PCURVE('',#12826,#16441);
#16441 = DEFINITIONAL_REPRESENTATION('',(#16442),#16446);
#16442 = LINE('',#16443,#16444);
#16443 = CARTESIAN_POINT('',(0.,0.));
#16444 = VECTOR('',#16445,1.);
#16445 = DIRECTION('',(0.,-1.));
#16446 = ( GEOMETRIC_REPRESENTATION_CONTEXT(2) 
PARAMETRIC_REPRESENTATION_CONTEXT() REPRESENTATION_CONTEXT('2D SPACE',''
  ) );
#16447 = ORIENTED_EDGE('',*,*,#12782,.F.);
#16448 = ADVANCED_FACE('',(#16449),#12826,.F.);
#16449 = FACE_BOUND('',#16450,.F.);
#16450 = EDGE_LOOP('',(#16451,#16452,#16453,#16454));
#16451 = ORIENTED_EDGE('',*,*,#16427,.T.);
#16452 = ORIENTED_EDGE('',*,*,#13204,.T.);
#16453 = ORIENTED_EDGE('',*,*,#16074,.F.);
#16454 = ORIENTED_EDGE('',*,*,#12810,.F.);
#16455 = ADVANCED_FACE('',(#16456),#13683,.F.);
#16456 = FACE_BOUND('',#16457,.F.);
#16457 = EDGE_LOOP('',(#16458,#16479,#16480,#16481));
#16458 = ORIENTED_EDGE('',*,*,#16459,.T.);
#16459 = EDGE_CURVE('',#14475,#14869,#16460,.T.);
#16460 = SURFACE_CURVE('',#16461,(#16465,#16472),.PCURVE_S1.);
#16461 = LINE('',#16462,#16463);
#16462 = CARTESIAN_POINT('',(-30.76073549373,-41.30408154025,4.));
#16463 = VECTOR('',#16464,1.);
#16464 = DIRECTION('',(0.,0.,1.));
#16465 = PCURVE('',#13683,#16466);
#16466 = DEFINITIONAL_REPRESENTATION('',(#16467),#16471);
#16467 = LINE('',#16468,#16469);
#16468 = CARTESIAN_POINT('',(0.,0.));
#16469 = VECTOR('',#16470,1.);
#16470 = DIRECTION('',(0.,-1.));
#16471 = ( GEOMETRIC_REPRESENTATION_CONTEXT(2) 
PARAMETRIC_REPRESENTATION_CONTEXT() REPRESENTATION_CONTEXT('2D SPACE',''
  ) );
#16472 = PCURVE('',#14490,#16473);
#16473 = DEFINITIONAL_REPRESENTATION('',(#16474),#16478);
#16474 = LINE('',#16475,#16476);
#16475 = CARTESIAN_POINT('',(1.71829960271,0.));
#16476 = VECTOR('',#16477,1.);
#16477 = DIRECTION('',(0.,-1.));
#16478 = ( GEOMETRIC_REPRESENTATION_CONTEXT(2) 
PARAMETRIC_REPRESENTATION_CONTEXT() REPRESENTATION_CONTEXT('2D SPACE',''
  ) );
#16479 = ORIENTED_EDGE('',*,*,#14891,.T.);
#16480 = ORIENTED_EDGE('',*,*,#13665,.F.);
#16481 = ORIENTED_EDGE('',*,*,#14502,.F.);
#16482 = ADVANCED_FACE('',(#16483),#14126,.F.);
#16483 = FACE_BOUND('',#16484,.F.);
#16484 = EDGE_LOOP('',(#16485,#16486,#16487,#16508));
#16485 = ORIENTED_EDGE('',*,*,#15304,.T.);
#16486 = ORIENTED_EDGE('',*,*,#14569,.T.);
#16487 = ORIENTED_EDGE('',*,*,#16488,.F.);
#16488 = EDGE_CURVE('',#14111,#14570,#16489,.T.);
#16489 = SURFACE_CURVE('',#16490,(#16494,#16501),.PCURVE_S1.);
#16490 = LINE('',#16491,#16492);
#16491 = CARTESIAN_POINT('',(-10.5522481255,-50.40734132542,4.));
#16492 = VECTOR('',#16493,1.);
#16493 = DIRECTION('',(0.,0.,1.));
#16494 = PCURVE('',#14126,#16495);
#16495 = DEFINITIONAL_REPRESENTATION('',(#16496),#16500);
#16496 = LINE('',#16497,#16498);
#16497 = CARTESIAN_POINT('',(1.71829960271,0.));
#16498 = VECTOR('',#16499,1.);
#16499 = DIRECTION('',(0.,-1.));
#16500 = ( GEOMETRIC_REPRESENTATION_CONTEXT(2) 
PARAMETRIC_REPRESENTATION_CONTEXT() REPRESENTATION_CONTEXT('2D SPACE',''
  ) );
#16501 = PCURVE('',#14154,#16502);
#16502 = DEFINITIONAL_REPRESENTATION('',(#16503),#16507);
#16503 = LINE('',#16504,#16505);
#16504 = CARTESIAN_POINT('',(0.,0.));
#16505 = VECTOR('',#16506,1.);
#16506 = DIRECTION('',(0.,-1.));
#16507 = ( GEOMETRIC_REPRESENTATION_CONTEXT(2) 
PARAMETRIC_REPRESENTATION_CONTEXT() REPRESENTATION_CONTEXT('2D SPACE',''
  ) );
#16508 = ORIENTED_EDGE('',*,*,#14110,.F.);
#16509 = ADVANCED_FACE('',(#16510),#14154,.F.);
#16510 = FACE_BOUND('',#16511,.F.);
#16511 = EDGE_LOOP('',(#16512,#16513,#16514,#16535));
#16512 = ORIENTED_EDGE('',*,*,#16488,.T.);
#16513 = ORIENTED_EDGE('',*,*,#14592,.T.);
#16514 = ORIENTED_EDGE('',*,*,#16515,.F.);
#16515 = EDGE_CURVE('',#14139,#14593,#16516,.T.);
#16516 = SURFACE_CURVE('',#16517,(#16521,#16528),.PCURVE_S1.);
#16517 = LINE('',#16518,#16519);
#16518 = CARTESIAN_POINT('',(-12.2279835585,-50.02725675162,4.));
#16519 = VECTOR('',#16520,1.);
#16520 = DIRECTION('',(0.,0.,1.));
#16521 = PCURVE('',#14154,#16522);
#16522 = DEFINITIONAL_REPRESENTATION('',(#16523),#16527);
#16523 = LINE('',#16524,#16525);
#16524 = CARTESIAN_POINT('',(1.71829960271,0.));
#16525 = VECTOR('',#16526,1.);
#16526 = DIRECTION('',(0.,-1.));
#16527 = ( GEOMETRIC_REPRESENTATION_CONTEXT(2) 
PARAMETRIC_REPRESENTATION_CONTEXT() REPRESENTATION_CONTEXT('2D SPACE',''
  ) );
#16528 = PCURVE('',#14182,#16529);
#16529 = DEFINITIONAL_REPRESENTATION('',(#16530),#16534);
#16530 = LINE('',#16531,#16532);
#16531 = CARTESIAN_POINT('',(0.,0.));
#16532 = VECTOR('',#16533,1.);
#16533 = DIRECTION('',(0.,-1.));
#16534 = ( GEOMETRIC_REPRESENTATION_CONTEXT(2) 
PARAMETRIC_REPRESENTATION_CONTEXT() REPRESENTATION_CONTEXT('2D SPACE',''
  ) );
#16535 = ORIENTED_EDGE('',*,*,#14138,.F.);
#16536 = ADVANCED_FACE('',(#16537),#14182,.F.);
#16537 = FACE_BOUND('',#16538,.F.);
#16538 = EDGE_LOOP('',(#16539,#16540,#16541,#16562));
#16539 = ORIENTED_EDGE('',*,*,#16515,.T.);
#16540 = ORIENTED_EDGE('',*,*,#14615,.T.);
#16541 = ORIENTED_EDGE('',*,*,#16542,.F.);
#16542 = EDGE_CURVE('',#14167,#14616,#16543,.T.);
#16543 = SURFACE_CURVE('',#16544,(#16548,#16555),.PCURVE_S1.);
#16544 = LINE('',#16545,#16546);
#16545 = CARTESIAN_POINT('',(-13.8901064829,-49.59148053742,4.));
#16546 = VECTOR('',#16547,1.);
#16547 = DIRECTION('',(0.,0.,1.));
#16548 = PCURVE('',#14182,#16549);
#16549 = DEFINITIONAL_REPRESENTATION('',(#16550),#16554);
#16550 = LINE('',#16551,#16552);
#16551 = CARTESIAN_POINT('',(1.71829960271,0.));
#16552 = VECTOR('',#16553,1.);
#16553 = DIRECTION('',(0.,-1.));
#16554 = ( GEOMETRIC_REPRESENTATION_CONTEXT(2) 
PARAMETRIC_REPRESENTATION_CONTEXT() REPRESENTATION_CONTEXT('2D SPACE',''
  ) );
#16555 = PCURVE('',#14210,#16556);
#16556 = DEFINITIONAL_REPRESENTATION('',(#16557),#16561);
#16557 = LINE('',#16558,#16559);
#16558 = CARTESIAN_POINT('',(0.,0.));
#16559 = VECTOR('',#16560,1.);
#16560 = DIRECTION('',(0.,-1.));
#16561 = ( GEOMETRIC_REPRESENTATION_CONTEXT(2) 
PARAMETRIC_REPRESENTATION_CONTEXT() REPRESENTATION_CONTEXT('2D SPACE',''
  ) );
#16562 = ORIENTED_EDGE('',*,*,#14166,.F.);
#16563 = ADVANCED_FACE('',(#16564),#14210,.F.);
#16564 = FACE_BOUND('',#16565,.F.);
#16565 = EDGE_LOOP('',(#16566,#16567,#16568,#16589));
#16566 = ORIENTED_EDGE('',*,*,#16542,.T.);
#16567 = ORIENTED_EDGE('',*,*,#14638,.T.);
#16568 = ORIENTED_EDGE('',*,*,#16569,.F.);
#16569 = EDGE_CURVE('',#14195,#14639,#16570,.T.);
#16570 = SURFACE_CURVE('',#16571,(#16575,#16582),.PCURVE_S1.);
#16571 = LINE('',#16572,#16573);
#16572 = CARTESIAN_POINT('',(-15.53676658032,-49.10049780021,4.));
#16573 = VECTOR('',#16574,1.);
#16574 = DIRECTION('',(0.,0.,1.));
#16575 = PCURVE('',#14210,#16576);
#16576 = DEFINITIONAL_REPRESENTATION('',(#16577),#16581);
#16577 = LINE('',#16578,#16579);
#16578 = CARTESIAN_POINT('',(1.71829960271,0.));
#16579 = VECTOR('',#16580,1.);
#16580 = DIRECTION('',(0.,-1.));
#16581 = ( GEOMETRIC_REPRESENTATION_CONTEXT(2) 
PARAMETRIC_REPRESENTATION_CONTEXT() REPRESENTATION_CONTEXT('2D SPACE',''
  ) );
#16582 = PCURVE('',#14238,#16583);
#16583 = DEFINITIONAL_REPRESENTATION('',(#16584),#16588);
#16584 = LINE('',#16585,#16586);
#16585 = CARTESIAN_POINT('',(0.,0.));
#16586 = VECTOR('',#16587,1.);
#16587 = DIRECTION('',(0.,-1.));
#16588 = ( GEOMETRIC_REPRESENTATION_CONTEXT(2) 
PARAMETRIC_REPRESENTATION_CONTEXT() REPRESENTATION_CONTEXT('2D SPACE',''
  ) );
#16589 = ORIENTED_EDGE('',*,*,#14194,.F.);
#16590 = ADVANCED_FACE('',(#16591),#14238,.F.);
#16591 = FACE_BOUND('',#16592,.F.);
#16592 = EDGE_LOOP('',(#16593,#16594,#16595,#16616));
#16593 = ORIENTED_EDGE('',*,*,#16569,.T.);
#16594 = ORIENTED_EDGE('',*,*,#14661,.T.);
#16595 = ORIENTED_EDGE('',*,*,#16596,.F.);
#16596 = EDGE_CURVE('',#14223,#14662,#16597,.T.);
#16597 = SURFACE_CURVE('',#16598,(#16602,#16609),.PCURVE_S1.);
#16598 = LINE('',#16599,#16600);
#16599 = CARTESIAN_POINT('',(-17.16613074601,-48.55485511471,4.));
#16600 = VECTOR('',#16601,1.);
#16601 = DIRECTION('',(0.,0.,1.));
#16602 = PCURVE('',#14238,#16603);
#16603 = DEFINITIONAL_REPRESENTATION('',(#16604),#16608);
#16604 = LINE('',#16605,#16606);
#16605 = CARTESIAN_POINT('',(1.71829960271,0.));
#16606 = VECTOR('',#16607,1.);
#16607 = DIRECTION('',(0.,-1.));
#16608 = ( GEOMETRIC_REPRESENTATION_CONTEXT(2) 
PARAMETRIC_REPRESENTATION_CONTEXT() REPRESENTATION_CONTEXT('2D SPACE',''
  ) );
#16609 = PCURVE('',#14266,#16610);
#16610 = DEFINITIONAL_REPRESENTATION('',(#16611),#16615);
#16611 = LINE('',#16612,#16613);
#16612 = CARTESIAN_POINT('',(0.,0.));
#16613 = VECTOR('',#16614,1.);
#16614 = DIRECTION('',(0.,-1.));
#16615 = ( GEOMETRIC_REPRESENTATION_CONTEXT(2) 
PARAMETRIC_REPRESENTATION_CONTEXT() REPRESENTATION_CONTEXT('2D SPACE',''
  ) );
#16616 = ORIENTED_EDGE('',*,*,#14222,.F.);
#16617 = ADVANCED_FACE('',(#16618),#14266,.F.);
#16618 = FACE_BOUND('',#16619,.F.);
#16619 = EDGE_LOOP('',(#16620,#16621,#16622,#16643));
#16620 = ORIENTED_EDGE('',*,*,#16596,.T.);
#16621 = ORIENTED_EDGE('',*,*,#14684,.T.);
#16622 = ORIENTED_EDGE('',*,*,#16623,.F.);
#16623 = EDGE_CURVE('',#14251,#14685,#16624,.T.);
#16624 = SURFACE_CURVE('',#16625,(#16629,#16636),.PCURVE_S1.);
#16625 = LINE('',#16626,#16627);
#16626 = CARTESIAN_POINT('',(-18.7763851295,-47.95515990452,4.));
#16627 = VECTOR('',#16628,1.);
#16628 = DIRECTION('',(0.,0.,1.));
#16629 = PCURVE('',#14266,#16630);
#16630 = DEFINITIONAL_REPRESENTATION('',(#16631),#16635);
#16631 = LINE('',#16632,#16633);
#16632 = CARTESIAN_POINT('',(1.71829960271,0.));
#16633 = VECTOR('',#16634,1.);
#16634 = DIRECTION('',(0.,-1.));
#16635 = ( GEOMETRIC_REPRESENTATION_CONTEXT(2) 
PARAMETRIC_REPRESENTATION_CONTEXT() REPRESENTATION_CONTEXT('2D SPACE',''
  ) );
#16636 = PCURVE('',#14294,#16637);
#16637 = DEFINITIONAL_REPRESENTATION('',(#16638),#16642);
#16638 = LINE('',#16639,#16640);
#16639 = CARTESIAN_POINT('',(0.,0.));
#16640 = VECTOR('',#16641,1.);
#16641 = DIRECTION('',(0.,-1.));
#16642 = ( GEOMETRIC_REPRESENTATION_CONTEXT(2) 
PARAMETRIC_REPRESENTATION_CONTEXT() REPRESENTATION_CONTEXT('2D SPACE',''
  ) );
#16643 = ORIENTED_EDGE('',*,*,#14250,.F.);
#16644 = ADVANCED_FACE('',(#16645),#14294,.F.);
#16645 = FACE_BOUND('',#16646,.F.);
#16646 = EDGE_LOOP('',(#16647,#16648,#16649,#16670));
#16647 = ORIENTED_EDGE('',*,*,#16623,.T.);
#16648 = ORIENTED_EDGE('',*,*,#14707,.T.);
#16649 = ORIENTED_EDGE('',*,*,#16650,.F.);
#16650 = EDGE_CURVE('',#14279,#14708,#16651,.T.);
#16651 = SURFACE_CURVE('',#16652,(#16656,#16663),.PCURVE_S1.);
#16652 = LINE('',#16653,#16654);
#16653 = CARTESIAN_POINT('',(-20.36573715383,-47.30207976591,4.));
#16654 = VECTOR('',#16655,1.);
#16655 = DIRECTION('',(0.,0.,1.));
#16656 = PCURVE('',#14294,#16657);
#16657 = DEFINITIONAL_REPRESENTATION('',(#16658),#16662);
#16658 = LINE('',#16659,#16660);
#16659 = CARTESIAN_POINT('',(1.71829960271,0.));
#16660 = VECTOR('',#16661,1.);
#16661 = DIRECTION('',(0.,-1.));
#16662 = ( GEOMETRIC_REPRESENTATION_CONTEXT(2) 
PARAMETRIC_REPRESENTATION_CONTEXT() REPRESENTATION_CONTEXT('2D SPACE',''
  ) );
#16663 = PCURVE('',#14322,#16664);
#16664 = DEFINITIONAL_REPRESENTATION('',(#16665),#16669);
#16665 = LINE('',#16666,#16667);
#16666 = CARTESIAN_POINT('',(0.,0.));
#16667 = VECTOR('',#16668,1.);
#16668 = DIRECTION('',(0.,-1.));
#16669 = ( GEOMETRIC_REPRESENTATION_CONTEXT(2) 
PARAMETRIC_REPRESENTATION_CONTEXT() REPRESENTATION_CONTEXT('2D SPACE',''
  ) );
#16670 = ORIENTED_EDGE('',*,*,#14278,.F.);
#16671 = ADVANCED_FACE('',(#16672),#14322,.F.);
#16672 = FACE_BOUND('',#16673,.F.);
#16673 = EDGE_LOOP('',(#16674,#16675,#16676,#16697));
#16674 = ORIENTED_EDGE('',*,*,#16650,.T.);
#16675 = ORIENTED_EDGE('',*,*,#14730,.T.);
#16676 = ORIENTED_EDGE('',*,*,#16677,.F.);
#16677 = EDGE_CURVE('',#14307,#14731,#16678,.T.);
#16678 = SURFACE_CURVE('',#16679,(#16683,#16690),.PCURVE_S1.);
#16679 = LINE('',#16680,#16681);
#16680 = CARTESIAN_POINT('',(-21.93241751107,-46.59634172464,4.));
#16681 = VECTOR('',#16682,1.);
#16682 = DIRECTION('',(0.,0.,1.));
#16683 = PCURVE('',#14322,#16684);
#16684 = DEFINITIONAL_REPRESENTATION('',(#16685),#16689);
#16685 = LINE('',#16686,#16687);
#16686 = CARTESIAN_POINT('',(1.71829960271,0.));
#16687 = VECTOR('',#16688,1.);
#16688 = DIRECTION('',(0.,-1.));
#16689 = ( GEOMETRIC_REPRESENTATION_CONTEXT(2) 
PARAMETRIC_REPRESENTATION_CONTEXT() REPRESENTATION_CONTEXT('2D SPACE',''
  ) );
#16690 = PCURVE('',#14350,#16691);
#16691 = DEFINITIONAL_REPRESENTATION('',(#16692),#16696);
#16692 = LINE('',#16693,#16694);
#16693 = CARTESIAN_POINT('',(0.,0.));
#16694 = VECTOR('',#16695,1.);
#16695 = DIRECTION('',(0.,-1.));
#16696 = ( GEOMETRIC_REPRESENTATION_CONTEXT(2) 
PARAMETRIC_REPRESENTATION_CONTEXT() REPRESENTATION_CONTEXT('2D SPACE',''
  ) );
#16697 = ORIENTED_EDGE('',*,*,#14306,.F.);
#16698 = ADVANCED_FACE('',(#16699),#14350,.F.);
#16699 = FACE_BOUND('',#16700,.F.);
#16700 = EDGE_LOOP('',(#16701,#16702,#16703,#16724));
#16701 = ORIENTED_EDGE('',*,*,#16677,.T.);
#16702 = ORIENTED_EDGE('',*,*,#14753,.T.);
#16703 = ORIENTED_EDGE('',*,*,#16704,.F.);
#16704 = EDGE_CURVE('',#14335,#14754,#16705,.T.);
#16705 = SURFACE_CURVE('',#16706,(#16710,#16717),.PCURVE_S1.);
#16706 = LINE('',#16707,#16708);
#16707 = CARTESIAN_POINT('',(-23.47468213201,-45.83873142661,4.));
#16708 = VECTOR('',#16709,1.);
#16709 = DIRECTION('',(0.,0.,1.));
#16710 = PCURVE('',#14350,#16711);
#16711 = DEFINITIONAL_REPRESENTATION('',(#16712),#16716);
#16712 = LINE('',#16713,#16714);
#16713 = CARTESIAN_POINT('',(1.71829960271,0.));
#16714 = VECTOR('',#16715,1.);
#16715 = DIRECTION('',(0.,-1.));
#16716 = ( GEOMETRIC_REPRESENTATION_CONTEXT(2) 
PARAMETRIC_REPRESENTATION_CONTEXT() REPRESENTATION_CONTEXT('2D SPACE',''
  ) );
#16717 = PCURVE('',#14378,#16718);
#16718 = DEFINITIONAL_REPRESENTATION('',(#16719),#16723);
#16719 = LINE('',#16720,#16721);
#16720 = CARTESIAN_POINT('',(0.,0.));
#16721 = VECTOR('',#16722,1.);
#16722 = DIRECTION('',(0.,-1.));
#16723 = ( GEOMETRIC_REPRESENTATION_CONTEXT(2) 
PARAMETRIC_REPRESENTATION_CONTEXT() REPRESENTATION_CONTEXT('2D SPACE',''
  ) );
#16724 = ORIENTED_EDGE('',*,*,#14334,.F.);
#16725 = ADVANCED_FACE('',(#16726),#14378,.F.);
#16726 = FACE_BOUND('',#16727,.F.);
#16727 = EDGE_LOOP('',(#16728,#16729,#16730,#16751));
#16728 = ORIENTED_EDGE('',*,*,#16704,.T.);
#16729 = ORIENTED_EDGE('',*,*,#14776,.T.);
#16730 = ORIENTED_EDGE('',*,*,#16731,.F.);
#16731 = EDGE_CURVE('',#14363,#14777,#16732,.T.);
#16732 = SURFACE_CURVE('',#16733,(#16737,#16744),.PCURVE_S1.);
#16733 = LINE('',#16734,#16735);
#16734 = CARTESIAN_POINT('',(-24.99081412764,-45.03009226325,4.));
#16735 = VECTOR('',#16736,1.);
#16736 = DIRECTION('',(0.,0.,1.));
#16737 = PCURVE('',#14378,#16738);
#16738 = DEFINITIONAL_REPRESENTATION('',(#16739),#16743);
#16739 = LINE('',#16740,#16741);
#16740 = CARTESIAN_POINT('',(1.71829960271,0.));
#16741 = VECTOR('',#16742,1.);
#16742 = DIRECTION('',(0.,-1.));
#16743 = ( GEOMETRIC_REPRESENTATION_CONTEXT(2) 
PARAMETRIC_REPRESENTATION_CONTEXT() REPRESENTATION_CONTEXT('2D SPACE',''
  ) );
#16744 = PCURVE('',#14406,#16745);
#16745 = DEFINITIONAL_REPRESENTATION('',(#16746),#16750);
#16746 = LINE('',#16747,#16748);
#16747 = CARTESIAN_POINT('',(0.,0.));
#16748 = VECTOR('',#16749,1.);
#16749 = DIRECTION('',(0.,-1.));
#16750 = ( GEOMETRIC_REPRESENTATION_CONTEXT(2) 
PARAMETRIC_REPRESENTATION_CONTEXT() REPRESENTATION_CONTEXT('2D SPACE',''
  ) );
#16751 = ORIENTED_EDGE('',*,*,#14362,.F.);
#16752 = ADVANCED_FACE('',(#16753),#14406,.F.);
#16753 = FACE_BOUND('',#16754,.F.);
#16754 = EDGE_LOOP('',(#16755,#16756,#16757,#16778));
#16755 = ORIENTED_EDGE('',*,*,#16731,.T.);
#16756 = ORIENTED_EDGE('',*,*,#14799,.T.);
#16757 = ORIENTED_EDGE('',*,*,#16758,.F.);
#16758 = EDGE_CURVE('',#14391,#14800,#16759,.T.);
#16759 = SURFACE_CURVE('',#16760,(#16764,#16771),.PCURVE_S1.);
#16760 = LINE('',#16761,#16762);
#16761 = CARTESIAN_POINT('',(-26.47912570048,-44.17132443269,4.));
#16762 = VECTOR('',#16763,1.);
#16763 = DIRECTION('',(0.,0.,1.));
#16764 = PCURVE('',#14406,#16765);
#16765 = DEFINITIONAL_REPRESENTATION('',(#16766),#16770);
#16766 = LINE('',#16767,#16768);
#16767 = CARTESIAN_POINT('',(1.71829960271,0.));
#16768 = VECTOR('',#16769,1.);
#16769 = DIRECTION('',(0.,-1.));
#16770 = ( GEOMETRIC_REPRESENTATION_CONTEXT(2) 
PARAMETRIC_REPRESENTATION_CONTEXT() REPRESENTATION_CONTEXT('2D SPACE',''
  ) );
#16771 = PCURVE('',#14434,#16772);
#16772 = DEFINITIONAL_REPRESENTATION('',(#16773),#16777);
#16773 = LINE('',#16774,#16775);
#16774 = CARTESIAN_POINT('',(0.,0.));
#16775 = VECTOR('',#16776,1.);
#16776 = DIRECTION('',(0.,-1.));
#16777 = ( GEOMETRIC_REPRESENTATION_CONTEXT(2) 
PARAMETRIC_REPRESENTATION_CONTEXT() REPRESENTATION_CONTEXT('2D SPACE',''
  ) );
#16778 = ORIENTED_EDGE('',*,*,#14390,.F.);
#16779 = ADVANCED_FACE('',(#16780),#14434,.F.);
#16780 = FACE_BOUND('',#16781,.F.);
#16781 = EDGE_LOOP('',(#16782,#16783,#16784,#16805));
#16782 = ORIENTED_EDGE('',*,*,#16758,.T.);
#16783 = ORIENTED_EDGE('',*,*,#14822,.T.);
#16784 = ORIENTED_EDGE('',*,*,#16785,.F.);
#16785 = EDGE_CURVE('',#14419,#14823,#16786,.T.);
#16786 = SURFACE_CURVE('',#16787,(#16791,#16798),.PCURVE_S1.);
#16787 = LINE('',#16788,#16789);
#16788 = CARTESIAN_POINT('',(-27.93796002347,-43.26338393753,4.));
#16789 = VECTOR('',#16790,1.);
#16790 = DIRECTION('',(0.,0.,1.));
#16791 = PCURVE('',#14434,#16792);
#16792 = DEFINITIONAL_REPRESENTATION('',(#16793),#16797);
#16793 = LINE('',#16794,#16795);
#16794 = CARTESIAN_POINT('',(1.71829960271,0.));
#16795 = VECTOR('',#16796,1.);
#16796 = DIRECTION('',(0.,-1.));
#16797 = ( GEOMETRIC_REPRESENTATION_CONTEXT(2) 
PARAMETRIC_REPRESENTATION_CONTEXT() REPRESENTATION_CONTEXT('2D SPACE',''
  ) );
#16798 = PCURVE('',#14462,#16799);
#16799 = DEFINITIONAL_REPRESENTATION('',(#16800),#16804);
#16800 = LINE('',#16801,#16802);
#16801 = CARTESIAN_POINT('',(0.,0.));
#16802 = VECTOR('',#16803,1.);
#16803 = DIRECTION('',(0.,-1.));
#16804 = ( GEOMETRIC_REPRESENTATION_CONTEXT(2) 
PARAMETRIC_REPRESENTATION_CONTEXT() REPRESENTATION_CONTEXT('2D SPACE',''
  ) );
#16805 = ORIENTED_EDGE('',*,*,#14418,.F.);
#16806 = ADVANCED_FACE('',(#16807),#14462,.F.);
#16807 = FACE_BOUND('',#16808,.F.);
#16808 = EDGE_LOOP('',(#16809,#16810,#16811,#16832));
#16809 = ORIENTED_EDGE('',*,*,#16785,.T.);
#16810 = ORIENTED_EDGE('',*,*,#14845,.T.);
#16811 = ORIENTED_EDGE('',*,*,#16812,.F.);
#16812 = EDGE_CURVE('',#14447,#14846,#16813,.T.);
#16813 = SURFACE_CURVE('',#16814,(#16818,#16825),.PCURVE_S1.);
#16814 = LINE('',#16815,#16816);
#16815 = CARTESIAN_POINT('',(-29.36569308439,-42.30728152071,4.));
#16816 = VECTOR('',#16817,1.);
#16817 = DIRECTION('',(0.,0.,1.));
#16818 = PCURVE('',#14462,#16819);
#16819 = DEFINITIONAL_REPRESENTATION('',(#16820),#16824);
#16820 = LINE('',#16821,#16822);
#16821 = CARTESIAN_POINT('',(1.71829960271,0.));
#16822 = VECTOR('',#16823,1.);
#16823 = DIRECTION('',(0.,-1.));
#16824 = ( GEOMETRIC_REPRESENTATION_CONTEXT(2) 
PARAMETRIC_REPRESENTATION_CONTEXT() REPRESENTATION_CONTEXT('2D SPACE',''
  ) );
#16825 = PCURVE('',#14490,#16826);
#16826 = DEFINITIONAL_REPRESENTATION('',(#16827),#16831);
#16827 = LINE('',#16828,#16829);
#16828 = CARTESIAN_POINT('',(0.,0.));
#16829 = VECTOR('',#16830,1.);
#16830 = DIRECTION('',(0.,-1.));
#16831 = ( GEOMETRIC_REPRESENTATION_CONTEXT(2) 
PARAMETRIC_REPRESENTATION_CONTEXT() REPRESENTATION_CONTEXT('2D SPACE',''
  ) );
#16832 = ORIENTED_EDGE('',*,*,#14446,.F.);
#16833 = ADVANCED_FACE('',(#16834),#14490,.F.);
#16834 = FACE_BOUND('',#16835,.F.);
#16835 = EDGE_LOOP('',(#16836,#16837,#16838,#16839));
#16836 = ORIENTED_EDGE('',*,*,#16812,.T.);
#16837 = ORIENTED_EDGE('',*,*,#14868,.T.);
#16838 = ORIENTED_EDGE('',*,*,#16459,.F.);
#16839 = ORIENTED_EDGE('',*,*,#14474,.F.);
#16840 = ADVANCED_FACE('',(#16841,#16844,#16875),#15618,.T.);
#16841 = FACE_BOUND('',#16842,.T.);
#16842 = EDGE_LOOP('',(#16843));
#16843 = ORIENTED_EDGE('',*,*,#15603,.T.);
#16844 = FACE_BOUND('',#16845,.T.);
#16845 = EDGE_LOOP('',(#16846));
#16846 = ORIENTED_EDGE('',*,*,#16847,.F.);
#16847 = EDGE_CURVE('',#16848,#16848,#16850,.T.);
#16848 = VERTEX_POINT('',#16849);
#16849 = CARTESIAN_POINT('',(7.878462024098,1.389185421335,-9.));
#16850 = SURFACE_CURVE('',#16851,(#16856,#16863),.PCURVE_S1.);
#16851 = CIRCLE('',#16852,8.);
#16852 = AXIS2_PLACEMENT_3D('',#16853,#16854,#16855);
#16853 = CARTESIAN_POINT('',(0.,0.,-9.));
#16854 = DIRECTION('',(0.,-0.,1.));
#16855 = DIRECTION('',(0.984807753012,0.173648177667,0.));
#16856 = PCURVE('',#15618,#16857);
#16857 = DEFINITIONAL_REPRESENTATION('',(#16858),#16862);
#16858 = CIRCLE('',#16859,8.);
#16859 = AXIS2_PLACEMENT_2D('',#16860,#16861);
#16860 = CARTESIAN_POINT('',(0.,0.));
#16861 = DIRECTION('',(1.,-4.74729883959E-18));
#16862 = ( GEOMETRIC_REPRESENTATION_CONTEXT(2) 
PARAMETRIC_REPRESENTATION_CONTEXT() REPRESENTATION_CONTEXT('2D SPACE',''
  ) );
#16863 = PCURVE('',#16864,#16869);
#16864 = CYLINDRICAL_SURFACE('',#16865,8.);
#16865 = AXIS2_PLACEMENT_3D('',#16866,#16867,#16868);
#16866 = CARTESIAN_POINT('',(0.,0.,-9.));
#16867 = DIRECTION('',(0.,0.,1.));
#16868 = DIRECTION('',(0.984807753012,0.173648177667,0.));
#16869 = DEFINITIONAL_REPRESENTATION('',(#16870),#16874);
#16870 = LINE('',#16871,#16872);
#16871 = CARTESIAN_POINT('',(0.,0.));
#16872 = VECTOR('',#16873,1.);
#16873 = DIRECTION('',(1.,0.));
#16874 = ( GEOMETRIC_REPRESENTATION_CONTEXT(2) 
PARAMETRIC_REPRESENTATION_CONTEXT() REPRESENTATION_CONTEXT('2D SPACE',''
  ) );
#16875 = FACE_BOUND('',#16876,.T.);
#16876 = EDGE_LOOP('',(#16877,#16908));
#16877 = ORIENTED_EDGE('',*,*,#16878,.F.);
#16878 = EDGE_CURVE('',#16879,#16881,#16883,.T.);
#16879 = VERTEX_POINT('',#16880);
#16880 = CARTESIAN_POINT('',(7.878462024098,1.389185421335,-9.));
#16881 = VERTEX_POINT('',#16882);
#16882 = CARTESIAN_POINT('',(15.756924048195,2.778370842671,-9.));
#16883 = SURFACE_CURVE('',#16884,(#16889,#16896),.PCURVE_S1.);
#16884 = CIRCLE('',#16885,4.);
#16885 = AXIS2_PLACEMENT_3D('',#16886,#16887,#16888);
#16886 = CARTESIAN_POINT('',(11.817693036146,2.083778132003,-9.));
#16887 = DIRECTION('',(0.,-0.,1.));
#16888 = DIRECTION('',(0.984807753012,0.173648177667,0.));
#16889 = PCURVE('',#15618,#16890);
#16890 = DEFINITIONAL_REPRESENTATION('',(#16891),#16895);
#16891 = CIRCLE('',#16892,4.);
#16892 = AXIS2_PLACEMENT_2D('',#16893,#16894);
#16893 = CARTESIAN_POINT('',(12.,2.944893704793E-17));
#16894 = DIRECTION('',(1.,-4.74729883959E-18));
#16895 = ( GEOMETRIC_REPRESENTATION_CONTEXT(2) 
PARAMETRIC_REPRESENTATION_CONTEXT() REPRESENTATION_CONTEXT('2D SPACE',''
  ) );
#16896 = PCURVE('',#16897,#16902);
#16897 = CYLINDRICAL_SURFACE('',#16898,4.);
#16898 = AXIS2_PLACEMENT_3D('',#16899,#16900,#16901);
#16899 = CARTESIAN_POINT('',(11.817693036146,2.083778132003,-11.));
#16900 = DIRECTION('',(0.,0.,1.));
#16901 = DIRECTION('',(0.984807753012,0.173648177667,0.));
#16902 = DEFINITIONAL_REPRESENTATION('',(#16903),#16907);
#16903 = LINE('',#16904,#16905);
#16904 = CARTESIAN_POINT('',(0.,2.));
#16905 = VECTOR('',#16906,1.);
#16906 = DIRECTION('',(1.,0.));
#16907 = ( GEOMETRIC_REPRESENTATION_CONTEXT(2) 
PARAMETRIC_REPRESENTATION_CONTEXT() REPRESENTATION_CONTEXT('2D SPACE',''
  ) );
#16908 = ORIENTED_EDGE('',*,*,#16909,.F.);
#16909 = EDGE_CURVE('',#16881,#16879,#16910,.T.);
#16910 = SURFACE_CURVE('',#16911,(#16916,#16923),.PCURVE_S1.);
#16911 = CIRCLE('',#16912,4.);
#16912 = AXIS2_PLACEMENT_3D('',#16913,#16914,#16915);
#16913 = CARTESIAN_POINT('',(11.817693036146,2.083778132003,-9.));
#16914 = DIRECTION('',(0.,-0.,1.));
#16915 = DIRECTION('',(0.984807753012,0.173648177667,0.));
#16916 = PCURVE('',#15618,#16917);
#16917 = DEFINITIONAL_REPRESENTATION('',(#16918),#16922);
#16918 = CIRCLE('',#16919,4.);
#16919 = AXIS2_PLACEMENT_2D('',#16920,#16921);
#16920 = CARTESIAN_POINT('',(12.,2.944893704793E-17));
#16921 = DIRECTION('',(1.,-4.74729883959E-18));
#16922 = ( GEOMETRIC_REPRESENTATION_CONTEXT(2) 
PARAMETRIC_REPRESENTATION_CONTEXT() REPRESENTATION_CONTEXT('2D SPACE',''
  ) );
#16923 = PCURVE('',#16897,#16924);
#16924 = DEFINITIONAL_REPRESENTATION('',(#16925),#16929);
#16925 = LINE('',#16926,#16927);
#16926 = CARTESIAN_POINT('',(0.,2.));
#16927 = VECTOR('',#16928,1.);
#16928 = DIRECTION('',(1.,0.));
#16929 = ( GEOMETRIC_REPRESENTATION_CONTEXT(2) 
PARAMETRIC_REPRESENTATION_CONTEXT() REPRESENTATION_CONTEXT('2D SPACE',''
  ) );
#16930 = ADVANCED_FACE('',(#16931),#15651,.T.);
#16931 = FACE_BOUND('',#16932,.T.);
#16932 = EDGE_LOOP('',(#16933,#16962,#16983,#16984));
#16933 = ORIENTED_EDGE('',*,*,#16934,.T.);
#16934 = EDGE_CURVE('',#16935,#16935,#16937,.T.);
#16935 = VERTEX_POINT('',#16936);
#16936 = CARTESIAN_POINT('',(52.148374395033,9.195165405931,
    -8.461695911422));
#16937 = SURFACE_CURVE('',#16938,(#16943,#16950),.PCURVE_S1.);
#16938 = CIRCLE('',#16939,52.952847127298);
#16939 = AXIS2_PLACEMENT_3D('',#16940,#16941,#16942);
#16940 = CARTESIAN_POINT('',(0.,0.,-8.461695911422));
#16941 = DIRECTION('',(0.,-0.,1.));
#16942 = DIRECTION('',(0.984807753012,0.173648177667,0.));
#16943 = PCURVE('',#15651,#16944);
#16944 = DEFINITIONAL_REPRESENTATION('',(#16945),#16949);
#16945 = LINE('',#16946,#16947);
#16946 = CARTESIAN_POINT('',(0.,0.));
#16947 = VECTOR('',#16948,1.);
#16948 = DIRECTION('',(1.,0.));
#16949 = ( GEOMETRIC_REPRESENTATION_CONTEXT(2) 
PARAMETRIC_REPRESENTATION_CONTEXT() REPRESENTATION_CONTEXT('2D SPACE',''
  ) );
#16950 = PCURVE('',#16951,#16956);
#16951 = CONICAL_SURFACE('',#16952,52.814424780627,0.916297857297);
#16952 = AXIS2_PLACEMENT_3D('',#16953,#16954,#16955);
#16953 = CARTESIAN_POINT('',(0.,0.,-8.567911113762));
#16954 = DIRECTION('',(0.,0.,1.));
#16955 = DIRECTION('',(0.984807753012,0.173648177667,0.));
#16956 = DEFINITIONAL_REPRESENTATION('',(#16957),#16961);
#16957 = LINE('',#16958,#16959);
#16958 = CARTESIAN_POINT('',(0.,0.10621520234));
#16959 = VECTOR('',#16960,1.);
#16960 = DIRECTION('',(1.,0.));
#16961 = ( GEOMETRIC_REPRESENTATION_CONTEXT(2) 
PARAMETRIC_REPRESENTATION_CONTEXT() REPRESENTATION_CONTEXT('2D SPACE',''
  ) );
#16962 = ORIENTED_EDGE('',*,*,#16963,.T.);
#16963 = EDGE_CURVE('',#16935,#15635,#16964,.T.);
#16964 = SEAM_CURVE('',#16965,(#16969,#16976),.PCURVE_S1.);
#16965 = LINE('',#16966,#16967);
#16966 = CARTESIAN_POINT('',(52.148374395033,9.195165405931,
    -8.461695911422));
#16967 = VECTOR('',#16968,1.);
#16968 = DIRECTION('',(0.830578434661,0.146453387625,0.537299608347));
#16969 = PCURVE('',#15651,#16970);
#16970 = DEFINITIONAL_REPRESENTATION('',(#16971),#16975);
#16971 = LINE('',#16972,#16973);
#16972 = CARTESIAN_POINT('',(0.,0.));
#16973 = VECTOR('',#16974,1.);
#16974 = DIRECTION('',(0.,1.));
#16975 = ( GEOMETRIC_REPRESENTATION_CONTEXT(2) 
PARAMETRIC_REPRESENTATION_CONTEXT() REPRESENTATION_CONTEXT('2D SPACE',''
  ) );
#16976 = PCURVE('',#15651,#16977);
#16977 = DEFINITIONAL_REPRESENTATION('',(#16978),#16982);
#16978 = LINE('',#16979,#16980);
#16979 = CARTESIAN_POINT('',(6.28318530718,0.));
#16980 = VECTOR('',#16981,1.);
#16981 = DIRECTION('',(0.,1.));
#16982 = ( GEOMETRIC_REPRESENTATION_CONTEXT(2) 
PARAMETRIC_REPRESENTATION_CONTEXT() REPRESENTATION_CONTEXT('2D SPACE',''
  ) );
#16983 = ORIENTED_EDGE('',*,*,#15634,.F.);
#16984 = ORIENTED_EDGE('',*,*,#16963,.F.);
#16985 = ADVANCED_FACE('',(#16986),#16864,.T.);
#16986 = FACE_BOUND('',#16987,.T.);
#16987 = EDGE_LOOP('',(#16988,#17017,#17038,#17039));
#16988 = ORIENTED_EDGE('',*,*,#16989,.F.);
#16989 = EDGE_CURVE('',#16990,#16990,#16992,.T.);
#16990 = VERTEX_POINT('',#16991);
#16991 = CARTESIAN_POINT('',(7.878462024098,1.389185421335,-8.1));
#16992 = SURFACE_CURVE('',#16993,(#16998,#17005),.PCURVE_S1.);
#16993 = CIRCLE('',#16994,8.);
#16994 = AXIS2_PLACEMENT_3D('',#16995,#16996,#16997);
#16995 = CARTESIAN_POINT('',(0.,0.,-8.1));
#16996 = DIRECTION('',(0.,-0.,1.));
#16997 = DIRECTION('',(0.984807753012,0.173648177667,0.));
#16998 = PCURVE('',#16864,#16999);
#16999 = DEFINITIONAL_REPRESENTATION('',(#17000),#17004);
#17000 = LINE('',#17001,#17002);
#17001 = CARTESIAN_POINT('',(0.,0.9));
#17002 = VECTOR('',#17003,1.);
#17003 = DIRECTION('',(1.,0.));
#17004 = ( GEOMETRIC_REPRESENTATION_CONTEXT(2) 
PARAMETRIC_REPRESENTATION_CONTEXT() REPRESENTATION_CONTEXT('2D SPACE',''
  ) );
#17005 = PCURVE('',#17006,#17011);
#17006 = PLANE('',#17007);
#17007 = AXIS2_PLACEMENT_3D('',#17008,#17009,#17010);
#17008 = CARTESIAN_POINT('',(0.,0.,-8.1));
#17009 = DIRECTION('',(0.,0.,1.));
#17010 = DIRECTION('',(0.984807753012,0.173648177667,0.));
#17011 = DEFINITIONAL_REPRESENTATION('',(#17012),#17016);
#17012 = CIRCLE('',#17013,8.);
#17013 = AXIS2_PLACEMENT_2D('',#17014,#17015);
#17014 = CARTESIAN_POINT('',(0.,0.));
#17015 = DIRECTION('',(1.,-4.74729883959E-18));
#17016 = ( GEOMETRIC_REPRESENTATION_CONTEXT(2) 
PARAMETRIC_REPRESENTATION_CONTEXT() REPRESENTATION_CONTEXT('2D SPACE',''
  ) );
#17017 = ORIENTED_EDGE('',*,*,#17018,.F.);
#17018 = EDGE_CURVE('',#16848,#16990,#17019,.T.);
#17019 = SEAM_CURVE('',#17020,(#17024,#17031),.PCURVE_S1.);
#17020 = LINE('',#17021,#17022);
#17021 = CARTESIAN_POINT('',(7.878462024098,1.389185421335,-9.));
#17022 = VECTOR('',#17023,1.);
#17023 = DIRECTION('',(0.,0.,1.));
#17024 = PCURVE('',#16864,#17025);
#17025 = DEFINITIONAL_REPRESENTATION('',(#17026),#17030);
#17026 = LINE('',#17027,#17028);
#17027 = CARTESIAN_POINT('',(6.28318530718,-0.));
#17028 = VECTOR('',#17029,1.);
#17029 = DIRECTION('',(0.,1.));
#17030 = ( GEOMETRIC_REPRESENTATION_CONTEXT(2) 
PARAMETRIC_REPRESENTATION_CONTEXT() REPRESENTATION_CONTEXT('2D SPACE',''
  ) );
#17031 = PCURVE('',#16864,#17032);
#17032 = DEFINITIONAL_REPRESENTATION('',(#17033),#17037);
#17033 = LINE('',#17034,#17035);
#17034 = CARTESIAN_POINT('',(0.,-0.));
#17035 = VECTOR('',#17036,1.);
#17036 = DIRECTION('',(0.,1.));
#17037 = ( GEOMETRIC_REPRESENTATION_CONTEXT(2) 
PARAMETRIC_REPRESENTATION_CONTEXT() REPRESENTATION_CONTEXT('2D SPACE',''
  ) );
#17038 = ORIENTED_EDGE('',*,*,#16847,.T.);
#17039 = ORIENTED_EDGE('',*,*,#17018,.T.);
#17040 = ADVANCED_FACE('',(#17041),#16897,.F.);
#17041 = FACE_BOUND('',#17042,.F.);
#17042 = EDGE_LOOP('',(#17043,#17044,#17067,#17094,#17095));
#17043 = ORIENTED_EDGE('',*,*,#16909,.F.);
#17044 = ORIENTED_EDGE('',*,*,#17045,.F.);
#17045 = EDGE_CURVE('',#17046,#16881,#17048,.T.);
#17046 = VERTEX_POINT('',#17047);
#17047 = CARTESIAN_POINT('',(15.756924048195,2.778370842671,-10.));
#17048 = SEAM_CURVE('',#17049,(#17053,#17060),.PCURVE_S1.);
#17049 = LINE('',#17050,#17051);
#17050 = CARTESIAN_POINT('',(15.756924048195,2.778370842671,-11.));
#17051 = VECTOR('',#17052,1.);
#17052 = DIRECTION('',(0.,0.,1.));
#17053 = PCURVE('',#16897,#17054);
#17054 = DEFINITIONAL_REPRESENTATION('',(#17055),#17059);
#17055 = LINE('',#17056,#17057);
#17056 = CARTESIAN_POINT('',(6.28318530718,-0.));
#17057 = VECTOR('',#17058,1.);
#17058 = DIRECTION('',(0.,1.));
#17059 = ( GEOMETRIC_REPRESENTATION_CONTEXT(2) 
PARAMETRIC_REPRESENTATION_CONTEXT() REPRESENTATION_CONTEXT('2D SPACE',''
  ) );
#17060 = PCURVE('',#16897,#17061);
#17061 = DEFINITIONAL_REPRESENTATION('',(#17062),#17066);
#17062 = LINE('',#17063,#17064);
#17063 = CARTESIAN_POINT('',(0.,-0.));
#17064 = VECTOR('',#17065,1.);
#17065 = DIRECTION('',(0.,1.));
#17066 = ( GEOMETRIC_REPRESENTATION_CONTEXT(2) 
PARAMETRIC_REPRESENTATION_CONTEXT() REPRESENTATION_CONTEXT('2D SPACE',''
  ) );
#17067 = ORIENTED_EDGE('',*,*,#17068,.T.);
#17068 = EDGE_CURVE('',#17046,#17046,#17069,.T.);
#17069 = SURFACE_CURVE('',#17070,(#17075,#17082),.PCURVE_S1.);
#17070 = CIRCLE('',#17071,4.);
#17071 = AXIS2_PLACEMENT_3D('',#17072,#17073,#17074);
#17072 = CARTESIAN_POINT('',(11.817693036146,2.083778132003,-10.));
#17073 = DIRECTION('',(0.,-0.,1.));
#17074 = DIRECTION('',(0.984807753012,0.173648177667,0.));
#17075 = PCURVE('',#16897,#17076);
#17076 = DEFINITIONAL_REPRESENTATION('',(#17077),#17081);
#17077 = LINE('',#17078,#17079);
#17078 = CARTESIAN_POINT('',(0.,1.));
#17079 = VECTOR('',#17080,1.);
#17080 = DIRECTION('',(1.,0.));
#17081 = ( GEOMETRIC_REPRESENTATION_CONTEXT(2) 
PARAMETRIC_REPRESENTATION_CONTEXT() REPRESENTATION_CONTEXT('2D SPACE',''
  ) );
#17082 = PCURVE('',#17083,#17088);
#17083 = PLANE('',#17084);
#17084 = AXIS2_PLACEMENT_3D('',#17085,#17086,#17087);
#17085 = CARTESIAN_POINT('',(0.,0.,-10.));
#17086 = DIRECTION('',(0.,0.,1.));
#17087 = DIRECTION('',(0.984807753012,0.173648177667,0.));
#17088 = DEFINITIONAL_REPRESENTATION('',(#17089),#17093);
#17089 = CIRCLE('',#17090,4.);
#17090 = AXIS2_PLACEMENT_2D('',#17091,#17092);
#17091 = CARTESIAN_POINT('',(12.,2.944893704793E-17));
#17092 = DIRECTION('',(1.,-4.74729883959E-18));
#17093 = ( GEOMETRIC_REPRESENTATION_CONTEXT(2) 
PARAMETRIC_REPRESENTATION_CONTEXT() REPRESENTATION_CONTEXT('2D SPACE',''
  ) );
#17094 = ORIENTED_EDGE('',*,*,#17045,.T.);
#17095 = ORIENTED_EDGE('',*,*,#16878,.F.);
#17096 = ADVANCED_FACE('',(#17097),#16951,.T.);
#17097 = FACE_BOUND('',#17098,.T.);
#17098 = EDGE_LOOP('',(#17099,#17128,#17149,#17150));
#17099 = ORIENTED_EDGE('',*,*,#17100,.T.);
#17100 = EDGE_CURVE('',#17101,#17101,#17103,.T.);
#17101 = VERTEX_POINT('',#17102);
#17102 = CARTESIAN_POINT('',(52.012054994841,9.171128617683,
    -8.567911113762));
#17103 = SURFACE_CURVE('',#17104,(#17109,#17116),.PCURVE_S1.);
#17104 = CIRCLE('',#17105,52.814424780627);
#17105 = AXIS2_PLACEMENT_3D('',#17106,#17107,#17108);
#17106 = CARTESIAN_POINT('',(0.,0.,-8.567911113762));
#17107 = DIRECTION('',(0.,-0.,1.));
#17108 = DIRECTION('',(0.984807753012,0.173648177667,0.));
#17109 = PCURVE('',#16951,#17110);
#17110 = DEFINITIONAL_REPRESENTATION('',(#17111),#17115);
#17111 = LINE('',#17112,#17113);
#17112 = CARTESIAN_POINT('',(0.,0.));
#17113 = VECTOR('',#17114,1.);
#17114 = DIRECTION('',(1.,0.));
#17115 = ( GEOMETRIC_REPRESENTATION_CONTEXT(2) 
PARAMETRIC_REPRESENTATION_CONTEXT() REPRESENTATION_CONTEXT('2D SPACE',''
  ) );
#17116 = PCURVE('',#17117,#17122);
#17117 = CONICAL_SURFACE('',#17118,52.685786437627,0.829031394697);
#17118 = AXIS2_PLACEMENT_3D('',#17119,#17120,#17121);
#17119 = CARTESIAN_POINT('',(0.,0.,-8.685786437627));
#17120 = DIRECTION('',(0.,0.,1.));
#17121 = DIRECTION('',(0.984807753012,0.173648177667,0.));
#17122 = DEFINITIONAL_REPRESENTATION('',(#17123),#17127);
#17123 = LINE('',#17124,#17125);
#17124 = CARTESIAN_POINT('',(0.,0.117875323865));
#17125 = VECTOR('',#17126,1.);
#17126 = DIRECTION('',(1.,0.));
#17127 = ( GEOMETRIC_REPRESENTATION_CONTEXT(2) 
PARAMETRIC_REPRESENTATION_CONTEXT() REPRESENTATION_CONTEXT('2D SPACE',''
  ) );
#17128 = ORIENTED_EDGE('',*,*,#17129,.T.);
#17129 = EDGE_CURVE('',#17101,#16935,#17130,.T.);
#17130 = SEAM_CURVE('',#17131,(#17135,#17142),.PCURVE_S1.);
#17131 = LINE('',#17132,#17133);
#17132 = CARTESIAN_POINT('',(52.012054994841,9.171128617683,
    -8.567911113762));
#17133 = VECTOR('',#17134,1.);
#17134 = DIRECTION('',(0.781300520397,0.137764361788,0.608761429009));
#17135 = PCURVE('',#16951,#17136);
#17136 = DEFINITIONAL_REPRESENTATION('',(#17137),#17141);
#17137 = LINE('',#17138,#17139);
#17138 = CARTESIAN_POINT('',(0.,0.));
#17139 = VECTOR('',#17140,1.);
#17140 = DIRECTION('',(0.,1.));
#17141 = ( GEOMETRIC_REPRESENTATION_CONTEXT(2) 
PARAMETRIC_REPRESENTATION_CONTEXT() REPRESENTATION_CONTEXT('2D SPACE',''
  ) );
#17142 = PCURVE('',#16951,#17143);
#17143 = DEFINITIONAL_REPRESENTATION('',(#17144),#17148);
#17144 = LINE('',#17145,#17146);
#17145 = CARTESIAN_POINT('',(6.28318530718,0.));
#17146 = VECTOR('',#17147,1.);
#17147 = DIRECTION('',(0.,1.));
#17148 = ( GEOMETRIC_REPRESENTATION_CONTEXT(2) 
PARAMETRIC_REPRESENTATION_CONTEXT() REPRESENTATION_CONTEXT('2D SPACE',''
  ) );
#17149 = ORIENTED_EDGE('',*,*,#16934,.F.);
#17150 = ORIENTED_EDGE('',*,*,#17129,.F.);
#17151 = ADVANCED_FACE('',(#17152,#17155),#17006,.T.);
#17152 = FACE_BOUND('',#17153,.T.);
#17153 = EDGE_LOOP('',(#17154));
#17154 = ORIENTED_EDGE('',*,*,#16989,.T.);
#17155 = FACE_BOUND('',#17156,.T.);
#17156 = EDGE_LOOP('',(#17157));
#17157 = ORIENTED_EDGE('',*,*,#17158,.F.);
#17158 = EDGE_CURVE('',#17159,#17159,#17161,.T.);
#17159 = VERTEX_POINT('',#17160);
#17160 = CARTESIAN_POINT('',(1.427971241868,0.251789857617,-8.1));
#17161 = SURFACE_CURVE('',#17162,(#17167,#17174),.PCURVE_S1.);
#17162 = CIRCLE('',#17163,1.45);
#17163 = AXIS2_PLACEMENT_3D('',#17164,#17165,#17166);
#17164 = CARTESIAN_POINT('',(0.,0.,-8.1));
#17165 = DIRECTION('',(0.,-0.,1.));
#17166 = DIRECTION('',(0.984807753012,0.173648177667,0.));
#17167 = PCURVE('',#17006,#17168);
#17168 = DEFINITIONAL_REPRESENTATION('',(#17169),#17173);
#17169 = CIRCLE('',#17170,1.45);
#17170 = AXIS2_PLACEMENT_2D('',#17171,#17172);
#17171 = CARTESIAN_POINT('',(0.,0.));
#17172 = DIRECTION('',(1.,-4.74729883959E-18));
#17173 = ( GEOMETRIC_REPRESENTATION_CONTEXT(2) 
PARAMETRIC_REPRESENTATION_CONTEXT() REPRESENTATION_CONTEXT('2D SPACE',''
  ) );
#17174 = PCURVE('',#17175,#17180);
#17175 = CYLINDRICAL_SURFACE('',#17176,1.45);
#17176 = AXIS2_PLACEMENT_3D('',#17177,#17178,#17179);
#17177 = CARTESIAN_POINT('',(0.,0.,-11.));
#17178 = DIRECTION('',(0.,0.,1.));
#17179 = DIRECTION('',(0.984807753012,0.173648177667,0.));
#17180 = DEFINITIONAL_REPRESENTATION('',(#17181),#17185);
#17181 = LINE('',#17182,#17183);
#17182 = CARTESIAN_POINT('',(0.,2.9));
#17183 = VECTOR('',#17184,1.);
#17184 = DIRECTION('',(1.,0.));
#17185 = ( GEOMETRIC_REPRESENTATION_CONTEXT(2) 
PARAMETRIC_REPRESENTATION_CONTEXT() REPRESENTATION_CONTEXT('2D SPACE',''
  ) );
#17186 = ADVANCED_FACE('',(#17187,#17218,#17244),#17083,.F.);
#17187 = FACE_BOUND('',#17188,.F.);
#17188 = EDGE_LOOP('',(#17189));
#17189 = ORIENTED_EDGE('',*,*,#17190,.T.);
#17190 = EDGE_CURVE('',#17191,#17191,#17193,.T.);
#17191 = VERTEX_POINT('',#17192);
#17192 = CARTESIAN_POINT('',(51.312783695444,9.047828220764,-10.));
#17193 = SURFACE_CURVE('',#17194,(#17199,#17206),.PCURVE_S1.);
#17194 = CIRCLE('',#17195,52.104366094291);
#17195 = AXIS2_PLACEMENT_3D('',#17196,#17197,#17198);
#17196 = CARTESIAN_POINT('',(0.,0.,-10.));
#17197 = DIRECTION('',(0.,-0.,1.));
#17198 = DIRECTION('',(0.984807753012,0.173648177667,0.));
#17199 = PCURVE('',#17083,#17200);
#17200 = DEFINITIONAL_REPRESENTATION('',(#17201),#17205);
#17201 = CIRCLE('',#17202,52.104366094291);
#17202 = AXIS2_PLACEMENT_2D('',#17203,#17204);
#17203 = CARTESIAN_POINT('',(0.,0.));
#17204 = DIRECTION('',(1.,-4.74729883959E-18));
#17205 = ( GEOMETRIC_REPRESENTATION_CONTEXT(2) 
PARAMETRIC_REPRESENTATION_CONTEXT() REPRESENTATION_CONTEXT('2D SPACE',''
  ) );
#17206 = PCURVE('',#17207,#17212);
#17207 = CONICAL_SURFACE('',#17208,52.1,4.363323129986E-02);
#17208 = AXIS2_PLACEMENT_3D('',#17209,#17210,#17211);
#17209 = CARTESIAN_POINT('',(0.,0.,-10.1));
#17210 = DIRECTION('',(0.,0.,1.));
#17211 = DIRECTION('',(0.984807753012,0.173648177667,0.));
#17212 = DEFINITIONAL_REPRESENTATION('',(#17213),#17217);
#17213 = LINE('',#17214,#17215);
#17214 = CARTESIAN_POINT('',(0.,1.E-01));
#17215 = VECTOR('',#17216,1.);
#17216 = DIRECTION('',(1.,0.));
#17217 = ( GEOMETRIC_REPRESENTATION_CONTEXT(2) 
PARAMETRIC_REPRESENTATION_CONTEXT() REPRESENTATION_CONTEXT('2D SPACE',''
  ) );
#17218 = FACE_BOUND('',#17219,.F.);
#17219 = EDGE_LOOP('',(#17220));
#17220 = ORIENTED_EDGE('',*,*,#17221,.F.);
#17221 = EDGE_CURVE('',#17222,#17222,#17224,.T.);
#17222 = VERTEX_POINT('',#17223);
#17223 = CARTESIAN_POINT('',(1.427971241868,0.251789857617,-10.));
#17224 = SURFACE_CURVE('',#17225,(#17230,#17237),.PCURVE_S1.);
#17225 = CIRCLE('',#17226,1.45);
#17226 = AXIS2_PLACEMENT_3D('',#17227,#17228,#17229);
#17227 = CARTESIAN_POINT('',(0.,0.,-10.));
#17228 = DIRECTION('',(0.,-0.,1.));
#17229 = DIRECTION('',(0.984807753012,0.173648177667,0.));
#17230 = PCURVE('',#17083,#17231);
#17231 = DEFINITIONAL_REPRESENTATION('',(#17232),#17236);
#17232 = CIRCLE('',#17233,1.45);
#17233 = AXIS2_PLACEMENT_2D('',#17234,#17235);
#17234 = CARTESIAN_POINT('',(0.,0.));
#17235 = DIRECTION('',(1.,-4.74729883959E-18));
#17236 = ( GEOMETRIC_REPRESENTATION_CONTEXT(2) 
PARAMETRIC_REPRESENTATION_CONTEXT() REPRESENTATION_CONTEXT('2D SPACE',''
  ) );
#17237 = PCURVE('',#17175,#17238);
#17238 = DEFINITIONAL_REPRESENTATION('',(#17239),#17243);
#17239 = LINE('',#17240,#17241);
#17240 = CARTESIAN_POINT('',(0.,1.));
#17241 = VECTOR('',#17242,1.);
#17242 = DIRECTION('',(1.,0.));
#17243 = ( GEOMETRIC_REPRESENTATION_CONTEXT(2) 
PARAMETRIC_REPRESENTATION_CONTEXT() REPRESENTATION_CONTEXT('2D SPACE',''
  ) );
#17244 = FACE_BOUND('',#17245,.F.);
#17245 = EDGE_LOOP('',(#17246));
#17246 = ORIENTED_EDGE('',*,*,#17068,.F.);
#17247 = ADVANCED_FACE('',(#17248),#17117,.T.);
#17248 = FACE_BOUND('',#17249,.T.);
#17249 = EDGE_LOOP('',(#17250,#17279,#17300,#17301));
#17250 = ORIENTED_EDGE('',*,*,#17251,.T.);
#17251 = EDGE_CURVE('',#17252,#17252,#17254,.T.);
#17252 = VERTEX_POINT('',#17253);
#17253 = CARTESIAN_POINT('',(51.88537095732,9.148790803843,
    -8.685786437627));
#17254 = SURFACE_CURVE('',#17255,(#17260,#17267),.PCURVE_S1.);
#17255 = CIRCLE('',#17256,52.685786437627);
#17256 = AXIS2_PLACEMENT_3D('',#17257,#17258,#17259);
#17257 = CARTESIAN_POINT('',(0.,0.,-8.685786437627));
#17258 = DIRECTION('',(0.,-0.,1.));
#17259 = DIRECTION('',(0.984807753012,0.173648177667,0.));
#17260 = PCURVE('',#17117,#17261);
#17261 = DEFINITIONAL_REPRESENTATION('',(#17262),#17266);
#17262 = LINE('',#17263,#17264);
#17263 = CARTESIAN_POINT('',(0.,0.));
#17264 = VECTOR('',#17265,1.);
#17265 = DIRECTION('',(1.,0.));
#17266 = ( GEOMETRIC_REPRESENTATION_CONTEXT(2) 
PARAMETRIC_REPRESENTATION_CONTEXT() REPRESENTATION_CONTEXT('2D SPACE',''
  ) );
#17267 = PCURVE('',#17268,#17273);
#17268 = CONICAL_SURFACE('',#17269,52.567911113762,0.741764932098);
#17269 = AXIS2_PLACEMENT_3D('',#17270,#17271,#17272);
#17270 = CARTESIAN_POINT('',(0.,0.,-8.814424780627));
#17271 = DIRECTION('',(0.,0.,1.));
#17272 = DIRECTION('',(0.984807753012,0.173648177667,0.));
#17273 = DEFINITIONAL_REPRESENTATION('',(#17274),#17278);
#17274 = LINE('',#17275,#17276);
#17275 = CARTESIAN_POINT('',(0.,0.128638343));
#17276 = VECTOR('',#17277,1.);
#17277 = DIRECTION('',(1.,0.));
#17278 = ( GEOMETRIC_REPRESENTATION_CONTEXT(2) 
PARAMETRIC_REPRESENTATION_CONTEXT() REPRESENTATION_CONTEXT('2D SPACE',''
  ) );
#17279 = ORIENTED_EDGE('',*,*,#17280,.T.);
#17280 = EDGE_CURVE('',#17252,#17101,#17281,.T.);
#17281 = SEAM_CURVE('',#17282,(#17286,#17293),.PCURVE_S1.);
#17282 = LINE('',#17283,#17284);
#17283 = CARTESIAN_POINT('',(51.88537095732,9.148790803843,
    -8.685786437627));
#17284 = VECTOR('',#17285,1.);
#17285 = DIRECTION('',(0.726076437411,0.128026865972,0.675590207616));
#17286 = PCURVE('',#17117,#17287);
#17287 = DEFINITIONAL_REPRESENTATION('',(#17288),#17292);
#17288 = LINE('',#17289,#17290);
#17289 = CARTESIAN_POINT('',(0.,0.));
#17290 = VECTOR('',#17291,1.);
#17291 = DIRECTION('',(0.,1.));
#17292 = ( GEOMETRIC_REPRESENTATION_CONTEXT(2) 
PARAMETRIC_REPRESENTATION_CONTEXT() REPRESENTATION_CONTEXT('2D SPACE',''
  ) );
#17293 = PCURVE('',#17117,#17294);
#17294 = DEFINITIONAL_REPRESENTATION('',(#17295),#17299);
#17295 = LINE('',#17296,#17297);
#17296 = CARTESIAN_POINT('',(6.28318530718,0.));
#17297 = VECTOR('',#17298,1.);
#17298 = DIRECTION('',(0.,1.));
#17299 = ( GEOMETRIC_REPRESENTATION_CONTEXT(2) 
PARAMETRIC_REPRESENTATION_CONTEXT() REPRESENTATION_CONTEXT('2D SPACE',''
  ) );
#17300 = ORIENTED_EDGE('',*,*,#17100,.F.);
#17301 = ORIENTED_EDGE('',*,*,#17280,.F.);
#17302 = ADVANCED_FACE('',(#17303),#17175,.F.);
#17303 = FACE_BOUND('',#17304,.F.);
#17304 = EDGE_LOOP('',(#17305,#17306,#17327,#17328));
#17305 = ORIENTED_EDGE('',*,*,#17158,.F.);
#17306 = ORIENTED_EDGE('',*,*,#17307,.F.);
#17307 = EDGE_CURVE('',#17222,#17159,#17308,.T.);
#17308 = SEAM_CURVE('',#17309,(#17313,#17320),.PCURVE_S1.);
#17309 = LINE('',#17310,#17311);
#17310 = CARTESIAN_POINT('',(1.427971241868,0.251789857617,-11.));
#17311 = VECTOR('',#17312,1.);
#17312 = DIRECTION('',(0.,0.,1.));
#17313 = PCURVE('',#17175,#17314);
#17314 = DEFINITIONAL_REPRESENTATION('',(#17315),#17319);
#17315 = LINE('',#17316,#17317);
#17316 = CARTESIAN_POINT('',(6.28318530718,-0.));
#17317 = VECTOR('',#17318,1.);
#17318 = DIRECTION('',(0.,1.));
#17319 = ( GEOMETRIC_REPRESENTATION_CONTEXT(2) 
PARAMETRIC_REPRESENTATION_CONTEXT() REPRESENTATION_CONTEXT('2D SPACE',''
  ) );
#17320 = PCURVE('',#17175,#17321);
#17321 = DEFINITIONAL_REPRESENTATION('',(#17322),#17326);
#17322 = LINE('',#17323,#17324);
#17323 = CARTESIAN_POINT('',(0.,-0.));
#17324 = VECTOR('',#17325,1.);
#17325 = DIRECTION('',(0.,1.));
#17326 = ( GEOMETRIC_REPRESENTATION_CONTEXT(2) 
PARAMETRIC_REPRESENTATION_CONTEXT() REPRESENTATION_CONTEXT('2D SPACE',''
  ) );
#17327 = ORIENTED_EDGE('',*,*,#17221,.T.);
#17328 = ORIENTED_EDGE('',*,*,#17307,.T.);
#17329 = ADVANCED_FACE('',(#17330),#17207,.T.);
#17330 = FACE_BOUND('',#17331,.T.);
#17331 = EDGE_LOOP('',(#17332,#17333,#17356,#17383));
#17332 = ORIENTED_EDGE('',*,*,#17190,.T.);
#17333 = ORIENTED_EDGE('',*,*,#17334,.T.);
#17334 = EDGE_CURVE('',#17191,#17335,#17337,.T.);
#17335 = VERTEX_POINT('',#17336);
#17336 = CARTESIAN_POINT('',(51.31597891358,9.048391623931,
    -9.925688514505));
#17337 = SEAM_CURVE('',#17338,(#17342,#17349),.PCURVE_S1.);
#17338 = LINE('',#17339,#17340);
#17339 = CARTESIAN_POINT('',(51.308483931936,9.047070056447,-10.1));
#17340 = VECTOR('',#17341,1.);
#17341 = DIRECTION('',(4.295671085903E-02,7.574427126939E-03,
    0.999048221582));
#17342 = PCURVE('',#17207,#17343);
#17343 = DEFINITIONAL_REPRESENTATION('',(#17344),#17348);
#17344 = LINE('',#17345,#17346);
#17345 = CARTESIAN_POINT('',(0.,0.));
#17346 = VECTOR('',#17347,1.);
#17347 = DIRECTION('',(0.,1.));
#17348 = ( GEOMETRIC_REPRESENTATION_CONTEXT(2) 
PARAMETRIC_REPRESENTATION_CONTEXT() REPRESENTATION_CONTEXT('2D SPACE',''
  ) );
#17349 = PCURVE('',#17207,#17350);
#17350 = DEFINITIONAL_REPRESENTATION('',(#17351),#17355);
#17351 = LINE('',#17352,#17353);
#17352 = CARTESIAN_POINT('',(6.28318530718,0.));
#17353 = VECTOR('',#17354,1.);
#17354 = DIRECTION('',(0.,1.));
#17355 = ( GEOMETRIC_REPRESENTATION_CONTEXT(2) 
PARAMETRIC_REPRESENTATION_CONTEXT() REPRESENTATION_CONTEXT('2D SPACE',''
  ) );
#17356 = ORIENTED_EDGE('',*,*,#17357,.F.);
#17357 = EDGE_CURVE('',#17335,#17335,#17358,.T.);
#17358 = SURFACE_CURVE('',#17359,(#17364,#17371),.PCURVE_S1.);
#17359 = CIRCLE('',#17360,52.107610603817);
#17360 = AXIS2_PLACEMENT_3D('',#17361,#17362,#17363);
#17361 = CARTESIAN_POINT('',(0.,0.,-9.925688514505));
#17362 = DIRECTION('',(0.,-0.,1.));
#17363 = DIRECTION('',(0.984807753012,0.173648177667,0.));
#17364 = PCURVE('',#17207,#17365);
#17365 = DEFINITIONAL_REPRESENTATION('',(#17366),#17370);
#17366 = LINE('',#17367,#17368);
#17367 = CARTESIAN_POINT('',(0.,0.174311485495));
#17368 = VECTOR('',#17369,1.);
#17369 = DIRECTION('',(1.,0.));
#17370 = ( GEOMETRIC_REPRESENTATION_CONTEXT(2) 
PARAMETRIC_REPRESENTATION_CONTEXT() REPRESENTATION_CONTEXT('2D SPACE',''
  ) );
#17371 = PCURVE('',#17372,#17377);
#17372 = CONICAL_SURFACE('',#17373,52.107610603817,0.1308996939);
#17373 = AXIS2_PLACEMENT_3D('',#17374,#17375,#17376);
#17374 = CARTESIAN_POINT('',(0.,0.,-9.925688514505));
#17375 = DIRECTION('',(0.,0.,1.));
#17376 = DIRECTION('',(0.984807753012,0.173648177667,0.));
#17377 = DEFINITIONAL_REPRESENTATION('',(#17378),#17382);
#17378 = LINE('',#17379,#17380);
#17379 = CARTESIAN_POINT('',(0.,0.));
#17380 = VECTOR('',#17381,1.);
#17381 = DIRECTION('',(1.,0.));
#17382 = ( GEOMETRIC_REPRESENTATION_CONTEXT(2) 
PARAMETRIC_REPRESENTATION_CONTEXT() REPRESENTATION_CONTEXT('2D SPACE',''
  ) );
#17383 = ORIENTED_EDGE('',*,*,#17334,.F.);
#17384 = ADVANCED_FACE('',(#17385),#17268,.T.);
#17385 = FACE_BOUND('',#17386,.T.);
#17386 = EDGE_LOOP('',(#17387,#17416,#17437,#17438));
#17387 = ORIENTED_EDGE('',*,*,#17388,.T.);
#17388 = EDGE_CURVE('',#17389,#17389,#17391,.T.);
#17389 = VERTEX_POINT('',#17390);
#17390 = CARTESIAN_POINT('',(51.769286424489,9.128321968662,
    -8.814424780627));
#17391 = SURFACE_CURVE('',#17392,(#17397,#17404),.PCURVE_S1.);
#17392 = CIRCLE('',#17393,52.567911113762);
#17393 = AXIS2_PLACEMENT_3D('',#17394,#17395,#17396);
#17394 = CARTESIAN_POINT('',(0.,0.,-8.814424780627));
#17395 = DIRECTION('',(0.,-0.,1.));
#17396 = DIRECTION('',(0.984807753012,0.173648177667,0.));
#17397 = PCURVE('',#17268,#17398);
#17398 = DEFINITIONAL_REPRESENTATION('',(#17399),#17403);
#17399 = LINE('',#17400,#17401);
#17400 = CARTESIAN_POINT('',(0.,0.));
#17401 = VECTOR('',#17402,1.);
#17402 = DIRECTION('',(1.,0.));
#17403 = ( GEOMETRIC_REPRESENTATION_CONTEXT(2) 
PARAMETRIC_REPRESENTATION_CONTEXT() REPRESENTATION_CONTEXT('2D SPACE',''
  ) );
#17404 = PCURVE('',#17405,#17410);
#17405 = CONICAL_SURFACE('',#17406,52.461695911422,0.654498469498);
#17406 = AXIS2_PLACEMENT_3D('',#17407,#17408,#17409);
#17407 = CARTESIAN_POINT('',(0.,0.,-8.952847127298));
#17408 = DIRECTION('',(0.,0.,1.));
#17409 = DIRECTION('',(0.984807753012,0.173648177667,0.));
#17410 = DEFINITIONAL_REPRESENTATION('',(#17411),#17415);
#17411 = LINE('',#17412,#17413);
#17412 = CARTESIAN_POINT('',(0.,0.138422346671));
#17413 = VECTOR('',#17414,1.);
#17414 = DIRECTION('',(1.,0.));
#17415 = ( GEOMETRIC_REPRESENTATION_CONTEXT(2) 
PARAMETRIC_REPRESENTATION_CONTEXT() REPRESENTATION_CONTEXT('2D SPACE',''
  ) );
#17416 = ORIENTED_EDGE('',*,*,#17417,.T.);
#17417 = EDGE_CURVE('',#17389,#17252,#17418,.T.);
#17418 = SEAM_CURVE('',#17419,(#17423,#17430),.PCURVE_S1.);
#17419 = LINE('',#17420,#17421);
#17420 = CARTESIAN_POINT('',(51.769286424489,9.128321968662,
    -8.814424780627));
#17421 = VECTOR('',#17422,1.);
#17422 = DIRECTION('',(0.665326474319,0.117315008402,0.73727733681));
#17423 = PCURVE('',#17268,#17424);
#17424 = DEFINITIONAL_REPRESENTATION('',(#17425),#17429);
#17425 = LINE('',#17426,#17427);
#17426 = CARTESIAN_POINT('',(0.,0.));
#17427 = VECTOR('',#17428,1.);
#17428 = DIRECTION('',(0.,1.));
#17429 = ( GEOMETRIC_REPRESENTATION_CONTEXT(2) 
PARAMETRIC_REPRESENTATION_CONTEXT() REPRESENTATION_CONTEXT('2D SPACE',''
  ) );
#17430 = PCURVE('',#17268,#17431);
#17431 = DEFINITIONAL_REPRESENTATION('',(#17432),#17436);
#17432 = LINE('',#17433,#17434);
#17433 = CARTESIAN_POINT('',(6.28318530718,0.));
#17434 = VECTOR('',#17435,1.);
#17435 = DIRECTION('',(0.,1.));
#17436 = ( GEOMETRIC_REPRESENTATION_CONTEXT(2) 
PARAMETRIC_REPRESENTATION_CONTEXT() REPRESENTATION_CONTEXT('2D SPACE',''
  ) );
#17437 = ORIENTED_EDGE('',*,*,#17251,.F.);
#17438 = ORIENTED_EDGE('',*,*,#17417,.F.);
#17439 = ADVANCED_FACE('',(#17440),#17372,.T.);
#17440 = FACE_BOUND('',#17441,.T.);
#17441 = EDGE_LOOP('',(#17442,#17443,#17466,#17493));
#17442 = ORIENTED_EDGE('',*,*,#17357,.T.);
#17443 = ORIENTED_EDGE('',*,*,#17444,.T.);
#17444 = EDGE_CURVE('',#17335,#17445,#17447,.T.);
#17445 = VERTEX_POINT('',#17446);
#17446 = CARTESIAN_POINT('',(51.338406817175,9.052346268455,
    -9.752703644666));
#17447 = SEAM_CURVE('',#17448,(#17452,#17459),.PCURVE_S1.);
#17448 = LINE('',#17449,#17450);
#17449 = CARTESIAN_POINT('',(51.31597891358,9.048391623931,
    -9.925688514505));
#17450 = VECTOR('',#17451,1.);
#17451 = DIRECTION('',(0.128543206069,2.266563541681E-02,0.991444861374)
  );
#17452 = PCURVE('',#17372,#17453);
#17453 = DEFINITIONAL_REPRESENTATION('',(#17454),#17458);
#17454 = LINE('',#17455,#17456);
#17455 = CARTESIAN_POINT('',(0.,0.));
#17456 = VECTOR('',#17457,1.);
#17457 = DIRECTION('',(0.,1.));
#17458 = ( GEOMETRIC_REPRESENTATION_CONTEXT(2) 
PARAMETRIC_REPRESENTATION_CONTEXT() REPRESENTATION_CONTEXT('2D SPACE',''
  ) );
#17459 = PCURVE('',#17372,#17460);
#17460 = DEFINITIONAL_REPRESENTATION('',(#17461),#17465);
#17461 = LINE('',#17462,#17463);
#17462 = CARTESIAN_POINT('',(6.28318530718,0.));
#17463 = VECTOR('',#17464,1.);
#17464 = DIRECTION('',(0.,1.));
#17465 = ( GEOMETRIC_REPRESENTATION_CONTEXT(2) 
PARAMETRIC_REPRESENTATION_CONTEXT() REPRESENTATION_CONTEXT('2D SPACE',''
  ) );
#17466 = ORIENTED_EDGE('',*,*,#17467,.F.);
#17467 = EDGE_CURVE('',#17445,#17445,#17468,.T.);
#17468 = SURFACE_CURVE('',#17469,(#17474,#17481),.PCURVE_S1.);
#17469 = CIRCLE('',#17470,52.130384493976);
#17470 = AXIS2_PLACEMENT_3D('',#17471,#17472,#17473);
#17471 = CARTESIAN_POINT('',(0.,0.,-9.752703644666));
#17472 = DIRECTION('',(0.,-0.,1.));
#17473 = DIRECTION('',(0.984807753012,0.173648177667,0.));
#17474 = PCURVE('',#17372,#17475);
#17475 = DEFINITIONAL_REPRESENTATION('',(#17476),#17480);
#17476 = LINE('',#17477,#17478);
#17477 = CARTESIAN_POINT('',(0.,0.172984869839));
#17478 = VECTOR('',#17479,1.);
#17479 = DIRECTION('',(1.,0.));
#17480 = ( GEOMETRIC_REPRESENTATION_CONTEXT(2) 
PARAMETRIC_REPRESENTATION_CONTEXT() REPRESENTATION_CONTEXT('2D SPACE',''
  ) );
#17481 = PCURVE('',#17482,#17487);
#17482 = CONICAL_SURFACE('',#17483,52.130384493976,0.218166156499);
#17483 = AXIS2_PLACEMENT_3D('',#17484,#17485,#17486);
#17484 = CARTESIAN_POINT('',(0.,0.,-9.752703644666));
#17485 = DIRECTION('',(0.,0.,1.));
#17486 = DIRECTION('',(0.984807753012,0.173648177667,0.));
#17487 = DEFINITIONAL_REPRESENTATION('',(#17488),#17492);
#17488 = LINE('',#17489,#17490);
#17489 = CARTESIAN_POINT('',(0.,0.));
#17490 = VECTOR('',#17491,1.);
#17491 = DIRECTION('',(1.,0.));
#17492 = ( GEOMETRIC_REPRESENTATION_CONTEXT(2) 
PARAMETRIC_REPRESENTATION_CONTEXT() REPRESENTATION_CONTEXT('2D SPACE',''
  ) );
#17493 = ORIENTED_EDGE('',*,*,#17444,.F.);
#17494 = ADVANCED_FACE('',(#17495),#17405,.T.);
#17495 = FACE_BOUND('',#17496,.T.);
#17496 = EDGE_LOOP('',(#17497,#17526,#17547,#17548));
#17497 = ORIENTED_EDGE('',*,*,#17498,.T.);
#17498 = EDGE_CURVE('',#17499,#17499,#17501,.T.);
#17499 = VERTEX_POINT('',#17500);
#17500 = CARTESIAN_POINT('',(51.664684869737,9.109877892335,
    -8.952847127298));
#17501 = SURFACE_CURVE('',#17502,(#17507,#17514),.PCURVE_S1.);
#17502 = CIRCLE('',#17503,52.461695911422);
#17503 = AXIS2_PLACEMENT_3D('',#17504,#17505,#17506);
#17504 = CARTESIAN_POINT('',(0.,0.,-8.952847127298));
#17505 = DIRECTION('',(0.,-0.,1.));
#17506 = DIRECTION('',(0.984807753012,0.173648177667,0.));
#17507 = PCURVE('',#17405,#17508);
#17508 = DEFINITIONAL_REPRESENTATION('',(#17509),#17513);
#17509 = LINE('',#17510,#17511);
#17510 = CARTESIAN_POINT('',(0.,0.));
#17511 = VECTOR('',#17512,1.);
#17512 = DIRECTION('',(1.,0.));
#17513 = ( GEOMETRIC_REPRESENTATION_CONTEXT(2) 
PARAMETRIC_REPRESENTATION_CONTEXT() REPRESENTATION_CONTEXT('2D SPACE',''
  ) );
#17514 = PCURVE('',#17515,#17520);
#17515 = CONICAL_SURFACE('',#17516,52.367949192431,0.567232006898);
#17516 = AXIS2_PLACEMENT_3D('',#17517,#17518,#17519);
#17517 = CARTESIAN_POINT('',(0.,0.,-9.1));
#17518 = DIRECTION('',(0.,0.,1.));
#17519 = DIRECTION('',(0.984807753012,0.173648177667,0.));
#17520 = DEFINITIONAL_REPRESENTATION('',(#17521),#17525);
#17521 = LINE('',#17522,#17523);
#17522 = CARTESIAN_POINT('',(0.,0.147152872702));
#17523 = VECTOR('',#17524,1.);
#17524 = DIRECTION('',(1.,0.));
#17525 = ( GEOMETRIC_REPRESENTATION_CONTEXT(2) 
PARAMETRIC_REPRESENTATION_CONTEXT() REPRESENTATION_CONTEXT('2D SPACE',''
  ) );
#17526 = ORIENTED_EDGE('',*,*,#17527,.T.);
#17527 = EDGE_CURVE('',#17499,#17389,#17528,.T.);
#17528 = SEAM_CURVE('',#17529,(#17533,#17540),.PCURVE_S1.);
#17529 = LINE('',#17530,#17531);
#17530 = CARTESIAN_POINT('',(51.664684869737,9.109877892335,
    -8.952847127298));
#17531 = VECTOR('',#17532,1.);
#17532 = DIRECTION('',(0.599512975023,0.105710312781,0.793353340291));
#17533 = PCURVE('',#17405,#17534);
#17534 = DEFINITIONAL_REPRESENTATION('',(#17535),#17539);
#17535 = LINE('',#17536,#17537);
#17536 = CARTESIAN_POINT('',(0.,0.));
#17537 = VECTOR('',#17538,1.);
#17538 = DIRECTION('',(0.,1.));
#17539 = ( GEOMETRIC_REPRESENTATION_CONTEXT(2) 
PARAMETRIC_REPRESENTATION_CONTEXT() REPRESENTATION_CONTEXT('2D SPACE',''
  ) );
#17540 = PCURVE('',#17405,#17541);
#17541 = DEFINITIONAL_REPRESENTATION('',(#17542),#17546);
#17542 = LINE('',#17543,#17544);
#17543 = CARTESIAN_POINT('',(6.28318530718,0.));
#17544 = VECTOR('',#17545,1.);
#17545 = DIRECTION('',(0.,1.));
#17546 = ( GEOMETRIC_REPRESENTATION_CONTEXT(2) 
PARAMETRIC_REPRESENTATION_CONTEXT() REPRESENTATION_CONTEXT('2D SPACE',''
  ) );
#17547 = ORIENTED_EDGE('',*,*,#17388,.F.);
#17548 = ORIENTED_EDGE('',*,*,#17527,.F.);
#17549 = ADVANCED_FACE('',(#17550),#17482,.T.);
#17550 = FACE_BOUND('',#17551,.T.);
#17551 = EDGE_LOOP('',(#17552,#17553,#17576,#17603));
#17552 = ORIENTED_EDGE('',*,*,#17467,.T.);
#17553 = ORIENTED_EDGE('',*,*,#17554,.T.);
#17554 = EDGE_CURVE('',#17445,#17555,#17557,.T.);
#17555 = VERTEX_POINT('',#17556);
#17556 = CARTESIAN_POINT('',(51.375596952832,9.058903892788,
    -9.582361909795));
#17557 = SEAM_CURVE('',#17558,(#17562,#17569),.PCURVE_S1.);
#17558 = LINE('',#17559,#17560);
#17559 = CARTESIAN_POINT('',(51.338406817175,9.052346268455,
    -9.752703644666));
#17560 = VECTOR('',#17561,1.);
#17561 = DIRECTION('',(0.213151409865,3.758434453528E-02,0.97629600712)
  );
#17562 = PCURVE('',#17482,#17563);
#17563 = DEFINITIONAL_REPRESENTATION('',(#17564),#17568);
#17564 = LINE('',#17565,#17566);
#17565 = CARTESIAN_POINT('',(0.,0.));
#17566 = VECTOR('',#17567,1.);
#17567 = DIRECTION('',(0.,1.));
#17568 = ( GEOMETRIC_REPRESENTATION_CONTEXT(2) 
PARAMETRIC_REPRESENTATION_CONTEXT() REPRESENTATION_CONTEXT('2D SPACE',''
  ) );
#17569 = PCURVE('',#17482,#17570);
#17570 = DEFINITIONAL_REPRESENTATION('',(#17571),#17575);
#17571 = LINE('',#17572,#17573);
#17572 = CARTESIAN_POINT('',(6.28318530718,0.));
#17573 = VECTOR('',#17574,1.);
#17574 = DIRECTION('',(0.,1.));
#17575 = ( GEOMETRIC_REPRESENTATION_CONTEXT(2) 
PARAMETRIC_REPRESENTATION_CONTEXT() REPRESENTATION_CONTEXT('2D SPACE',''
  ) );
#17576 = ORIENTED_EDGE('',*,*,#17577,.F.);
#17577 = EDGE_CURVE('',#17555,#17555,#17578,.T.);
#17578 = SURFACE_CURVE('',#17579,(#17584,#17591),.PCURVE_S1.);
#17579 = CIRCLE('',#17580,52.168148347422);
#17580 = AXIS2_PLACEMENT_3D('',#17581,#17582,#17583);
#17581 = CARTESIAN_POINT('',(0.,0.,-9.582361909795));
#17582 = DIRECTION('',(0.,-0.,1.));
#17583 = DIRECTION('',(0.984807753012,0.173648177667,0.));
#17584 = PCURVE('',#17482,#17585);
#17585 = DEFINITIONAL_REPRESENTATION('',(#17586),#17590);
#17586 = LINE('',#17587,#17588);
#17587 = CARTESIAN_POINT('',(0.,0.170341734871));
#17588 = VECTOR('',#17589,1.);
#17589 = DIRECTION('',(1.,0.));
#17590 = ( GEOMETRIC_REPRESENTATION_CONTEXT(2) 
PARAMETRIC_REPRESENTATION_CONTEXT() REPRESENTATION_CONTEXT('2D SPACE',''
  ) );
#17591 = PCURVE('',#17592,#17597);
#17592 = CONICAL_SURFACE('',#17593,52.168148347422,0.305432619099);
#17593 = AXIS2_PLACEMENT_3D('',#17594,#17595,#17596);
#17594 = CARTESIAN_POINT('',(0.,0.,-9.582361909795));
#17595 = DIRECTION('',(0.,0.,1.));
#17596 = DIRECTION('',(0.984807753012,0.173648177667,0.));
#17597 = DEFINITIONAL_REPRESENTATION('',(#17598),#17602);
#17598 = LINE('',#17599,#17600);
#17599 = CARTESIAN_POINT('',(0.,0.));
#17600 = VECTOR('',#17601,1.);
#17601 = DIRECTION('',(1.,0.));
#17602 = ( GEOMETRIC_REPRESENTATION_CONTEXT(2) 
PARAMETRIC_REPRESENTATION_CONTEXT() REPRESENTATION_CONTEXT('2D SPACE',''
  ) );
#17603 = ORIENTED_EDGE('',*,*,#17554,.F.);
#17604 = ADVANCED_FACE('',(#17605),#17515,.T.);
#17605 = FACE_BOUND('',#17606,.T.);
#17606 = EDGE_LOOP('',(#17607,#17636,#17657,#17658));
#17607 = ORIENTED_EDGE('',*,*,#17608,.T.);
#17608 = EDGE_CURVE('',#17609,#17609,#17611,.T.);
#17609 = VERTEX_POINT('',#17610);
#17610 = CARTESIAN_POINT('',(51.572362374056,9.09359894542,-9.1));
#17611 = SURFACE_CURVE('',#17612,(#17617,#17624),.PCURVE_S1.);
#17612 = CIRCLE('',#17613,52.367949192431);
#17613 = AXIS2_PLACEMENT_3D('',#17614,#17615,#17616);
#17614 = CARTESIAN_POINT('',(0.,0.,-9.1));
#17615 = DIRECTION('',(0.,-0.,1.));
#17616 = DIRECTION('',(0.984807753012,0.173648177667,0.));
#17617 = PCURVE('',#17515,#17618);
#17618 = DEFINITIONAL_REPRESENTATION('',(#17619),#17623);
#17619 = LINE('',#17620,#17621);
#17620 = CARTESIAN_POINT('',(0.,0.));
#17621 = VECTOR('',#17622,1.);
#17622 = DIRECTION('',(1.,0.));
#17623 = ( GEOMETRIC_REPRESENTATION_CONTEXT(2) 
PARAMETRIC_REPRESENTATION_CONTEXT() REPRESENTATION_CONTEXT('2D SPACE',''
  ) );
#17624 = PCURVE('',#17625,#17630);
#17625 = CONICAL_SURFACE('',#17626,52.287384425927,0.479965544298);
#17626 = AXIS2_PLACEMENT_3D('',#17627,#17628,#17629);
#17627 = CARTESIAN_POINT('',(0.,0.,-9.254763476519));
#17628 = DIRECTION('',(0.,0.,1.));
#17629 = DIRECTION('',(0.984807753012,0.173648177667,0.));
#17630 = DEFINITIONAL_REPRESENTATION('',(#17631),#17635);
#17631 = LINE('',#17632,#17633);
#17632 = CARTESIAN_POINT('',(0.,0.154763476519));
#17633 = VECTOR('',#17634,1.);
#17634 = DIRECTION('',(1.,0.));
#17635 = ( GEOMETRIC_REPRESENTATION_CONTEXT(2) 
PARAMETRIC_REPRESENTATION_CONTEXT() REPRESENTATION_CONTEXT('2D SPACE',''
  ) );
#17636 = ORIENTED_EDGE('',*,*,#17637,.T.);
#17637 = EDGE_CURVE('',#17609,#17499,#17638,.T.);
#17638 = SEAM_CURVE('',#17639,(#17643,#17650),.PCURVE_S1.);
#17639 = LINE('',#17640,#17641);
#17640 = CARTESIAN_POINT('',(51.572362374056,9.09359894542,-9.1));
#17641 = VECTOR('',#17642,1.);
#17642 = DIRECTION('',(0.52913681999,9.330109785058E-02,0.843391445813)
  );
#17643 = PCURVE('',#17515,#17644);
#17644 = DEFINITIONAL_REPRESENTATION('',(#17645),#17649);
#17645 = LINE('',#17646,#17647);
#17646 = CARTESIAN_POINT('',(0.,0.));
#17647 = VECTOR('',#17648,1.);
#17648 = DIRECTION('',(0.,1.));
#17649 = ( GEOMETRIC_REPRESENTATION_CONTEXT(2) 
PARAMETRIC_REPRESENTATION_CONTEXT() REPRESENTATION_CONTEXT('2D SPACE',''
  ) );
#17650 = PCURVE('',#17515,#17651);
#17651 = DEFINITIONAL_REPRESENTATION('',(#17652),#17656);
#17652 = LINE('',#17653,#17654);
#17653 = CARTESIAN_POINT('',(6.28318530718,0.));
#17654 = VECTOR('',#17655,1.);
#17655 = DIRECTION('',(0.,1.));
#17656 = ( GEOMETRIC_REPRESENTATION_CONTEXT(2) 
PARAMETRIC_REPRESENTATION_CONTEXT() REPRESENTATION_CONTEXT('2D SPACE',''
  ) );
#17657 = ORIENTED_EDGE('',*,*,#17498,.F.);
#17658 = ORIENTED_EDGE('',*,*,#17637,.F.);
#17659 = ADVANCED_FACE('',(#17660),#17592,.T.);
#17660 = FACE_BOUND('',#17661,.T.);
#17661 = EDGE_LOOP('',(#17662,#17663,#17686,#17713));
#17662 = ORIENTED_EDGE('',*,*,#17577,.T.);
#17663 = ORIENTED_EDGE('',*,*,#17664,.T.);
#17664 = EDGE_CURVE('',#17555,#17665,#17667,.T.);
#17665 = VERTEX_POINT('',#17666);
#17666 = CARTESIAN_POINT('',(51.427266281164,9.068014589448,
    -9.415959713349));
#17667 = SEAM_CURVE('',#17668,(#17672,#17679),.PCURVE_S1.);
#17668 = LINE('',#17669,#17670);
#17669 = CARTESIAN_POINT('',(51.375596952832,9.058903892788,
    -9.582361909795));
#17670 = VECTOR('',#17671,1.);
#17671 = DIRECTION('',(0.296137402728,5.22170140978E-02,0.953716950748)
  );
#17672 = PCURVE('',#17592,#17673);
#17673 = DEFINITIONAL_REPRESENTATION('',(#17674),#17678);
#17674 = LINE('',#17675,#17676);
#17675 = CARTESIAN_POINT('',(0.,0.));
#17676 = VECTOR('',#17677,1.);
#17677 = DIRECTION('',(0.,1.));
#17678 = ( GEOMETRIC_REPRESENTATION_CONTEXT(2) 
PARAMETRIC_REPRESENTATION_CONTEXT() REPRESENTATION_CONTEXT('2D SPACE',''
  ) );
#17679 = PCURVE('',#17592,#17680);
#17680 = DEFINITIONAL_REPRESENTATION('',(#17681),#17685);
#17681 = LINE('',#17682,#17683);
#17682 = CARTESIAN_POINT('',(6.28318530718,0.));
#17683 = VECTOR('',#17684,1.);
#17684 = DIRECTION('',(0.,1.));
#17685 = ( GEOMETRIC_REPRESENTATION_CONTEXT(2) 
PARAMETRIC_REPRESENTATION_CONTEXT() REPRESENTATION_CONTEXT('2D SPACE',''
  ) );
#17686 = ORIENTED_EDGE('',*,*,#17687,.F.);
#17687 = EDGE_CURVE('',#17665,#17665,#17688,.T.);
#17688 = SURFACE_CURVE('',#17689,(#17694,#17701),.PCURVE_S1.);
#17689 = CIRCLE('',#17690,52.220614758428);
#17690 = AXIS2_PLACEMENT_3D('',#17691,#17692,#17693);
#17691 = CARTESIAN_POINT('',(0.,0.,-9.415959713349));
#17692 = DIRECTION('',(0.,-0.,1.));
#17693 = DIRECTION('',(0.984807753012,0.173648177667,0.));
#17694 = PCURVE('',#17592,#17695);
#17695 = DEFINITIONAL_REPRESENTATION('',(#17696),#17700);
#17696 = LINE('',#17697,#17698);
#17697 = CARTESIAN_POINT('',(0.,0.166402196446));
#17698 = VECTOR('',#17699,1.);
#17699 = DIRECTION('',(1.,0.));
#17700 = ( GEOMETRIC_REPRESENTATION_CONTEXT(2) 
PARAMETRIC_REPRESENTATION_CONTEXT() REPRESENTATION_CONTEXT('2D SPACE',''
  ) );
#17701 = PCURVE('',#17702,#17707);
#17702 = CONICAL_SURFACE('',#17703,52.220614758428,0.392699081699);
#17703 = AXIS2_PLACEMENT_3D('',#17704,#17705,#17706);
#17704 = CARTESIAN_POINT('',(0.,0.,-9.415959713349));
#17705 = DIRECTION('',(0.,0.,1.));
#17706 = DIRECTION('',(0.984807753012,0.173648177667,0.));
#17707 = DEFINITIONAL_REPRESENTATION('',(#17708),#17712);
#17708 = LINE('',#17709,#17710);
#17709 = CARTESIAN_POINT('',(0.,0.));
#17710 = VECTOR('',#17711,1.);
#17711 = DIRECTION('',(1.,0.));
#17712 = ( GEOMETRIC_REPRESENTATION_CONTEXT(2) 
PARAMETRIC_REPRESENTATION_CONTEXT() REPRESENTATION_CONTEXT('2D SPACE',''
  ) );
#17713 = ORIENTED_EDGE('',*,*,#17664,.F.);
#17714 = ADVANCED_FACE('',(#17715),#17625,.T.);
#17715 = FACE_BOUND('',#17716,.T.);
#17716 = EDGE_LOOP('',(#17717,#17741,#17762,#17763));
#17717 = ORIENTED_EDGE('',*,*,#17718,.T.);
#17718 = EDGE_CURVE('',#17719,#17719,#17721,.T.);
#17719 = VERTEX_POINT('',#17720);
#17720 = CARTESIAN_POINT('',(51.493021567382,9.079609020532,
    -9.254763476519));
#17721 = SURFACE_CURVE('',#17722,(#17727,#17734),.PCURVE_S1.);
#17722 = CIRCLE('',#17723,52.287384425927);
#17723 = AXIS2_PLACEMENT_3D('',#17724,#17725,#17726);
#17724 = CARTESIAN_POINT('',(0.,0.,-9.254763476519));
#17725 = DIRECTION('',(0.,-0.,1.));
#17726 = DIRECTION('',(0.984807753012,0.173648177667,0.));
#17727 = PCURVE('',#17625,#17728);
#17728 = DEFINITIONAL_REPRESENTATION('',(#17729),#17733);
#17729 = LINE('',#17730,#17731);
#17730 = CARTESIAN_POINT('',(0.,0.));
#17731 = VECTOR('',#17732,1.);
#17732 = DIRECTION('',(1.,0.));
#17733 = ( GEOMETRIC_REPRESENTATION_CONTEXT(2) 
PARAMETRIC_REPRESENTATION_CONTEXT() REPRESENTATION_CONTEXT('2D SPACE',''
  ) );
#17734 = PCURVE('',#17702,#17735);
#17735 = DEFINITIONAL_REPRESENTATION('',(#17736),#17740);
#17736 = LINE('',#17737,#17738);
#17737 = CARTESIAN_POINT('',(0.,0.16119623683));
#17738 = VECTOR('',#17739,1.);
#17739 = DIRECTION('',(1.,0.));
#17740 = ( GEOMETRIC_REPRESENTATION_CONTEXT(2) 
PARAMETRIC_REPRESENTATION_CONTEXT() REPRESENTATION_CONTEXT('2D SPACE',''
  ) );
#17741 = ORIENTED_EDGE('',*,*,#17742,.T.);
#17742 = EDGE_CURVE('',#17719,#17609,#17743,.T.);
#17743 = SEAM_CURVE('',#17744,(#17748,#17755),.PCURVE_S1.);
#17744 = LINE('',#17745,#17746);
#17745 = CARTESIAN_POINT('',(51.493021567382,9.079609020532,
    -9.254763476519));
#17746 = VECTOR('',#17747,1.);
#17747 = DIRECTION('',(0.454733614257,8.01818052285E-02,0.887010833178)
  );
#17748 = PCURVE('',#17625,#17749);
#17749 = DEFINITIONAL_REPRESENTATION('',(#17750),#17754);
#17750 = LINE('',#17751,#17752);
#17751 = CARTESIAN_POINT('',(0.,0.));
#17752 = VECTOR('',#17753,1.);
#17753 = DIRECTION('',(0.,1.));
#17754 = ( GEOMETRIC_REPRESENTATION_CONTEXT(2) 
PARAMETRIC_REPRESENTATION_CONTEXT() REPRESENTATION_CONTEXT('2D SPACE',''
  ) );
#17755 = PCURVE('',#17625,#17756);
#17756 = DEFINITIONAL_REPRESENTATION('',(#17757),#17761);
#17757 = LINE('',#17758,#17759);
#17758 = CARTESIAN_POINT('',(6.28318530718,0.));
#17759 = VECTOR('',#17760,1.);
#17760 = DIRECTION('',(0.,1.));
#17761 = ( GEOMETRIC_REPRESENTATION_CONTEXT(2) 
PARAMETRIC_REPRESENTATION_CONTEXT() REPRESENTATION_CONTEXT('2D SPACE',''
  ) );
#17762 = ORIENTED_EDGE('',*,*,#17608,.F.);
#17763 = ORIENTED_EDGE('',*,*,#17742,.F.);
#17764 = ADVANCED_FACE('',(#17765),#17702,.T.);
#17765 = FACE_BOUND('',#17766,.T.);
#17766 = EDGE_LOOP('',(#17767,#17768,#17789,#17790));
#17767 = ORIENTED_EDGE('',*,*,#17687,.T.);
#17768 = ORIENTED_EDGE('',*,*,#17769,.T.);
#17769 = EDGE_CURVE('',#17665,#17719,#17770,.T.);
#17770 = SEAM_CURVE('',#17771,(#17775,#17782),.PCURVE_S1.);
#17771 = LINE('',#17772,#17773);
#17772 = CARTESIAN_POINT('',(51.427266281164,9.068014589448,
    -9.415959713349));
#17773 = VECTOR('',#17774,1.);
#17774 = DIRECTION('',(0.376869611142,6.645228065353E-02,0.923879532511)
  );
#17775 = PCURVE('',#17702,#17776);
#17776 = DEFINITIONAL_REPRESENTATION('',(#17777),#17781);
#17777 = LINE('',#17778,#17779);
#17778 = CARTESIAN_POINT('',(0.,0.));
#17779 = VECTOR('',#17780,1.);
#17780 = DIRECTION('',(0.,1.));
#17781 = ( GEOMETRIC_REPRESENTATION_CONTEXT(2) 
PARAMETRIC_REPRESENTATION_CONTEXT() REPRESENTATION_CONTEXT('2D SPACE',''
  ) );
#17782 = PCURVE('',#17702,#17783);
#17783 = DEFINITIONAL_REPRESENTATION('',(#17784),#17788);
#17784 = LINE('',#17785,#17786);
#17785 = CARTESIAN_POINT('',(6.28318530718,0.));
#17786 = VECTOR('',#17787,1.);
#17787 = DIRECTION('',(0.,1.));
#17788 = ( GEOMETRIC_REPRESENTATION_CONTEXT(2) 
PARAMETRIC_REPRESENTATION_CONTEXT() REPRESENTATION_CONTEXT('2D SPACE',''
  ) );
#17789 = ORIENTED_EDGE('',*,*,#17718,.F.);
#17790 = ORIENTED_EDGE('',*,*,#17769,.F.);
#17791 = ( GEOMETRIC_REPRESENTATION_CONTEXT(3) 
GLOBAL_UNCERTAINTY_ASSIGNED_CONTEXT((#17795)) 
GLOBAL_UNIT_ASSIGNED_CONTEXT((#17792,#17793,#17794)) 
REPRESENTATION_CONTEXT('Context #1',
  '3D Context with UNIT and UNCERTAINTY') );
#17792 = ( LENGTH_UNIT() NAMED_UNIT(*) SI_UNIT(.MILLI.,.METRE.) );
#17793 = ( NAMED_UNIT(*) PLANE_ANGLE_UNIT() SI_UNIT($,.RADIAN.) );
#17794 = ( NAMED_UNIT(*) SI_UNIT($,.STERADIAN.) SOLID_ANGLE_UNIT() );
#17795 = UNCERTAINTY_MEASURE_WITH_UNIT(LENGTH_MEASURE(2.E-07),#17792,
  'distance_accuracy_value','confusion accuracy');
#17796 = CONTEXT_DEPENDENT_SHAPE_REPRESENTATION(#17797,#17799);
#17797 = ( REPRESENTATION_RELATIONSHIP('','',#44,#10) 
REPRESENTATION_RELATIONSHIP_WITH_TRANSFORMATION(#17798) 
SHAPE_REPRESENTATION_RELATIONSHIP() );
#17798 = ITEM_DEFINED_TRANSFORMATION('','',#11,#15);
#17799 = PRODUCT_DEFINITION_SHAPE('Placement','Placement of an item',
  #17800);
#17800 = NEXT_ASSEMBLY_USAGE_OCCURRENCE('1','','',#5,#39,$);
#17801 = PRODUCT_RELATED_PRODUCT_CATEGORY('part',$,(#41));
#17802 = SHAPE_DEFINITION_REPRESENTATION(#17803,#17809);
#17803 = PRODUCT_DEFINITION_SHAPE('','',#17804);
#17804 = PRODUCT_DEFINITION('design','',#17805,#17808);
#17805 = PRODUCT_DEFINITION_FORMATION('','',#17806);
#17806 = PRODUCT('Open CASCADE STEP translator 7.9 1.2',
  'Open CASCADE STEP translator 7.9 1.2','',(#17807));
#17807 = PRODUCT_CONTEXT('',#2,'mechanical');
#17808 = PRODUCT_DEFINITION_CONTEXT('part definition',#2,'design');
#17809 = ADVANCED_BREP_SHAPE_REPRESENTATION('',(#11,#17810),#18320);
#17810 = MANIFOLD_SOLID_BREP('',#17811);
#17811 = CLOSED_SHELL('',(#17812,#17932,#18008,#18107,#18185,#18259,
    #18286,#18313));
#17812 = ADVANCED_FACE('',(#17813),#17827,.F.);
#17813 = FACE_BOUND('',#17814,.F.);
#17814 = EDGE_LOOP('',(#17815,#17850,#17878,#17906));
#17815 = ORIENTED_EDGE('',*,*,#17816,.T.);
#17816 = EDGE_CURVE('',#17817,#17819,#17821,.T.);
#17817 = VERTEX_POINT('',#17818);
#17818 = CARTESIAN_POINT('',(51.283910761272,-9.736554679656,1.5));
#17819 = VERTEX_POINT('',#17820);
#17820 = CARTESIAN_POINT('',(51.283910761272,-9.736554679656,4.));
#17821 = SURFACE_CURVE('',#17822,(#17826,#17838),.PCURVE_S1.);
#17822 = LINE('',#17823,#17824);
#17823 = CARTESIAN_POINT('',(51.283910761272,-9.736554679656,1.5));
#17824 = VECTOR('',#17825,1.);
#17825 = DIRECTION('',(0.,0.,1.));
#17826 = PCURVE('',#17827,#17832);
#17827 = PLANE('',#17828);
#17828 = AXIS2_PLACEMENT_3D('',#17829,#17830,#17831);
#17829 = CARTESIAN_POINT('',(51.283910761272,-9.736554679656,1.5));
#17830 = DIRECTION('',(-0.982854991665,0.184380219543,0.));
#17831 = DIRECTION('',(0.184380219543,0.982854991665,0.));
#17832 = DEFINITIONAL_REPRESENTATION('',(#17833),#17837);
#17833 = LINE('',#17834,#17835);
#17834 = CARTESIAN_POINT('',(0.,0.));
#17835 = VECTOR('',#17836,1.);
#17836 = DIRECTION('',(0.,-1.));
#17837 = ( GEOMETRIC_REPRESENTATION_CONTEXT(2) 
PARAMETRIC_REPRESENTATION_CONTEXT() REPRESENTATION_CONTEXT('2D SPACE',''
  ) );
#17838 = PCURVE('',#17839,#17844);
#17839 = PLANE('',#17840);
#17840 = AXIS2_PLACEMENT_3D('',#17841,#17842,#17843);
#17841 = CARTESIAN_POINT('',(51.240938975968,-9.960229558656,1.5));
#17842 = DIRECTION('',(-0.98204112767,0.188666964687,0.));
#17843 = DIRECTION('',(0.188666964687,0.98204112767,0.));
#17844 = DEFINITIONAL_REPRESENTATION('',(#17845),#17849);
#17845 = LINE('',#17846,#17847);
#17846 = CARTESIAN_POINT('',(0.227765286705,0.));
#17847 = VECTOR('',#17848,1.);
#17848 = DIRECTION('',(0.,-1.));
#17849 = ( GEOMETRIC_REPRESENTATION_CONTEXT(2) 
PARAMETRIC_REPRESENTATION_CONTEXT() REPRESENTATION_CONTEXT('2D SPACE',''
  ) );
#17850 = ORIENTED_EDGE('',*,*,#17851,.T.);
#17851 = EDGE_CURVE('',#17819,#17852,#17854,.T.);
#17852 = VERTEX_POINT('',#17853);
#17853 = CARTESIAN_POINT('',(51.325906174838,-9.51269443069,4.));
#17854 = SURFACE_CURVE('',#17855,(#17859,#17866),.PCURVE_S1.);
#17855 = LINE('',#17856,#17857);
#17856 = CARTESIAN_POINT('',(51.283910761272,-9.736554679656,4.));
#17857 = VECTOR('',#17858,1.);
#17858 = DIRECTION('',(0.184380219543,0.982854991665,0.));
#17859 = PCURVE('',#17827,#17860);
#17860 = DEFINITIONAL_REPRESENTATION('',(#17861),#17865);
#17861 = LINE('',#17862,#17863);
#17862 = CARTESIAN_POINT('',(0.,-2.5));
#17863 = VECTOR('',#17864,1.);
#17864 = DIRECTION('',(1.,0.));
#17865 = ( GEOMETRIC_REPRESENTATION_CONTEXT(2) 
PARAMETRIC_REPRESENTATION_CONTEXT() REPRESENTATION_CONTEXT('2D SPACE',''
  ) );
#17866 = PCURVE('',#17867,#17872);
#17867 = PLANE('',#17868);
#17868 = AXIS2_PLACEMENT_3D('',#17869,#17870,#17871);
#17869 = CARTESIAN_POINT('',(50.304529187206,-9.550613278024,4.));
#17870 = DIRECTION('',(0.,0.,1.));
#17871 = DIRECTION('',(1.,5.168968399631E-18,0.));
#17872 = DEFINITIONAL_REPRESENTATION('',(#17873),#17877);
#17873 = LINE('',#17874,#17875);
#17874 = CARTESIAN_POINT('',(0.979381574065,-0.185941401632));
#17875 = VECTOR('',#17876,1.);
#17876 = DIRECTION('',(0.184380219543,0.982854991665));
#17877 = ( GEOMETRIC_REPRESENTATION_CONTEXT(2) 
PARAMETRIC_REPRESENTATION_CONTEXT() REPRESENTATION_CONTEXT('2D SPACE',''
  ) );
#17878 = ORIENTED_EDGE('',*,*,#17879,.F.);
#17879 = EDGE_CURVE('',#17880,#17852,#17882,.T.);
#17880 = VERTEX_POINT('',#17881);
#17881 = CARTESIAN_POINT('',(51.325906174838,-9.51269443069,1.5));
#17882 = SURFACE_CURVE('',#17883,(#17887,#17894),.PCURVE_S1.);
#17883 = LINE('',#17884,#17885);
#17884 = CARTESIAN_POINT('',(51.325906174838,-9.51269443069,1.5));
#17885 = VECTOR('',#17886,1.);
#17886 = DIRECTION('',(0.,0.,1.));
#17887 = PCURVE('',#17827,#17888);
#17888 = DEFINITIONAL_REPRESENTATION('',(#17889),#17893);
#17889 = LINE('',#17890,#17891);
#17890 = CARTESIAN_POINT('',(0.227765286705,0.));
#17891 = VECTOR('',#17892,1.);
#17892 = DIRECTION('',(0.,-1.));
#17893 = ( GEOMETRIC_REPRESENTATION_CONTEXT(2) 
PARAMETRIC_REPRESENTATION_CONTEXT() REPRESENTATION_CONTEXT('2D SPACE',''
  ) );
#17894 = PCURVE('',#17895,#17900);
#17895 = PLANE('',#17896);
#17896 = AXIS2_PLACEMENT_3D('',#17897,#17898,#17899);
#17897 = CARTESIAN_POINT('',(51.325906174838,-9.51269443069,1.5));
#17898 = DIRECTION('',(-0.182235525492,-0.983254907564,0.));
#17899 = DIRECTION('',(-0.983254907564,0.182235525492,0.));
#17900 = DEFINITIONAL_REPRESENTATION('',(#17901),#17905);
#17901 = LINE('',#17902,#17903);
#17902 = CARTESIAN_POINT('',(0.,0.));
#17903 = VECTOR('',#17904,1.);
#17904 = DIRECTION('',(0.,-1.));
#17905 = ( GEOMETRIC_REPRESENTATION_CONTEXT(2) 
PARAMETRIC_REPRESENTATION_CONTEXT() REPRESENTATION_CONTEXT('2D SPACE',''
  ) );
#17906 = ORIENTED_EDGE('',*,*,#17907,.F.);
#17907 = EDGE_CURVE('',#17817,#17880,#17908,.T.);
#17908 = SURFACE_CURVE('',#17909,(#17913,#17920),.PCURVE_S1.);
#17909 = LINE('',#17910,#17911);
#17910 = CARTESIAN_POINT('',(51.283910761272,-9.736554679656,1.5));
#17911 = VECTOR('',#17912,1.);
#17912 = DIRECTION('',(0.184380219543,0.982854991665,0.));
#17913 = PCURVE('',#17827,#17914);
#17914 = DEFINITIONAL_REPRESENTATION('',(#17915),#17919);
#17915 = LINE('',#17916,#17917);
#17916 = CARTESIAN_POINT('',(0.,0.));
#17917 = VECTOR('',#17918,1.);
#17918 = DIRECTION('',(1.,0.));
#17919 = ( GEOMETRIC_REPRESENTATION_CONTEXT(2) 
PARAMETRIC_REPRESENTATION_CONTEXT() REPRESENTATION_CONTEXT('2D SPACE',''
  ) );
#17920 = PCURVE('',#17921,#17926);
#17921 = PLANE('',#17922);
#17922 = AXIS2_PLACEMENT_3D('',#17923,#17924,#17925);
#17923 = CARTESIAN_POINT('',(50.304529187206,-9.550613278024,1.5));
#17924 = DIRECTION('',(0.,0.,1.));
#17925 = DIRECTION('',(1.,5.168968399631E-18,0.));
#17926 = DEFINITIONAL_REPRESENTATION('',(#17927),#17931);
#17927 = LINE('',#17928,#17929);
#17928 = CARTESIAN_POINT('',(0.979381574065,-0.185941401632));
#17929 = VECTOR('',#17930,1.);
#17930 = DIRECTION('',(0.184380219543,0.982854991665));
#17931 = ( GEOMETRIC_REPRESENTATION_CONTEXT(2) 
PARAMETRIC_REPRESENTATION_CONTEXT() REPRESENTATION_CONTEXT('2D SPACE',''
  ) );
#17932 = ADVANCED_FACE('',(#17933),#17839,.F.);
#17933 = FACE_BOUND('',#17934,.F.);
#17934 = EDGE_LOOP('',(#17935,#17965,#17986,#17987));
#17935 = ORIENTED_EDGE('',*,*,#17936,.T.);
#17936 = EDGE_CURVE('',#17937,#17939,#17941,.T.);
#17937 = VERTEX_POINT('',#17938);
#17938 = CARTESIAN_POINT('',(51.240938975968,-9.960229558656,1.5));
#17939 = VERTEX_POINT('',#17940);
#17940 = CARTESIAN_POINT('',(51.240938975968,-9.960229558656,4.));
#17941 = SURFACE_CURVE('',#17942,(#17946,#17953),.PCURVE_S1.);
#17942 = LINE('',#17943,#17944);
#17943 = CARTESIAN_POINT('',(51.240938975968,-9.960229558656,1.5));
#17944 = VECTOR('',#17945,1.);
#17945 = DIRECTION('',(0.,0.,1.));
#17946 = PCURVE('',#17839,#17947);
#17947 = DEFINITIONAL_REPRESENTATION('',(#17948),#17952);
#17948 = LINE('',#17949,#17950);
#17949 = CARTESIAN_POINT('',(0.,0.));
#17950 = VECTOR('',#17951,1.);
#17951 = DIRECTION('',(0.,-1.));
#17952 = ( GEOMETRIC_REPRESENTATION_CONTEXT(2) 
PARAMETRIC_REPRESENTATION_CONTEXT() REPRESENTATION_CONTEXT('2D SPACE',''
  ) );
#17953 = PCURVE('',#17954,#17959);
#17954 = PLANE('',#17955);
#17955 = AXIS2_PLACEMENT_3D('',#17956,#17957,#17958);
#17956 = CARTESIAN_POINT('',(49.277684609073,-9.578611567903,1.5));
#17957 = DIRECTION('',(0.190808995377,0.981627183448,0.));
#17958 = DIRECTION('',(0.981627183448,-0.190808995377,0.));
#17959 = DEFINITIONAL_REPRESENTATION('',(#17960),#17964);
#17960 = LINE('',#17961,#17962);
#17961 = CARTESIAN_POINT('',(2.,0.));
#17962 = VECTOR('',#17963,1.);
#17963 = DIRECTION('',(0.,-1.));
#17964 = ( GEOMETRIC_REPRESENTATION_CONTEXT(2) 
PARAMETRIC_REPRESENTATION_CONTEXT() REPRESENTATION_CONTEXT('2D SPACE',''
  ) );
#17965 = ORIENTED_EDGE('',*,*,#17966,.T.);
#17966 = EDGE_CURVE('',#17939,#17819,#17967,.T.);
#17967 = SURFACE_CURVE('',#17968,(#17972,#17979),.PCURVE_S1.);
#17968 = LINE('',#17969,#17970);
#17969 = CARTESIAN_POINT('',(51.240938975968,-9.960229558656,4.));
#17970 = VECTOR('',#17971,1.);
#17971 = DIRECTION('',(0.188666964687,0.98204112767,0.));
#17972 = PCURVE('',#17839,#17973);
#17973 = DEFINITIONAL_REPRESENTATION('',(#17974),#17978);
#17974 = LINE('',#17975,#17976);
#17975 = CARTESIAN_POINT('',(0.,-2.5));
#17976 = VECTOR('',#17977,1.);
#17977 = DIRECTION('',(1.,0.));
#17978 = ( GEOMETRIC_REPRESENTATION_CONTEXT(2) 
PARAMETRIC_REPRESENTATION_CONTEXT() REPRESENTATION_CONTEXT('2D SPACE',''
  ) );
#17979 = PCURVE('',#17867,#17980);
#17980 = DEFINITIONAL_REPRESENTATION('',(#17981),#17985);
#17981 = LINE('',#17982,#17983);
#17982 = CARTESIAN_POINT('',(0.936409788762,-0.409616280632));
#17983 = VECTOR('',#17984,1.);
#17984 = DIRECTION('',(0.188666964687,0.98204112767));
#17985 = ( GEOMETRIC_REPRESENTATION_CONTEXT(2) 
PARAMETRIC_REPRESENTATION_CONTEXT() REPRESENTATION_CONTEXT('2D SPACE',''
  ) );
#17986 = ORIENTED_EDGE('',*,*,#17816,.F.);
#17987 = ORIENTED_EDGE('',*,*,#17988,.F.);
#17988 = EDGE_CURVE('',#17937,#17817,#17989,.T.);
#17989 = SURFACE_CURVE('',#17990,(#17994,#18001),.PCURVE_S1.);
#17990 = LINE('',#17991,#17992);
#17991 = CARTESIAN_POINT('',(51.240938975968,-9.960229558656,1.5));
#17992 = VECTOR('',#17993,1.);
#17993 = DIRECTION('',(0.188666964687,0.98204112767,0.));
#17994 = PCURVE('',#17839,#17995);
#17995 = DEFINITIONAL_REPRESENTATION('',(#17996),#18000);
#17996 = LINE('',#17997,#17998);
#17997 = CARTESIAN_POINT('',(0.,0.));
#17998 = VECTOR('',#17999,1.);
#17999 = DIRECTION('',(1.,0.));
#18000 = ( GEOMETRIC_REPRESENTATION_CONTEXT(2) 
PARAMETRIC_REPRESENTATION_CONTEXT() REPRESENTATION_CONTEXT('2D SPACE',''
  ) );
#18001 = PCURVE('',#17921,#18002);
#18002 = DEFINITIONAL_REPRESENTATION('',(#18003),#18007);
#18003 = LINE('',#18004,#18005);
#18004 = CARTESIAN_POINT('',(0.936409788762,-0.409616280632));
#18005 = VECTOR('',#18006,1.);
#18006 = DIRECTION('',(0.188666964687,0.98204112767));
#18007 = ( GEOMETRIC_REPRESENTATION_CONTEXT(2) 
PARAMETRIC_REPRESENTATION_CONTEXT() REPRESENTATION_CONTEXT('2D SPACE',''
  ) );
#18008 = ADVANCED_FACE('',(#18009),#17895,.F.);
#18009 = FACE_BOUND('',#18010,.F.);
#18010 = EDGE_LOOP('',(#18011,#18012,#18035,#18058,#18086));
#18011 = ORIENTED_EDGE('',*,*,#17879,.T.);
#18012 = ORIENTED_EDGE('',*,*,#18013,.F.);
#18013 = EDGE_CURVE('',#18014,#17852,#18016,.T.);
#18014 = VERTEX_POINT('',#18015);
#18015 = CARTESIAN_POINT('',(50.637627739544,-9.385129562846,4.));
#18016 = SURFACE_CURVE('',#18017,(#18021,#18028),.PCURVE_S1.);
#18017 = LINE('',#18018,#18019);
#18018 = CARTESIAN_POINT('',(50.637627739544,-9.385129562846,4.));
#18019 = VECTOR('',#18020,1.);
#18020 = DIRECTION('',(0.983254907564,-0.182235525492,0.));
#18021 = PCURVE('',#17895,#18022);
#18022 = DEFINITIONAL_REPRESENTATION('',(#18023),#18027);
#18023 = LINE('',#18024,#18025);
#18024 = CARTESIAN_POINT('',(0.7,-2.5));
#18025 = VECTOR('',#18026,1.);
#18026 = DIRECTION('',(-1.,0.));
#18027 = ( GEOMETRIC_REPRESENTATION_CONTEXT(2) 
PARAMETRIC_REPRESENTATION_CONTEXT() REPRESENTATION_CONTEXT('2D SPACE',''
  ) );
#18028 = PCURVE('',#17867,#18029);
#18029 = DEFINITIONAL_REPRESENTATION('',(#18030),#18034);
#18030 = LINE('',#18031,#18032);
#18031 = CARTESIAN_POINT('',(0.333098552337,0.165483715178));
#18032 = VECTOR('',#18033,1.);
#18033 = DIRECTION('',(0.983254907564,-0.182235525492));
#18034 = ( GEOMETRIC_REPRESENTATION_CONTEXT(2) 
PARAMETRIC_REPRESENTATION_CONTEXT() REPRESENTATION_CONTEXT('2D SPACE',''
  ) );
#18035 = ORIENTED_EDGE('',*,*,#18036,.T.);
#18036 = EDGE_CURVE('',#18014,#18037,#18039,.T.);
#18037 = VERTEX_POINT('',#18038);
#18038 = CARTESIAN_POINT('',(49.359396359711,-9.148223379706,4.));
#18039 = SURFACE_CURVE('',#18040,(#18044,#18051),.PCURVE_S1.);
#18040 = LINE('',#18041,#18042);
#18041 = CARTESIAN_POINT('',(51.325906174838,-9.51269443069,4.));
#18042 = VECTOR('',#18043,1.);
#18043 = DIRECTION('',(-0.983254907564,0.182235525492,0.));
#18044 = PCURVE('',#17895,#18045);
#18045 = DEFINITIONAL_REPRESENTATION('',(#18046),#18050);
#18046 = LINE('',#18047,#18048);
#18047 = CARTESIAN_POINT('',(0.,-2.5));
#18048 = VECTOR('',#18049,1.);
#18049 = DIRECTION('',(1.,0.));
#18050 = ( GEOMETRIC_REPRESENTATION_CONTEXT(2) 
PARAMETRIC_REPRESENTATION_CONTEXT() REPRESENTATION_CONTEXT('2D SPACE',''
  ) );
#18051 = PCURVE('',#17867,#18052);
#18052 = DEFINITIONAL_REPRESENTATION('',(#18053),#18057);
#18053 = LINE('',#18054,#18055);
#18054 = CARTESIAN_POINT('',(1.021376987632,3.791884733359E-02));
#18055 = VECTOR('',#18056,1.);
#18056 = DIRECTION('',(-0.983254907564,0.182235525492));
#18057 = ( GEOMETRIC_REPRESENTATION_CONTEXT(2) 
PARAMETRIC_REPRESENTATION_CONTEXT() REPRESENTATION_CONTEXT('2D SPACE',''
  ) );
#18058 = ORIENTED_EDGE('',*,*,#18059,.F.);
#18059 = EDGE_CURVE('',#18060,#18037,#18062,.T.);
#18060 = VERTEX_POINT('',#18061);
#18061 = CARTESIAN_POINT('',(49.359396359711,-9.148223379706,1.5));
#18062 = SURFACE_CURVE('',#18063,(#18067,#18074),.PCURVE_S1.);
#18063 = LINE('',#18064,#18065);
#18064 = CARTESIAN_POINT('',(49.359396359711,-9.148223379706,1.5));
#18065 = VECTOR('',#18066,1.);
#18066 = DIRECTION('',(0.,0.,1.));
#18067 = PCURVE('',#17895,#18068);
#18068 = DEFINITIONAL_REPRESENTATION('',(#18069),#18073);
#18069 = LINE('',#18070,#18071);
#18070 = CARTESIAN_POINT('',(2.,0.));
#18071 = VECTOR('',#18072,1.);
#18072 = DIRECTION('',(0.,-1.));
#18073 = ( GEOMETRIC_REPRESENTATION_CONTEXT(2) 
PARAMETRIC_REPRESENTATION_CONTEXT() REPRESENTATION_CONTEXT('2D SPACE',''
  ) );
#18074 = PCURVE('',#18075,#18080);
#18075 = PLANE('',#18076);
#18076 = AXIS2_PLACEMENT_3D('',#18077,#18078,#18079);
#18077 = CARTESIAN_POINT('',(49.359396359711,-9.148223379706,1.5));
#18078 = DIRECTION('',(0.982854991665,-0.184380219543,0.));
#18079 = DIRECTION('',(-0.184380219543,-0.982854991665,0.));
#18080 = DEFINITIONAL_REPRESENTATION('',(#18081),#18085);
#18081 = LINE('',#18082,#18083);
#18082 = CARTESIAN_POINT('',(0.,0.));
#18083 = VECTOR('',#18084,1.);
#18084 = DIRECTION('',(0.,-1.));
#18085 = ( GEOMETRIC_REPRESENTATION_CONTEXT(2) 
PARAMETRIC_REPRESENTATION_CONTEXT() REPRESENTATION_CONTEXT('2D SPACE',''
  ) );
#18086 = ORIENTED_EDGE('',*,*,#18087,.F.);
#18087 = EDGE_CURVE('',#17880,#18060,#18088,.T.);
#18088 = SURFACE_CURVE('',#18089,(#18093,#18100),.PCURVE_S1.);
#18089 = LINE('',#18090,#18091);
#18090 = CARTESIAN_POINT('',(51.325906174838,-9.51269443069,1.5));
#18091 = VECTOR('',#18092,1.);
#18092 = DIRECTION('',(-0.983254907564,0.182235525492,0.));
#18093 = PCURVE('',#17895,#18094);
#18094 = DEFINITIONAL_REPRESENTATION('',(#18095),#18099);
#18095 = LINE('',#18096,#18097);
#18096 = CARTESIAN_POINT('',(0.,0.));
#18097 = VECTOR('',#18098,1.);
#18098 = DIRECTION('',(1.,0.));
#18099 = ( GEOMETRIC_REPRESENTATION_CONTEXT(2) 
PARAMETRIC_REPRESENTATION_CONTEXT() REPRESENTATION_CONTEXT('2D SPACE',''
  ) );
#18100 = PCURVE('',#17921,#18101);
#18101 = DEFINITIONAL_REPRESENTATION('',(#18102),#18106);
#18102 = LINE('',#18103,#18104);
#18103 = CARTESIAN_POINT('',(1.021376987632,3.791884733359E-02));
#18104 = VECTOR('',#18105,1.);
#18105 = DIRECTION('',(-0.983254907564,0.182235525492));
#18106 = ( GEOMETRIC_REPRESENTATION_CONTEXT(2) 
PARAMETRIC_REPRESENTATION_CONTEXT() REPRESENTATION_CONTEXT('2D SPACE',''
  ) );
#18107 = ADVANCED_FACE('',(#18108),#17921,.F.);
#18108 = FACE_BOUND('',#18109,.F.);
#18109 = EDGE_LOOP('',(#18110,#18111,#18112,#18113,#18136,#18164));
#18110 = ORIENTED_EDGE('',*,*,#17988,.T.);
#18111 = ORIENTED_EDGE('',*,*,#17907,.T.);
#18112 = ORIENTED_EDGE('',*,*,#18087,.T.);
#18113 = ORIENTED_EDGE('',*,*,#18114,.T.);
#18114 = EDGE_CURVE('',#18060,#18115,#18117,.T.);
#18115 = VERTEX_POINT('',#18116);
#18116 = CARTESIAN_POINT('',(49.319009965821,-9.363506607638,1.5));
#18117 = SURFACE_CURVE('',#18118,(#18122,#18129),.PCURVE_S1.);
#18118 = LINE('',#18119,#18120);
#18119 = CARTESIAN_POINT('',(49.359396359711,-9.148223379706,1.5));
#18120 = VECTOR('',#18121,1.);
#18121 = DIRECTION('',(-0.184380219543,-0.982854991665,0.));
#18122 = PCURVE('',#17921,#18123);
#18123 = DEFINITIONAL_REPRESENTATION('',(#18124),#18128);
#18124 = LINE('',#18125,#18126);
#18125 = CARTESIAN_POINT('',(-0.945132827496,0.402389898318));
#18126 = VECTOR('',#18127,1.);
#18127 = DIRECTION('',(-0.184380219543,-0.982854991665));
#18128 = ( GEOMETRIC_REPRESENTATION_CONTEXT(2) 
PARAMETRIC_REPRESENTATION_CONTEXT() REPRESENTATION_CONTEXT('2D SPACE',''
  ) );
#18129 = PCURVE('',#18075,#18130);
#18130 = DEFINITIONAL_REPRESENTATION('',(#18131),#18135);
#18131 = LINE('',#18132,#18133);
#18132 = CARTESIAN_POINT('',(0.,0.));
#18133 = VECTOR('',#18134,1.);
#18134 = DIRECTION('',(1.,-0.));
#18135 = ( GEOMETRIC_REPRESENTATION_CONTEXT(2) 
PARAMETRIC_REPRESENTATION_CONTEXT() REPRESENTATION_CONTEXT('2D SPACE',''
  ) );
#18136 = ORIENTED_EDGE('',*,*,#18137,.T.);
#18137 = EDGE_CURVE('',#18115,#18138,#18140,.T.);
#18138 = VERTEX_POINT('',#18139);
#18139 = CARTESIAN_POINT('',(49.277684609073,-9.578611567903,1.5));
#18140 = SURFACE_CURVE('',#18141,(#18145,#18152),.PCURVE_S1.);
#18141 = LINE('',#18142,#18143);
#18142 = CARTESIAN_POINT('',(49.319009965821,-9.363506607638,1.5));
#18143 = VECTOR('',#18144,1.);
#18144 = DIRECTION('',(-0.188666964687,-0.98204112767,0.));
#18145 = PCURVE('',#17921,#18146);
#18146 = DEFINITIONAL_REPRESENTATION('',(#18147),#18151);
#18147 = LINE('',#18148,#18149);
#18148 = CARTESIAN_POINT('',(-0.985519221386,0.187106670385));
#18149 = VECTOR('',#18150,1.);
#18150 = DIRECTION('',(-0.188666964687,-0.98204112767));
#18151 = ( GEOMETRIC_REPRESENTATION_CONTEXT(2) 
PARAMETRIC_REPRESENTATION_CONTEXT() REPRESENTATION_CONTEXT('2D SPACE',''
  ) );
#18152 = PCURVE('',#18153,#18158);
#18153 = PLANE('',#18154);
#18154 = AXIS2_PLACEMENT_3D('',#18155,#18156,#18157);
#18155 = CARTESIAN_POINT('',(49.319009965821,-9.363506607638,1.5));
#18156 = DIRECTION('',(0.98204112767,-0.188666964687,0.));
#18157 = DIRECTION('',(-0.188666964687,-0.98204112767,0.));
#18158 = DEFINITIONAL_REPRESENTATION('',(#18159),#18163);
#18159 = LINE('',#18160,#18161);
#18160 = CARTESIAN_POINT('',(0.,0.));
#18161 = VECTOR('',#18162,1.);
#18162 = DIRECTION('',(1.,-0.));
#18163 = ( GEOMETRIC_REPRESENTATION_CONTEXT(2) 
PARAMETRIC_REPRESENTATION_CONTEXT() REPRESENTATION_CONTEXT('2D SPACE',''
  ) );
#18164 = ORIENTED_EDGE('',*,*,#18165,.T.);
#18165 = EDGE_CURVE('',#18138,#17937,#18166,.T.);
#18166 = SURFACE_CURVE('',#18167,(#18171,#18178),.PCURVE_S1.);
#18167 = LINE('',#18168,#18169);
#18168 = CARTESIAN_POINT('',(49.277684609073,-9.578611567903,1.5));
#18169 = VECTOR('',#18170,1.);
#18170 = DIRECTION('',(0.981627183448,-0.190808995377,0.));
#18171 = PCURVE('',#17921,#18172);
#18172 = DEFINITIONAL_REPRESENTATION('',(#18173),#18177);
#18173 = LINE('',#18174,#18175);
#18174 = CARTESIAN_POINT('',(-1.026844578134,-2.799828987886E-02));
#18175 = VECTOR('',#18176,1.);
#18176 = DIRECTION('',(0.981627183448,-0.190808995377));
#18177 = ( GEOMETRIC_REPRESENTATION_CONTEXT(2) 
PARAMETRIC_REPRESENTATION_CONTEXT() REPRESENTATION_CONTEXT('2D SPACE',''
  ) );
#18178 = PCURVE('',#17954,#18179);
#18179 = DEFINITIONAL_REPRESENTATION('',(#18180),#18184);
#18180 = LINE('',#18181,#18182);
#18181 = CARTESIAN_POINT('',(0.,0.));
#18182 = VECTOR('',#18183,1.);
#18183 = DIRECTION('',(1.,0.));
#18184 = ( GEOMETRIC_REPRESENTATION_CONTEXT(2) 
PARAMETRIC_REPRESENTATION_CONTEXT() REPRESENTATION_CONTEXT('2D SPACE',''
  ) );
#18185 = ADVANCED_FACE('',(#18186),#17867,.T.);
#18186 = FACE_BOUND('',#18187,.T.);
#18187 = EDGE_LOOP('',(#18188,#18189,#18190,#18191,#18192,#18215,#18238)
  );
#18188 = ORIENTED_EDGE('',*,*,#17966,.T.);
#18189 = ORIENTED_EDGE('',*,*,#17851,.T.);
#18190 = ORIENTED_EDGE('',*,*,#18013,.F.);
#18191 = ORIENTED_EDGE('',*,*,#18036,.T.);
#18192 = ORIENTED_EDGE('',*,*,#18193,.T.);
#18193 = EDGE_CURVE('',#18037,#18194,#18196,.T.);
#18194 = VERTEX_POINT('',#18195);
#18195 = CARTESIAN_POINT('',(49.319009965821,-9.363506607638,4.));
#18196 = SURFACE_CURVE('',#18197,(#18201,#18208),.PCURVE_S1.);
#18197 = LINE('',#18198,#18199);
#18198 = CARTESIAN_POINT('',(49.359396359711,-9.148223379706,4.));
#18199 = VECTOR('',#18200,1.);
#18200 = DIRECTION('',(-0.184380219543,-0.982854991665,0.));
#18201 = PCURVE('',#17867,#18202);
#18202 = DEFINITIONAL_REPRESENTATION('',(#18203),#18207);
#18203 = LINE('',#18204,#18205);
#18204 = CARTESIAN_POINT('',(-0.945132827496,0.402389898318));
#18205 = VECTOR('',#18206,1.);
#18206 = DIRECTION('',(-0.184380219543,-0.982854991665));
#18207 = ( GEOMETRIC_REPRESENTATION_CONTEXT(2) 
PARAMETRIC_REPRESENTATION_CONTEXT() REPRESENTATION_CONTEXT('2D SPACE',''
  ) );
#18208 = PCURVE('',#18075,#18209);
#18209 = DEFINITIONAL_REPRESENTATION('',(#18210),#18214);
#18210 = LINE('',#18211,#18212);
#18211 = CARTESIAN_POINT('',(0.,-2.5));
#18212 = VECTOR('',#18213,1.);
#18213 = DIRECTION('',(1.,-0.));
#18214 = ( GEOMETRIC_REPRESENTATION_CONTEXT(2) 
PARAMETRIC_REPRESENTATION_CONTEXT() REPRESENTATION_CONTEXT('2D SPACE',''
  ) );
#18215 = ORIENTED_EDGE('',*,*,#18216,.T.);
#18216 = EDGE_CURVE('',#18194,#18217,#18219,.T.);
#18217 = VERTEX_POINT('',#18218);
#18218 = CARTESIAN_POINT('',(49.277684609073,-9.578611567903,4.));
#18219 = SURFACE_CURVE('',#18220,(#18224,#18231),.PCURVE_S1.);
#18220 = LINE('',#18221,#18222);
#18221 = CARTESIAN_POINT('',(49.319009965821,-9.363506607638,4.));
#18222 = VECTOR('',#18223,1.);
#18223 = DIRECTION('',(-0.188666964687,-0.98204112767,0.));
#18224 = PCURVE('',#17867,#18225);
#18225 = DEFINITIONAL_REPRESENTATION('',(#18226),#18230);
#18226 = LINE('',#18227,#18228);
#18227 = CARTESIAN_POINT('',(-0.985519221386,0.187106670385));
#18228 = VECTOR('',#18229,1.);
#18229 = DIRECTION('',(-0.188666964687,-0.98204112767));
#18230 = ( GEOMETRIC_REPRESENTATION_CONTEXT(2) 
PARAMETRIC_REPRESENTATION_CONTEXT() REPRESENTATION_CONTEXT('2D SPACE',''
  ) );
#18231 = PCURVE('',#18153,#18232);
#18232 = DEFINITIONAL_REPRESENTATION('',(#18233),#18237);
#18233 = LINE('',#18234,#18235);
#18234 = CARTESIAN_POINT('',(0.,-2.5));
#18235 = VECTOR('',#18236,1.);
#18236 = DIRECTION('',(1.,-0.));
#18237 = ( GEOMETRIC_REPRESENTATION_CONTEXT(2) 
PARAMETRIC_REPRESENTATION_CONTEXT() REPRESENTATION_CONTEXT('2D SPACE',''
  ) );
#18238 = ORIENTED_EDGE('',*,*,#18239,.T.);
#18239 = EDGE_CURVE('',#18217,#17939,#18240,.T.);
#18240 = SURFACE_CURVE('',#18241,(#18245,#18252),.PCURVE_S1.);
#18241 = LINE('',#18242,#18243);
#18242 = CARTESIAN_POINT('',(49.277684609073,-9.578611567903,4.));
#18243 = VECTOR('',#18244,1.);
#18244 = DIRECTION('',(0.981627183448,-0.190808995377,0.));
#18245 = PCURVE('',#17867,#18246);
#18246 = DEFINITIONAL_REPRESENTATION('',(#18247),#18251);
#18247 = LINE('',#18248,#18249);
#18248 = CARTESIAN_POINT('',(-1.026844578134,-2.799828987886E-02));
#18249 = VECTOR('',#18250,1.);
#18250 = DIRECTION('',(0.981627183448,-0.190808995377));
#18251 = ( GEOMETRIC_REPRESENTATION_CONTEXT(2) 
PARAMETRIC_REPRESENTATION_CONTEXT() REPRESENTATION_CONTEXT('2D SPACE',''
  ) );
#18252 = PCURVE('',#17954,#18253);
#18253 = DEFINITIONAL_REPRESENTATION('',(#18254),#18258);
#18254 = LINE('',#18255,#18256);
#18255 = CARTESIAN_POINT('',(0.,-2.5));
#18256 = VECTOR('',#18257,1.);
#18257 = DIRECTION('',(1.,0.));
#18258 = ( GEOMETRIC_REPRESENTATION_CONTEXT(2) 
PARAMETRIC_REPRESENTATION_CONTEXT() REPRESENTATION_CONTEXT('2D SPACE',''
  ) );
#18259 = ADVANCED_FACE('',(#18260),#17954,.F.);
#18260 = FACE_BOUND('',#18261,.F.);
#18261 = EDGE_LOOP('',(#18262,#18283,#18284,#18285));
#18262 = ORIENTED_EDGE('',*,*,#18263,.T.);
#18263 = EDGE_CURVE('',#18138,#18217,#18264,.T.);
#18264 = SURFACE_CURVE('',#18265,(#18269,#18276),.PCURVE_S1.);
#18265 = LINE('',#18266,#18267);
#18266 = CARTESIAN_POINT('',(49.277684609073,-9.578611567903,1.5));
#18267 = VECTOR('',#18268,1.);
#18268 = DIRECTION('',(0.,0.,1.));
#18269 = PCURVE('',#17954,#18270);
#18270 = DEFINITIONAL_REPRESENTATION('',(#18271),#18275);
#18271 = LINE('',#18272,#18273);
#18272 = CARTESIAN_POINT('',(0.,0.));
#18273 = VECTOR('',#18274,1.);
#18274 = DIRECTION('',(0.,-1.));
#18275 = ( GEOMETRIC_REPRESENTATION_CONTEXT(2) 
PARAMETRIC_REPRESENTATION_CONTEXT() REPRESENTATION_CONTEXT('2D SPACE',''
  ) );
#18276 = PCURVE('',#18153,#18277);
#18277 = DEFINITIONAL_REPRESENTATION('',(#18278),#18282);
#18278 = LINE('',#18279,#18280);
#18279 = CARTESIAN_POINT('',(0.219038647367,-0.));
#18280 = VECTOR('',#18281,1.);
#18281 = DIRECTION('',(0.,-1.));
#18282 = ( GEOMETRIC_REPRESENTATION_CONTEXT(2) 
PARAMETRIC_REPRESENTATION_CONTEXT() REPRESENTATION_CONTEXT('2D SPACE',''
  ) );
#18283 = ORIENTED_EDGE('',*,*,#18239,.T.);
#18284 = ORIENTED_EDGE('',*,*,#17936,.F.);
#18285 = ORIENTED_EDGE('',*,*,#18165,.F.);
#18286 = ADVANCED_FACE('',(#18287),#18075,.F.);
#18287 = FACE_BOUND('',#18288,.F.);
#18288 = EDGE_LOOP('',(#18289,#18290,#18291,#18312));
#18289 = ORIENTED_EDGE('',*,*,#18059,.T.);
#18290 = ORIENTED_EDGE('',*,*,#18193,.T.);
#18291 = ORIENTED_EDGE('',*,*,#18292,.F.);
#18292 = EDGE_CURVE('',#18115,#18194,#18293,.T.);
#18293 = SURFACE_CURVE('',#18294,(#18298,#18305),.PCURVE_S1.);
#18294 = LINE('',#18295,#18296);
#18295 = CARTESIAN_POINT('',(49.319009965821,-9.363506607638,1.5));
#18296 = VECTOR('',#18297,1.);
#18297 = DIRECTION('',(0.,0.,1.));
#18298 = PCURVE('',#18075,#18299);
#18299 = DEFINITIONAL_REPRESENTATION('',(#18300),#18304);
#18300 = LINE('',#18301,#18302);
#18301 = CARTESIAN_POINT('',(0.219038647367,-0.));
#18302 = VECTOR('',#18303,1.);
#18303 = DIRECTION('',(0.,-1.));
#18304 = ( GEOMETRIC_REPRESENTATION_CONTEXT(2) 
PARAMETRIC_REPRESENTATION_CONTEXT() REPRESENTATION_CONTEXT('2D SPACE',''
  ) );
#18305 = PCURVE('',#18153,#18306);
#18306 = DEFINITIONAL_REPRESENTATION('',(#18307),#18311);
#18307 = LINE('',#18308,#18309);
#18308 = CARTESIAN_POINT('',(0.,0.));
#18309 = VECTOR('',#18310,1.);
#18310 = DIRECTION('',(0.,-1.));
#18311 = ( GEOMETRIC_REPRESENTATION_CONTEXT(2) 
PARAMETRIC_REPRESENTATION_CONTEXT() REPRESENTATION_CONTEXT('2D SPACE',''
  ) );
#18312 = ORIENTED_EDGE('',*,*,#18114,.F.);
#18313 = ADVANCED_FACE('',(#18314),#18153,.F.);
#18314 = FACE_BOUND('',#18315,.F.);
#18315 = EDGE_LOOP('',(#18316,#18317,#18318,#18319));
#18316 = ORIENTED_EDGE('',*,*,#18292,.T.);
#18317 = ORIENTED_EDGE('',*,*,#18216,.T.);
#18318 = ORIENTED_EDGE('',*,*,#18263,.F.);
#18319 = ORIENTED_EDGE('',*,*,#18137,.F.);
#18320 = ( GEOMETRIC_REPRESENTATION_CONTEXT(3) 
GLOBAL_UNCERTAINTY_ASSIGNED_CONTEXT((#18324)) 
GLOBAL_UNIT_ASSIGNED_CONTEXT((#18321,#18322,#18323)) 
REPRESENTATION_CONTEXT('Context #1',
  '3D Context with UNIT and UNCERTAINTY') );
#18321 = ( LENGTH_UNIT() NAMED_UNIT(*) SI_UNIT(.MILLI.,.METRE.) );
#18322 = ( NAMED_UNIT(*) PLANE_ANGLE_UNIT() SI_UNIT($,.RADIAN.) );
#18323 = ( NAMED_UNIT(*) SI_UNIT($,.STERADIAN.) SOLID_ANGLE_UNIT() );
#18324 = UNCERTAINTY_MEASURE_WITH_UNIT(LENGTH_MEASURE(1.E-07),#18321,
  'distance_accuracy_value','confusion accuracy');
#18325 = CONTEXT_DEPENDENT_SHAPE_REPRESENTATION(#18326,#18328);
#18326 = ( REPRESENTATION_RELATIONSHIP('','',#17809,#10) 
REPRESENTATION_RELATIONSHIP_WITH_TRANSFORMATION(#18327) 
SHAPE_REPRESENTATION_RELATIONSHIP() );
#18327 = ITEM_DEFINED_TRANSFORMATION('','',#11,#19);
#18328 = PRODUCT_DEFINITION_SHAPE('Placement','Placement of an item',
  #18329);
#18329 = NEXT_ASSEMBLY_USAGE_OCCURRENCE('2','','',#5,#17804,$);
#18330 = PRODUCT_RELATED_PRODUCT_CATEGORY('part',$,(#17806));
#18331 = SHAPE_DEFINITION_REPRESENTATION(#18332,#18338);
#18332 = PRODUCT_DEFINITION_SHAPE('','',#18333);
#18333 = PRODUCT_DEFINITION('design','',#18334,#18337);
#18334 = PRODUCT_DEFINITION_FORMATION('','',#18335);
#18335 = PRODUCT('Open CASCADE STEP translator 7.9 1.3',
  'Open CASCADE STEP translator 7.9 1.3','',(#18336));
#18336 = PRODUCT_CONTEXT('',#2,'mechanical');
#18337 = PRODUCT_DEFINITION_CONTEXT('part definition',#2,'design');
#18338 = ADVANCED_BREP_SHAPE_REPRESENTATION('',(#11,#18339),#18849);
#18339 = MANIFOLD_SOLID_BREP('',#18340);
#18340 = CLOSED_SHELL('',(#18341,#18461,#18537,#18636,#18714,#18788,
    #18815,#18842));
#18341 = ADVANCED_FACE('',(#18342),#18356,.F.);
#18342 = FACE_BOUND('',#18343,.F.);
#18343 = EDGE_LOOP('',(#18344,#18379,#18407,#18435));
#18344 = ORIENTED_EDGE('',*,*,#18345,.T.);
#18345 = EDGE_CURVE('',#18346,#18348,#18350,.T.);
#18346 = VERTEX_POINT('',#18347);
#18347 = CARTESIAN_POINT('',(-17.20985168271,49.281446864503,1.5));
#18348 = VERTEX_POINT('',#18349);
#18349 = CARTESIAN_POINT('',(-17.20985168271,49.281446864503,4.));
#18350 = SURFACE_CURVE('',#18351,(#18355,#18367),.PCURVE_S1.);
#18351 = LINE('',#18352,#18353);
#18352 = CARTESIAN_POINT('',(-17.20985168271,49.281446864503,1.5));
#18353 = VECTOR('',#18354,1.);
#18354 = DIRECTION('',(0.,0.,1.));
#18355 = PCURVE('',#18356,#18361);
#18356 = PLANE('',#18357);
#18357 = AXIS2_PLACEMENT_3D('',#18358,#18359,#18360);
#18358 = CARTESIAN_POINT('',(-17.20985168271,49.281446864503,1.5));
#18359 = DIRECTION('',(0.331749541753,-0.94336750079,0.));
#18360 = DIRECTION('',(-0.94336750079,-0.331749541753,0.));
#18361 = DEFINITIONAL_REPRESENTATION('',(#18362),#18366);
#18362 = LINE('',#18363,#18364);
#18363 = CARTESIAN_POINT('',(0.,0.));
#18364 = VECTOR('',#18365,1.);
#18365 = DIRECTION('',(0.,-1.));
#18366 = ( GEOMETRIC_REPRESENTATION_CONTEXT(2) 
PARAMETRIC_REPRESENTATION_CONTEXT() REPRESENTATION_CONTEXT('2D SPACE',''
  ) );
#18367 = PCURVE('',#18368,#18373);
#18368 = PLANE('',#18369);
#18369 = AXIS2_PLACEMENT_3D('',#18370,#18371,#18372);
#18370 = CARTESIAN_POINT('',(-16.99465766266,49.356069646284,1.5));
#18371 = DIRECTION('',(0.327630179562,-0.944806046467,0.));
#18372 = DIRECTION('',(-0.944806046467,-0.327630179562,0.));
#18373 = DEFINITIONAL_REPRESENTATION('',(#18374),#18378);
#18374 = LINE('',#18375,#18376);
#18375 = CARTESIAN_POINT('',(0.227765286705,0.));
#18376 = VECTOR('',#18377,1.);
#18377 = DIRECTION('',(0.,-1.));
#18378 = ( GEOMETRIC_REPRESENTATION_CONTEXT(2) 
PARAMETRIC_REPRESENTATION_CONTEXT() REPRESENTATION_CONTEXT('2D SPACE',''
  ) );
#18379 = ORIENTED_EDGE('',*,*,#18380,.T.);
#18380 = EDGE_CURVE('',#18348,#18381,#18383,.T.);
#18381 = VERTEX_POINT('',#18382);
#18382 = CARTESIAN_POINT('',(-17.424718052,49.205885835012,4.));
#18383 = SURFACE_CURVE('',#18384,(#18388,#18395),.PCURVE_S1.);
#18384 = LINE('',#18385,#18386);
#18385 = CARTESIAN_POINT('',(-17.20985168271,49.281446864503,4.));
#18386 = VECTOR('',#18387,1.);
#18387 = DIRECTION('',(-0.94336750079,-0.331749541753,0.));
#18388 = PCURVE('',#18356,#18389);
#18389 = DEFINITIONAL_REPRESENTATION('',(#18390),#18394);
#18390 = LINE('',#18391,#18392);
#18391 = CARTESIAN_POINT('',(0.,-2.5));
#18392 = VECTOR('',#18393,1.);
#18393 = DIRECTION('',(1.,0.));
#18394 = ( GEOMETRIC_REPRESENTATION_CONTEXT(2) 
PARAMETRIC_REPRESENTATION_CONTEXT() REPRESENTATION_CONTEXT('2D SPACE',''
  ) );
#18395 = PCURVE('',#18396,#18401);
#18396 = PLANE('',#18397);
#18397 = AXIS2_PLACEMENT_3D('',#18398,#18399,#18400);
#18398 = CARTESIAN_POINT('',(-16.88119087311,48.340306840548,4.));
#18399 = DIRECTION('',(0.,0.,1.));
#18400 = DIRECTION('',(-0.5,0.866025403784,0.));
#18401 = DEFINITIONAL_REPRESENTATION('',(#18402),#18406);
#18402 = LINE('',#18403,#18404);
#18403 = CARTESIAN_POINT('',(0.979381574065,-0.185941401632));
#18404 = VECTOR('',#18405,1.);
#18405 = DIRECTION('',(0.184380219543,0.982854991665));
#18406 = ( GEOMETRIC_REPRESENTATION_CONTEXT(2) 
PARAMETRIC_REPRESENTATION_CONTEXT() REPRESENTATION_CONTEXT('2D SPACE',''
  ) );
#18407 = ORIENTED_EDGE('',*,*,#18408,.F.);
#18408 = EDGE_CURVE('',#18409,#18381,#18411,.T.);
#18409 = VERTEX_POINT('',#18410);
#18410 = CARTESIAN_POINT('',(-17.424718052,49.205885835012,1.5));
#18411 = SURFACE_CURVE('',#18412,(#18416,#18423),.PCURVE_S1.);
#18412 = LINE('',#18413,#18414);
#18413 = CARTESIAN_POINT('',(-17.424718052,49.205885835012,1.5));
#18414 = VECTOR('',#18415,1.);
#18415 = DIRECTION('',(0.,0.,1.));
#18416 = PCURVE('',#18356,#18417);
#18417 = DEFINITIONAL_REPRESENTATION('',(#18418),#18422);
#18418 = LINE('',#18419,#18420);
#18419 = CARTESIAN_POINT('',(0.227765286705,0.));
#18420 = VECTOR('',#18421,1.);
#18421 = DIRECTION('',(0.,-1.));
#18422 = ( GEOMETRIC_REPRESENTATION_CONTEXT(2) 
PARAMETRIC_REPRESENTATION_CONTEXT() REPRESENTATION_CONTEXT('2D SPACE',''
  ) );
#18423 = PCURVE('',#18424,#18429);
#18424 = PLANE('',#18425);
#18425 = AXIS2_PLACEMENT_3D('',#18426,#18427,#18428);
#18426 = CARTESIAN_POINT('',(-17.424718052,49.205885835012,1.5));
#18427 = DIRECTION('',(0.942641491092,0.333806859234,0.));
#18428 = DIRECTION('',(0.333806859234,-0.942641491092,0.));
#18429 = DEFINITIONAL_REPRESENTATION('',(#18430),#18434);
#18430 = LINE('',#18431,#18432);
#18431 = CARTESIAN_POINT('',(0.,0.));
#18432 = VECTOR('',#18433,1.);
#18433 = DIRECTION('',(0.,-1.));
#18434 = ( GEOMETRIC_REPRESENTATION_CONTEXT(2) 
PARAMETRIC_REPRESENTATION_CONTEXT() REPRESENTATION_CONTEXT('2D SPACE',''
  ) );
#18435 = ORIENTED_EDGE('',*,*,#18436,.F.);
#18436 = EDGE_CURVE('',#18346,#18409,#18437,.T.);
#18437 = SURFACE_CURVE('',#18438,(#18442,#18449),.PCURVE_S1.);
#18438 = LINE('',#18439,#18440);
#18439 = CARTESIAN_POINT('',(-17.20985168271,49.281446864503,1.5));
#18440 = VECTOR('',#18441,1.);
#18441 = DIRECTION('',(-0.94336750079,-0.331749541753,0.));
#18442 = PCURVE('',#18356,#18443);
#18443 = DEFINITIONAL_REPRESENTATION('',(#18444),#18448);
#18444 = LINE('',#18445,#18446);
#18445 = CARTESIAN_POINT('',(0.,0.));
#18446 = VECTOR('',#18447,1.);
#18447 = DIRECTION('',(1.,0.));
#18448 = ( GEOMETRIC_REPRESENTATION_CONTEXT(2) 
PARAMETRIC_REPRESENTATION_CONTEXT() REPRESENTATION_CONTEXT('2D SPACE',''
  ) );
#18449 = PCURVE('',#18450,#18455);
#18450 = PLANE('',#18451);
#18451 = AXIS2_PLACEMENT_3D('',#18452,#18453,#18454);
#18452 = CARTESIAN_POINT('',(-16.88119087311,48.340306840548,1.5));
#18453 = DIRECTION('',(0.,0.,1.));
#18454 = DIRECTION('',(-0.5,0.866025403784,0.));
#18455 = DEFINITIONAL_REPRESENTATION('',(#18456),#18460);
#18456 = LINE('',#18457,#18458);
#18457 = CARTESIAN_POINT('',(0.979381574065,-0.185941401632));
#18458 = VECTOR('',#18459,1.);
#18459 = DIRECTION('',(0.184380219543,0.982854991665));
#18460 = ( GEOMETRIC_REPRESENTATION_CONTEXT(2) 
PARAMETRIC_REPRESENTATION_CONTEXT() REPRESENTATION_CONTEXT('2D SPACE',''
  ) );
#18461 = ADVANCED_FACE('',(#18462),#18368,.F.);
#18462 = FACE_BOUND('',#18463,.F.);
#18463 = EDGE_LOOP('',(#18464,#18494,#18515,#18516));
#18464 = ORIENTED_EDGE('',*,*,#18465,.T.);
#18465 = EDGE_CURVE('',#18466,#18468,#18470,.T.);
#18466 = VERTEX_POINT('',#18467);
#18467 = CARTESIAN_POINT('',(-16.99465766266,49.356069646284,1.5));
#18468 = VERTEX_POINT('',#18469);
#18469 = CARTESIAN_POINT('',(-16.99465766266,49.356069646284,4.));
#18470 = SURFACE_CURVE('',#18471,(#18475,#18482),.PCURVE_S1.);
#18471 = LINE('',#18472,#18473);
#18472 = CARTESIAN_POINT('',(-16.99465766266,49.356069646284,1.5));
#18473 = VECTOR('',#18474,1.);
#18474 = DIRECTION('',(0.,0.,1.));
#18475 = PCURVE('',#18368,#18476);
#18476 = DEFINITIONAL_REPRESENTATION('',(#18477),#18481);
#18477 = LINE('',#18478,#18479);
#18478 = CARTESIAN_POINT('',(0.,0.));
#18479 = VECTOR('',#18480,1.);
#18480 = DIRECTION('',(0.,-1.));
#18481 = ( GEOMETRIC_REPRESENTATION_CONTEXT(2) 
PARAMETRIC_REPRESENTATION_CONTEXT() REPRESENTATION_CONTEXT('2D SPACE',''
  ) );
#18482 = PCURVE('',#18483,#18488);
#18483 = PLANE('',#18484);
#18484 = AXIS2_PLACEMENT_3D('',#18485,#18486,#18487);
#18485 = CARTESIAN_POINT('',(-16.34352135374,47.465032495086,1.5));
#18486 = DIRECTION('',(-0.945518575599,-0.325568154457,0.));
#18487 = DIRECTION('',(-0.325568154457,0.945518575599,0.));
#18488 = DEFINITIONAL_REPRESENTATION('',(#18489),#18493);
#18489 = LINE('',#18490,#18491);
#18490 = CARTESIAN_POINT('',(2.,0.));
#18491 = VECTOR('',#18492,1.);
#18492 = DIRECTION('',(0.,-1.));
#18493 = ( GEOMETRIC_REPRESENTATION_CONTEXT(2) 
PARAMETRIC_REPRESENTATION_CONTEXT() REPRESENTATION_CONTEXT('2D SPACE',''
  ) );
#18494 = ORIENTED_EDGE('',*,*,#18495,.T.);
#18495 = EDGE_CURVE('',#18468,#18348,#18496,.T.);
#18496 = SURFACE_CURVE('',#18497,(#18501,#18508),.PCURVE_S1.);
#18497 = LINE('',#18498,#18499);
#18498 = CARTESIAN_POINT('',(-16.99465766266,49.356069646284,4.));
#18499 = VECTOR('',#18500,1.);
#18500 = DIRECTION('',(-0.944806046467,-0.327630179562,0.));
#18501 = PCURVE('',#18368,#18502);
#18502 = DEFINITIONAL_REPRESENTATION('',(#18503),#18507);
#18503 = LINE('',#18504,#18505);
#18504 = CARTESIAN_POINT('',(0.,-2.5));
#18505 = VECTOR('',#18506,1.);
#18506 = DIRECTION('',(1.,0.));
#18507 = ( GEOMETRIC_REPRESENTATION_CONTEXT(2) 
PARAMETRIC_REPRESENTATION_CONTEXT() REPRESENTATION_CONTEXT('2D SPACE',''
  ) );
#18508 = PCURVE('',#18396,#18509);
#18509 = DEFINITIONAL_REPRESENTATION('',(#18510),#18514);
#18510 = LINE('',#18511,#18512);
#18511 = CARTESIAN_POINT('',(0.936409788762,-0.409616280632));
#18512 = VECTOR('',#18513,1.);
#18513 = DIRECTION('',(0.188666964687,0.98204112767));
#18514 = ( GEOMETRIC_REPRESENTATION_CONTEXT(2) 
PARAMETRIC_REPRESENTATION_CONTEXT() REPRESENTATION_CONTEXT('2D SPACE',''
  ) );
#18515 = ORIENTED_EDGE('',*,*,#18345,.F.);
#18516 = ORIENTED_EDGE('',*,*,#18517,.F.);
#18517 = EDGE_CURVE('',#18466,#18346,#18518,.T.);
#18518 = SURFACE_CURVE('',#18519,(#18523,#18530),.PCURVE_S1.);
#18519 = LINE('',#18520,#18521);
#18520 = CARTESIAN_POINT('',(-16.99465766266,49.356069646284,1.5));
#18521 = VECTOR('',#18522,1.);
#18522 = DIRECTION('',(-0.944806046467,-0.327630179562,0.));
#18523 = PCURVE('',#18368,#18524);
#18524 = DEFINITIONAL_REPRESENTATION('',(#18525),#18529);
#18525 = LINE('',#18526,#18527);
#18526 = CARTESIAN_POINT('',(0.,0.));
#18527 = VECTOR('',#18528,1.);
#18528 = DIRECTION('',(1.,0.));
#18529 = ( GEOMETRIC_REPRESENTATION_CONTEXT(2) 
PARAMETRIC_REPRESENTATION_CONTEXT() REPRESENTATION_CONTEXT('2D SPACE',''
  ) );
#18530 = PCURVE('',#18450,#18531);
#18531 = DEFINITIONAL_REPRESENTATION('',(#18532),#18536);
#18532 = LINE('',#18533,#18534);
#18533 = CARTESIAN_POINT('',(0.936409788762,-0.409616280632));
#18534 = VECTOR('',#18535,1.);
#18535 = DIRECTION('',(0.188666964687,0.98204112767));
#18536 = ( GEOMETRIC_REPRESENTATION_CONTEXT(2) 
PARAMETRIC_REPRESENTATION_CONTEXT() REPRESENTATION_CONTEXT('2D SPACE',''
  ) );
#18537 = ADVANCED_FACE('',(#18538),#18424,.F.);
#18538 = FACE_BOUND('',#18539,.F.);
#18539 = EDGE_LOOP('',(#18540,#18541,#18564,#18587,#18615));
#18540 = ORIENTED_EDGE('',*,*,#18408,.T.);
#18541 = ORIENTED_EDGE('',*,*,#18542,.F.);
#18542 = EDGE_CURVE('',#18543,#18381,#18545,.T.);
#18543 = VERTEX_POINT('',#18544);
#18544 = CARTESIAN_POINT('',(-17.19105325053,48.546036791247,4.));
#18545 = SURFACE_CURVE('',#18546,(#18550,#18557),.PCURVE_S1.);
#18546 = LINE('',#18547,#18548);
#18547 = CARTESIAN_POINT('',(-17.19105325053,48.546036791247,4.));
#18548 = VECTOR('',#18549,1.);
#18549 = DIRECTION('',(-0.333806859234,0.942641491092,0.));
#18550 = PCURVE('',#18424,#18551);
#18551 = DEFINITIONAL_REPRESENTATION('',(#18552),#18556);
#18552 = LINE('',#18553,#18554);
#18553 = CARTESIAN_POINT('',(0.7,-2.5));
#18554 = VECTOR('',#18555,1.);
#18555 = DIRECTION('',(-1.,0.));
#18556 = ( GEOMETRIC_REPRESENTATION_CONTEXT(2) 
PARAMETRIC_REPRESENTATION_CONTEXT() REPRESENTATION_CONTEXT('2D SPACE',''
  ) );
#18557 = PCURVE('',#18396,#18558);
#18558 = DEFINITIONAL_REPRESENTATION('',(#18559),#18563);
#18559 = LINE('',#18560,#18561);
#18560 = CARTESIAN_POINT('',(0.333098552337,0.165483715178));
#18561 = VECTOR('',#18562,1.);
#18562 = DIRECTION('',(0.983254907564,-0.182235525492));
#18563 = ( GEOMETRIC_REPRESENTATION_CONTEXT(2) 
PARAMETRIC_REPRESENTATION_CONTEXT() REPRESENTATION_CONTEXT('2D SPACE',''
  ) );
#18564 = ORIENTED_EDGE('',*,*,#18565,.T.);
#18565 = EDGE_CURVE('',#18543,#18566,#18568,.T.);
#18566 = VERTEX_POINT('',#18567);
#18567 = CARTESIAN_POINT('',(-16.75710433353,47.320602852827,4.));
#18568 = SURFACE_CURVE('',#18569,(#18573,#18580),.PCURVE_S1.);
#18569 = LINE('',#18570,#18571);
#18570 = CARTESIAN_POINT('',(-17.424718052,49.205885835012,4.));
#18571 = VECTOR('',#18572,1.);
#18572 = DIRECTION('',(0.333806859234,-0.942641491092,0.));
#18573 = PCURVE('',#18424,#18574);
#18574 = DEFINITIONAL_REPRESENTATION('',(#18575),#18579);
#18575 = LINE('',#18576,#18577);
#18576 = CARTESIAN_POINT('',(0.,-2.5));
#18577 = VECTOR('',#18578,1.);
#18578 = DIRECTION('',(1.,-0.));
#18579 = ( GEOMETRIC_REPRESENTATION_CONTEXT(2) 
PARAMETRIC_REPRESENTATION_CONTEXT() REPRESENTATION_CONTEXT('2D SPACE',''
  ) );
#18580 = PCURVE('',#18396,#18581);
#18581 = DEFINITIONAL_REPRESENTATION('',(#18582),#18586);
#18582 = LINE('',#18583,#18584);
#18583 = CARTESIAN_POINT('',(1.021376987632,3.79188473336E-02));
#18584 = VECTOR('',#18585,1.);
#18585 = DIRECTION('',(-0.983254907564,0.182235525492));
#18586 = ( GEOMETRIC_REPRESENTATION_CONTEXT(2) 
PARAMETRIC_REPRESENTATION_CONTEXT() REPRESENTATION_CONTEXT('2D SPACE',''
  ) );
#18587 = ORIENTED_EDGE('',*,*,#18588,.F.);
#18588 = EDGE_CURVE('',#18589,#18566,#18591,.T.);
#18589 = VERTEX_POINT('',#18590);
#18590 = CARTESIAN_POINT('',(-16.75710433353,47.320602852827,1.5));
#18591 = SURFACE_CURVE('',#18592,(#18596,#18603),.PCURVE_S1.);
#18592 = LINE('',#18593,#18594);
#18593 = CARTESIAN_POINT('',(-16.75710433353,47.320602852827,1.5));
#18594 = VECTOR('',#18595,1.);
#18595 = DIRECTION('',(0.,0.,1.));
#18596 = PCURVE('',#18424,#18597);
#18597 = DEFINITIONAL_REPRESENTATION('',(#18598),#18602);
#18598 = LINE('',#18599,#18600);
#18599 = CARTESIAN_POINT('',(2.,-0.));
#18600 = VECTOR('',#18601,1.);
#18601 = DIRECTION('',(0.,-1.));
#18602 = ( GEOMETRIC_REPRESENTATION_CONTEXT(2) 
PARAMETRIC_REPRESENTATION_CONTEXT() REPRESENTATION_CONTEXT('2D SPACE',''
  ) );
#18603 = PCURVE('',#18604,#18609);
#18604 = PLANE('',#18605);
#18605 = AXIS2_PLACEMENT_3D('',#18606,#18607,#18608);
#18606 = CARTESIAN_POINT('',(-16.75710433353,47.320602852827,1.5));
#18607 = DIRECTION('',(-0.331749541753,0.94336750079,0.));
#18608 = DIRECTION('',(0.94336750079,0.331749541753,0.));
#18609 = DEFINITIONAL_REPRESENTATION('',(#18610),#18614);
#18610 = LINE('',#18611,#18612);
#18611 = CARTESIAN_POINT('',(0.,0.));
#18612 = VECTOR('',#18613,1.);
#18613 = DIRECTION('',(0.,-1.));
#18614 = ( GEOMETRIC_REPRESENTATION_CONTEXT(2) 
PARAMETRIC_REPRESENTATION_CONTEXT() REPRESENTATION_CONTEXT('2D SPACE',''
  ) );
#18615 = ORIENTED_EDGE('',*,*,#18616,.F.);
#18616 = EDGE_CURVE('',#18409,#18589,#18617,.T.);
#18617 = SURFACE_CURVE('',#18618,(#18622,#18629),.PCURVE_S1.);
#18618 = LINE('',#18619,#18620);
#18619 = CARTESIAN_POINT('',(-17.424718052,49.205885835012,1.5));
#18620 = VECTOR('',#18621,1.);
#18621 = DIRECTION('',(0.333806859234,-0.942641491092,0.));
#18622 = PCURVE('',#18424,#18623);
#18623 = DEFINITIONAL_REPRESENTATION('',(#18624),#18628);
#18624 = LINE('',#18625,#18626);
#18625 = CARTESIAN_POINT('',(0.,0.));
#18626 = VECTOR('',#18627,1.);
#18627 = DIRECTION('',(1.,-0.));
#18628 = ( GEOMETRIC_REPRESENTATION_CONTEXT(2) 
PARAMETRIC_REPRESENTATION_CONTEXT() REPRESENTATION_CONTEXT('2D SPACE',''
  ) );
#18629 = PCURVE('',#18450,#18630);
#18630 = DEFINITIONAL_REPRESENTATION('',(#18631),#18635);
#18631 = LINE('',#18632,#18633);
#18632 = CARTESIAN_POINT('',(1.021376987632,3.79188473336E-02));
#18633 = VECTOR('',#18634,1.);
#18634 = DIRECTION('',(-0.983254907564,0.182235525492));
#18635 = ( GEOMETRIC_REPRESENTATION_CONTEXT(2) 
PARAMETRIC_REPRESENTATION_CONTEXT() REPRESENTATION_CONTEXT('2D SPACE',''
  ) );
#18636 = ADVANCED_FACE('',(#18637),#18450,.F.);
#18637 = FACE_BOUND('',#18638,.F.);
#18638 = EDGE_LOOP('',(#18639,#18640,#18641,#18642,#18665,#18693));
#18639 = ORIENTED_EDGE('',*,*,#18517,.T.);
#18640 = ORIENTED_EDGE('',*,*,#18436,.T.);
#18641 = ORIENTED_EDGE('',*,*,#18616,.T.);
#18642 = ORIENTED_EDGE('',*,*,#18643,.T.);
#18643 = EDGE_CURVE('',#18589,#18644,#18646,.T.);
#18644 = VERTEX_POINT('',#18645);
#18645 = CARTESIAN_POINT('',(-16.55047039219,47.393268823718,1.5));
#18646 = SURFACE_CURVE('',#18647,(#18651,#18658),.PCURVE_S1.);
#18647 = LINE('',#18648,#18649);
#18648 = CARTESIAN_POINT('',(-16.75710433353,47.320602852827,1.5));
#18649 = VECTOR('',#18650,1.);
#18650 = DIRECTION('',(0.94336750079,0.331749541753,0.));
#18651 = PCURVE('',#18450,#18652);
#18652 = DEFINITIONAL_REPRESENTATION('',(#18653),#18657);
#18653 = LINE('',#18654,#18655);
#18654 = CARTESIAN_POINT('',(-0.945132827496,0.402389898318));
#18655 = VECTOR('',#18656,1.);
#18656 = DIRECTION('',(-0.184380219543,-0.982854991665));
#18657 = ( GEOMETRIC_REPRESENTATION_CONTEXT(2) 
PARAMETRIC_REPRESENTATION_CONTEXT() REPRESENTATION_CONTEXT('2D SPACE',''
  ) );
#18658 = PCURVE('',#18604,#18659);
#18659 = DEFINITIONAL_REPRESENTATION('',(#18660),#18664);
#18660 = LINE('',#18661,#18662);
#18661 = CARTESIAN_POINT('',(0.,0.));
#18662 = VECTOR('',#18663,1.);
#18663 = DIRECTION('',(1.,0.));
#18664 = ( GEOMETRIC_REPRESENTATION_CONTEXT(2) 
PARAMETRIC_REPRESENTATION_CONTEXT() REPRESENTATION_CONTEXT('2D SPACE',''
  ) );
#18665 = ORIENTED_EDGE('',*,*,#18666,.T.);
#18666 = EDGE_CURVE('',#18644,#18667,#18669,.T.);
#18667 = VERTEX_POINT('',#18668);
#18668 = CARTESIAN_POINT('',(-16.34352135374,47.465032495086,1.5));
#18669 = SURFACE_CURVE('',#18670,(#18674,#18681),.PCURVE_S1.);
#18670 = LINE('',#18671,#18672);
#18671 = CARTESIAN_POINT('',(-16.55047039219,47.393268823718,1.5));
#18672 = VECTOR('',#18673,1.);
#18673 = DIRECTION('',(0.944806046467,0.327630179562,0.));
#18674 = PCURVE('',#18450,#18675);
#18675 = DEFINITIONAL_REPRESENTATION('',(#18676),#18680);
#18676 = LINE('',#18677,#18678);
#18677 = CARTESIAN_POINT('',(-0.985519221386,0.187106670385));
#18678 = VECTOR('',#18679,1.);
#18679 = DIRECTION('',(-0.188666964687,-0.98204112767));
#18680 = ( GEOMETRIC_REPRESENTATION_CONTEXT(2) 
PARAMETRIC_REPRESENTATION_CONTEXT() REPRESENTATION_CONTEXT('2D SPACE',''
  ) );
#18681 = PCURVE('',#18682,#18687);
#18682 = PLANE('',#18683);
#18683 = AXIS2_PLACEMENT_3D('',#18684,#18685,#18686);
#18684 = CARTESIAN_POINT('',(-16.55047039219,47.393268823718,1.5));
#18685 = DIRECTION('',(-0.327630179562,0.944806046467,0.));
#18686 = DIRECTION('',(0.944806046467,0.327630179562,0.));
#18687 = DEFINITIONAL_REPRESENTATION('',(#18688),#18692);
#18688 = LINE('',#18689,#18690);
#18689 = CARTESIAN_POINT('',(0.,0.));
#18690 = VECTOR('',#18691,1.);
#18691 = DIRECTION('',(1.,0.));
#18692 = ( GEOMETRIC_REPRESENTATION_CONTEXT(2) 
PARAMETRIC_REPRESENTATION_CONTEXT() REPRESENTATION_CONTEXT('2D SPACE',''
  ) );
#18693 = ORIENTED_EDGE('',*,*,#18694,.T.);
#18694 = EDGE_CURVE('',#18667,#18466,#18695,.T.);
#18695 = SURFACE_CURVE('',#18696,(#18700,#18707),.PCURVE_S1.);
#18696 = LINE('',#18697,#18698);
#18697 = CARTESIAN_POINT('',(-16.34352135374,47.465032495086,1.5));
#18698 = VECTOR('',#18699,1.);
#18699 = DIRECTION('',(-0.325568154457,0.945518575599,0.));
#18700 = PCURVE('',#18450,#18701);
#18701 = DEFINITIONAL_REPRESENTATION('',(#18702),#18706);
#18702 = LINE('',#18703,#18704);
#18703 = CARTESIAN_POINT('',(-1.026844578134,-2.799828987886E-02));
#18704 = VECTOR('',#18705,1.);
#18705 = DIRECTION('',(0.981627183448,-0.190808995377));
#18706 = ( GEOMETRIC_REPRESENTATION_CONTEXT(2) 
PARAMETRIC_REPRESENTATION_CONTEXT() REPRESENTATION_CONTEXT('2D SPACE',''
  ) );
#18707 = PCURVE('',#18483,#18708);
#18708 = DEFINITIONAL_REPRESENTATION('',(#18709),#18713);
#18709 = LINE('',#18710,#18711);
#18710 = CARTESIAN_POINT('',(0.,0.));
#18711 = VECTOR('',#18712,1.);
#18712 = DIRECTION('',(1.,0.));
#18713 = ( GEOMETRIC_REPRESENTATION_CONTEXT(2) 
PARAMETRIC_REPRESENTATION_CONTEXT() REPRESENTATION_CONTEXT('2D SPACE',''
  ) );
#18714 = ADVANCED_FACE('',(#18715),#18396,.T.);
#18715 = FACE_BOUND('',#18716,.T.);
#18716 = EDGE_LOOP('',(#18717,#18718,#18719,#18720,#18721,#18744,#18767)
  );
#18717 = ORIENTED_EDGE('',*,*,#18495,.T.);
#18718 = ORIENTED_EDGE('',*,*,#18380,.T.);
#18719 = ORIENTED_EDGE('',*,*,#18542,.F.);
#18720 = ORIENTED_EDGE('',*,*,#18565,.T.);
#18721 = ORIENTED_EDGE('',*,*,#18722,.T.);
#18722 = EDGE_CURVE('',#18566,#18723,#18725,.T.);
#18723 = VERTEX_POINT('',#18724);
#18724 = CARTESIAN_POINT('',(-16.55047039219,47.393268823718,4.));
#18725 = SURFACE_CURVE('',#18726,(#18730,#18737),.PCURVE_S1.);
#18726 = LINE('',#18727,#18728);
#18727 = CARTESIAN_POINT('',(-16.75710433353,47.320602852827,4.));
#18728 = VECTOR('',#18729,1.);
#18729 = DIRECTION('',(0.94336750079,0.331749541753,0.));
#18730 = PCURVE('',#18396,#18731);
#18731 = DEFINITIONAL_REPRESENTATION('',(#18732),#18736);
#18732 = LINE('',#18733,#18734);
#18733 = CARTESIAN_POINT('',(-0.945132827496,0.402389898318));
#18734 = VECTOR('',#18735,1.);
#18735 = DIRECTION('',(-0.184380219543,-0.982854991665));
#18736 = ( GEOMETRIC_REPRESENTATION_CONTEXT(2) 
PARAMETRIC_REPRESENTATION_CONTEXT() REPRESENTATION_CONTEXT('2D SPACE',''
  ) );
#18737 = PCURVE('',#18604,#18738);
#18738 = DEFINITIONAL_REPRESENTATION('',(#18739),#18743);
#18739 = LINE('',#18740,#18741);
#18740 = CARTESIAN_POINT('',(0.,-2.5));
#18741 = VECTOR('',#18742,1.);
#18742 = DIRECTION('',(1.,0.));
#18743 = ( GEOMETRIC_REPRESENTATION_CONTEXT(2) 
PARAMETRIC_REPRESENTATION_CONTEXT() REPRESENTATION_CONTEXT('2D SPACE',''
  ) );
#18744 = ORIENTED_EDGE('',*,*,#18745,.T.);
#18745 = EDGE_CURVE('',#18723,#18746,#18748,.T.);
#18746 = VERTEX_POINT('',#18747);
#18747 = CARTESIAN_POINT('',(-16.34352135374,47.465032495086,4.));
#18748 = SURFACE_CURVE('',#18749,(#18753,#18760),.PCURVE_S1.);
#18749 = LINE('',#18750,#18751);
#18750 = CARTESIAN_POINT('',(-16.55047039219,47.393268823718,4.));
#18751 = VECTOR('',#18752,1.);
#18752 = DIRECTION('',(0.944806046467,0.327630179562,0.));
#18753 = PCURVE('',#18396,#18754);
#18754 = DEFINITIONAL_REPRESENTATION('',(#18755),#18759);
#18755 = LINE('',#18756,#18757);
#18756 = CARTESIAN_POINT('',(-0.985519221386,0.187106670385));
#18757 = VECTOR('',#18758,1.);
#18758 = DIRECTION('',(-0.188666964687,-0.98204112767));
#18759 = ( GEOMETRIC_REPRESENTATION_CONTEXT(2) 
PARAMETRIC_REPRESENTATION_CONTEXT() REPRESENTATION_CONTEXT('2D SPACE',''
  ) );
#18760 = PCURVE('',#18682,#18761);
#18761 = DEFINITIONAL_REPRESENTATION('',(#18762),#18766);
#18762 = LINE('',#18763,#18764);
#18763 = CARTESIAN_POINT('',(0.,-2.5));
#18764 = VECTOR('',#18765,1.);
#18765 = DIRECTION('',(1.,0.));
#18766 = ( GEOMETRIC_REPRESENTATION_CONTEXT(2) 
PARAMETRIC_REPRESENTATION_CONTEXT() REPRESENTATION_CONTEXT('2D SPACE',''
  ) );
#18767 = ORIENTED_EDGE('',*,*,#18768,.T.);
#18768 = EDGE_CURVE('',#18746,#18468,#18769,.T.);
#18769 = SURFACE_CURVE('',#18770,(#18774,#18781),.PCURVE_S1.);
#18770 = LINE('',#18771,#18772);
#18771 = CARTESIAN_POINT('',(-16.34352135374,47.465032495086,4.));
#18772 = VECTOR('',#18773,1.);
#18773 = DIRECTION('',(-0.325568154457,0.945518575599,0.));
#18774 = PCURVE('',#18396,#18775);
#18775 = DEFINITIONAL_REPRESENTATION('',(#18776),#18780);
#18776 = LINE('',#18777,#18778);
#18777 = CARTESIAN_POINT('',(-1.026844578134,-2.799828987886E-02));
#18778 = VECTOR('',#18779,1.);
#18779 = DIRECTION('',(0.981627183448,-0.190808995377));
#18780 = ( GEOMETRIC_REPRESENTATION_CONTEXT(2) 
PARAMETRIC_REPRESENTATION_CONTEXT() REPRESENTATION_CONTEXT('2D SPACE',''
  ) );
#18781 = PCURVE('',#18483,#18782);
#18782 = DEFINITIONAL_REPRESENTATION('',(#18783),#18787);
#18783 = LINE('',#18784,#18785);
#18784 = CARTESIAN_POINT('',(0.,-2.5));
#18785 = VECTOR('',#18786,1.);
#18786 = DIRECTION('',(1.,0.));
#18787 = ( GEOMETRIC_REPRESENTATION_CONTEXT(2) 
PARAMETRIC_REPRESENTATION_CONTEXT() REPRESENTATION_CONTEXT('2D SPACE',''
  ) );
#18788 = ADVANCED_FACE('',(#18789),#18483,.F.);
#18789 = FACE_BOUND('',#18790,.F.);
#18790 = EDGE_LOOP('',(#18791,#18812,#18813,#18814));
#18791 = ORIENTED_EDGE('',*,*,#18792,.T.);
#18792 = EDGE_CURVE('',#18667,#18746,#18793,.T.);
#18793 = SURFACE_CURVE('',#18794,(#18798,#18805),.PCURVE_S1.);
#18794 = LINE('',#18795,#18796);
#18795 = CARTESIAN_POINT('',(-16.34352135374,47.465032495086,1.5));
#18796 = VECTOR('',#18797,1.);
#18797 = DIRECTION('',(0.,0.,1.));
#18798 = PCURVE('',#18483,#18799);
#18799 = DEFINITIONAL_REPRESENTATION('',(#18800),#18804);
#18800 = LINE('',#18801,#18802);
#18801 = CARTESIAN_POINT('',(0.,0.));
#18802 = VECTOR('',#18803,1.);
#18803 = DIRECTION('',(0.,-1.));
#18804 = ( GEOMETRIC_REPRESENTATION_CONTEXT(2) 
PARAMETRIC_REPRESENTATION_CONTEXT() REPRESENTATION_CONTEXT('2D SPACE',''
  ) );
#18805 = PCURVE('',#18682,#18806);
#18806 = DEFINITIONAL_REPRESENTATION('',(#18807),#18811);
#18807 = LINE('',#18808,#18809);
#18808 = CARTESIAN_POINT('',(0.219038647367,0.));
#18809 = VECTOR('',#18810,1.);
#18810 = DIRECTION('',(0.,-1.));
#18811 = ( GEOMETRIC_REPRESENTATION_CONTEXT(2) 
PARAMETRIC_REPRESENTATION_CONTEXT() REPRESENTATION_CONTEXT('2D SPACE',''
  ) );
#18812 = ORIENTED_EDGE('',*,*,#18768,.T.);
#18813 = ORIENTED_EDGE('',*,*,#18465,.F.);
#18814 = ORIENTED_EDGE('',*,*,#18694,.F.);
#18815 = ADVANCED_FACE('',(#18816),#18604,.F.);
#18816 = FACE_BOUND('',#18817,.F.);
#18817 = EDGE_LOOP('',(#18818,#18819,#18820,#18841));
#18818 = ORIENTED_EDGE('',*,*,#18588,.T.);
#18819 = ORIENTED_EDGE('',*,*,#18722,.T.);
#18820 = ORIENTED_EDGE('',*,*,#18821,.F.);
#18821 = EDGE_CURVE('',#18644,#18723,#18822,.T.);
#18822 = SURFACE_CURVE('',#18823,(#18827,#18834),.PCURVE_S1.);
#18823 = LINE('',#18824,#18825);
#18824 = CARTESIAN_POINT('',(-16.55047039219,47.393268823718,1.5));
#18825 = VECTOR('',#18826,1.);
#18826 = DIRECTION('',(0.,0.,1.));
#18827 = PCURVE('',#18604,#18828);
#18828 = DEFINITIONAL_REPRESENTATION('',(#18829),#18833);
#18829 = LINE('',#18830,#18831);
#18830 = CARTESIAN_POINT('',(0.219038647367,0.));
#18831 = VECTOR('',#18832,1.);
#18832 = DIRECTION('',(0.,-1.));
#18833 = ( GEOMETRIC_REPRESENTATION_CONTEXT(2) 
PARAMETRIC_REPRESENTATION_CONTEXT() REPRESENTATION_CONTEXT('2D SPACE',''
  ) );
#18834 = PCURVE('',#18682,#18835);
#18835 = DEFINITIONAL_REPRESENTATION('',(#18836),#18840);
#18836 = LINE('',#18837,#18838);
#18837 = CARTESIAN_POINT('',(0.,0.));
#18838 = VECTOR('',#18839,1.);
#18839 = DIRECTION('',(0.,-1.));
#18840 = ( GEOMETRIC_REPRESENTATION_CONTEXT(2) 
PARAMETRIC_REPRESENTATION_CONTEXT() REPRESENTATION_CONTEXT('2D SPACE',''
  ) );
#18841 = ORIENTED_EDGE('',*,*,#18643,.F.);
#18842 = ADVANCED_FACE('',(#18843),#18682,.F.);
#18843 = FACE_BOUND('',#18844,.F.);
#18844 = EDGE_LOOP('',(#18845,#18846,#18847,#18848));
#18845 = ORIENTED_EDGE('',*,*,#18821,.T.);
#18846 = ORIENTED_EDGE('',*,*,#18745,.T.);
#18847 = ORIENTED_EDGE('',*,*,#18792,.F.);
#18848 = ORIENTED_EDGE('',*,*,#18666,.F.);
#18849 = ( GEOMETRIC_REPRESENTATION_CONTEXT(3) 
GLOBAL_UNCERTAINTY_ASSIGNED_CONTEXT((#18853)) 
GLOBAL_UNIT_ASSIGNED_CONTEXT((#18850,#18851,#18852)) 
REPRESENTATION_CONTEXT('Context #1',
  '3D Context with UNIT and UNCERTAINTY') );
#18850 = ( LENGTH_UNIT() NAMED_UNIT(*) SI_UNIT(.MILLI.,.METRE.) );
#18851 = ( NAMED_UNIT(*) PLANE_ANGLE_UNIT() SI_UNIT($,.RADIAN.) );
#18852 = ( NAMED_UNIT(*) SI_UNIT($,.STERADIAN.) SOLID_ANGLE_UNIT() );
#18853 = UNCERTAINTY_MEASURE_WITH_UNIT(LENGTH_MEASURE(1.E-07),#18850,
  'distance_accuracy_value','confusion accuracy');
#18854 = CONTEXT_DEPENDENT_SHAPE_REPRESENTATION(#18855,#18857);
#18855 = ( REPRESENTATION_RELATIONSHIP('','',#18338,#10) 
REPRESENTATION_RELATIONSHIP_WITH_TRANSFORMATION(#18856) 
SHAPE_REPRESENTATION_RELATIONSHIP() );
#18856 = ITEM_DEFINED_TRANSFORMATION('','',#11,#23);
#18857 = PRODUCT_DEFINITION_SHAPE('Placement','Placement of an item',
  #18858);
#18858 = NEXT_ASSEMBLY_USAGE_OCCURRENCE('3','','',#5,#18333,$);
#18859 = PRODUCT_RELATED_PRODUCT_CATEGORY('part',$,(#18335));
#18860 = SHAPE_DEFINITION_REPRESENTATION(#18861,#18867);
#18861 = PRODUCT_DEFINITION_SHAPE('','',#18862);
#18862 = PRODUCT_DEFINITION('design','',#18863,#18866);
#18863 = PRODUCT_DEFINITION_FORMATION('','',#18864);
#18864 = PRODUCT('Open CASCADE STEP translator 7.9 1.4',
  'Open CASCADE STEP translator 7.9 1.4','',(#18865));
#18865 = PRODUCT_CONTEXT('',#2,'mechanical');
#18866 = PRODUCT_DEFINITION_CONTEXT('part definition',#2,'design');
#18867 = ADVANCED_BREP_SHAPE_REPRESENTATION('',(#11,#18868),#19378);
#18868 = MANIFOLD_SOLID_BREP('',#18869);
#18869 = CLOSED_SHELL('',(#18870,#18990,#19066,#19165,#19243,#19317,
    #19344,#19371));
#18870 = ADVANCED_FACE('',(#18871),#18885,.F.);
#18871 = FACE_BOUND('',#18872,.F.);
#18872 = EDGE_LOOP('',(#18873,#18908,#18936,#18964));
#18873 = ORIENTED_EDGE('',*,*,#18874,.T.);
#18874 = EDGE_CURVE('',#18875,#18877,#18879,.T.);
#18875 = VERTEX_POINT('',#18876);
#18876 = CARTESIAN_POINT('',(-34.07405907855,-39.54489218484,1.5));
#18877 = VERTEX_POINT('',#18878);
#18878 = CARTESIAN_POINT('',(-34.07405907855,-39.54489218484,4.));
#18879 = SURFACE_CURVE('',#18880,(#18884,#18896),.PCURVE_S1.);
#18880 = LINE('',#18881,#18882);
#18881 = CARTESIAN_POINT('',(-34.07405907855,-39.54489218484,1.5));
#18882 = VECTOR('',#18883,1.);
#18883 = DIRECTION('',(0.,0.,1.));
#18884 = PCURVE('',#18885,#18890);
#18885 = PLANE('',#18886);
#18886 = AXIS2_PLACEMENT_3D('',#18887,#18888,#18889);
#18887 = CARTESIAN_POINT('',(-34.07405907855,-39.54489218484,1.5));
#18888 = DIRECTION('',(0.651105449912,0.758987281247,0.));
#18889 = DIRECTION('',(0.758987281247,-0.651105449912,0.));
#18890 = DEFINITIONAL_REPRESENTATION('',(#18891),#18895);
#18891 = LINE('',#18892,#18893);
#18892 = CARTESIAN_POINT('',(0.,0.));
#18893 = VECTOR('',#18894,1.);
#18894 = DIRECTION('',(0.,-1.));
#18895 = ( GEOMETRIC_REPRESENTATION_CONTEXT(2) 
PARAMETRIC_REPRESENTATION_CONTEXT() REPRESENTATION_CONTEXT('2D SPACE',''
  ) );
#18896 = PCURVE('',#18897,#18902);
#18897 = PLANE('',#18898);
#18898 = AXIS2_PLACEMENT_3D('',#18899,#18900,#18901);
#18899 = CARTESIAN_POINT('',(-34.2462813133,-39.39584008762,1.5));
#18900 = DIRECTION('',(0.654410948109,0.75613908178,0.));
#18901 = DIRECTION('',(0.75613908178,-0.654410948109,0.));
#18902 = DEFINITIONAL_REPRESENTATION('',(#18903),#18907);
#18903 = LINE('',#18904,#18905);
#18904 = CARTESIAN_POINT('',(0.227765286705,0.));
#18905 = VECTOR('',#18906,1.);
#18906 = DIRECTION('',(0.,-1.));
#18907 = ( GEOMETRIC_REPRESENTATION_CONTEXT(2) 
PARAMETRIC_REPRESENTATION_CONTEXT() REPRESENTATION_CONTEXT('2D SPACE',''
  ) );
#18908 = ORIENTED_EDGE('',*,*,#18909,.T.);
#18909 = EDGE_CURVE('',#18877,#18910,#18912,.T.);
#18910 = VERTEX_POINT('',#18911);
#18911 = CARTESIAN_POINT('',(-33.90118812283,-39.69319140432,4.));
#18912 = SURFACE_CURVE('',#18913,(#18917,#18924),.PCURVE_S1.);
#18913 = LINE('',#18914,#18915);
#18914 = CARTESIAN_POINT('',(-34.07405907855,-39.54489218484,4.));
#18915 = VECTOR('',#18916,1.);
#18916 = DIRECTION('',(0.758987281247,-0.651105449912,0.));
#18917 = PCURVE('',#18885,#18918);
#18918 = DEFINITIONAL_REPRESENTATION('',(#18919),#18923);
#18919 = LINE('',#18920,#18921);
#18920 = CARTESIAN_POINT('',(0.,-2.5));
#18921 = VECTOR('',#18922,1.);
#18922 = DIRECTION('',(1.,0.));
#18923 = ( GEOMETRIC_REPRESENTATION_CONTEXT(2) 
PARAMETRIC_REPRESENTATION_CONTEXT() REPRESENTATION_CONTEXT('2D SPACE',''
  ) );
#18924 = PCURVE('',#18925,#18930);
#18925 = PLANE('',#18926);
#18926 = AXIS2_PLACEMENT_3D('',#18927,#18928,#18929);
#18927 = CARTESIAN_POINT('',(-33.42333831409,-38.78969356252,4.));
#18928 = DIRECTION('',(0.,0.,1.));
#18929 = DIRECTION('',(-0.5,-0.866025403784,0.));
#18930 = DEFINITIONAL_REPRESENTATION('',(#18931),#18935);
#18931 = LINE('',#18932,#18933);
#18932 = CARTESIAN_POINT('',(0.979381574065,-0.185941401632));
#18933 = VECTOR('',#18934,1.);
#18934 = DIRECTION('',(0.184380219543,0.982854991665));
#18935 = ( GEOMETRIC_REPRESENTATION_CONTEXT(2) 
PARAMETRIC_REPRESENTATION_CONTEXT() REPRESENTATION_CONTEXT('2D SPACE',''
  ) );
#18936 = ORIENTED_EDGE('',*,*,#18937,.F.);
#18937 = EDGE_CURVE('',#18938,#18910,#18940,.T.);
#18938 = VERTEX_POINT('',#18939);
#18939 = CARTESIAN_POINT('',(-33.90118812283,-39.69319140432,1.5));
#18940 = SURFACE_CURVE('',#18941,(#18945,#18952),.PCURVE_S1.);
#18941 = LINE('',#18942,#18943);
#18942 = CARTESIAN_POINT('',(-33.90118812283,-39.69319140432,1.5));
#18943 = VECTOR('',#18944,1.);
#18944 = DIRECTION('',(0.,0.,1.));
#18945 = PCURVE('',#18885,#18946);
#18946 = DEFINITIONAL_REPRESENTATION('',(#18947),#18951);
#18947 = LINE('',#18948,#18949);
#18948 = CARTESIAN_POINT('',(0.227765286705,0.));
#18949 = VECTOR('',#18950,1.);
#18950 = DIRECTION('',(0.,-1.));
#18951 = ( GEOMETRIC_REPRESENTATION_CONTEXT(2) 
PARAMETRIC_REPRESENTATION_CONTEXT() REPRESENTATION_CONTEXT('2D SPACE',''
  ) );
#18952 = PCURVE('',#18953,#18958);
#18953 = PLANE('',#18954);
#18954 = AXIS2_PLACEMENT_3D('',#18955,#18956,#18957);
#18955 = CARTESIAN_POINT('',(-33.90118812283,-39.69319140432,1.5));
#18956 = DIRECTION('',(-0.7604059656,0.64944804833,0.));
#18957 = DIRECTION('',(0.64944804833,0.7604059656,0.));
#18958 = DEFINITIONAL_REPRESENTATION('',(#18959),#18963);
#18959 = LINE('',#18960,#18961);
#18960 = CARTESIAN_POINT('',(0.,0.));
#18961 = VECTOR('',#18962,1.);
#18962 = DIRECTION('',(0.,-1.));
#18963 = ( GEOMETRIC_REPRESENTATION_CONTEXT(2) 
PARAMETRIC_REPRESENTATION_CONTEXT() REPRESENTATION_CONTEXT('2D SPACE',''
  ) );
#18964 = ORIENTED_EDGE('',*,*,#18965,.F.);
#18965 = EDGE_CURVE('',#18875,#18938,#18966,.T.);
#18966 = SURFACE_CURVE('',#18967,(#18971,#18978),.PCURVE_S1.);
#18967 = LINE('',#18968,#18969);
#18968 = CARTESIAN_POINT('',(-34.07405907855,-39.54489218484,1.5));
#18969 = VECTOR('',#18970,1.);
#18970 = DIRECTION('',(0.758987281247,-0.651105449912,0.));
#18971 = PCURVE('',#18885,#18972);
#18972 = DEFINITIONAL_REPRESENTATION('',(#18973),#18977);
#18973 = LINE('',#18974,#18975);
#18974 = CARTESIAN_POINT('',(0.,0.));
#18975 = VECTOR('',#18976,1.);
#18976 = DIRECTION('',(1.,0.));
#18977 = ( GEOMETRIC_REPRESENTATION_CONTEXT(2) 
PARAMETRIC_REPRESENTATION_CONTEXT() REPRESENTATION_CONTEXT('2D SPACE',''
  ) );
#18978 = PCURVE('',#18979,#18984);
#18979 = PLANE('',#18980);
#18980 = AXIS2_PLACEMENT_3D('',#18981,#18982,#18983);
#18981 = CARTESIAN_POINT('',(-33.42333831409,-38.78969356252,1.5));
#18982 = DIRECTION('',(0.,0.,1.));
#18983 = DIRECTION('',(-0.5,-0.866025403784,0.));
#18984 = DEFINITIONAL_REPRESENTATION('',(#18985),#18989);
#18985 = LINE('',#18986,#18987);
#18986 = CARTESIAN_POINT('',(0.979381574065,-0.185941401632));
#18987 = VECTOR('',#18988,1.);
#18988 = DIRECTION('',(0.184380219543,0.982854991665));
#18989 = ( GEOMETRIC_REPRESENTATION_CONTEXT(2) 
PARAMETRIC_REPRESENTATION_CONTEXT() REPRESENTATION_CONTEXT('2D SPACE',''
  ) );
#18990 = ADVANCED_FACE('',(#18991),#18897,.F.);
#18991 = FACE_BOUND('',#18992,.F.);
#18992 = EDGE_LOOP('',(#18993,#19023,#19044,#19045));
#18993 = ORIENTED_EDGE('',*,*,#18994,.T.);
#18994 = EDGE_CURVE('',#18995,#18997,#18999,.T.);
#18995 = VERTEX_POINT('',#18996);
#18996 = CARTESIAN_POINT('',(-34.2462813133,-39.39584008762,1.5));
#18997 = VERTEX_POINT('',#18998);
#18998 = CARTESIAN_POINT('',(-34.2462813133,-39.39584008762,4.));
#18999 = SURFACE_CURVE('',#19000,(#19004,#19011),.PCURVE_S1.);
#19000 = LINE('',#19001,#19002);
#19001 = CARTESIAN_POINT('',(-34.2462813133,-39.39584008762,1.5));
#19002 = VECTOR('',#19003,1.);
#19003 = DIRECTION('',(0.,0.,1.));
#19004 = PCURVE('',#18897,#19005);
#19005 = DEFINITIONAL_REPRESENTATION('',(#19006),#19010);
#19006 = LINE('',#19007,#19008);
#19007 = CARTESIAN_POINT('',(0.,0.));
#19008 = VECTOR('',#19009,1.);
#19009 = DIRECTION('',(0.,-1.));
#19010 = ( GEOMETRIC_REPRESENTATION_CONTEXT(2) 
PARAMETRIC_REPRESENTATION_CONTEXT() REPRESENTATION_CONTEXT('2D SPACE',''
  ) );
#19011 = PCURVE('',#19012,#19017);
#19012 = PLANE('',#19013);
#19013 = AXIS2_PLACEMENT_3D('',#19014,#19015,#19016);
#19014 = CARTESIAN_POINT('',(-32.93416325532,-37.88642092718,1.5));
#19015 = DIRECTION('',(0.754709580223,-0.656059028991,0.));
#19016 = DIRECTION('',(-0.656059028991,-0.754709580223,0.));
#19017 = DEFINITIONAL_REPRESENTATION('',(#19018),#19022);
#19018 = LINE('',#19019,#19020);
#19019 = CARTESIAN_POINT('',(2.,0.));
#19020 = VECTOR('',#19021,1.);
#19021 = DIRECTION('',(0.,-1.));
#19022 = ( GEOMETRIC_REPRESENTATION_CONTEXT(2) 
PARAMETRIC_REPRESENTATION_CONTEXT() REPRESENTATION_CONTEXT('2D SPACE',''
  ) );
#19023 = ORIENTED_EDGE('',*,*,#19024,.T.);
#19024 = EDGE_CURVE('',#18997,#18877,#19025,.T.);
#19025 = SURFACE_CURVE('',#19026,(#19030,#19037),.PCURVE_S1.);
#19026 = LINE('',#19027,#19028);
#19027 = CARTESIAN_POINT('',(-34.2462813133,-39.39584008762,4.));
#19028 = VECTOR('',#19029,1.);
#19029 = DIRECTION('',(0.75613908178,-0.654410948109,0.));
#19030 = PCURVE('',#18897,#19031);
#19031 = DEFINITIONAL_REPRESENTATION('',(#19032),#19036);
#19032 = LINE('',#19033,#19034);
#19033 = CARTESIAN_POINT('',(0.,-2.5));
#19034 = VECTOR('',#19035,1.);
#19035 = DIRECTION('',(1.,0.));
#19036 = ( GEOMETRIC_REPRESENTATION_CONTEXT(2) 
PARAMETRIC_REPRESENTATION_CONTEXT() REPRESENTATION_CONTEXT('2D SPACE',''
  ) );
#19037 = PCURVE('',#18925,#19038);
#19038 = DEFINITIONAL_REPRESENTATION('',(#19039),#19043);
#19039 = LINE('',#19040,#19041);
#19040 = CARTESIAN_POINT('',(0.936409788762,-0.409616280632));
#19041 = VECTOR('',#19042,1.);
#19042 = DIRECTION('',(0.188666964687,0.98204112767));
#19043 = ( GEOMETRIC_REPRESENTATION_CONTEXT(2) 
PARAMETRIC_REPRESENTATION_CONTEXT() REPRESENTATION_CONTEXT('2D SPACE',''
  ) );
#19044 = ORIENTED_EDGE('',*,*,#18874,.F.);
#19045 = ORIENTED_EDGE('',*,*,#19046,.F.);
#19046 = EDGE_CURVE('',#18995,#18875,#19047,.T.);
#19047 = SURFACE_CURVE('',#19048,(#19052,#19059),.PCURVE_S1.);
#19048 = LINE('',#19049,#19050);
#19049 = CARTESIAN_POINT('',(-34.2462813133,-39.39584008762,1.5));
#19050 = VECTOR('',#19051,1.);
#19051 = DIRECTION('',(0.75613908178,-0.654410948109,0.));
#19052 = PCURVE('',#18897,#19053);
#19053 = DEFINITIONAL_REPRESENTATION('',(#19054),#19058);
#19054 = LINE('',#19055,#19056);
#19055 = CARTESIAN_POINT('',(0.,0.));
#19056 = VECTOR('',#19057,1.);
#19057 = DIRECTION('',(1.,0.));
#19058 = ( GEOMETRIC_REPRESENTATION_CONTEXT(2) 
PARAMETRIC_REPRESENTATION_CONTEXT() REPRESENTATION_CONTEXT('2D SPACE',''
  ) );
#19059 = PCURVE('',#18979,#19060);
#19060 = DEFINITIONAL_REPRESENTATION('',(#19061),#19065);
#19061 = LINE('',#19062,#19063);
#19062 = CARTESIAN_POINT('',(0.936409788762,-0.409616280632));
#19063 = VECTOR('',#19064,1.);
#19064 = DIRECTION('',(0.188666964687,0.98204112767));
#19065 = ( GEOMETRIC_REPRESENTATION_CONTEXT(2) 
PARAMETRIC_REPRESENTATION_CONTEXT() REPRESENTATION_CONTEXT('2D SPACE',''
  ) );
#19066 = ADVANCED_FACE('',(#19067),#18953,.F.);
#19067 = FACE_BOUND('',#19068,.F.);
#19068 = EDGE_LOOP('',(#19069,#19070,#19093,#19116,#19144));
#19069 = ORIENTED_EDGE('',*,*,#18937,.T.);
#19070 = ORIENTED_EDGE('',*,*,#19071,.F.);
#19071 = EDGE_CURVE('',#19072,#18910,#19074,.T.);
#19072 = VERTEX_POINT('',#19073);
#19073 = CARTESIAN_POINT('',(-33.446574489,-39.1609072284,4.));
#19074 = SURFACE_CURVE('',#19075,(#19079,#19086),.PCURVE_S1.);
#19075 = LINE('',#19076,#19077);
#19076 = CARTESIAN_POINT('',(-33.446574489,-39.1609072284,4.));
#19077 = VECTOR('',#19078,1.);
#19078 = DIRECTION('',(-0.64944804833,-0.7604059656,0.));
#19079 = PCURVE('',#18953,#19080);
#19080 = DEFINITIONAL_REPRESENTATION('',(#19081),#19085);
#19081 = LINE('',#19082,#19083);
#19082 = CARTESIAN_POINT('',(0.7,-2.5));
#19083 = VECTOR('',#19084,1.);
#19084 = DIRECTION('',(-1.,-0.));
#19085 = ( GEOMETRIC_REPRESENTATION_CONTEXT(2) 
PARAMETRIC_REPRESENTATION_CONTEXT() REPRESENTATION_CONTEXT('2D SPACE',''
  ) );
#19086 = PCURVE('',#18925,#19087);
#19087 = DEFINITIONAL_REPRESENTATION('',(#19088),#19092);
#19088 = LINE('',#19089,#19090);
#19089 = CARTESIAN_POINT('',(0.333098552337,0.165483715178));
#19090 = VECTOR('',#19091,1.);
#19091 = DIRECTION('',(0.983254907564,-0.182235525492));
#19092 = ( GEOMETRIC_REPRESENTATION_CONTEXT(2) 
PARAMETRIC_REPRESENTATION_CONTEXT() REPRESENTATION_CONTEXT('2D SPACE',''
  ) );
#19093 = ORIENTED_EDGE('',*,*,#19094,.T.);
#19094 = EDGE_CURVE('',#19072,#19095,#19097,.T.);
#19095 = VERTEX_POINT('',#19096);
#19096 = CARTESIAN_POINT('',(-32.60229202617,-38.17237947312,4.));
#19097 = SURFACE_CURVE('',#19098,(#19102,#19109),.PCURVE_S1.);
#19098 = LINE('',#19099,#19100);
#19099 = CARTESIAN_POINT('',(-33.90118812283,-39.69319140432,4.));
#19100 = VECTOR('',#19101,1.);
#19101 = DIRECTION('',(0.64944804833,0.7604059656,0.));
#19102 = PCURVE('',#18953,#19103);
#19103 = DEFINITIONAL_REPRESENTATION('',(#19104),#19108);
#19104 = LINE('',#19105,#19106);
#19105 = CARTESIAN_POINT('',(0.,-2.5));
#19106 = VECTOR('',#19107,1.);
#19107 = DIRECTION('',(1.,0.));
#19108 = ( GEOMETRIC_REPRESENTATION_CONTEXT(2) 
PARAMETRIC_REPRESENTATION_CONTEXT() REPRESENTATION_CONTEXT('2D SPACE',''
  ) );
#19109 = PCURVE('',#18925,#19110);
#19110 = DEFINITIONAL_REPRESENTATION('',(#19111),#19115);
#19111 = LINE('',#19112,#19113);
#19112 = CARTESIAN_POINT('',(1.021376987632,3.79188473336E-02));
#19113 = VECTOR('',#19114,1.);
#19114 = DIRECTION('',(-0.983254907564,0.182235525492));
#19115 = ( GEOMETRIC_REPRESENTATION_CONTEXT(2) 
PARAMETRIC_REPRESENTATION_CONTEXT() REPRESENTATION_CONTEXT('2D SPACE',''
  ) );
#19116 = ORIENTED_EDGE('',*,*,#19117,.F.);
#19117 = EDGE_CURVE('',#19118,#19095,#19120,.T.);
#19118 = VERTEX_POINT('',#19119);
#19119 = CARTESIAN_POINT('',(-32.60229202617,-38.17237947312,1.5));
#19120 = SURFACE_CURVE('',#19121,(#19125,#19132),.PCURVE_S1.);
#19121 = LINE('',#19122,#19123);
#19122 = CARTESIAN_POINT('',(-32.60229202617,-38.17237947312,1.5));
#19123 = VECTOR('',#19124,1.);
#19124 = DIRECTION('',(0.,0.,1.));
#19125 = PCURVE('',#18953,#19126);
#19126 = DEFINITIONAL_REPRESENTATION('',(#19127),#19131);
#19127 = LINE('',#19128,#19129);
#19128 = CARTESIAN_POINT('',(2.,0.));
#19129 = VECTOR('',#19130,1.);
#19130 = DIRECTION('',(0.,-1.));
#19131 = ( GEOMETRIC_REPRESENTATION_CONTEXT(2) 
PARAMETRIC_REPRESENTATION_CONTEXT() REPRESENTATION_CONTEXT('2D SPACE',''
  ) );
#19132 = PCURVE('',#19133,#19138);
#19133 = PLANE('',#19134);
#19134 = AXIS2_PLACEMENT_3D('',#19135,#19136,#19137);
#19135 = CARTESIAN_POINT('',(-32.60229202617,-38.17237947312,1.5));
#19136 = DIRECTION('',(-0.651105449912,-0.758987281247,0.));
#19137 = DIRECTION('',(-0.758987281247,0.651105449912,0.));
#19138 = DEFINITIONAL_REPRESENTATION('',(#19139),#19143);
#19139 = LINE('',#19140,#19141);
#19140 = CARTESIAN_POINT('',(0.,0.));
#19141 = VECTOR('',#19142,1.);
#19142 = DIRECTION('',(0.,-1.));
#19143 = ( GEOMETRIC_REPRESENTATION_CONTEXT(2) 
PARAMETRIC_REPRESENTATION_CONTEXT() REPRESENTATION_CONTEXT('2D SPACE',''
  ) );
#19144 = ORIENTED_EDGE('',*,*,#19145,.F.);
#19145 = EDGE_CURVE('',#18938,#19118,#19146,.T.);
#19146 = SURFACE_CURVE('',#19147,(#19151,#19158),.PCURVE_S1.);
#19147 = LINE('',#19148,#19149);
#19148 = CARTESIAN_POINT('',(-33.90118812283,-39.69319140432,1.5));
#19149 = VECTOR('',#19150,1.);
#19150 = DIRECTION('',(0.64944804833,0.7604059656,0.));
#19151 = PCURVE('',#18953,#19152);
#19152 = DEFINITIONAL_REPRESENTATION('',(#19153),#19157);
#19153 = LINE('',#19154,#19155);
#19154 = CARTESIAN_POINT('',(0.,0.));
#19155 = VECTOR('',#19156,1.);
#19156 = DIRECTION('',(1.,0.));
#19157 = ( GEOMETRIC_REPRESENTATION_CONTEXT(2) 
PARAMETRIC_REPRESENTATION_CONTEXT() REPRESENTATION_CONTEXT('2D SPACE',''
  ) );
#19158 = PCURVE('',#18979,#19159);
#19159 = DEFINITIONAL_REPRESENTATION('',(#19160),#19164);
#19160 = LINE('',#19161,#19162);
#19161 = CARTESIAN_POINT('',(1.021376987632,3.79188473336E-02));
#19162 = VECTOR('',#19163,1.);
#19163 = DIRECTION('',(-0.983254907564,0.182235525492));
#19164 = ( GEOMETRIC_REPRESENTATION_CONTEXT(2) 
PARAMETRIC_REPRESENTATION_CONTEXT() REPRESENTATION_CONTEXT('2D SPACE',''
  ) );
#19165 = ADVANCED_FACE('',(#19166),#18979,.F.);
#19166 = FACE_BOUND('',#19167,.F.);
#19167 = EDGE_LOOP('',(#19168,#19169,#19170,#19171,#19194,#19222));
#19168 = ORIENTED_EDGE('',*,*,#19046,.T.);
#19169 = ORIENTED_EDGE('',*,*,#18965,.T.);
#19170 = ORIENTED_EDGE('',*,*,#19145,.T.);
#19171 = ORIENTED_EDGE('',*,*,#19172,.T.);
#19172 = EDGE_CURVE('',#19118,#19173,#19175,.T.);
#19173 = VERTEX_POINT('',#19174);
#19174 = CARTESIAN_POINT('',(-32.76853957362,-38.02976221607,1.5));
#19175 = SURFACE_CURVE('',#19176,(#19180,#19187),.PCURVE_S1.);
#19176 = LINE('',#19177,#19178);
#19177 = CARTESIAN_POINT('',(-32.60229202617,-38.17237947312,1.5));
#19178 = VECTOR('',#19179,1.);
#19179 = DIRECTION('',(-0.758987281247,0.651105449912,0.));
#19180 = PCURVE('',#18979,#19181);
#19181 = DEFINITIONAL_REPRESENTATION('',(#19182),#19186);
#19182 = LINE('',#19183,#19184);
#19183 = CARTESIAN_POINT('',(-0.945132827496,0.402389898318));
#19184 = VECTOR('',#19185,1.);
#19185 = DIRECTION('',(-0.184380219543,-0.982854991665));
#19186 = ( GEOMETRIC_REPRESENTATION_CONTEXT(2) 
PARAMETRIC_REPRESENTATION_CONTEXT() REPRESENTATION_CONTEXT('2D SPACE',''
  ) );
#19187 = PCURVE('',#19133,#19188);
#19188 = DEFINITIONAL_REPRESENTATION('',(#19189),#19193);
#19189 = LINE('',#19190,#19191);
#19190 = CARTESIAN_POINT('',(0.,0.));
#19191 = VECTOR('',#19192,1.);
#19192 = DIRECTION('',(1.,0.));
#19193 = ( GEOMETRIC_REPRESENTATION_CONTEXT(2) 
PARAMETRIC_REPRESENTATION_CONTEXT() REPRESENTATION_CONTEXT('2D SPACE',''
  ) );
#19194 = ORIENTED_EDGE('',*,*,#19195,.T.);
#19195 = EDGE_CURVE('',#19173,#19196,#19198,.T.);
#19196 = VERTEX_POINT('',#19197);
#19197 = CARTESIAN_POINT('',(-32.93416325532,-37.88642092718,1.5));
#19198 = SURFACE_CURVE('',#19199,(#19203,#19210),.PCURVE_S1.);
#19199 = LINE('',#19200,#19201);
#19200 = CARTESIAN_POINT('',(-32.76853957362,-38.02976221607,1.5));
#19201 = VECTOR('',#19202,1.);
#19202 = DIRECTION('',(-0.75613908178,0.654410948109,0.));
#19203 = PCURVE('',#18979,#19204);
#19204 = DEFINITIONAL_REPRESENTATION('',(#19205),#19209);
#19205 = LINE('',#19206,#19207);
#19206 = CARTESIAN_POINT('',(-0.985519221386,0.187106670385));
#19207 = VECTOR('',#19208,1.);
#19208 = DIRECTION('',(-0.188666964687,-0.98204112767));
#19209 = ( GEOMETRIC_REPRESENTATION_CONTEXT(2) 
PARAMETRIC_REPRESENTATION_CONTEXT() REPRESENTATION_CONTEXT('2D SPACE',''
  ) );
#19210 = PCURVE('',#19211,#19216);
#19211 = PLANE('',#19212);
#19212 = AXIS2_PLACEMENT_3D('',#19213,#19214,#19215);
#19213 = CARTESIAN_POINT('',(-32.76853957362,-38.02976221607,1.5));
#19214 = DIRECTION('',(-0.654410948109,-0.75613908178,0.));
#19215 = DIRECTION('',(-0.75613908178,0.654410948109,0.));
#19216 = DEFINITIONAL_REPRESENTATION('',(#19217),#19221);
#19217 = LINE('',#19218,#19219);
#19218 = CARTESIAN_POINT('',(0.,0.));
#19219 = VECTOR('',#19220,1.);
#19220 = DIRECTION('',(1.,0.));
#19221 = ( GEOMETRIC_REPRESENTATION_CONTEXT(2) 
PARAMETRIC_REPRESENTATION_CONTEXT() REPRESENTATION_CONTEXT('2D SPACE',''
  ) );
#19222 = ORIENTED_EDGE('',*,*,#19223,.T.);
#19223 = EDGE_CURVE('',#19196,#18995,#19224,.T.);
#19224 = SURFACE_CURVE('',#19225,(#19229,#19236),.PCURVE_S1.);
#19225 = LINE('',#19226,#19227);
#19226 = CARTESIAN_POINT('',(-32.93416325532,-37.88642092718,1.5));
#19227 = VECTOR('',#19228,1.);
#19228 = DIRECTION('',(-0.656059028991,-0.754709580223,0.));
#19229 = PCURVE('',#18979,#19230);
#19230 = DEFINITIONAL_REPRESENTATION('',(#19231),#19235);
#19231 = LINE('',#19232,#19233);
#19232 = CARTESIAN_POINT('',(-1.026844578134,-2.799828987886E-02));
#19233 = VECTOR('',#19234,1.);
#19234 = DIRECTION('',(0.981627183448,-0.190808995377));
#19235 = ( GEOMETRIC_REPRESENTATION_CONTEXT(2) 
PARAMETRIC_REPRESENTATION_CONTEXT() REPRESENTATION_CONTEXT('2D SPACE',''
  ) );
#19236 = PCURVE('',#19012,#19237);
#19237 = DEFINITIONAL_REPRESENTATION('',(#19238),#19242);
#19238 = LINE('',#19239,#19240);
#19239 = CARTESIAN_POINT('',(0.,0.));
#19240 = VECTOR('',#19241,1.);
#19241 = DIRECTION('',(1.,0.));
#19242 = ( GEOMETRIC_REPRESENTATION_CONTEXT(2) 
PARAMETRIC_REPRESENTATION_CONTEXT() REPRESENTATION_CONTEXT('2D SPACE',''
  ) );
#19243 = ADVANCED_FACE('',(#19244),#18925,.T.);
#19244 = FACE_BOUND('',#19245,.T.);
#19245 = EDGE_LOOP('',(#19246,#19247,#19248,#19249,#19250,#19273,#19296)
  );
#19246 = ORIENTED_EDGE('',*,*,#19024,.T.);
#19247 = ORIENTED_EDGE('',*,*,#18909,.T.);
#19248 = ORIENTED_EDGE('',*,*,#19071,.F.);
#19249 = ORIENTED_EDGE('',*,*,#19094,.T.);
#19250 = ORIENTED_EDGE('',*,*,#19251,.T.);
#19251 = EDGE_CURVE('',#19095,#19252,#19254,.T.);
#19252 = VERTEX_POINT('',#19253);
#19253 = CARTESIAN_POINT('',(-32.76853957362,-38.02976221607,4.));
#19254 = SURFACE_CURVE('',#19255,(#19259,#19266),.PCURVE_S1.);
#19255 = LINE('',#19256,#19257);
#19256 = CARTESIAN_POINT('',(-32.60229202617,-38.17237947312,4.));
#19257 = VECTOR('',#19258,1.);
#19258 = DIRECTION('',(-0.758987281247,0.651105449912,0.));
#19259 = PCURVE('',#18925,#19260);
#19260 = DEFINITIONAL_REPRESENTATION('',(#19261),#19265);
#19261 = LINE('',#19262,#19263);
#19262 = CARTESIAN_POINT('',(-0.945132827496,0.402389898318));
#19263 = VECTOR('',#19264,1.);
#19264 = DIRECTION('',(-0.184380219543,-0.982854991665));
#19265 = ( GEOMETRIC_REPRESENTATION_CONTEXT(2) 
PARAMETRIC_REPRESENTATION_CONTEXT() REPRESENTATION_CONTEXT('2D SPACE',''
  ) );
#19266 = PCURVE('',#19133,#19267);
#19267 = DEFINITIONAL_REPRESENTATION('',(#19268),#19272);
#19268 = LINE('',#19269,#19270);
#19269 = CARTESIAN_POINT('',(0.,-2.5));
#19270 = VECTOR('',#19271,1.);
#19271 = DIRECTION('',(1.,0.));
#19272 = ( GEOMETRIC_REPRESENTATION_CONTEXT(2) 
PARAMETRIC_REPRESENTATION_CONTEXT() REPRESENTATION_CONTEXT('2D SPACE',''
  ) );
#19273 = ORIENTED_EDGE('',*,*,#19274,.T.);
#19274 = EDGE_CURVE('',#19252,#19275,#19277,.T.);
#19275 = VERTEX_POINT('',#19276);
#19276 = CARTESIAN_POINT('',(-32.93416325532,-37.88642092718,4.));
#19277 = SURFACE_CURVE('',#19278,(#19282,#19289),.PCURVE_S1.);
#19278 = LINE('',#19279,#19280);
#19279 = CARTESIAN_POINT('',(-32.76853957362,-38.02976221607,4.));
#19280 = VECTOR('',#19281,1.);
#19281 = DIRECTION('',(-0.75613908178,0.654410948109,0.));
#19282 = PCURVE('',#18925,#19283);
#19283 = DEFINITIONAL_REPRESENTATION('',(#19284),#19288);
#19284 = LINE('',#19285,#19286);
#19285 = CARTESIAN_POINT('',(-0.985519221386,0.187106670385));
#19286 = VECTOR('',#19287,1.);
#19287 = DIRECTION('',(-0.188666964687,-0.98204112767));
#19288 = ( GEOMETRIC_REPRESENTATION_CONTEXT(2) 
PARAMETRIC_REPRESENTATION_CONTEXT() REPRESENTATION_CONTEXT('2D SPACE',''
  ) );
#19289 = PCURVE('',#19211,#19290);
#19290 = DEFINITIONAL_REPRESENTATION('',(#19291),#19295);
#19291 = LINE('',#19292,#19293);
#19292 = CARTESIAN_POINT('',(0.,-2.5));
#19293 = VECTOR('',#19294,1.);
#19294 = DIRECTION('',(1.,0.));
#19295 = ( GEOMETRIC_REPRESENTATION_CONTEXT(2) 
PARAMETRIC_REPRESENTATION_CONTEXT() REPRESENTATION_CONTEXT('2D SPACE',''
  ) );
#19296 = ORIENTED_EDGE('',*,*,#19297,.T.);
#19297 = EDGE_CURVE('',#19275,#18997,#19298,.T.);
#19298 = SURFACE_CURVE('',#19299,(#19303,#19310),.PCURVE_S1.);
#19299 = LINE('',#19300,#19301);
#19300 = CARTESIAN_POINT('',(-32.93416325532,-37.88642092718,4.));
#19301 = VECTOR('',#19302,1.);
#19302 = DIRECTION('',(-0.656059028991,-0.754709580223,0.));
#19303 = PCURVE('',#18925,#19304);
#19304 = DEFINITIONAL_REPRESENTATION('',(#19305),#19309);
#19305 = LINE('',#19306,#19307);
#19306 = CARTESIAN_POINT('',(-1.026844578134,-2.799828987886E-02));
#19307 = VECTOR('',#19308,1.);
#19308 = DIRECTION('',(0.981627183448,-0.190808995377));
#19309 = ( GEOMETRIC_REPRESENTATION_CONTEXT(2) 
PARAMETRIC_REPRESENTATION_CONTEXT() REPRESENTATION_CONTEXT('2D SPACE',''
  ) );
#19310 = PCURVE('',#19012,#19311);
#19311 = DEFINITIONAL_REPRESENTATION('',(#19312),#19316);
#19312 = LINE('',#19313,#19314);
#19313 = CARTESIAN_POINT('',(0.,-2.5));
#19314 = VECTOR('',#19315,1.);
#19315 = DIRECTION('',(1.,0.));
#19316 = ( GEOMETRIC_REPRESENTATION_CONTEXT(2) 
PARAMETRIC_REPRESENTATION_CONTEXT() REPRESENTATION_CONTEXT('2D SPACE',''
  ) );
#19317 = ADVANCED_FACE('',(#19318),#19012,.F.);
#19318 = FACE_BOUND('',#19319,.F.);
#19319 = EDGE_LOOP('',(#19320,#19341,#19342,#19343));
#19320 = ORIENTED_EDGE('',*,*,#19321,.T.);
#19321 = EDGE_CURVE('',#19196,#19275,#19322,.T.);
#19322 = SURFACE_CURVE('',#19323,(#19327,#19334),.PCURVE_S1.);
#19323 = LINE('',#19324,#19325);
#19324 = CARTESIAN_POINT('',(-32.93416325532,-37.88642092718,1.5));
#19325 = VECTOR('',#19326,1.);
#19326 = DIRECTION('',(0.,0.,1.));
#19327 = PCURVE('',#19012,#19328);
#19328 = DEFINITIONAL_REPRESENTATION('',(#19329),#19333);
#19329 = LINE('',#19330,#19331);
#19330 = CARTESIAN_POINT('',(0.,0.));
#19331 = VECTOR('',#19332,1.);
#19332 = DIRECTION('',(0.,-1.));
#19333 = ( GEOMETRIC_REPRESENTATION_CONTEXT(2) 
PARAMETRIC_REPRESENTATION_CONTEXT() REPRESENTATION_CONTEXT('2D SPACE',''
  ) );
#19334 = PCURVE('',#19211,#19335);
#19335 = DEFINITIONAL_REPRESENTATION('',(#19336),#19340);
#19336 = LINE('',#19337,#19338);
#19337 = CARTESIAN_POINT('',(0.219038647367,0.));
#19338 = VECTOR('',#19339,1.);
#19339 = DIRECTION('',(0.,-1.));
#19340 = ( GEOMETRIC_REPRESENTATION_CONTEXT(2) 
PARAMETRIC_REPRESENTATION_CONTEXT() REPRESENTATION_CONTEXT('2D SPACE',''
  ) );
#19341 = ORIENTED_EDGE('',*,*,#19297,.T.);
#19342 = ORIENTED_EDGE('',*,*,#18994,.F.);
#19343 = ORIENTED_EDGE('',*,*,#19223,.F.);
#19344 = ADVANCED_FACE('',(#19345),#19133,.F.);
#19345 = FACE_BOUND('',#19346,.F.);
#19346 = EDGE_LOOP('',(#19347,#19348,#19349,#19370));
#19347 = ORIENTED_EDGE('',*,*,#19117,.T.);
#19348 = ORIENTED_EDGE('',*,*,#19251,.T.);
#19349 = ORIENTED_EDGE('',*,*,#19350,.F.);
#19350 = EDGE_CURVE('',#19173,#19252,#19351,.T.);
#19351 = SURFACE_CURVE('',#19352,(#19356,#19363),.PCURVE_S1.);
#19352 = LINE('',#19353,#19354);
#19353 = CARTESIAN_POINT('',(-32.76853957362,-38.02976221607,1.5));
#19354 = VECTOR('',#19355,1.);
#19355 = DIRECTION('',(0.,0.,1.));
#19356 = PCURVE('',#19133,#19357);
#19357 = DEFINITIONAL_REPRESENTATION('',(#19358),#19362);
#19358 = LINE('',#19359,#19360);
#19359 = CARTESIAN_POINT('',(0.219038647367,0.));
#19360 = VECTOR('',#19361,1.);
#19361 = DIRECTION('',(0.,-1.));
#19362 = ( GEOMETRIC_REPRESENTATION_CONTEXT(2) 
PARAMETRIC_REPRESENTATION_CONTEXT() REPRESENTATION_CONTEXT('2D SPACE',''
  ) );
#19363 = PCURVE('',#19211,#19364);
#19364 = DEFINITIONAL_REPRESENTATION('',(#19365),#19369);
#19365 = LINE('',#19366,#19367);
#19366 = CARTESIAN_POINT('',(0.,0.));
#19367 = VECTOR('',#19368,1.);
#19368 = DIRECTION('',(0.,-1.));
#19369 = ( GEOMETRIC_REPRESENTATION_CONTEXT(2) 
PARAMETRIC_REPRESENTATION_CONTEXT() REPRESENTATION_CONTEXT('2D SPACE',''
  ) );
#19370 = ORIENTED_EDGE('',*,*,#19172,.F.);
#19371 = ADVANCED_FACE('',(#19372),#19211,.F.);
#19372 = FACE_BOUND('',#19373,.F.);
#19373 = EDGE_LOOP('',(#19374,#19375,#19376,#19377));
#19374 = ORIENTED_EDGE('',*,*,#19350,.T.);
#19375 = ORIENTED_EDGE('',*,*,#19274,.T.);
#19376 = ORIENTED_EDGE('',*,*,#19321,.F.);
#19377 = ORIENTED_EDGE('',*,*,#19195,.F.);
#19378 = ( GEOMETRIC_REPRESENTATION_CONTEXT(3) 
GLOBAL_UNCERTAINTY_ASSIGNED_CONTEXT((#19382)) 
GLOBAL_UNIT_ASSIGNED_CONTEXT((#19379,#19380,#19381)) 
REPRESENTATION_CONTEXT('Context #1',
  '3D Context with UNIT and UNCERTAINTY') );
#19379 = ( LENGTH_UNIT() NAMED_UNIT(*) SI_UNIT(.MILLI.,.METRE.) );
#19380 = ( NAMED_UNIT(*) PLANE_ANGLE_UNIT() SI_UNIT($,.RADIAN.) );
#19381 = ( NAMED_UNIT(*) SI_UNIT($,.STERADIAN.) SOLID_ANGLE_UNIT() );
#19382 = UNCERTAINTY_MEASURE_WITH_UNIT(LENGTH_MEASURE(1.E-07),#19379,
  'distance_accuracy_value','confusion accuracy');
#19383 = CONTEXT_DEPENDENT_SHAPE_REPRESENTATION(#19384,#19386);
#19384 = ( REPRESENTATION_RELATIONSHIP('','',#18867,#10) 
REPRESENTATION_RELATIONSHIP_WITH_TRANSFORMATION(#19385) 
SHAPE_REPRESENTATION_RELATIONSHIP() );
#19385 = ITEM_DEFINED_TRANSFORMATION('','',#11,#27);
#19386 = PRODUCT_DEFINITION_SHAPE('Placement','Placement of an item',
  #19387);
#19387 = NEXT_ASSEMBLY_USAGE_OCCURRENCE('4','','',#5,#18862,$);
#19388 = PRODUCT_RELATED_PRODUCT_CATEGORY('part',$,(#18864));
ENDSEC;
END-ISO-10303-21;
