DBRep_DrawableShape

CASCADE Topology V3, (c) Open Cascade
Locations 0
Curve2ds 1547
1 6.2831853071795862 -0 0 1 
1 0 -0 0 1 
1 0 0.50990195135927874 1 0 
1 0 0 1 0 
1 0 0.40000000000000002 1 0 
1 0 2 1 0 
2 0 0 1 0 -0 1 54
8 0 6.2831853071795862
1 0 0 1 0 
1 0 0.56568542494923701 1 0 
1 0 0 1 0 
2 0 0 1 0 -0 1 53.600000000000001
1 6.2831853071795862 0 0 1 
1 0 0 0 1 
1 -0.29648162415120044 0.1035183758488003 0.70710678118654879 -0.70710678118654624 
1 6.2831853071795862 -0 0 1 
1 0 -0 0 1 
1 0 13 1 0 
2 0 0 1 0 -0 1 54
1 0 0 0 -1 
1 1.8017122047838063 0 0 -1 
1 0.0092399783929111648 9.5 0 1 
1 0 0 0 -1 
1 1.8017122047838046 0 0 -1 
1 0.04260656703397922 9.5 0 1 
1 0 0 0 -1 
1 1.8017122047838048 0 0 -1 
1 0.075973155675047269 9.5 0 1 
1 0 0 0 -1 
1 1.8017122047838086 0 0 -1 
1 0.1093397443161154 9.5 0 1 
1 0 0 0 -1 
1 1.8017122047838008 0 0 -1 
1 0.14270633295718338 9.5 0 1 
1 0 0 0 -1 
1 1.8017122047838088 0 0 -1 
1 0.17607292159825152 9.5 0 1 
1 0 0 0 -1 
1 1.8017122047838035 0 0 -1 
1 0.20943951023931956 9.5 0 1 
1 0 0 0 -1 
1 1.7999999999999938 0 0 -1 
1 1.7366026057343578 9.5 0 1 
1 1.801712204783803 0 0 -1 
1 0 0 0 -1 
1 1.7699691943754259 9.5 0 1 
1 1.8017122047838077 0 0 -1 
1 0 0 0 -1 
1 1.8033357830164938 9.5 0 1 
1 1.8017122047838015 0 0 -1 
1 0 0 0 -1 
1 1.8367023716575619 9.5 0 1 
1 0 0 0 -1 
1 1.8017122047838066 0 0 -1 
1 1.87006896029863 9.5 0 1 
1 0 0 0 -1 
1 1.8017122047838068 0 0 -1 
1 1.9034355489396981 9.5 0 1 
1 0 0 0 -1 
1 1.8017122047838001 0 0 -1 
1 1.936802137580766 9.5 0 1 
1 0 0 0 -1 
1 1.8017122047838063 0 0 -1 
1 1.9701687262218341 9.5 0 1 
1 0 0 0 -1 
1 1.8017122047838079 0 0 -1 
1 2.0035353148629023 9.5 0 1 
1 0 0 0 -1 
1 1.8017122047838039 0 0 -1 
1 2.0369019035039702 9.5 0 1 
1 0 0 0 -1 
1 1.8017122047838015 0 0 -1 
1 2.0702684921450385 9.5 0 1 
1 0 0 0 -1 
1 1.8017122047838097 0 0 -1 
1 2.1036350807861064 9.5 0 1 
1 0 0 0 -1 
1 1.8017122047838043 0 0 -1 
1 2.1370016694271743 9.5 0 1 
1 0 0 0 -1 
1 1.8017122047838021 0 0 -1 
1 2.1703682580682426 9.5 0 1 
1 0 0 0 -1 
1 1.8017122047838059 0 0 -1 
1 2.2037348467093105 9.5 0 1 
1 0 0 0 -1 
1 1.8017122047838043 0 0 -1 
1 2.2371014353503789 9.5 0 1 
1 0 0 0 -1 
1 1.8017122047838088 0 0 -1 
1 2.2704680239914468 9.5 0 1 
1 0 0 0 -1 
1 1.8017122047838006 0 0 -1 
1 2.3038346126325147 9.5 0 1 
1 0 0 0 -1 
1 1.7999999999999874 0 0 -1 
1 3.8309977081275535 9.5 0 1 
1 1.8017122047838015 0 0 -1 
1 0 0 0 -1 
1 3.8643642967686214 9.5 0 1 
1 1.8017122047838139 0 0 -1 
1 0 0 0 -1 
1 3.8977308854096897 9.5 0 1 
1 1.801712204783799 0 0 -1 
1 0 0 0 -1 
1 3.9310974740507576 9.5 0 1 
1 0 0 0 -1 
1 1.8017122047838006 0 0 -1 
1 3.9644640626918255 9.5 0 1 
1 0 0 0 -1 
1 1.8017122047838101 0 0 -1 
1 3.9978306513328938 9.5 0 1 
1 0 0 0 -1 
1 1.8017122047837995 0 0 -1 
1 4.0311972399739613 9.5 0 1 
1 0 0 0 -1 
1 1.8017122047838063 0 0 -1 
1 4.0645638286150296 9.5 0 1 
1 0 0 0 -1 
1 1.8017122047838079 0 0 -1 
1 4.097930417256098 9.5 0 1 
1 0 0 0 -1 
1 1.801712204783805 0 0 -1 
1 4.1312970058971654 9.5 0 1 
1 0 0 0 -1 
1 1.8017122047838043 0 0 -1 
1 4.1646635945382346 9.5 0 1 
1 0 0 0 -1 
1 1.8017122047838059 0 0 -1 
1 4.1980301831793021 9.5 0 1 
1 0 0 0 -1 
1 1.8017122047838063 0 0 -1 
1 4.2313967718203696 9.5 0 1 
1 0 0 0 -1 
1 1.8017122047838037 0 0 -1 
1 4.2647633604614388 9.5 0 1 
1 0 0 0 -1 
1 1.8017122047838099 0 0 -1 
1 4.2981299491025062 9.5 0 1 
1 0 0 0 -1 
1 1.8017122047837986 0 0 -1 
1 4.3314965377435746 9.5 0 1 
1 0 0 0 -1 
1 1.8017122047838092 0 0 -1 
1 4.3648631263846429 9.5 0 1 
1 0 0 0 -1 
1 1.801712204783805 0 0 -1 
1 4.3982297150257104 9.5 0 1 
1 0 0 0 -1 
1 1.7999999999999952 0 0 -1 
1 5.9253928105207487 9.5 0 1 
1 1.8017122047838061 0 0 -1 
1 0 0 0 -1 
1 5.9587593991618171 9.5 0 1 
1 1.8017122047838106 0 0 -1 
1 0 0 0 -1 
1 5.9921259878028845 9.5 0 1 
1 1.8017122047838026 0 0 -1 
1 0 0 0 -1 
1 6.0254925764439529 9.5 0 1 
1 0 0 0 -1 
1 1.8017122047838059 0 0 -1 
1 6.0588591650850212 9.5 0 1 
1 0 0 0 -1 
1 1.8017122047838043 0 0 -1 
1 6.0922257537260887 9.5 0 1 
1 0 0 0 -1 
1 1.8017122047838057 0 0 -1 
1 6.125592342367157 9.5 0 1 
1 0 0 0 -1 
1 1.8017122047838063 0 0 -1 
1 6.1589589310082253 9.5 0 1 
1 0 0 0 -1 
1 1.8017122047838059 0 0 -1 
1 6.1923255196492928 9.5 0 1 
1 0 0 0 -1 
1 1.8017122047838054 0 0 -1 
1 6.2256921082903611 9.5 0 1 
1 0 0 0 -1 
1 1.8017122047838028 0 0 -1 
1 6.2590586969314295 9.5 0 1 
2 0 0 1 0 -0 1 1.45
1 0 1 1 0 
2 12 0 1 0 -0 1 4
1 0 1 1 0 
1 1.3326583919020496 2.8494187100968125 -0.16631319983059586 0.98607297882160239 
1 0 -3.5 1 0 
1 53.984284242662845 -1.3027105616307342 0.0074432471975334133 0.99997229865189585 
1 1.0330098699506136 4.6260384308472169 -0.19911641443365913 0.97997584332629528 
1 0 -3.5 1 0 
1 53.99769483198186 0.49895173329610398 -0.025920369335035019 0.99966401078239053 
1 0.67425939589270001 6.3916728681615051 -0.23169796747719665 0.97278777329227162 
1 0 -3.5 1 0 
1 53.950993786198424 2.3000585822058657 -0.059255130639839754 0.9982428709952581 
1 0.25680634006543646 8.1443564719666526 -0.26402158833088402 0.96451677066562047 
1 0 -3.5 1 0 
1 53.844233094128569 4.0986049462164473 -0.092523927595574526 0.99571046134018748 
1 -0.21888457795672442 9.8821381093935639 -0.29605129350119935 0.95517204294109592 
1 0 -3.5 1 0 
1 53.677531604545088 5.8925886368439793 -0.12568972451415358 0.9920696009613218 
1 -0.75228380669986505 11.603083236828816 -0.32775142668918777 0.94476399291209334 
1 0 -3.5 1 0 
1 53.451074893872025 7.6800125448909879 -0.15871560036980673 0.98732434295891436 
1 -1.3427975523010816 13.305276053498817 -0.35908669848399727 0.93330420708998363 
1 0 -3.5 1 0 
1 53.165115059596154 9.4588868636802186 -0.1915647899005426 0.98147996987730779 
1 -1.989768439535222 14.98682163418891 -0.92718385456678754 -0.37460659341591157 
1 0 -3.5 1 0 
1 52.8199704396255 11.227231304159003 -0.9781476007338058 -0.20791169081775887 
1 -1.989768439535222 14.98682163418891 -0.92718385456678754 -0.37460659341591157 
1 0 -3.5 1 0 
1 52.8199704396255 11.227231304159003 -0.9781476007338058 -0.20791169081775887 
2 0 0 1 0 -0 1 52.200000000000003
1 0 13.1 1 0 
1 0 -3.5 1 0 
1 -0.73179041130330169 -14.754628840960434 0.98325490756395451 -0.18223552549214828 
1 -8.6154850259273648 51.484108400243485 -0.1650476058606766 0.98628560153723155 
1 0 -3.5 1 0 
1 -0.73179041130330169 -14.754628840960434 0.98325490756395451 -0.18223552549214828 
1 -8.6154850259273648 51.484108400243485 -0.1650476058606766 0.98628560153723155 
1 0 -3.5 1 0 
1 1.0380684223118111 -15.082652786846298 0.16580699499478904 0.98615822280747534 
1 -8.9125707164765835 53.259422483010496 -0.9833949370920464 -0.18147836703510997 
1 0 -3.5 1 0 
1 1.3368049088324436 -13.305879480966164 0.13281607420883407 0.991140701632091 
1 -10.684365376757922 52.932450694219099 -0.97679337622110174 -0.21418379997231649 
1 1.5761012507259782 -11.520129182177641 0.099677299122555851 0.99501981690800145 
1 0 -3.5 1 0 
1 -12.444265924247464 52.546553127742008 -0.9691044236164067 -0.24665079794541972 
1 1.7556910570949675 -9.7273898340527492 0.066427560680307154 0.99779125030342108 
1 0 -3.5 1 0 
1 -14.190313191987114 52.102159374764078 -0.96033663881952325 -0.27884321784978128 
1 1.8753744039066911 -7.9296571605545818 0.033103873353757675 0.99945191658677535 
1 0 -3.5 1 0 
1 -15.920563434849306 51.599764145942935 -0.95049978235601296 -0.31072522224816568 
1 1.9350180565537771 -6.1289324443456215 -0.00025666606365243495 0.99999996706126537 
1 0 -3.5 1 0 
1 -17.633090493364488 51.039926720684257 -0.93960480486974529 -0.34226131926597819 
1 1.9345556181743371 -4.3272202989079389 -0.033616919753733786 0.99943479162288085 
1 0 -3.5 1 0 
1 -19.32598793797181 50.423270324537334 -0.92766383493238358 -0.37341640210165306 
1 1.8739876035668006 -2.5265264369554346 -0.066939750216408397 0.99775701943958539 
1 0 -3.5 1 0 
1 -20.997371191306037 49.750481435404332 -0.91469016554152005 -0.40415578810852976 
1 1.7533814386167175 -0.72885543762241889 -0.10018806161207304 0.99496851825091215 
1 0 -3.5 1 0 
1 -22.645379626157915 49.022309019335175 -0.90069823932258941 -0.43444525740441403 
1 1.5728713852366185 1.0637914850859069 -0.13332484105772627 0.991072392288743 
1 0 -3.5 1 0 
1 -24.26817863677271 48.239563696759205 -0.88570363245093331 -0.46425109096610856 
1 1.332658391902046 2.8494187100968142 -0.16631319983059584 0.9860729788216025 
1 0 -3.5 1 0 
1 -25.8639616811809 47.403116840081367 -0.86972303731202827 -0.4935401081662365 
1 1.0330098699506098 4.6260384308472187 -0.19911641443365913 0.97997584332629517 
1 0 -3.5 1 0 
1 -27.430952292287621 46.513899603647936 -0.85277424391907375 -0.52227970371081056 
1 0.67425939589269845 6.3916728681615069 -0.23169796747719656 0.97278777329227173 
1 0 -3.5 1 0 
1 -28.967406055481899 45.572901887161301 -0.83487612010868606 -0.55043788393629578 
1 0.2568063400654359 8.1443564719666544 -0.26402158833088396 0.96451677066562058 
1 0 -3.5 1 0 
1 -30.47161255056427 44.581171233697908 -0.81604859053673839 -0.57798330242577312 
1 -0.21888457795672325 9.8821381093935656 -0.29605129350119935 0.95517204294109592 
1 0 -3.5 1 0 
1 -31.941897255830934 43.539811663556144 -0.79631261449771895 -0.60488529490458542 
1 -0.75228380669986661 11.603083236828818 -0.32775142668918783 0.94476399291209345 
1 0 -3.5 1 0 
1 -33.376623412194775 42.449982445232301 -0.77569016259229617 -0.63111391337660849 
1 -1.3427975523010818 13.305276053498821 -0.35908669848399727 0.93330420708998363 
1 0 -3.5 1 0 
1 -34.774193845268051 41.312896804892794 -0.75420419226906299 -0.65663995946315235 
1 -1.9897684395352222 14.98682163418891 -0.92718385456678765 -0.37460659341591163 
1 0 -3.5 1 0 
1 -36.133052743378329 40.129820575779291 0.66913060635885768 -0.74314482547739469 
1 -1.9897684395352222 14.98682163418891 -0.92718385456678765 -0.37460659341591163 
1 0 -3.5 1 0 
1 -36.133052743378329 40.129820575779291 0.66913060635885768 -0.74314482547739469 
1 0 -3.5 1 0 
1 -0.73179041130330447 -14.754628840960438 0.98325490756395451 -0.1822355254921483 
1 -40.278803252838976 -33.203283098499291 -0.77162458338772033 -0.63607822027776351 
1 0 -3.5 1 0 
1 -0.73179041130330447 -14.754628840960438 0.98325490756395451 -0.1822355254921483 
1 -40.278803252838976 -33.203283098499291 -0.77162458338772033 -0.63607822027776351 
1 0 -3.5 1 0 
1 1.0380684223118013 -15.082652786846301 0.16580699499478904 0.98615822280747523 
1 -41.667727502936863 -34.348223894999258 0.64886234463574521 -0.76090581395715684 
1 0 -3.5 1 0 
1 1.3368049088324385 -13.305879480966169 0.13281607420883404 0.991140701632091 
1 -40.498664297382007 -35.719157186696819 0.67388529996566204 -0.73883597806968615 
1 1.5761012507259751 -11.520129182177639 0.099677299122555893 0.99501981690800145 
1 0 -3.5 1 0 
1 -39.284516927809477 -37.050326985718364 0.69815806869263974 -0.71594365079897415 
1 1.7556910570949644 -9.7273898340527509 0.066427560680307113 0.99779125030342097 
1 0 -3.5 1 0 
1 -38.026637014577659 -38.340251399300342 0.72165362974067093 -0.69225431647777724 
1 1.8753744039066913 -7.9296571605545898 0.03310387335375764 0.99945191658677524 
1 0 -3.5 1 0 
1 -36.726424862247363 -39.587494450112622 0.7443458272414839 -0.66779434668780402 
1 1.9350180565537742 -6.1289324443456268 -0.00025666606365247035 0.99999996706126548 
1 0 -3.5 1 0 
1 -35.38532790072648 -40.79066767482567 0.76620939965198642 -0.64259097090213046 
1 1.9345556181743353 -4.3272202989079478 -0.033616919753733841 0.99943479162288085 
1 0 -3.5 1 0 
1 -34.004839073953427 -41.948431669783908 0.78722000787600854 -0.61667224617271144 
1 1.8739876035667997 -2.5265264369554425 -0.066939750216408384 0.99775701943958539 
1 0 -3.5 1 0 
1 -32.586495177913221 -43.059497582064729 0.80735426235926777 -0.59006702589648474 
1 1.7533814386167179 -0.72885543762242722 -0.10018806161207307 0.99496851825091215 
1 0 -3.5 1 0 
1 -31.131875149836301 -44.122628544262909 0.82658974912718697 -0.56280492769507107 
1 1.572871385236615 1.0637914850858989 -0.13332484105772627 0.991072392288743 
1 0 -3.5 1 0 
1 -29.642598310484665 -45.136641051403586 0.84490505473675726 -0.53491630044360894 
1 1.3326583919020463 2.8494187100968089 -0.16631319983059578 0.9860729788216025 
1 0 -3.5 1 0 
1 -28.12032256148192 -46.100406278450635 0.86227979011449485 -0.50643219048565913 
1 1.0330098699506083 4.6260384308472116 -0.19911641443365902 0.97997584332629517 
1 0 -3.5 1 0 
1 -26.566742539694214 -47.012851336944038 0.8786946132541088 -0.47738430707157964 
1 0.6742593958926959 6.3916728681615016 -0.23169796747719662 0.97278777329227162 
1 0 -3.5 1 0 
1 -24.983587730716501 -47.872960469367165 0.89413125074852573 -0.44780498705896199 
1 0.25680634006543618 8.144356471966649 -0.26402158833088402 0.96451677066562058 
1 0 -3.5 1 0 
1 -23.372620543564278 -48.679776179914356 0.90857251813231288 -0.41772715891441392 
1 -0.21888457795672742 9.8821381093935621 -0.29605129350119935 0.95517204294109603 
1 0 -3.5 1 0 
1 -21.735634348714129 -49.432400300400118 0.92200233901187256 -0.38718430605673598 
1 -0.75228380669986727 11.603083236828811 -0.32775142668918772 0.94476399291209334 
1 0 -3.5 1 0 
1 -20.074451481677229 -50.129994990123286 0.93440576296210276 -0.35621042958230548 
1 -1.342797552301084 13.305276053498812 -0.35908669848399721 0.93330420708998363 
1 0 -3.5 1 0 
1 -18.390921214328081 -50.771783668573008 0.94576898216960559 -0.32484001041415517 
1 -1.9897684395352235 14.986821634188908 -0.92718385456678776 -0.37460659341591157 
1 0 -3.5 1 0 
1 -16.686917696247146 -51.35705187993829 0.30901699437494767 0.95105651629515353 
1 -1.9897684395352235 14.986821634188908 -0.92718385456678776 -0.37460659341591157 
1 0 -3.5 1 0 
1 -16.686917696247146 -51.35705187993829 0.30901699437494767 0.95105651629515353 
1 -0.73179041130330336 -14.754628840960436 0.98325490756395451 -0.1822355254921483 
1 0 -3.5 1 0 
1 48.894288278766361 -18.280825301744201 0.93667218924839735 -0.35020738125946826 
1 -0.73179041130330336 -14.754628840960436 0.98325490756395451 -0.1822355254921483 
1 0 -3.5 1 0 
1 48.894288278766361 -18.280825301744201 0.93667218924839735 -0.35020738125946826 
1 1.0380684223118102 -15.082652786846301 0.16580699499478899 0.98615822280747523 
1 0 -3.5 1 0 
1 50.580298219413471 -18.911198588011242 0.33453259245630135 0.94238418099226728 
1 1.3368049088324447 -13.305879480966167 0.13281607420883398 0.991140701632091 
1 0 -3.5 1 0 
1 51.183029674139952 -17.213293507522284 0.30290807625543981 0.953019778042003 
1 1.5761012507259768 -11.520129182177643 0.099677299122555782 0.99501981690800145 
1 0 -3.5 1 0 
1 51.728782852056966 -15.496226142023652 0.27094635492376701 0.96259444874439415 
1 1.755691057094966 -9.7273898340527509 0.066427560680307113 0.99779125030342097 
1 0 -3.5 1 0 
1 52.216950206564796 -13.761907975463739 0.2386830090788524 0.97109753432755896 
1 1.8753744039066946 -7.9296571605545836 0.033103873353757612 0.99945191658677524 
1 0 -3.5 1 0 
1 52.646988297096691 -12.012269695830316 0.20615395511452916 0.97851956893597014 
1 1.93501805655378 -6.1289324443456259 -0.00025666606365249447 0.99999996706126548 
1 0 -3.5 1 0 
1 53.018418394090993 -10.249259045858592 0.17339540521775901 0.98485229016810905 
1 1.9345556181743389 -4.3272202989079416 -0.033616919753733827 0.99943479162288074 
1 0 -3.5 1 0 
1 53.330827011925258 -8.4748386547534285 0.14044382705637518 0.99008864827436482 
1 1.8739876035668026 -2.5265264369554368 -0.066939750216408439 0.99775701943958539 
1 0 -3.5 1 0 
1 53.58386636921928 -6.6909838533396044 0.10733590318225231 0.99422281400501478 
1 1.7533814386167206 -0.728855437622423 -0.10018806161207305 0.99496851825091204 
1 0 -3.5 1 0 
1 53.777254775994237 -4.8996804750722696 0.074108490195402471 0.99725018509948549 
1 1.5728713852366185 1.063791485085904 -0.13332484105772632 0.991072392288743 
1 0 -3.5 1 0 
1 53.910776947257396 -3.1029226453556178 0.040798577714176082 0.99916739140971789 
2 0 0 1 0 -0 1 1.45
1 0 2.8999999999999999 1 0 
1 6.2831853071795862 -0 0 1 
1 0 -0 0 1 
1 0 2 1 0 
2 12 0 1 0 -0 1 4
1 6.2831853071795862 -0 0 1 
1 0 -0 0 1 
1 -0.58430217516870897 -14.78196416978426 0.16580699499478713 0.98615822280747567 
1 -0.58430217516870897 -14.78196416978426 0.16580699499478713 0.98615822280747567 
1 49.034789107153621 -18.333356408933124 0.33453259245629952 0.94238418099226784 
1 -0.29469374795842795 -13.059481159361571 0.13281607420883457 0.991140701632091 
1 -0.29469374795842795 -13.059481159361571 0.13281607420883457 0.991140701632091 
1 49.619103767430126 -16.687331761459102 0.30290807625544036 0.95301977804200289 
1 -0.062709238733870631 -11.328295453036032 0.099677299122553423 0.99501981690800168 
1 -0.062709238733870631 -11.328295453036032 0.099677299122553423 0.99501981690800168 
1 50.148181153799669 -15.022730343239598 0.27094635492376473 0.96259444874439481 
1 0.11139310132940237 -9.5903342516593995 0.066427560680310541 0.99779125030342075 
1 0.11139310132940237 -9.5903342516593995 0.066427560680310541 0.99779125030342075 
1 50.621432283586429 -13.341405231769015 0.23868300907885573 0.97109753432755819 
1 0.2274194569885564 -7.8475322987403437 0.033103873353754094 0.99945191658677546 
1 0.2274194569885564 -7.8475322987403437 0.033103873353754094 0.99945191658677546 
1 51.038330321352078 -11.645228121791058 0.20615395511452569 0.97851956893597081 
1 0.28524066469363618 -6.101829726637769 -0.00025666606365260382 0.99999996706126548 
1 0.28524066469363618 -6.101829726637769 -0.00025666606365260382 0.99999996706126548 
1 51.398411165382655 -9.9360872416795782 0.1733954052177589 0.98485229016810905 
1 0.28479235637579248 -4.3551698967551253 -0.03361691975373509 0.99943479162288074 
1 0.28479235637579248 -4.3551698967551253 -0.03361691975373509 0.99943479162288074 
1 51.701273964338654 -8.2158852514137397 0.14044382705637393 0.99008864827436505 
1 0.22607503110348415 -2.6094972361400584 -0.066939750216404734 0.9977570194395855 
1 0.22607503110348415 -2.6094972361400584 -0.066939750216404734 0.9977570194395855 
1 51.946581563493133 -6.48653712448756 0.10733590318225601 0.99422281400501433 
1 0.10915405452688411 -0.86675507289777498 -0.10018806161207694 0.9949685182509117 
1 0.10915405452688411 -0.86675507289777498 -0.10018806161207694 0.9949685182509117 
1 52.134060880061085 -4.7499680161117279 0.074108490195398585 0.99725018509948571 
1 -0.065840413888835395 0.87111652717224008 -0.1333248410577263 0.991072392288743 
1 -0.065840413888835395 0.87111652717224008 -0.1333248410577263 0.991072392288743 
1 52.263503207202305 -3.008111120080863 0.04079857771417611 0.99916739140971789 
1 -0.29871356576040609 2.6021829203078157 -0.16631319983059384 0.98607297882160272 
1 -0.29871356576040609 2.6021829203078157 -0.16631319983059384 0.98607297882160272 
1 52.334764446359252 -1.2629055166920167 0.0074432471975354637 0.99997229865189585 
1 -0.58920616065220577 4.3245170384797369 -0.1991164144336606 0.97997584332629495 
1 -0.58920616065220577 4.3245170384797369 -0.1991164144336606 0.97997584332629495 
1 52.347765267671306 0.48370598588983432 -0.025920369335036521 0.99966401078239053 
1 -0.93699481466946033 6.0362015346538662 -0.23169796747719462 0.97278777329227206 
1 -0.93699481466946033 6.0362015346538662 -0.23169796747719462 0.97278777329227206 
1 52.302491198286809 2.229779014416243 -0.059255130639837672 0.99824287099525821 
1 -1.3416923604575586 7.7353309172316331 -0.26402158833088368 0.96451677066562069 
1 -1.3416923604575586 7.7353309172316331 -0.26402158833088368 0.96451677066562069 
1 52.198992638474643 3.9733697950820561 -0.092523927595574165 0.99571046134018748 
1 -1.8028482782068167 9.4200136712927236 -0.29605129350119924 0.95517204294109592 
1 -1.8028482782068167 9.4200136712927236 -0.29605129350119924 0.95517204294109592 
1 52.037384805517327 5.7125373173848564 -0.12568972451415347 0.9920696009613218 
1 -2.3199491971828117 11.088374364278565 -0.32775142668918916 0.94476399291209301 
1 -2.3199491971828117 11.088374364278565 -0.32775142668918916 0.94476399291209301 
1 51.817847605448158 7.4453454949082101 -0.15871560036980817 0.98732434295891414 
1 -2.8924194672239927 12.738555733772538 -0.35908669848399616 0.93330420708998396 
1 -2.8924194672239927 12.738555733772538 -0.35908669848399616 0.93330420708998396 
1 51.540625432775158 9.1698653206233232 -0.1915647899005414 0.98147996987730801 
2 -52.057696586141738 -5.2419344102703391 0.98480775301220813 0.17364817766693036 -0.17364817766693036 0.98480775301220813 52.200000000000003
2 -52.057696586141738 -5.2419344102703391 0.98480775301220813 0.17364817766693036 -0.17364817766693036 0.98480775301220813 52.200000000000003
2 -52.057696586141738 -5.2419344102703391 0.98480775301220813 0.17364817766693036 -0.17364817766693036 0.98480775301220813 52.200000000000003
2 -52.057696586141738 -5.2419344102703391 0.98480775301220813 0.17364817766693036 -0.17364817766693036 0.98480775301220813 52.200000000000003
2 -52.057696586141738 -5.2419344102703391 0.98480775301220813 0.17364817766693036 -0.17364817766693036 0.98480775301220813 52.200000000000003
2 -52.057696586141738 -5.2419344102703391 0.98480775301220813 0.17364817766693036 -0.17364817766693036 0.98480775301220813 52.200000000000003
2 -52.057696586141738 -5.2419344102703391 0.98480775301220813 0.17364817766693036 -0.17364817766693036 0.98480775301220813 52.200000000000003
2 -52.057696586141738 -5.2419344102703391 0.98480775301220813 0.17364817766693036 -0.17364817766693036 0.98480775301220813 52.200000000000003
2 -52.057696586141738 -5.2419344102703391 0.98480775301220813 0.17364817766693036 -0.17364817766693036 0.98480775301220813 52.200000000000003
2 -52.057696586141738 -5.2419344102703391 0.98480775301220813 0.17364817766693036 -0.17364817766693036 0.98480775301220813 52.200000000000003
2 -52.057696586141738 -5.2419344102703391 0.98480775301220813 0.17364817766693036 -0.17364817766693036 0.98480775301220813 52.200000000000003
2 -52.057696586141738 -5.2419344102703391 0.98480775301220813 0.17364817766693036 -0.17364817766693036 0.98480775301220813 52.200000000000003
2 -52.057696586141738 -5.2419344102703391 0.98480775301220813 0.17364817766693036 -0.17364817766693036 0.98480775301220813 52.200000000000003
2 -52.057696586141738 -5.2419344102703391 0.98480775301220813 0.17364817766693036 -0.17364817766693036 0.98480775301220813 52.200000000000003
2 -52.057696586141738 -5.2419344102703391 0.98480775301220813 0.17364817766693036 -0.17364817766693036 0.98480775301220813 52.200000000000003
2 -52.057696586141738 -5.2419344102703391 0.98480775301220813 0.17364817766693036 -0.17364817766693036 0.98480775301220813 52.200000000000003
2 -52.057696586141738 -5.2419344102703391 0.98480775301220813 0.17364817766693036 -0.17364817766693036 0.98480775301220813 52.200000000000003
2 -52.057696586141738 -5.2419344102703391 0.98480775301220813 0.17364817766693036 -0.17364817766693036 0.98480775301220813 52.200000000000003
1 0 9.5999999999999996 1 0 
2 -52.057696586141738 -5.2419344102703391 0.98480775301220813 0.17364817766693036 -0.17364817766693036 0.98480775301220813 52.200000000000003
1 1.7999999999999943 0 0 -1 
1 0 0 0 -1 
1 0.20943951023931959 9.5999999999999996 0 1 
1 1.7999999999999943 0 0 -1 
1 0.15000000000000085 2.5 0 -1 
1 0.20943951023931959 9.5999999999999996 0 1 
1 0 0 0 -1 
1 3.2000000000000068 2.5 0 -1 
1 1.7366026057343578 9.5999999999999996 0 1 
1 0 12.1 1 0 
2 -50.461719063060372 9.1249652806671762 -0.3420201433256686 -0.93969262078590854 0.93969262078590854 -0.3420201433256686 52.200000000000003
8 9.3499999999999996 12.35
1 1.727875959474386 0 0 1 
8 9.3499999999999996 12.35
1 2.0000000000000084 9.5999999999999996 0 -1 
1 0 9.5999999999999996 1 0 
2 -50.461719063060372 9.1249652806671762 -0.3420201433256686 -0.93969262078590854 0.93969262078590854 -0.3420201433256686 52.200000000000003
1 0 9.5999999999999996 1 0 
2 -52.057696586141738 -5.2419344102703365 -0.3420201433256686 -0.93969262078590854 0.93969262078590854 -0.3420201433256686 52.200000000000003
1 0 9.5999999999999996 1 0 
2 -52.057696586141738 -5.2419344102703365 -0.3420201433256686 -0.93969262078590854 0.93969262078590854 -0.3420201433256686 52.200000000000003
1 1.7999999999999914 0 0 -1 
1 0 0 0 -1 
1 2.3038346126325147 9.5999999999999996 0 1 
1 1.7999999999999914 0 0 -1 
1 0.1499999999999973 2.5 0 -1 
1 2.3038346126325147 9.5999999999999996 0 1 
1 0 0 0 -1 
1 3.2000000000000117 2.5 0 -1 
1 3.8309977081275535 9.5999999999999996 0 1 
1 0 12.1 1 0 
2 -50.461719063060372 9.1249652806671762 -0.64278760968653914 0.76604444311897824 -0.76604444311897824 -0.64278760968653914 52.200000000000003
8 9.3499999999999996 12.35
1 3.8222710618675819 0 0 1 
8 9.3499999999999996 12.35
1 2.0000000000000049 9.5999999999999996 0 -1 
1 0 9.5999999999999996 1 0 
2 -50.461719063060372 9.1249652806671762 -0.64278760968653914 0.76604444311897824 -0.76604444311897824 -0.64278760968653914 52.200000000000003
1 0 9.5999999999999996 1 0 
2 -52.057696586141738 -5.2419344102703382 -0.64278760968653914 0.76604444311897824 -0.76604444311897824 -0.64278760968653914 52.200000000000003
1 0 9.5999999999999996 1 0 
2 -52.057696586141738 -5.2419344102703382 -0.64278760968653914 0.76604444311897824 -0.76604444311897824 -0.64278760968653914 52.200000000000003
1 1.7999999999999969 0 0 -1 
1 0 0 0 -1 
1 4.3982297150257104 9.5999999999999996 0 1 
1 1.7999999999999969 0 0 -1 
1 0.15000000000000566 2.5 0 -1 
1 4.3982297150257104 9.5999999999999996 0 1 
1 0 0 0 -1 
1 3.2000000000000064 2.5 0 -1 
1 5.9253928105207487 9.5999999999999996 0 1 
1 0 12.1 1 0 
2 -50.461719063060372 9.1249652806671744 0.98480775301220813 0.17364817766693036 -0.17364817766693036 0.98480775301220813 52.200000000000003
8 9.3499999999999996 12.35
1 5.9166661642607767 0 0 1 
8 9.3499999999999996 12.35
1 2.0000000000000058 9.5999999999999996 0 -1 
1 0 9.5999999999999996 1 0 
2 -50.461719063060372 9.1249652806671744 0.98480775301220813 0.17364817766693036 -0.17364817766693036 0.98480775301220813 52.200000000000003
1 0 9.5999999999999996 1 0 
2 -52.057696586141738 -5.2419344102703391 0.98480775301220813 0.17364817766693036 -0.17364817766693036 0.98480775301220813 52.200000000000003
1 0 9.5999999999999996 1 0 
2 -52.057696586141738 -5.2419344102703391 0.98480775301220813 0.17364817766693036 -0.17364817766693036 0.98480775301220813 52.200000000000003
1 6.2831853071795862 -0 0 1 
1 0 -0 0 1 
1 0 0 1 0 
2 0 0 1 0 -0 1 52.200000000000003
2 -52.057696586141738 -5.2419344102703365 -0.3420201433256686 -0.93969262078590854 0.93969262078590854 -0.3420201433256686 52.200000000000003
2 -52.057696586141738 -5.2419344102703365 -0.3420201433256686 -0.93969262078590854 0.93969262078590854 -0.3420201433256686 52.200000000000003
2 -52.057696586141738 -5.2419344102703365 -0.3420201433256686 -0.93969262078590854 0.93969262078590854 -0.3420201433256686 52.200000000000003
2 -52.057696586141738 -5.2419344102703365 -0.3420201433256686 -0.93969262078590854 0.93969262078590854 -0.3420201433256686 52.200000000000003
2 -52.057696586141738 -5.2419344102703365 -0.3420201433256686 -0.93969262078590854 0.93969262078590854 -0.3420201433256686 52.200000000000003
2 -52.057696586141738 -5.2419344102703365 -0.3420201433256686 -0.93969262078590854 0.93969262078590854 -0.3420201433256686 52.200000000000003
2 -52.057696586141738 -5.2419344102703365 -0.3420201433256686 -0.93969262078590854 0.93969262078590854 -0.3420201433256686 52.200000000000003
2 -52.057696586141738 -5.2419344102703365 -0.3420201433256686 -0.93969262078590854 0.93969262078590854 -0.3420201433256686 52.200000000000003
2 -52.057696586141738 -5.2419344102703365 -0.3420201433256686 -0.93969262078590854 0.93969262078590854 -0.3420201433256686 52.200000000000003
2 -52.057696586141738 -5.2419344102703365 -0.3420201433256686 -0.93969262078590854 0.93969262078590854 -0.3420201433256686 52.200000000000003
2 -52.057696586141738 -5.2419344102703365 -0.3420201433256686 -0.93969262078590854 0.93969262078590854 -0.3420201433256686 52.200000000000003
2 -52.057696586141738 -5.2419344102703365 -0.3420201433256686 -0.93969262078590854 0.93969262078590854 -0.3420201433256686 52.200000000000003
2 -52.057696586141738 -5.2419344102703365 -0.3420201433256686 -0.93969262078590854 0.93969262078590854 -0.3420201433256686 52.200000000000003
2 -52.057696586141738 -5.2419344102703365 -0.3420201433256686 -0.93969262078590854 0.93969262078590854 -0.3420201433256686 52.200000000000003
2 -52.057696586141738 -5.2419344102703365 -0.3420201433256686 -0.93969262078590854 0.93969262078590854 -0.3420201433256686 52.200000000000003
2 -52.057696586141738 -5.2419344102703365 -0.3420201433256686 -0.93969262078590854 0.93969262078590854 -0.3420201433256686 52.200000000000003
2 -52.057696586141738 -5.2419344102703365 -0.3420201433256686 -0.93969262078590854 0.93969262078590854 -0.3420201433256686 52.200000000000003
1 -2.8924194672239949 12.738555733772538 -0.35908669848399616 0.93330420708998396 
1 -2.8924194672239949 12.738555733772538 -0.35908669848399616 0.93330420708998396 
1 -33.711649033329302 40.050558291409956 -0.75420419226906377 -0.65663995946315135 
1 -2.3199491971828117 11.088374364278565 -0.32775142668918911 0.94476399291209301 
1 -2.3199491971828117 11.088374364278565 -0.32775142668918911 0.94476399291209301 
1 -32.356782141266599 41.15289964829465 -0.77569016259229528 -0.6311139133766096 
1 -1.8028482782068205 9.4200136712927236 -0.2960512935011993 0.95517204294109603 
1 -1.8028482782068205 9.4200136712927236 -0.2960512935011993 0.95517204294109603 
1 -30.965894839680544 42.209428529391928 -0.79631261449771906 -0.60488529490458542 
1 -1.3416923604575559 7.735330917231634 -0.26402158833088357 0.96451677066562069 
1 -1.3416923604575559 7.735330917231634 -0.26402158833088357 0.96451677066562069 
1 -29.54053550040814 43.218968779334922 -0.81604859053673862 -0.57798330242577278 
1 -0.936994814669461 6.0362015346538689 -0.23169796747719457 0.97278777329227206 
1 -0.936994814669461 6.0362015346538689 -0.23169796747719457 0.97278777329227206 
1 -28.082290870453289 44.180396551720264 -0.83487612010868717 -0.55043788393629411 
1 -0.58920616065220766 4.3245170384797387 -0.19911641443366057 0.97997584332629495 
1 -0.58920616065220766 4.3245170384797387 -0.19911641443366057 0.97997584332629495 
1 -26.592784305578835 45.092641560203141 -0.85277424391907308 -0.52227970371081189 
1 -0.29871356576040436 2.6021829203078184 -0.16631319983059381 0.98607297882160283 
1 -0.29871356576040436 2.6021829203078184 -0.16631319983059381 0.98607297882160283 
1 -25.073673963144817 45.954688269967768 -0.86972303731202927 -0.49354010816623473 
1 -0.0658404138888357 0.87111652717224197 -0.13332484105772627 0.991072392288743 
1 -0.0658404138888357 0.87111652717224197 -0.13332484105772627 0.991072392288743 
1 -23.526650956204652 46.765577028247115 -0.88570363245093331 -0.46425109096610856 
1 0.10915405452688536 -0.86675507289777343 -0.10018806161207691 0.99496851825091159 
1 0.10915405452688536 -0.86675507289777343 -0.10018806161207691 0.99496851825091159 
1 -21.953437470914203 47.524405132633277 -0.90069823932258775 -0.43444525740441753 
1 0.22607503110348529 -2.6094972361400552 -0.066939750216404637 0.9977570194395855 
1 0.22607503110348529 -2.6094972361400552 -0.066939750216404637 0.9977570194395855 
1 -20.355784849349465 48.2303278359892 -0.91469016554152149 -0.40415578810852626 
1 0.28479235637579264 -4.3551698967551227 -0.033616919753735042 0.99943479162288063 
1 0.28479235637579264 -4.3551698967551227 -0.033616919753735042 0.99943479162288063 
1 -18.735471639867118 48.88255928684314 -0.92766383493238314 -0.37341640210165422 
1 0.28524066469363352 -6.1018297266377663 -0.00025666606365254597 0.99999996706126548 
1 0.28524066469363352 -6.1018297266377663 -0.00025666606365254597 0.99999996706126548 
1 -17.094301617178349 49.480373404218902 -0.93960480486974529 -0.3422613192659783 
1 0.22741945698855237 -7.8475322987403411 0.033103873353754157 0.99945191658677535 
1 0.22741945698855237 -7.8475322987403411 0.033103873353754157 0.99945191658677535 
1 -15.434101774340025 50.023104685928018 -0.95049978235601196 -0.31072522224816906 
1 0.11139310132940179 -9.5903342516593977 0.06642756068031061 0.99779125030342086 
1 0.11139310132940179 -9.5903342516593977 0.06642756068031061 0.99779125030342086 
1 -13.75672028889862 50.510148949424064 -0.96033663881952425 -0.278843217849778 
1 -0.062709238733874434 -11.328295453036029 0.099677299122553437 0.99501981690800156 
1 -0.062709238733874434 -11.328295453036029 0.099677299122553437 0.99501981690800156 
1 -12.064024465451011 50.940964004394331 -0.96910442361640614 -0.24665079794542205 
1 -0.29469374795843017 -13.059481159361567 0.13281607420883459 0.991140701632091 
1 -0.29469374795843017 -13.059481159361567 0.13281607420883459 0.991140701632091 
1 -10.357898656912544 51.315070256340185 -0.97679337622110185 -0.21418379997231596 
1 -0.58430217516870986 -14.781964169784258 0.16580699499478718 0.98615822280747567 
1 -0.58430217516870986 -14.781964169784258 0.16580699499478718 0.98615822280747567 
1 -8.6402421668064644 51.63205124047407 -0.98339493709204606 -0.18147836703511183 
1 -2.8924194672239931 12.738555733772536 -0.3590866984839961 0.93330420708998407 
1 -2.8924194672239931 12.738555733772536 -0.3590866984839961 0.93330420708998407 
1 -17.828976399445832 -49.220423612033279 0.94576898216960514 -0.32484001041415628 
1 -2.3199491971828148 11.088374364278561 -0.32775142668918911 0.94476399291209301 
1 -2.3199491971828148 11.088374364278561 -0.32775142668918911 0.94476399291209301 
1 -19.461065464181534 -48.598245143202853 0.93440576296210331 -0.35621042958230414 
1 -1.8028482782068183 9.42001367129272 -0.29605129350119924 0.95517204294109603 
1 -1.8028482782068183 9.42001367129272 -0.29605129350119924 0.95517204294109603 
1 -21.071489965836758 -47.921965846776786 0.92200233901187245 -0.38718430605673604 
1 -1.3416923604575628 7.7353309172316305 -0.26402158833088357 0.96451677066562058 
1 -1.3416923604575628 7.7353309172316305 -0.26402158833088357 0.96451677066562058 
1 -22.658457138066478 -47.192338574416972 0.90857251813231277 -0.41772715891441431 
1 -0.93699481466946011 6.0362015346538644 -0.23169796747719459 0.97278777329227206 
1 -0.93699481466946011 6.0362015346538644 -0.23169796747719459 0.97278777329227206 
1 -24.220200327833499 -46.410175566136509 0.89413125074852473 -0.44780498705896382 
1 -0.58920616065220965 4.3245170384797342 -0.19911641443366052 0.97997584332629495 
1 -0.58920616065220965 4.3245170384797342 -0.19911641443366052 0.97997584332629495 
1 -25.754980962092446 -45.576347546092975 0.87869461325410958 -0.47738430707157831 
1 -0.29871356576040586 2.6021829203078148 -0.16631319983059378 0.98607297882160272 
1 -0.29871356576040586 2.6021829203078148 -0.16631319983059378 0.98607297882160272 
1 -27.261090483214414 -44.691782753275753 0.86227979011449374 -0.50643219048566079 
1 -0.06584041388883885 0.8711165271722392 -0.13332484105772616 0.99107239228874311 
1 -0.06584041388883885 0.8711165271722392 -0.13332484105772616 0.99107239228874311 
1 -28.736852250997629 -43.757465908166253 0.84490505473675726 -0.53491630044360905 
1 0.10915405452687908 -0.86675507289777665 -0.10018806161207687 0.9949685182509117 
1 0.10915405452687908 -0.86675507289777665 -0.10018806161207687 0.9949685182509117 
1 -30.180623409146857 -42.774437116521547 0.82658974912718908 -0.56280492769506785 
1 0.22607503110347943 -2.6094972361400623 -0.066939750216404623 0.99775701943958561 
1 0.22607503110347943 -2.6094972361400623 -0.066939750216404623 0.99775701943958561 
1 -31.590796714143647 -41.743790711501639 0.80735426235926555 -0.59006702589648774 
1 0.28479235637578715 -4.3551698967551253 -0.033616919753734986 0.99943479162288074 
1 0.28479235637578715 -4.3551698967551253 -0.033616919753734986 0.99943479162288074 
1 -32.965802324471511 -40.666674035429402 0.78722000787600921 -0.61667224617271055 
1 0.28524066469363185 -6.1018297266377699 -0.00025666606365252586 0.99999996706126537 
1 0.28524066469363185 -6.1018297266377699 -0.00025666606365252586 0.99999996706126537 
1 -34.304109548204281 -39.544286162539329 0.76620939965198642 -0.64259097090213035 
1 0.22741945698855309 -7.8475322987403429 0.033103873353754178 0.99945191658677535 
1 0.22741945698855309 -7.8475322987403429 0.033103873353754178 0.99945191658677535 
1 -35.604228547012028 -38.377876564136969 0.74434582724148635 -0.66779434668780147 
1 0.11139310132939961 -9.5903342516594012 0.06642756068031061 0.99779125030342086 
1 0.11139310132939961 -9.5903342516594012 0.06642756068031061 0.99779125030342086 
1 -36.864711994687788 -37.168743717655055 0.7216536297406686 -0.6922543164777798 
1 -0.062709238733872644 -11.328295453036032 0.099677299122553409 0.99501981690800168 
1 -0.062709238733872644 -11.328295453036032 0.099677299122553409 0.99501981690800168 
1 -38.084156688348635 -35.918233661154744 0.69815806869264152 -0.71594365079897249 
1 -0.29469374795843067 -13.059481159361569 0.13281607420883454 0.99114070163209089 
1 -0.29469374795843067 -13.059481159361569 0.13281607420883454 0.99114070163209089 
1 -39.261205110517558 -34.627738494881093 0.6738852999656616 -0.73883597806968648 
1 -0.58430217516871075 -14.781964169784258 0.16580699499478704 0.98615822280747567 
1 -0.58430217516871075 -14.781964169784258 0.16580699499478704 0.98615822280747567 
1 -40.394546940347134 -33.298694831540956 0.64886234463574677 -0.76090581395715562 
2 -52.057696586141738 -5.2419344102703382 -0.64278760968653914 0.76604444311897824 -0.76604444311897824 -0.64278760968653914 52.200000000000003
2 -52.057696586141738 -5.2419344102703382 -0.64278760968653914 0.76604444311897824 -0.76604444311897824 -0.64278760968653914 52.200000000000003
2 -52.057696586141738 -5.2419344102703382 -0.64278760968653914 0.76604444311897824 -0.76604444311897824 -0.64278760968653914 52.200000000000003
2 -52.057696586141738 -5.2419344102703382 -0.64278760968653914 0.76604444311897824 -0.76604444311897824 -0.64278760968653914 52.200000000000003
2 -52.057696586141738 -5.2419344102703382 -0.64278760968653914 0.76604444311897824 -0.76604444311897824 -0.64278760968653914 52.200000000000003
2 -52.057696586141738 -5.2419344102703382 -0.64278760968653914 0.76604444311897824 -0.76604444311897824 -0.64278760968653914 52.200000000000003
2 -52.057696586141738 -5.2419344102703382 -0.64278760968653914 0.76604444311897824 -0.76604444311897824 -0.64278760968653914 52.200000000000003
2 -52.057696586141738 -5.2419344102703382 -0.64278760968653914 0.76604444311897824 -0.76604444311897824 -0.64278760968653914 52.200000000000003
2 -52.057696586141738 -5.2419344102703382 -0.64278760968653914 0.76604444311897824 -0.76604444311897824 -0.64278760968653914 52.200000000000003
2 -52.057696586141738 -5.2419344102703382 -0.64278760968653914 0.76604444311897824 -0.76604444311897824 -0.64278760968653914 52.200000000000003
2 -52.057696586141738 -5.2419344102703382 -0.64278760968653914 0.76604444311897824 -0.76604444311897824 -0.64278760968653914 52.200000000000003
2 -52.057696586141738 -5.2419344102703382 -0.64278760968653914 0.76604444311897824 -0.76604444311897824 -0.64278760968653914 52.200000000000003
2 -52.057696586141738 -5.2419344102703382 -0.64278760968653914 0.76604444311897824 -0.76604444311897824 -0.64278760968653914 52.200000000000003
2 -52.057696586141738 -5.2419344102703382 -0.64278760968653914 0.76604444311897824 -0.76604444311897824 -0.64278760968653914 52.200000000000003
2 -52.057696586141738 -5.2419344102703382 -0.64278760968653914 0.76604444311897824 -0.76604444311897824 -0.64278760968653914 52.200000000000003
2 -52.057696586141738 -5.2419344102703382 -0.64278760968653914 0.76604444311897824 -0.76604444311897824 -0.64278760968653914 52.200000000000003
2 -52.057696586141738 -5.2419344102703382 -0.64278760968653914 0.76604444311897824 -0.76604444311897824 -0.64278760968653914 52.200000000000003
2 0 0 1 0 -0 1 8
1 0 0.89999999999999991 1 0 
1 0 0 1 0 
2 0 0 1 0 -0 1 48
1 0 0 1 0 
2 0 0 1 0 -0 1 8
2 0 0 1 0 -0 1 8
1 -0.44301180766669696 -13.037081311942975 -0.16580699499478391 -0.98615822280747623 
1 1.9633343495086053 -12.79477499507691 -0.16580699499478391 -0.98615822280747623 
1 -0.2116920105029429 -11.310856023114066 -0.13281607420883704 -0.99114070163209067 
1 2.194654146672359 -11.068549706247998 -0.13281607420883704 -0.99114070163209067 
1 -0.038088531012920382 -9.5778746532600056 -0.099677299122554741 -0.99501981690800156 
1 2.3682576261623818 -9.3355683363939388 -0.099677299122554741 -0.99501981690800156 
1 0.077605370905090829 -7.8400664022117752 -0.066427560680310069 -0.99779125030342075 
1 2.4839515280803925 -7.5977600853457083 -0.066427560680310069 -0.99779125030342075 
1 0.1352609017972646 -6.0993658432097817 -0.03310387335375601 -0.99945191658677546 
1 2.5416070589725668 -5.8570595263437157 -0.03310387335375601 -0.99945191658677546 
1 0.13481387803047748 -4.3577107692866894 0.00025666606365263114 -0.99999996706126548 
1 2.5411600352057797 -4.1154044524206226 0.00025666606365263114 -0.99999996706126548 
1 0.07626479724318444 -2.6170400360659332 0.033616919753737054 -0.99943479162288063 
1 2.4826109544184862 -2.3747337191998663 0.033616919753737054 -0.99943479162288063 
1 -0.040321162208559774 -0.87929140337735467 0.066939750216404803 -0.99775701943958561 
1 2.3660249949667422 -0.63698508651128805 0.066939750216404803 -0.99775701943958561 
1 -0.21481421380932583 0.85360062190736075 0.10018806161207473 -0.99496851825091193 
1 2.1915319433659763 1.0959069387734275 0.10018806161207473 -0.99496851825091193 
1 -0.44702010736607239 2.5797069394179086 0.1333248410577251 -0.99107239228874311 
1 1.9593260498092295 2.822013256283975 0.1333248410577251 -0.99107239228874311 
1 -0.7366803452524644 4.2971060028099641 0.16631319983059759 -0.98607297882160216 
1 1.6696658119228376 4.5394123196760301 0.16631319983059759 -0.98607297882160216 
1 -1.0834724701751093 6.0038859588804447 0.19911641443365924 -0.97997584332629517 
1 1.3228736870001925 6.2461922757465125 0.19911641443365924 -0.97997584332629517 
1 -1.4870104241414701 7.6981467758920843 0.2316979674771964 -0.97278777329227162 
1 0.91933573303383198 7.9404530927581503 0.2316979674771964 -0.97278777329227162 
1 -1.9468449782295545 9.378002358738101 0.2640215883308813 -0.96451677066562136 
1 0.4595011789457476 9.620308675604166 0.2640215883308813 -0.96451677066562136 
1 -2.4624642326812611 11.041582648592177 0.29605129350120035 -0.9551720429410957 
1 -0.056118075505959174 11.283888965458246 0.29605129350120035 -0.9551720429410957 
1 -3.0332941867624355 12.687035704706515 0.32775142668918888 -0.94476399291209312 
1 -0.62694802958713347 12.929342021572582 0.32775142668918888 -0.94476399291209312 
1 -3.6586993777554344 14.312529766040273 0.35908669848399644 -0.93330420708998396 
1 -1.2523532205801322 14.554836082906338 0.35908669848399644 -0.93330420708998396 
1 -0.7366803452524644 4.2971060028099641 0.16631319983059759 -0.98607297882160216 
1 0 0 1 0 
1 -1.0834724701751093 6.0038859588804447 0.19911641443365924 -0.97997584332629517 
1 0 0 1 0 
1 -1.4870104241414701 7.6981467758920843 0.2316979674771964 -0.97278777329227162 
1 0 0 1 0 
1 -1.9468449782295545 9.378002358738101 0.2640215883308813 -0.96451677066562136 
1 0 0 1 0 
1 -2.4624642326812611 11.041582648592177 0.29605129350120035 -0.9551720429410957 
1 0 0 1 0 
1 -3.0332941867624355 12.687035704706515 0.32775142668918888 -0.94476399291209312 
1 0 0 1 0 
1 -3.6586993777554344 14.312529766040273 0.35908669848399644 -0.93330420708998396 
1 0 0 1 0 
1 0 0 0 -1 
1 1.7416551312910098 0 0 -1 
1 0.17607292159825158 9.5999999999999996 0 1 
1 7.0168965664977536 -2.5 1 0 
1 1.2673210010872367 8.0059369966787255 0.35908669848399644 -0.93330420708998396 
1 0 0 1 0 
1 -1.1132756423951133 14.611027071918725 -0.92718385456678754 -0.37460659341591196 
1 0 0 0 -1 
1 3.3500000000000068 0 0 -1 
1 -1.1132756423951133 14.611027071918725 -0.92718385456678754 -0.37460659341591196 
1 0 -1 1 0 
1 0 0 1 0 
1 -1.4718599583326606 -13.929168842519498 0.98325490756395473 -0.18223552549214725 
1 0 0 1 0 
1 -2.2822285924265988 0.19542453155194864 0.98325490756395473 -0.18223552549214725 
1 0 -1 1 0 
1 -1.4718599583326606 -13.929168842519498 0.98325490756395473 -0.18223552549214725 
1 0 0 0 -1 
1 1.6348870006371541 0 0 -1 
1 -1.0628760412165668 0.19219929788031798 -0.18438021954265768 -0.98285499166530232 
1 0 -2.5 1 0 
1 -1.1840344539876406 -0.4536462872353742 0.98162718344766386 -0.19080899537654497 
1 0 -2.5 1 0 
1 -1.1840344539876406 -0.4536462872353742 0.98162718344766386 -0.19080899537654497 
1 0 0 1 0 
1 0 0 0 -1 
1 0.65711177192212666 0 0 -1 
1 -1.0628760412165668 0.19219929788031798 -0.18438021954265768 -0.98285499166530232 
1 0 0 1 0 
1 -0.95018186589135312 0.83957546646115655 -0.17149924889577578 -0.98518425059893477 
1 0 0 1 0 
1 1.1703321774136917 0.48472311386070238 -0.98628560153723155 0.16504760586067732 
1 0 0 1 -0 
1 -0.44301180766669601 -13.037081311942973 -0.16580699499478396 -0.98615822280747623 
1 1.1529657154146697 1.3298183789945379 -0.16580699499478396 -0.98615822280747623 
1 -0.42564534566767415 -13.882176577076809 -0.98628560153723155 0.16504760586067732 
1 -0.42564534566767415 -13.882176577076809 -0.98628560153723155 0.16504760586067732 
1 -0.44301180766669601 -13.037081311942973 -0.16580699499478396 -0.98615822280747623 
1 0 0 1 0 
1 -0.21169201050294659 -11.310856023114061 -0.13281607420883709 -0.99114070163209067 
1 0 0 1 0 
1 -0.038088531012921374 -9.5778746532600021 -0.099677299122554783 -0.99501981690800156 
1 0 0 1 0 
1 0.077605370905089094 -7.8400664022117716 -0.06642756068031011 -0.99779125030342075 
1 0 0 1 0 
1 0.13526090179726558 -6.0993658432097808 -0.033103873353756079 -0.99945191658677546 
1 0 0 1 0 
1 0.13481387803047679 -4.3577107692866877 0.00025666606365254597 -0.99999996706126548 
1 0 0 1 0 
1 0.076264797243181831 -2.6170400360659318 0.03361691975373704 -0.99943479162288074 
1 0 0 1 0 
1 -0.040321162208559178 -0.87929140337735234 0.066939750216404748 -0.99775701943958561 
1 0 0 1 0 
1 -0.21481421380932469 0.85360062190736319 0.10018806161207469 -0.99496851825091193 
1 0 0 1 0 
1 -0.44702010736607167 2.5797069394179091 0.13332484105772507 -0.99107239228874322 
1 0 0 1 0 
1 -0.73668034525246484 4.297106002809965 0.16631319983059753 -0.98607297882160216 
1 0 0 1 0 
1 -1.0834724701751124 6.0038859588804492 0.19911641443365924 -0.97997584332629506 
1 0 0 1 0 
1 -1.4870104241414706 7.6981467758920843 0.2316979674771964 -0.97278777329227173 
1 0 0 1 0 
1 -1.9468449782295563 9.378002358738101 0.26402158833088124 -0.96451677066562125 
1 0 0 1 0 
1 -2.4624642326812629 11.041582648592179 0.2960512935012003 -0.9551720429410957 
1 0 0 1 0 
1 -3.0332941867624403 12.687035704706517 0.32775142668918888 -0.94476399291209312 
1 0 0 1 0 
1 -3.6586993777554326 14.312529766040274 0.35908669848399638 -0.93330420708998396 
1 0 0 1 0 
1 0 0 0 -1 
1 1.7416551312910065 0 0 -1 
1 2.2704680239914468 9.5999999999999996 0 1 
1 7.0168965664977518 -2.5 1 0 
1 1.267321001087238 8.0059369966787255 0.35908669848399638 -0.93330420708998396 
1 0 0 1 0 
1 -1.1132756423951125 14.611027071918723 -0.92718385456678754 -0.3746065934159119 
1 0 0 0 -1 
1 3.350000000000001 0 0 -1 
1 -1.1132756423951125 14.611027071918723 -0.92718385456678754 -0.3746065934159119 
1 0 -1 1 0 
1 0 0 1 0 
1 -1.4718599583326668 -13.929168842519495 0.98325490756395462 -0.18223552549214728 
1 0 0 1 0 
1 -2.2822285924265997 0.19542453155195064 0.98325490756395462 -0.18223552549214728 
1 0 -1 1 0 
1 -1.4718599583326668 -13.929168842519495 0.98325490756395462 -0.18223552549214728 
1 0 0 0 -1 
1 1.6348870006371534 0 0 -1 
1 -1.0628760412165639 0.19219929788032161 -0.18438021954265765 -0.98285499166530232 
1 0 -2.5 1 0 
1 -1.1840344539876353 -0.45364628723537259 0.98162718344766398 -0.19080899537654508 
1 0 -2.5 1 0 
1 -1.1840344539876353 -0.45364628723537259 0.98162718344766398 -0.19080899537654508 
1 0 0 1 0 
1 0 0 0 -1 
1 0.65711177192212977 0 0 -1 
1 -1.0628760412165639 0.19219929788032161 -0.18438021954265765 -0.98285499166530232 
1 0 0 1 0 
1 -0.95018186589135056 0.83957546646115688 -0.17149924889577584 -0.98518425059893489 
1 0 0 1 0 
1 1.1703321774136901 0.48472311386070321 -0.98628560153723155 0.16504760586067738 
1 0 0 1 0 
1 -0.44301180766669912 -13.037081311942979 -0.16580699499478402 -0.98615822280747623 
1 1.1529657154146722 1.3298183789945361 -0.16580699499478402 -0.98615822280747623 
1 -0.42564534566768103 -13.882176577076812 -0.98628560153723155 0.16504760586067738 
1 -0.42564534566768103 -13.882176577076812 -0.98628560153723155 0.16504760586067738 
1 -0.44301180766669912 -13.037081311942979 -0.16580699499478402 -0.98615822280747623 
1 0 0 1 0 
1 -0.21169201050294312 -11.310856023114065 -0.13281607420883704 -0.99114070163209067 
1 0 0 1 0 
1 -0.038088531012923123 -9.5778746532600039 -0.099677299122554727 -0.99501981690800156 
1 0 0 1 0 
1 0.077605370905089885 -7.8400664022117761 -0.066427560680310069 -0.99779125030342086 
1 0 0 1 0 
1 0.13526090179726047 -6.0993658432097826 -0.033103873353756044 -0.99945191658677535 
1 0 0 1 0 
1 0.13481387803047812 -4.3577107692866912 0.0002566660636525972 -0.99999996706126548 
1 0 0 1 0 
1 0.076264797243181026 -2.6170400360659349 0.033616919753736936 -0.99943479162288074 
1 0 0 1 0 
1 -0.040321162208562335 -0.87929140337735812 0.066939750216404803 -0.99775701943958561 
1 0 0 1 0 
1 -0.21481421380932883 0.85360062190735708 0.10018806161207468 -0.99496851825091182 
1 0 0 1 0 
1 -0.44702010736607639 2.579706939417906 0.13332484105772499 -0.99107239228874322 
1 0 0 1 0 
1 -0.73668034525246995 4.2971060028099597 0.1663131998305975 -0.98607297882160216 
1 0 0 1 0 
1 -1.0834724701751131 6.0038859588804403 0.19911641443365916 -0.97997584332629506 
1 0 0 1 0 
1 -1.4870104241414703 7.6981467758920834 0.23169796747719637 -0.97278777329227173 
1 0 0 1 0 
1 -1.9468449782295556 9.3780023587380992 0.26402158833088119 -0.96451677066562136 
1 0 0 1 0 
1 -2.4624642326812638 11.041582648592172 0.2960512935012003 -0.9551720429410957 
1 0 0 1 0 
1 -3.0332941867624403 12.68703570470651 0.32775142668918883 -0.94476399291209301 
1 0 0 1 0 
1 -3.6586993777554384 14.312529766040267 0.35908669848399638 -0.93330420708998396 
1 0 0 1 0 
1 0 0 0 -1 
1 1.741655131291008 0 0 -1 
1 4.3648631263846429 9.5999999999999996 0 1 
1 7.016896566497751 -2.5 1 0 
1 1.2673210010872393 8.0059369966787255 0.35908669848399638 -0.93330420708998396 
1 0 0 1 0 
1 -1.1132756423951107 14.611027071918727 -0.92718385456678754 -0.3746065934159119 
1 0 0 0 -1 
1 3.350000000000009 0 0 -1 
1 -1.1132756423951107 14.611027071918727 -0.92718385456678754 -0.3746065934159119 
1 0 -1 1 0 
1 0 0 1 0 
1 -1.471859958332663 -13.9291688425195 0.98325490756395473 -0.18223552549214725 
1 0 0 1 0 
1 -2.2822285924265984 0.19542453155194883 0.98325490756395473 -0.18223552549214725 
1 0 -1 1 0 
1 -1.471859958332663 -13.9291688425195 0.98325490756395473 -0.18223552549214725 
1 0 0 0 -1 
1 1.6348870006371572 0 0 -1 
1 -1.0628760412165674 0.19219929788031848 -0.18438021954265763 -0.98285499166530232 
1 0 -2.5 1 0 
1 -1.1840344539876357 -0.45364628723537548 0.98162718344766386 -0.190808995376545 
1 0 -2.5 1 0 
1 -1.1840344539876357 -0.45364628723537548 0.98162718344766386 -0.190808995376545 
1 0 0 1 0 
1 0 0 0 -1 
1 0.65711177192212722 0 0 -1 
1 -1.0628760412165674 0.19219929788031848 -0.18438021954265763 -0.98285499166530232 
1 0 0 1 0 
1 -0.95018186589135356 0.83957546646115822 -0.17149924889577572 -0.98518425059893489 
1 0 0 1 0 
1 1.170332177413693 0.48472311386070188 -0.98628560153723155 0.16504760586067735 
1 0 0 1 0 
1 -0.44301180766669696 -13.037081311942975 -0.16580699499478391 -0.98615822280747623 
1 1.15296571541467 1.3298183789945384 -0.16580699499478391 -0.98615822280747623 
1 -0.42564534566767354 -13.882176577076812 -0.98628560153723155 0.16504760586067735 
1 -0.42564534566767354 -13.882176577076812 -0.98628560153723155 0.16504760586067735 
1 -0.44301180766669696 -13.037081311942975 -0.16580699499478391 -0.98615822280747623 
1 0 0 1 0 
1 -0.2116920105029429 -11.310856023114066 -0.13281607420883704 -0.99114070163209067 
1 0 0 1 0 
1 -0.038088531012920382 -9.5778746532600056 -0.099677299122554741 -0.99501981690800156 
1 0 0 1 0 
1 0.077605370905090829 -7.8400664022117752 -0.066427560680310069 -0.99779125030342075 
1 0 0 1 0 
1 0.1352609017972646 -6.0993658432097817 -0.03310387335375601 -0.99945191658677546 
1 0 0 1 0 
1 0.13481387803047748 -4.3577107692866894 0.00025666606365263114 -0.99999996706126548 
1 0 0 1 0 
1 0.07626479724318444 -2.6170400360659332 0.033616919753737054 -0.99943479162288063 
1 0 0 1 0 
1 -0.040321162208559774 -0.87929140337735467 0.066939750216404803 -0.99775701943958561 
1 0 0 1 0 
1 -0.21481421380932583 0.85360062190736075 0.10018806161207473 -0.99496851825091193 
1 0 0 1 0 
1 -0.44702010736607239 2.5797069394179086 0.1333248410577251 -0.99107239228874311 
1 0 0 1 0 
2 0 0 1 0 -0 1 48
1 0 0.89999999999999991 1 0 
1 -0.44301180766669601 -13.037081311942973 -0.16580699499478396 -0.98615822280747623 
1 1.963334349508608 -12.794774995076908 -0.16580699499478396 -0.98615822280747623 
1 -0.21169201050294659 -11.310856023114061 -0.13281607420883709 -0.99114070163209067 
1 2.1946541466723573 -11.068549706247996 -0.13281607420883709 -0.99114070163209067 
1 -0.038088531012921374 -9.5778746532600021 -0.099677299122554783 -0.99501981690800156 
1 2.3682576261623827 -9.335568336393937 -0.099677299122554783 -0.99501981690800156 
1 0.077605370905089094 -7.8400664022117716 -0.06642756068031011 -0.99779125030342075 
1 2.483951528080393 -7.5977600853457066 -0.06642756068031011 -0.99779125030342075 
1 0.13526090179726558 -6.0993658432097808 -0.033103873353756079 -0.99945191658677546 
1 2.541607058972569 -5.8570595263437157 -0.033103873353756079 -0.99945191658677546 
1 0.13481387803047679 -4.3577107692866877 0.00025666606365254597 -0.99999996706126548 
1 2.5411600352057806 -4.1154044524206226 0.00025666606365254597 -0.99999996706126548 
1 0.076264797243181831 -2.6170400360659318 0.03361691975373704 -0.99943479162288074 
1 2.4826109544184858 -2.3747337191998668 0.03361691975373704 -0.99943479162288074 
1 -0.040321162208559178 -0.87929140337735234 0.066939750216404748 -0.99775701943958561 
1 2.3660249949667445 -0.63698508651128716 0.066939750216404748 -0.99775701943958561 
1 -0.21481421380932469 0.85360062190736319 0.10018806161207469 -0.99496851825091193 
1 2.191531943365979 1.0959069387734284 0.10018806161207469 -0.99496851825091193 
1 -0.44702010736607167 2.5797069394179091 0.13332484105772507 -0.99107239228874322 
1 1.9593260498092322 2.8220132562839741 0.13332484105772507 -0.99107239228874322 
1 -0.73668034525246484 4.297106002809965 0.16631319983059753 -0.98607297882160216 
1 1.6696658119228389 4.5394123196760301 0.16631319983059753 -0.98607297882160216 
1 -1.0834724701751124 6.0038859588804492 0.19911641443365924 -0.97997584332629506 
1 1.3228736870001914 6.2461922757465143 0.19911641443365924 -0.97997584332629506 
1 -1.4870104241414706 7.6981467758920843 0.2316979674771964 -0.97278777329227173 
1 0.91933573303383342 7.9404530927581494 0.2316979674771964 -0.97278777329227173 
1 -1.9468449782295563 9.378002358738101 0.26402158833088124 -0.96451677066562125 
1 0.45950117894574782 9.620308675604166 0.26402158833088124 -0.96451677066562125 
1 -2.4624642326812629 11.041582648592179 0.2960512935012003 -0.9551720429410957 
1 -0.056118075505958917 11.283888965458246 0.2960512935012003 -0.9551720429410957 
1 -3.0332941867624403 12.687035704706517 0.32775142668918888 -0.94476399291209312 
1 -0.62694802958713625 12.929342021572582 0.32775142668918888 -0.94476399291209312 
1 -3.6586993777554326 14.312529766040274 0.35908669848399638 -0.93330420708998396 
1 -1.2523532205801284 14.554836082906339 0.35908669848399638 -0.93330420708998396 
1 -0.44301180766669912 -13.037081311942979 -0.16580699499478402 -0.98615822280747623 
1 1.9633343495086053 -12.794774995076908 -0.16580699499478402 -0.98615822280747623 
1 -0.21169201050294312 -11.310856023114065 -0.13281607420883704 -0.99114070163209067 
1 2.1946541466723613 -11.068549706247994 -0.13281607420883704 -0.99114070163209067 
1 -0.038088531012923123 -9.5778746532600039 -0.099677299122554727 -0.99501981690800156 
1 2.3682576261623818 -9.3355683363939335 -0.099677299122554727 -0.99501981690800156 
1 0.077605370905089885 -7.8400664022117761 -0.066427560680310069 -0.99779125030342086 
1 2.4839515280803943 -7.5977600853457048 -0.066427560680310069 -0.99779125030342086 
1 0.13526090179726047 -6.0993658432097826 -0.033103873353756044 -0.99945191658677535 
1 2.541607058972565 -5.8570595263437122 -0.033103873353756044 -0.99945191658677535 
1 0.13481387803047812 -4.3577107692866912 0.0002566660636525972 -0.99999996706126548 
1 2.5411600352057824 -4.1154044524206199 0.0002566660636525972 -0.99999996706126548 
1 0.076264797243181026 -2.6170400360659349 0.033616919753736936 -0.99943479162288074 
1 2.4826109544184853 -2.3747337191998641 0.033616919753736936 -0.99943479162288074 
1 -0.040321162208562335 -0.87929140337735812 0.066939750216404803 -0.99775701943958561 
1 2.3660249949667422 -0.63698508651128705 0.066939750216404803 -0.99775701943958561 
1 -0.21481421380932883 0.85360062190735708 0.10018806161207468 -0.99496851825091182 
1 2.1915319433659755 1.0959069387734282 0.10018806161207468 -0.99496851825091182 
1 -0.44702010736607639 2.579706939417906 0.13332484105772499 -0.99107239228874322 
1 1.9593260498092282 2.8220132562839768 0.13332484105772499 -0.99107239228874322 
1 -0.73668034525246995 4.2971060028099597 0.1663131998305975 -0.98607297882160216 
1 1.6696658119228347 4.5394123196760301 0.1663131998305975 -0.98607297882160216 
1 -1.0834724701751131 6.0038859588804403 0.19911641443365916 -0.97997584332629506 
1 1.3228736870001911 6.2461922757465107 0.19911641443365916 -0.97997584332629506 
1 -1.4870104241414703 7.6981467758920834 0.23169796747719637 -0.97278777329227173 
1 0.91933573303383354 7.9404530927581547 0.23169796747719637 -0.97278777329227173 
1 -1.9468449782295556 9.3780023587380992 0.26402158833088119 -0.96451677066562136 
1 0.45950117894574916 9.6203086756041696 0.26402158833088119 -0.96451677066562136 
1 -2.4624642326812638 11.041582648592172 0.2960512935012003 -0.9551720429410957 
1 -0.056118075505959611 11.283888965458242 0.2960512935012003 -0.9551720429410957 
1 -3.0332941867624403 12.68703570470651 0.32775142668918883 -0.94476399291209301 
1 -0.62694802958713591 12.929342021572582 0.32775142668918883 -0.94476399291209301 
1 -3.6586993777554384 14.312529766040267 0.35908669848399638 -0.93330420708998396 
1 -1.2523532205801342 14.554836082906338 0.35908669848399638 -0.93330420708998396 
1 6.2831853071795862 -0 0 1 
1 0 -0 0 1 
1 3.1415926535897936 2 0 1 
1 6.2831853071795862 -0 0 1 
1 0 -0 0 1 
1 -1.2007842576009744 -12.316911583480119 -0.16580699499479043 -0.98615822280747512 
1 0 -1 1 0 
1 -0.98364498440128623 -10.696508534579419 -0.13281607420883509 -0.99114070163209089 
1 0 -1 1 0 
1 -0.82068386380720271 -9.0697635705401662 -0.099677299122553076 -0.99501981690800179 
1 0 -1 1 0 
1 -0.71208230836692887 -7.4384876260696053 -0.066427560680309181 -0.99779125030342097 
1 0 -1 1 0 
1 -0.65796121615013503 -5.8044966798799953 -0.03310387335375712 -0.99945191658677524 
1 0 -1 1 0 
1 -0.65838083616110543 -4.1696097330939494 0.00025666606365432672 -0.99999996706126548 
1 0 -1 1 0 
1 -0.71334070126795046 -2.5356467842851949 0.033616919753735715 -0.99943479162288074 
1 0 -1 1 0 
1 -0.82277962872264876 -0.90442680340894244 0.066939750216403929 -0.9977570194395855 
1 0 -1 1 0 
1 -0.98657578827126646 0.72223429312268594 0.10018806161207598 -0.99496851825091182 
1 0 -1 1 0 
1 -1.2045468377785544 2.3425256639659215 0.13332484105772585 -0.99107239228874311 
1 0 -1 1 0 
1 -1.4764501262159686 3.9546435587209161 0.16631319983059806 -0.98607297882160205 
1 0 -1 1 0 
1 -1.8019829637870373 5.556793325913512 0.19911641443365752 -0.9799758433262955 
1 0 -1 1 0 
1 -2.18078295888956 7.1471914108478112 0.23169796747719637 -0.97278777329227173 
1 0 -1 1 0 
1 -2.6124284215392946 8.7240673411055649 0.26402158833088146 -0.96451677066562125 
1 0 -1 1 0 
1 -3.0964388328062142 10.285665697482001 0.29605129350119708 -0.9551720429410967 
1 0 -1 1 0 
1 -3.6322753797406548 11.830248068164032 0.32775142668919072 -0.94476399291209245 
1 0 -1 1 0 
1 -4.2193415551938571 13.356094983975416 0.3590866984839981 -0.9333042070899833 
1 0 -1 1 0 
1 0 0 0 -1 
1 1.7416551312910113 0 0 -1 
1 6.2590586969314295 9.5999999999999996 0 1 
1 2.0992521821668917 -2.5 1 0 
1 2.0187991595903818 2.4693964671089752 0.16631319983059759 -0.98607297882160205 
1 0 0 0 -1 
1 1.7416551312910136 0 0 -1 
1 0.0092399783929111353 9.5999999999999996 0 1 
1 2.9288558388493828 -2.5 1 0 
1 1.9060569600249704 3.3759843050889446 0.19911641443365924 -0.97997584332629517 
1 0 0 0 -1 
1 1.7416551312910094 0 0 -1 
1 0.042606567033979234 9.5999999999999996 0 1 
1 3.7556837311314162 -2.5 1 0 
1 1.7895200200241599 4.2869698787608108 0.2316979674771964 -0.97278777329227162 
1 0 0 0 -1 
1 1.7416551312910129 0 0 -1 
1 0.075973155675047255 9.5999999999999996 0 1 
1 4.5788154127475096 -2.5 1 0 
1 1.6684072968932675 5.2039644202269653 0.2640215883308813 -0.96451677066562136 
1 0 0 0 -1 
1 1.741655131291012 0 0 -1 
1 0.10933974431611534 9.5999999999999996 0 1 
1 5.3973345521497871 -2.5 1 0 
1 1.5417698001167113 6.1285058948447695 0.29605129350120035 -0.9551720429410957 
1 0 0 0 -1 
1 1.7416551312910153 0 0 -1 
1 0.14270633295718341 9.5999999999999996 0 1 
1 6.2103299525920912 -2.5 1 0 
1 1.4084964725855291 7.0620458982601093 0.32775142668918888 -0.94476399291209312 
1 0 0 1 0 
1 -1.2007842576009744 -12.316911583480119 -0.16580699499479043 -0.98615822280747512 
1 0 0 1 0 
1 -0.98364498440128623 -10.696508534579419 -0.13281607420883509 -0.99114070163209089 
1 0 0 1 0 
1 -0.82068386380720271 -9.0697635705401662 -0.099677299122553076 -0.99501981690800179 
1 0 0 1 0 
1 -0.71208230836692887 -7.4384876260696053 -0.066427560680309181 -0.99779125030342097 
1 0 0 1 0 
1 -0.65796121615013503 -5.8044966798799953 -0.03310387335375712 -0.99945191658677524 
1 0 0 1 0 
1 -0.65838083616110543 -4.1696097330939494 0.00025666606365432672 -0.99999996706126548 
1 0 0 1 0 
1 -0.71334070126795046 -2.5356467842851949 0.033616919753735715 -0.99943479162288074 
1 0 0 1 0 
1 -0.82277962872264876 -0.90442680340894244 0.066939750216403929 -0.9977570194395855 
1 0 0 1 0 
1 -0.98657578827126646 0.72223429312268594 0.10018806161207598 -0.99496851825091182 
1 0 0 1 0 
1 -1.2045468377785544 2.3425256639659215 0.13332484105772585 -0.99107239228874311 
1 0 0 1 0 
1 -1.4764501262159686 3.9546435587209161 0.16631319983059806 -0.98607297882160205 
1 0 0 1 0 
1 -1.8019829637870373 5.556793325913512 0.19911641443365752 -0.9799758433262955 
1 0 0 1 0 
1 -2.18078295888956 7.1471914108478112 0.23169796747719637 -0.97278777329227173 
1 0 0 1 0 
1 -2.6124284215392946 8.7240673411055649 0.26402158833088146 -0.96451677066562125 
1 0 0 1 0 
1 -3.0964388328062142 10.285665697482001 0.29605129350119708 -0.9551720429410967 
1 0 0 1 0 
1 -3.6322753797406548 11.830248068164032 0.32775142668919072 -0.94476399291209245 
1 0 0 1 0 
1 -4.2193415551938571 13.356094983975416 0.3590866984839981 -0.9333042070899833 
1 1.2677962974024144 -2.5 1 0 
1 2.1283547896539803 1.5655353468825535 0.1333248410577251 -0.99107239228874311 
1 0.43541378282275556 -2.5 1 0 
1 2.2351552062661679 0.66268393245224588 0.10018806161207473 -0.99496851825091193 
1 -0.39696873175690744 -2.5 1 0 
1 2.3394520072192058 -0.24090674790280409 0.066939750216404803 -0.99775701943958561 
1 -1.2284246165213917 -2.5 1 0 
1 2.4413151026613731 -1.1470034185623923 0.033616919753737054 -0.99943479162288063 
1 -2.0580282732038762 -2.5 1 0 
1 2.5406318091900015 -2.057376247005593 0.00025666606365263114 -0.99999996706126548 
1 -2.8848561654859077 -2.5 1 0 
1 2.6371069721186138 -2.9737845026716494 -0.03310387335375601 -0.99945191658677546 
1 -3.7079878471020051 -2.5 1 0 
1 2.7302641157956069 -3.8979622552759077 -0.066427560680310069 -0.99779125030342075 
1 -4.5265069865042831 -2.5 1 0 
1 2.8194476170364999 -4.8316041834496541 -0.099677299122554741 -0.99501981690800156 
1 -5.3395023869465685 -2.5 1 0 
1 2.9038258919353144 -5.7763515640835523 -0.13281607420883704 -0.99114070163209067 
1 -6.146069000852262 -2.5 1 0 
1 2.9823955815705157 -6.7337785119443234 -0.16580699499478391 -0.98615822280747623 
1 0 -2.5 1 0 
1 1.9807008115076286 -13.639870260210747 -0.98628560153723155 0.16504760586067735 
1 -0.13981323179741839 -13.285017907610291 -0.17149924889577572 -0.98518425059893489 
1 0 -2.5 1 0 
1 -0.25250740712263209 -13.93239407619113 -0.18438021954265763 -0.98285499166530232 
1 0 -2.5 1 0 
1 0 0 0 -1 
1 1.6348870006371576 0 0 -1 
1 0 0 1 0 
1 -1.2007842576009711 -12.316911583480119 -0.16580699499479049 -0.98615822280747512 
1 0 0 1 0 
1 -0.98364498440128789 -10.696508534579417 -0.13281607420883518 -0.99114070163209089 
1 0 0 1 0 
1 -0.8206838638072026 -9.0697635705401645 -0.099677299122553117 -0.99501981690800179 
1 0 0 1 0 
1 -0.71208230836692554 -7.4384876260696053 -0.066427560680309236 -0.99779125030342097 
1 0 0 1 0 
1 -0.65796121615013203 -5.804496679879998 -0.033103873353757189 -0.99945191658677535 
1 0 0 1 0 
1 -0.65838083616110599 -4.1696097330939486 0.00025666606365429013 -0.99999996706126548 
1 0 0 1 0 
1 -0.71334070126794824 -2.5356467842851935 0.033616919753735673 -0.99943479162288063 
1 0 0 1 0 
1 -0.82277962872264798 -0.90442680340894221 0.066939750216403859 -0.99775701943958561 
1 0 0 1 0 
1 -0.98657578827126435 0.72223429312268461 0.100188061612076 -0.99496851825091182 
1 0 0 1 0 
1 -1.2045468377785542 2.3425256639659233 0.13332484105772582 -0.99107239228874311 
1 0 0 1 0 
1 -1.4764501262159695 3.9546435587209157 0.16631319983059803 -0.98607297882160216 
1 0 0 1 0 
1 -1.8019829637870357 5.5567933259135138 0.19911641443365749 -0.97997584332629539 
1 0 0 1 0 
1 -2.1807829588895573 7.1471914108478103 0.2316979674771964 -0.97278777329227173 
1 0 0 1 0 
1 -2.6124284215392946 8.7240673411055667 0.26402158833088146 -0.96451677066562136 
1 0 0 1 0 
1 -3.0964388328062165 10.285665697481999 0.29605129350119697 -0.95517204294109659 
1 0 0 1 0 
1 -3.6322753797406517 11.830248068164032 0.32775142668919072 -0.94476399291209245 
1 0 0 1 0 
1 -4.2193415551938527 13.356094983975421 0.35908669848399805 -0.9333042070899833 
1 6.2103299525920912 -2.5 1 0 
1 1.4084964725855327 7.0620458982601093 0.32775142668918888 -0.94476399291209312 
1 5.3973345521497915 -2.5 1 0 
1 1.5417698001167108 6.1285058948447695 0.2960512935012003 -0.9551720429410957 
1 4.5788154127475087 -2.5 1 0 
1 1.6684072968932704 5.2039644202269661 0.26402158833088124 -0.96451677066562125 
1 3.7556837311314171 -2.5 1 0 
1 1.7895200200241586 4.2869698787608117 0.2316979674771964 -0.97278777329227173 
1 2.9288558388493824 -2.5 1 0 
1 1.9060569600249688 3.3759843050889478 0.19911641443365924 -0.97997584332629506 
1 2.0992521821668908 -2.5 1 0 
1 2.0187991595903845 2.4693964671089756 0.16631319983059753 -0.98607297882160216 
1 1.2677962974024151 -2.5 1 0 
1 2.1283547896539816 1.5655353468825517 0.13332484105772507 -0.99107239228874322 
1 0.43541378282275683 -2.5 1 0 
1 2.2351552062661693 0.66268393245224533 0.10018806161207469 -0.99496851825091193 
1 -0.39696873175690767 -2.5 1 0 
1 2.3394520072192089 -0.24090674790280339 0.066939750216404748 -0.99775701943958561 
1 -1.2284246165213908 -2.5 1 0 
1 2.4413151026613744 -1.1470034185623932 0.03361691975373704 -0.99943479162288074 
1 -2.0580282732038766 -2.5 1 0 
1 2.5406318091900042 -2.0573762470055939 0.00025666606365254597 -0.99999996706126548 
1 -2.8848561654859095 -2.5 1 0 
1 2.6371069721186111 -2.973784502671649 -0.033103873353756079 -0.99945191658677546 
1 -3.7079878471020069 -2.5 1 0 
1 2.7302641157956069 -3.8979622552759068 -0.06642756068031011 -0.99779125030342075 
1 -4.5265069865042822 -2.5 1 0 
1 2.8194476170364977 -4.8316041834496541 -0.099677299122554783 -0.99501981690800156 
1 -5.3395023869465685 -2.5 1 0 
1 2.9038258919353175 -5.7763515640835514 -0.13281607420883709 -0.99114070163209067 
1 -6.1460690008522612 -2.5 1 0 
1 2.9823955815705165 -6.7337785119443225 -0.16580699499478396 -0.98615822280747623 
1 0 -2.5 1 -0 
1 1.9807008115076299 -13.639870260210744 -0.98628560153723155 0.16504760586067732 
1 -0.13981323179741462 -13.285017907610291 -0.17149924889577578 -0.98518425059893477 
1 0 -2.5 1 0 
1 -0.25250740712262792 -13.932394076191128 -0.18438021954265768 -0.98285499166530232 
1 0 -2.5 1 0 
1 -1.2007842576009711 -12.316911583480119 -0.16580699499479049 -0.98615822280747512 
1 0 -1 1 0 
1 -0.98364498440128789 -10.696508534579417 -0.13281607420883518 -0.99114070163209089 
1 0 -1 1 0 
1 -0.8206838638072026 -9.0697635705401645 -0.099677299122553117 -0.99501981690800179 
1 0 -1 1 0 
1 -0.71208230836692554 -7.4384876260696053 -0.066427560680309236 -0.99779125030342097 
1 0 -1 1 0 
1 -0.65796121615013203 -5.804496679879998 -0.033103873353757189 -0.99945191658677535 
1 0 -1 1 0 
1 -0.65838083616110599 -4.1696097330939486 0.00025666606365429013 -0.99999996706126548 
1 0 -1 1 0 
1 -0.71334070126794824 -2.5356467842851935 0.033616919753735673 -0.99943479162288063 
1 0 -1 1 0 
1 -0.82277962872264798 -0.90442680340894221 0.066939750216403859 -0.99775701943958561 
1 0 -1 1 0 
1 -0.98657578827126435 0.72223429312268461 0.100188061612076 -0.99496851825091182 
1 0 -1 1 0 
1 -1.2045468377785542 2.3425256639659233 0.13332484105772582 -0.99107239228874311 
1 0 -1 1 0 
1 -1.4764501262159695 3.9546435587209157 0.16631319983059803 -0.98607297882160216 
1 0 -1 1 0 
1 -1.8019829637870357 5.5567933259135138 0.19911641443365749 -0.97997584332629539 
1 0 -1 1 0 
1 -2.1807829588895573 7.1471914108478103 0.2316979674771964 -0.97278777329227173 
1 0 -1 1 0 
1 -2.6124284215392946 8.7240673411055667 0.26402158833088146 -0.96451677066562136 
1 0 -1 1 0 
1 -3.0964388328062165 10.285665697481999 0.29605129350119697 -0.95517204294109659 
1 0 -1 1 0 
1 -3.6322753797406517 11.830248068164032 0.32775142668919072 -0.94476399291209245 
1 0 -1 1 0 
1 -4.2193415551938527 13.356094983975421 0.35908669848399805 -0.9333042070899833 
1 0 -1 1 0 
1 0 0 0 -1 
1 1.6348870006371623 0 0 -1 
1 0 0 0 -1 
1 0.65711177192212611 0 0 -1 
1 2.1499999999999964 -0 0 -1 
1 0 0 0 -1 
1 0.83063924519542165 0 0 1 
1 0.15724883231376183 -0 0 1 
1 0 0 0 -1 
1 1.7416551312910205 0 0 -1 
1 1.7699691943754257 9.5999999999999996 0 1 
1 0 0 0 -1 
1 1.7416551312910067 0 0 -1 
1 1.803335783016494 9.5999999999999996 0 1 
1 0 0 0 -1 
1 1.7416551312910151 0 0 -1 
1 1.8367023716575619 9.5999999999999996 0 1 
1 0 0 0 -1 
1 1.7416551312910091 0 0 -1 
1 1.87006896029863 9.5999999999999996 0 1 
1 0 0 0 -1 
1 1.7416551312910096 0 0 -1 
1 1.9034355489396981 9.5999999999999996 0 1 
1 0 0 0 -1 
1 1.7416551312910142 0 0 -1 
1 1.936802137580766 9.5999999999999996 0 1 
1 0 0 0 -1 
1 1.7416551312910113 0 0 -1 
1 1.9701687262218341 9.5999999999999996 0 1 
1 0 0 0 -1 
1 1.7416551312910113 0 0 -1 
1 2.0035353148629023 9.5999999999999996 0 1 
1 0 0 0 -1 
1 1.7416551312910096 0 0 -1 
1 2.0369019035039702 9.5999999999999996 0 1 
1 0 0 0 -1 
1 1.7416551312910116 0 0 -1 
1 2.0702684921450385 9.5999999999999996 0 1 
1 0 0 0 -1 
1 1.741655131291014 0 0 -1 
1 2.1036350807861064 9.5999999999999996 0 1 
1 0 0 0 -1 
1 1.7416551312910054 0 0 -1 
1 2.1370016694271747 9.5999999999999996 0 1 
1 0 0 0 -1 
1 1.7416551312910136 0 0 -1 
1 2.1703682580682426 9.5999999999999996 0 1 
1 0 0 0 -1 
1 1.7416551312910131 0 0 -1 
1 2.2037348467093105 9.5999999999999996 0 1 
1 0 0 0 -1 
1 1.7416551312910169 0 0 -1 
1 2.2371014353503789 9.5999999999999996 0 1 
1 0 0 0 -1 
1 1.6348870006371579 0 0 -1 
1 0 0 1 0 
1 -1.200784257600974 -12.316911583480115 -0.16580699499479046 -0.98615822280747512 
1 0 0 1 0 
1 -0.98364498440128623 -10.696508534579417 -0.13281607420883509 -0.99114070163209089 
1 0 0 1 0 
1 -0.82068386380720126 -9.0697635705401662 -0.099677299122553159 -0.99501981690800179 
1 0 0 1 0 
1 -0.71208230836692854 -7.4384876260696009 -0.066427560680309194 -0.99779125030342097 
1 0 0 1 0 
1 -0.65796121615013259 -5.8044966798799935 -0.03310387335375721 -0.99945191658677535 
1 0 0 1 0 
1 -0.65838083616110543 -4.1696097330939468 0.0002566660636542942 -0.99999996706126537 
1 0 0 1 0 
1 -0.71334070126794868 -2.53564678428519 0.033616919753735666 -0.99943479162288074 
1 0 0 1 0 
1 -0.82277962872264687 -0.90442680340893977 0.066939750216403943 -0.99775701943958561 
1 0 0 1 0 
1 -0.98657578827126469 0.72223429312268728 0.10018806161207597 -0.99496851825091182 
1 0 0 1 0 
1 -1.204546837778552 2.342525663965926 0.13332484105772577 -0.99107239228874311 
1 0 0 1 0 
1 -1.4764501262159686 3.9546435587209152 0.16631319983059797 -0.98607297882160205 
1 0 0 1 0 
1 -1.8019829637870377 5.5567933259135147 0.19911641443365746 -0.9799758433262955 
1 0 0 1 0 
1 -2.1807829588895578 7.147191410847813 0.23169796747719631 -0.97278777329227173 
1 0 0 1 0 
1 -2.6124284215392968 8.7240673411055649 0.26402158833088141 -0.96451677066562125 
1 0 0 1 0 
1 -3.096438832806216 10.285665697482003 0.29605129350119697 -0.9551720429410967 
1 0 0 1 0 
1 -3.6322753797406522 11.830248068164035 0.32775142668919072 -0.94476399291209234 
1 0 0 1 0 
1 -4.2193415551938571 13.356094983975419 0.35908669848399799 -0.9333042070899833 
1 6.2103299525920903 -2.5 1 0 
1 1.4084964725855313 7.0620458982601111 0.32775142668918883 -0.94476399291209301 
1 5.3973345521497871 -2.5 1 0 
1 1.5417698001167097 6.1285058948447713 0.2960512935012003 -0.9551720429410957 
1 4.5788154127475131 -2.5 1 0 
1 1.6684072968932666 5.2039644202269644 0.26402158833088124 -0.96451677066562136 
1 3.7556837311314184 -2.5 1 0 
1 1.7895200200241566 4.2869698787608117 0.23169796747719637 -0.97278777329227173 
1 2.9288558388493806 -2.5 1 0 
1 1.9060569600249726 3.3759843050889478 0.19911641443365916 -0.97997584332629506 
1 2.0992521821668877 -2.5 1 0 
1 2.0187991595903854 2.4693964671089783 0.16631319983059761 -0.98607297882160216 
1 1.2677962974024164 -2.5 1 0 
1 2.1283547896539781 1.565535346882553 0.13332484105772499 -0.99107239228874322 
1 0.43541378282275456 -2.5 1 0 
1 2.2351552062661666 0.66268393245224755 0.10018806161207468 -0.99496851825091182 
1 -0.39696873175690717 -2.5 1 0 
1 2.3394520072192035 -0.24090674790280509 0.066939750216404803 -0.99775701943958561 
1 -1.2284246165213961 -2.5 1 0 
1 2.4413151026613744 -1.1470034185623881 0.033616919753736936 -0.99943479162288074 
1 -2.0580282732038788 -2.5 1 0 
1 2.5406318091900029 -2.0573762470055876 0.0002566660636525972 -0.99999996706126548 
1 -2.8848561654859051 -2.5 1 0 
1 2.6371069721186107 -2.9737845026716485 -0.033103873353756044 -0.99945191658677535 
1 -3.7079878471020078 -2.5 1 0 
1 2.7302641157956073 -3.8979622552759023 -0.066427560680310069 -0.99779125030342086 
1 -4.526506986504284 -2.5 1 0 
1 2.819447617036499 -4.8316041834496515 -0.099677299122554727 -0.99501981690800156 
1 -5.3395023869465676 -2.5 1 0 
1 2.9038258919353144 -5.7763515640835505 -0.13281607420883704 -0.99114070163209067 
1 -6.1460690008522638 -2.5 1 0 
1 2.982395581570513 -6.7337785119443199 -0.16580699499478402 -0.98615822280747623 
1 0 -2.5 1 0 
1 1.9807008115076234 -13.639870260210742 -0.98628560153723155 0.16504760586067738 
1 -0.13981323179741786 -13.285017907610287 -0.17149924889577584 -0.98518425059893489 
1 0 -2.5 1 0 
1 -0.2525074071226307 -13.932394076191123 -0.18438021954265765 -0.98285499166530232 
1 0 -2.5 1 0 
1 -1.200784257600974 -12.316911583480115 -0.16580699499479046 -0.98615822280747512 
1 0 -1 1 0 
1 -0.98364498440128623 -10.696508534579417 -0.13281607420883509 -0.99114070163209089 
1 0 -1 1 0 
1 -0.82068386380720126 -9.0697635705401662 -0.099677299122553159 -0.99501981690800179 
1 0 -1 1 0 
1 -0.71208230836692854 -7.4384876260696009 -0.066427560680309194 -0.99779125030342097 
1 0 -1 1 0 
1 -0.65796121615013259 -5.8044966798799935 -0.03310387335375721 -0.99945191658677535 
1 0 -1 1 0 
1 -0.65838083616110543 -4.1696097330939468 0.0002566660636542942 -0.99999996706126537 
1 0 -1 1 0 
1 -0.71334070126794868 -2.53564678428519 0.033616919753735666 -0.99943479162288074 
1 0 -1 1 0 
1 -0.82277962872264687 -0.90442680340893977 0.066939750216403943 -0.99775701943958561 
1 0 -1 1 0 
1 -0.98657578827126469 0.72223429312268728 0.10018806161207597 -0.99496851825091182 
1 0 -1 1 0 
1 -1.204546837778552 2.342525663965926 0.13332484105772577 -0.99107239228874311 
1 0 -1 1 0 
1 -1.4764501262159686 3.9546435587209152 0.16631319983059797 -0.98607297882160205 
1 0 -1 1 0 
1 -1.8019829637870377 5.5567933259135147 0.19911641443365746 -0.9799758433262955 
1 0 -1 1 0 
1 -2.1807829588895578 7.147191410847813 0.23169796747719631 -0.97278777329227173 
1 0 -1 1 0 
1 -2.6124284215392968 8.7240673411055649 0.26402158833088141 -0.96451677066562125 
1 0 -1 1 0 
1 -3.096438832806216 10.285665697482003 0.29605129350119697 -0.9551720429410967 
1 0 -1 1 0 
1 -3.6322753797406522 11.830248068164035 0.32775142668919072 -0.94476399291209234 
1 0 -1 1 0 
1 -4.2193415551938571 13.356094983975419 0.35908669848399799 -0.9333042070899833 
1 0 -1 1 0 
1 0 0 0 -1 
1 1.6348870006371607 0 0 -1 
1 0 0 0 -1 
1 0.65711177192212289 0 0 -1 
1 2.1499999999999928 0 0 -1 
1 0 0 0 -1 
1 0.83063924519541665 0 0 1 
1 0.15724883231375703 0 0 1 
1 0 0 0 -1 
1 1.7416551312910229 0 0 -1 
1 3.8643642967686214 9.5999999999999996 0 1 
1 0 0 0 -1 
1 1.7416551312910076 0 0 -1 
1 3.8977308854096897 9.5999999999999996 0 1 
1 0 0 0 -1 
1 1.7416551312910138 0 0 -1 
1 3.9310974740507576 9.5999999999999996 0 1 
1 0 0 0 -1 
1 1.7416551312910109 0 0 -1 
1 3.9644640626918255 9.5999999999999996 0 1 
1 0 0 0 -1 
1 1.7416551312910089 0 0 -1 
1 3.9978306513328938 9.5999999999999996 0 1 
1 0 0 0 -1 
1 1.7416551312910149 0 0 -1 
1 4.0311972399739613 9.5999999999999996 0 1 
1 0 0 0 -1 
1 1.7416551312910062 0 0 -1 
1 4.0645638286150305 9.5999999999999996 0 1 
1 0 0 0 -1 
1 1.7416551312910142 0 0 -1 
1 4.097930417256098 9.5999999999999996 0 1 
1 0 0 0 -1 
1 1.7416551312910129 0 0 -1 
1 4.1312970058971654 9.5999999999999996 0 1 
1 0 0 0 -1 
1 1.7416551312910107 0 0 -1 
1 4.1646635945382346 9.5999999999999996 0 1 
1 0 0 0 -1 
1 1.7416551312910122 0 0 -1 
1 4.1980301831793021 9.5999999999999996 0 1 
1 0 0 0 -1 
1 1.7416551312910127 0 0 -1 
1 4.2313967718203696 9.5999999999999996 0 1 
1 0 0 0 -1 
1 1.7416551312910122 0 0 -1 
1 4.2647633604614388 9.5999999999999996 0 1 
1 0 0 0 -1 
1 1.7416551312910082 0 0 -1 
1 4.2981299491025062 9.5999999999999996 0 1 
1 0 0 0 -1 
1 1.741655131291018 0 0 -1 
1 4.3314965377435746 9.5999999999999996 0 1 
1 0 0 0 -1 
1 1.6348870006371581 0 0 -1 
1 0 0 0 -1 
1 1.6348870006371601 0 0 -1 
1 0 0 0 -1 
1 0.65711177192212722 0 0 -1 
1 2.149999999999999 0 0 -1 
1 0 0 0 -1 
1 0.83063924519542309 0 -0 1 
1 0.15724883231376149 0 0 1 
1 0 0 0 -1 
1 1.7416551312910165 0 0 -1 
1 5.9587593991618171 9.5999999999999996 0 1 
1 0 0 0 -1 
1 1.7416551312910062 0 0 -1 
1 5.9921259878028845 9.5999999999999996 0 1 
1 0 0 0 -1 
1 1.7416551312910151 0 0 -1 
1 6.0254925764439529 9.5999999999999996 0 1 
1 0 0 0 -1 
1 1.7416551312910102 0 0 -1 
1 6.0588591650850212 9.5999999999999996 0 1 
1 0 0 0 -1 
1 1.7416551312910094 0 0 -1 
1 6.0922257537260887 9.5999999999999996 0 1 
1 0 0 0 -1 
1 1.7416551312910142 0 0 -1 
1 6.125592342367157 9.5999999999999996 0 1 
1 0 0 0 -1 
1 1.7416551312910105 0 0 -1 
1 6.1589589310082253 9.5999999999999996 0 1 
1 0 0 0 -1 
1 1.7416551312910109 0 0 -1 
1 6.1923255196492928 9.5999999999999996 0 1 
1 0 0 0 -1 
1 1.7416551312910113 0 0 -1 
1 6.2256921082903611 9.5999999999999996 0 1 
1 0 0 0 -1 
1 1.6348870006371543 0 0 -1 
1 0 0 0 -1 
1 1.6348870006371585 0 0 -1 
1 0 0 0 -1 
1 1.6348870006371561 0 0 -1 
1 0 0 0 -1 
1 1.6348870006371554 0 0 -1 
1 0 0 0 -1 
1 1.6348870006371579 0 0 -1 
1 0 0 0 -1 
1 1.6348870006371559 0 0 -1 
1 0 0 0 -1 
1 1.6348870006371559 0 0 -1 
1 0 0 0 -1 
1 1.6348870006371572 0 0 -1 
1 0 0 0 -1 
1 1.6348870006371556 0 0 -1 
1 0 0 0 -1 
1 1.6348870006371579 0 0 -1 
1 0 0 0 -1 
1 1.634887000637155 0 0 -1 
1 0 0 0 -1 
1 1.6348870006371581 0 0 -1 
1 0 0 0 -1 
1 1.6348870006371554 0 0 -1 
1 0 0 0 -1 
1 1.6348870006371565 0 0 -1 
1 0 0 0 -1 
1 1.634887000637153 0 0 -1 
1 0 0 0 -1 
1 1.6348870006371565 0 0 -1 
1 0 0 0 -1 
1 1.634887000637153 0 0 -1 
1 0 0 0 -1 
1 1.6348870006371587 0 0 -1 
1 0 0 0 -1 
1 1.6348870006371583 0 0 -1 
1 0 0 0 -1 
1 1.6348870006371548 0 0 -1 
1 0 0 0 -1 
1 1.6348870006371541 0 0 -1 
1 0 0 0 -1 
1 1.6348870006371603 0 0 -1 
1 0 0 0 -1 
1 1.6348870006371541 0 0 -1 
1 0 0 0 -1 
1 1.6348870006371592 0 0 -1 
1 0 0 0 -1 
1 1.6348870006371563 0 0 -1 
1 0 0 0 -1 
1 1.6348870006371639 0 0 -1 
1 0 0 0 -1 
1 1.6348870006371543 0 0 -1 
1 0 0 0 -1 
1 1.634887000637151 0 0 -1 
1 0 0 0 -1 
1 1.6348870006371523 0 0 -1 
1 0 0 0 -1 
1 1.634887000637163 0 0 -1 
1 0 0 0 -1 
1 1.6348870006371532 0 0 -1 
1 0 0 0 -1 
1 1.6348870006371556 0 0 -1 
1 0 0 0 -1 
1 1.6348870006371607 0 0 -1 
1 0 0 0 -1 
1 1.6348870006371539 0 0 -1 
1 0 0 0 -1 
1 1.6348870006371545 0 0 -1 
1 0 0 0 -1 
1 1.6348870006371632 0 0 -1 
1 0 0 0 -1 
1 1.6348870006371512 0 0 -1 
1 0 0 0 -1 
1 1.634887000637161 0 0 -1 
1 0 0 0 -1 
1 1.6348870006371545 0 0 -1 
1 0 0 0 -1 
1 1.6348870006371572 0 0 -1 
1 0 0 0 -1 
1 1.634887000637157 0 0 -1 
1 0 0 0 -1 
1 1.6348870006371548 0 0 -1 
Curves 632
1 54 -1.3226185430791415e-14 0 0 0 1 
2 0 0 0.40000000000000002 0 0 1 1 0 -0 -0 1 0 54
2 0 0 2 0 0 1 1 0 -0 -0 1 0 54
2 0 0 0 0 0 1 1 0 -0 -0 1 0 53.600000000000001
1 54 0 0.40000000000000002 -0.70710678118654624 0 -0.70710678118654879 
1 54 -1.3226185430791415e-14 2 0 0 1 
2 0 0 15 0 0 1 1 0 -0 -0 1 0 54
1 53.99769483198186 0.49895173329610398 11.5 0 0 1 
1 53.950993786198424 2.3000585822058657 11.5 0 0 1 
1 53.844233094128569 4.0986049462164473 11.5 0 0 1 
1 53.677531604545088 5.8925886368439793 11.5 0 0 1 
1 53.451074893872025 7.6800125448909879 11.5 0 0 1 
1 53.165115059596154 9.4588868636802186 11.5 0 0 1 
1 52.8199704396255 11.227231304159003 11.5 0 0 1 
1 -8.9125707164765835 53.259422483010496 11.5 0 0 1 
1 -10.684365376757922 52.932450694219099 11.5 0 0 1 
1 -12.444265924247464 52.546553127742008 11.5 0 0 1 
1 -14.190313191987114 52.102159374764078 11.5 0 0 1 
1 -15.920563434849306 51.599764145942935 11.5 0 0 1 
1 -17.633090493364488 51.039926720684257 11.5 0 0 1 
1 -19.32598793797181 50.423270324537334 11.5 0 0 1 
1 -20.997371191306037 49.750481435404332 11.5 0 0 1 
1 -22.645379626157915 49.022309019335175 11.5 0 0 1 
1 -24.26817863677271 48.239563696759205 11.5 0 0 1 
1 -25.8639616811809 47.403116840081367 11.5 0 0 1 
1 -27.430952292287621 46.513899603647936 11.5 0 0 1 
1 -28.967406055481899 45.572901887161301 11.5 0 0 1 
1 -30.47161255056427 44.581171233697908 11.5 0 0 1 
1 -31.941897255830934 43.539811663556144 11.5 0 0 1 
1 -33.376623412194775 42.449982445232301 11.5 0 0 1 
1 -34.774193845268051 41.312896804892794 11.5 0 0 1 
1 -36.133052743378329 40.129820575779291 11.5 0 0 1 
1 -41.667727502936863 -34.348223894999258 11.5 0 0 1 
1 -40.498664297382007 -35.719157186696819 11.5 0 0 1 
1 -39.284516927809477 -37.050326985718364 11.5 0 0 1 
1 -38.026637014577659 -38.340251399300342 11.5 0 0 1 
1 -36.726424862247363 -39.587494450112622 11.5 0 0 1 
1 -35.38532790072648 -40.79066767482567 11.5 0 0 1 
1 -34.004839073953427 -41.948431669783908 11.5 0 0 1 
1 -32.586495177913221 -43.059497582064729 11.5 0 0 1 
1 -31.131875149836301 -44.122628544262909 11.5 0 0 1 
1 -29.642598310484665 -45.136641051403586 11.5 0 0 1 
1 -28.12032256148192 -46.100406278450635 11.5 0 0 1 
1 -26.566742539694214 -47.012851336944038 11.5 0 0 1 
1 -24.983587730716501 -47.872960469367165 11.5 0 0 1 
1 -23.372620543564278 -48.679776179914356 11.5 0 0 1 
1 -21.735634348714129 -49.432400300400118 11.5 0 0 1 
1 -20.074451481677229 -50.129994990123286 11.5 0 0 1 
1 -18.390921214328081 -50.771783668573008 11.5 0 0 1 
1 -16.686917696247146 -51.35705187993829 11.5 0 0 1 
1 50.580298219413471 -18.911198588011242 11.5 0 0 1 
1 51.183029674139952 -17.213293507522284 11.5 0 0 1 
1 51.728782852056966 -15.496226142023652 11.5 0 0 1 
1 52.216950206564796 -13.761907975463739 11.5 0 0 1 
1 52.646988297096691 -12.012269695830316 11.5 0 0 1 
1 53.018418394090993 -10.249259045858592 11.5 0 0 1 
1 53.330827011925258 -8.4748386547534285 11.5 0 0 1 
1 53.58386636921928 -6.6909838533396044 11.5 0 0 1 
1 53.777254775994237 -4.8996804750722696 11.5 0 0 1 
1 53.910776947257396 -3.1029226453556178 11.5 0 0 1 
1 53.984284242662845 -1.3027105616307342 11.5 0 0 1 
2 0 0 0 0 0 1 1 0 -0 -0 1 0 1.45
2 12 0 0 0 0 1 1 0 -0 -0 1 0 4
1 53.984284242662845 -1.3027105616307342 15 0.0074432471975334133 0.99997229865189585 0 
1 53.99769483198186 0.49895173329610398 15 -0.025920369335035019 0.99966401078239053 0 
1 53.950993786198424 2.3000585822058657 15 -0.059255130639839754 0.9982428709952581 0 
1 53.844233094128569 4.0986049462164473 15 -0.092523927595574526 0.99571046134018748 0 
1 53.677531604545088 5.8925886368439793 15 -0.12568972451415358 0.9920696009613218 0 
1 53.451074893872025 7.6800125448909879 15 -0.15871560036980673 0.98732434295891436 0 
1 53.165115059596154 9.4588868636802186 15 -0.1915647899005426 0.98147996987730779 0 
1 52.8199704396255 11.227231304159003 15 -0.9781476007338058 -0.20791169081775887 0 
1 52.8199704396255 11.227231304159003 15 -0.9781476007338058 -0.20791169081775887 0 
2 0 0 15 0 0 1 1 0 -0 -0 1 0 52.200000000000003
1 -8.6154850259273648 51.484108400243485 15 -0.1650476058606766 0.98628560153723155 0 
1 -8.6154850259273648 51.484108400243485 15 -0.1650476058606766 0.98628560153723155 0 
1 -8.9125707164765835 53.259422483010496 15 -0.9833949370920464 -0.18147836703510997 0 
1 -10.684365376757922 52.932450694219099 15 -0.97679337622110174 -0.21418379997231649 0 
1 -12.444265924247464 52.546553127742008 15 -0.9691044236164067 -0.24665079794541972 0 
1 -14.190313191987114 52.102159374764078 15 -0.96033663881952325 -0.27884321784978128 0 
1 -15.920563434849306 51.599764145942935 15 -0.95049978235601296 -0.31072522224816568 0 
1 -17.633090493364488 51.039926720684257 15 -0.93960480486974529 -0.34226131926597819 0 
1 -19.32598793797181 50.423270324537334 15 -0.92766383493238358 -0.37341640210165306 0 
1 -20.997371191306037 49.750481435404332 15 -0.91469016554152005 -0.40415578810852976 0 
1 -22.645379626157915 49.022309019335175 15 -0.90069823932258941 -0.43444525740441403 0 
1 -24.26817863677271 48.239563696759205 15 -0.88570363245093331 -0.46425109096610856 0 
1 -25.8639616811809 47.403116840081367 15 -0.86972303731202827 -0.4935401081662365 0 
1 -27.430952292287621 46.513899603647936 15 -0.85277424391907375 -0.52227970371081056 0 
1 -28.967406055481899 45.572901887161301 15 -0.83487612010868606 -0.55043788393629578 0 
1 -30.47161255056427 44.581171233697908 15 -0.81604859053673839 -0.57798330242577312 0 
1 -31.941897255830934 43.539811663556144 15 -0.79631261449771895 -0.60488529490458542 0 
1 -33.376623412194775 42.449982445232301 15 -0.77569016259229617 -0.63111391337660849 0 
1 -34.774193845268051 41.312896804892794 15 -0.75420419226906299 -0.65663995946315235 0 
1 -36.133052743378329 40.129820575779291 15 0.66913060635885768 -0.74314482547739469 0 
1 -36.133052743378329 40.129820575779291 15 0.66913060635885768 -0.74314482547739469 0 
1 -40.278803252838976 -33.203283098499291 15 -0.77162458338772033 -0.63607822027776351 0 
1 -40.278803252838976 -33.203283098499291 15 -0.77162458338772033 -0.63607822027776351 0 
1 -41.667727502936863 -34.348223894999258 15 0.64886234463574521 -0.76090581395715684 0 
1 -40.498664297382007 -35.719157186696819 15 0.67388529996566204 -0.73883597806968615 0 
1 -39.284516927809477 -37.050326985718364 15 0.69815806869263974 -0.71594365079897415 0 
1 -38.026637014577659 -38.340251399300342 15 0.72165362974067093 -0.69225431647777724 0 
1 -36.726424862247363 -39.587494450112622 15 0.7443458272414839 -0.66779434668780402 0 
1 -35.38532790072648 -40.79066767482567 15 0.76620939965198642 -0.64259097090213046 0 
1 -34.004839073953427 -41.948431669783908 15 0.78722000787600854 -0.61667224617271144 0 
1 -32.586495177913221 -43.059497582064729 15 0.80735426235926777 -0.59006702589648474 0 
1 -31.131875149836301 -44.122628544262909 15 0.82658974912718697 -0.56280492769507107 0 
1 -29.642598310484665 -45.136641051403586 15 0.84490505473675726 -0.53491630044360894 0 
1 -28.12032256148192 -46.100406278450635 15 0.86227979011449485 -0.50643219048565913 0 
1 -26.566742539694214 -47.012851336944038 15 0.8786946132541088 -0.47738430707157964 0 
1 -24.983587730716501 -47.872960469367165 15 0.89413125074852573 -0.44780498705896199 0 
1 -23.372620543564278 -48.679776179914356 15 0.90857251813231288 -0.41772715891441392 0 
1 -21.735634348714129 -49.432400300400118 15 0.92200233901187256 -0.38718430605673598 0 
1 -20.074451481677229 -50.129994990123286 15 0.93440576296210276 -0.35621042958230548 0 
1 -18.390921214328081 -50.771783668573008 15 0.94576898216960559 -0.32484001041415517 0 
1 -16.686917696247146 -51.35705187993829 15 0.30901699437494767 0.95105651629515353 0 
1 -16.686917696247146 -51.35705187993829 15 0.30901699437494767 0.95105651629515353 0 
1 48.894288278766361 -18.280825301744201 15 0.93667218924839735 -0.35020738125946826 0 
1 48.894288278766361 -18.280825301744201 15 0.93667218924839735 -0.35020738125946826 0 
1 50.580298219413471 -18.911198588011242 15 0.33453259245630135 0.94238418099226728 0 
1 51.183029674139952 -17.213293507522284 15 0.30290807625543981 0.953019778042003 0 
1 51.728782852056966 -15.496226142023652 15 0.27094635492376701 0.96259444874439415 0 
1 52.216950206564796 -13.761907975463739 15 0.2386830090788524 0.97109753432755896 0 
1 52.646988297096691 -12.012269695830316 15 0.20615395511452916 0.97851956893597014 0 
1 53.018418394090993 -10.249259045858592 15 0.17339540521775901 0.98485229016810905 0 
1 53.330827011925258 -8.4748386547534285 15 0.14044382705637518 0.99008864827436482 0 
1 53.58386636921928 -6.6909838533396044 15 0.10733590318225231 0.99422281400501478 0 
1 53.777254775994237 -4.8996804750722696 15 0.074108490195402471 0.99725018509948549 0 
1 53.910776947257396 -3.1029226453556178 15 0.040798577714176082 0.99916739140971789 0 
2 0 0 1.8999999999999999 0 0 1 1 0 -0 -0 1 0 1.45
1 1.45 -3.5514757175273243e-16 -1 0 0 1 
2 12 0 1 0 0 1 1 0 -0 -0 1 0 4
1 16 -9.7971743931788257e-16 -1 0 0 1 
1 49.034789107153621 -18.333356408933124 15 0.33453259245629952 0.94238418099226784 0 
1 49.619103767430126 -16.687331761459102 15 0.30290807625544036 0.95301977804200289 0 
1 50.148181153799669 -15.022730343239598 15 0.27094635492376473 0.96259444874439481 0 
1 50.621432283586429 -13.341405231769015 15 0.23868300907885573 0.97109753432755819 0 
1 51.038330321352078 -11.645228121791058 15 0.20615395511452569 0.97851956893597081 0 
1 51.398411165382655 -9.9360872416795782 15 0.1733954052177589 0.98485229016810905 0 
1 51.701273964338654 -8.2158852514137397 15 0.14044382705637393 0.99008864827436505 0 
1 51.946581563493133 -6.48653712448756 15 0.10733590318225601 0.99422281400501433 0 
1 52.134060880061085 -4.7499680161117279 15 0.074108490195398585 0.99725018509948571 0 
1 52.263503207202305 -3.008111120080863 15 0.04079857771417611 0.99916739140971789 0 
1 52.334764446359252 -1.2629055166920167 15 0.0074432471975354637 0.99997229865189585 0 
1 52.347765267671306 0.48370598588983432 15 -0.025920369335036521 0.99966401078239053 0 
1 52.302491198286809 2.229779014416243 15 -0.059255130639837672 0.99824287099525821 0 
1 52.198992638474643 3.9733697950820561 15 -0.092523927595574165 0.99571046134018748 0 
1 52.037384805517327 5.7125373173848564 15 -0.12568972451415347 0.9920696009613218 0 
1 51.817847605448158 7.4453454949082101 15 -0.15871560036980817 0.98732434295891414 0 
1 51.540625432775158 9.1698653206233232 15 -0.1915647899005414 0.98147996987730801 0 
2 0 0 11.5 0 0 1 1 0 -0 -0 1 0 52.200000000000003
1 51.059304758304656 10.85299026068704 11.5 0 0 1 
1 51.059304758304656 10.85299026068704 11.5 0 0 1 
1 -8.6154850259273648 51.484108400243485 11.5 0 0 1 
2 0 0 14 0 0 1 1 0 -0 -0 1 0 52.200000000000003
1 -8.1658790751000421 51.557331379066198 1.8999999999999999 0 0 1 
2 0 0 11.5 0 0 1 1 0 -0 -0 1 0 52.200000000000003
2 0 0 11.5 0 0 1 1 0 -0 -0 1 0 52.200000000000003
2 0 0 11.5 0 0 1 1 0 -0 -0 1 0 52.200000000000003
1 -34.928617651932392 38.792159889919986 11.5 0 0 1 
1 -34.928617651932392 38.792159889919986 11.5 0 0 1 
1 -40.278803252838976 -33.203283098499291 11.5 0 0 1 
2 0 0 14 0 0 1 1 0 -0 -0 1 0 52.200000000000003
1 -40.567019188053877 -32.850524412801526 1.8999999999999999 0 0 1 
2 0 0 11.5 0 0 1 1 0 -0 -0 1 0 52.200000000000003
2 0 0 11.5 0 0 1 1 0 -0 -0 1 0 52.200000000000003
2 0 0 11.5 0 0 1 1 0 -0 -0 1 0 52.200000000000003
1 -16.130687106372243 -49.645150150607016 11.5 0 0 1 
1 -16.130687106372243 -49.645150150607016 11.5 0 0 1 
1 48.894288278766361 -18.280825301744201 11.5 0 0 1 
2 0 0 14 0 0 1 1 0 -0 -0 1 0 52.200000000000003
1 48.732898263153942 -18.706806966264676 1.8999999999999999 0 0 1 
2 0 0 11.5 0 0 1 1 0 -0 -0 1 0 52.200000000000003
2 0 0 11.5 0 0 1 1 0 -0 -0 1 0 52.200000000000003
2 0 0 11.5 0 0 1 1 0 -0 -0 1 0 52.200000000000003
1 52.200000000000003 -1.2785312583098368e-14 1.8999999999999999 0 0 1 
2 0 0 1.8999999999999999 0 0 1 1 0 -0 -0 1 0 52.200000000000003
1 -33.711649033329302 40.050558291409956 15 -0.75420419226906377 -0.65663995946315135 0 
1 -32.356782141266599 41.15289964829465 15 -0.77569016259229528 -0.6311139133766096 0 
1 -30.965894839680544 42.209428529391928 15 -0.79631261449771906 -0.60488529490458542 0 
1 -29.54053550040814 43.218968779334922 15 -0.81604859053673862 -0.57798330242577278 0 
1 -28.082290870453289 44.180396551720264 15 -0.83487612010868717 -0.55043788393629411 0 
1 -26.592784305578835 45.092641560203141 15 -0.85277424391907308 -0.52227970371081189 0 
1 -25.073673963144817 45.954688269967768 15 -0.86972303731202927 -0.49354010816623473 0 
1 -23.526650956204652 46.765577028247115 15 -0.88570363245093331 -0.46425109096610856 0 
1 -21.953437470914203 47.524405132633277 15 -0.90069823932258775 -0.43444525740441753 0 
1 -20.355784849349465 48.2303278359892 15 -0.91469016554152149 -0.40415578810852626 0 
1 -18.735471639867118 48.88255928684314 15 -0.92766383493238314 -0.37341640210165422 0 
1 -17.094301617178349 49.480373404218902 15 -0.93960480486974529 -0.3422613192659783 0 
1 -15.434101774340025 50.023104685928018 15 -0.95049978235601196 -0.31072522224816906 0 
1 -13.75672028889862 50.510148949424064 15 -0.96033663881952425 -0.278843217849778 0 
1 -12.064024465451011 50.940964004394331 15 -0.96910442361640614 -0.24665079794542205 0 
1 -10.357898656912544 51.315070256340185 15 -0.97679337622110185 -0.21418379997231596 0 
1 -8.6402421668064644 51.63205124047407 15 -0.98339493709204606 -0.18147836703511183 0 
1 -17.828976399445832 -49.220423612033279 15 0.94576898216960514 -0.32484001041415628 0 
1 -19.461065464181534 -48.598245143202853 15 0.93440576296210331 -0.35621042958230414 0 
1 -21.071489965836758 -47.921965846776786 15 0.92200233901187245 -0.38718430605673604 0 
1 -22.658457138066478 -47.192338574416972 15 0.90857251813231277 -0.41772715891441431 0 
1 -24.220200327833499 -46.410175566136509 15 0.89413125074852473 -0.44780498705896382 0 
1 -25.754980962092446 -45.576347546092975 15 0.87869461325410958 -0.47738430707157831 0 
1 -27.261090483214414 -44.691782753275753 15 0.86227979011449374 -0.50643219048566079 0 
1 -28.736852250997629 -43.757465908166253 15 0.84490505473675726 -0.53491630044360905 0 
1 -30.180623409146857 -42.774437116521547 15 0.82658974912718908 -0.56280492769506785 0 
1 -31.590796714143647 -41.743790711501639 15 0.80735426235926555 -0.59006702589648774 0 
1 -32.965802324471511 -40.666674035429402 15 0.78722000787600921 -0.61667224617271055 0 
1 -34.304109548204281 -39.544286162539329 15 0.76620939965198642 -0.64259097090213035 0 
1 -35.604228547012028 -38.377876564136969 15 0.74434582724148635 -0.66779434668780147 0 
1 -36.864711994687788 -37.168743717655055 15 0.7216536297406686 -0.6922543164777798 0 
1 -38.084156688348635 -35.918233661154744 15 0.69815806869264152 -0.71594365079897249 0 
1 -39.261205110517558 -34.627738494881093 15 0.6738852999656616 -0.73883597806968648 0 
1 -40.394546940347134 -33.298694831540956 15 0.64886234463574677 -0.76090581395715562 0 
2 0 0 1.8999999999999999 0 0 1 1 0 -0 -0 1 0 8
2 0 0 1 0 0 1 1 0 -0 -0 1 0 48
2 0 0 1 0 0 1 1 0 -0 -0 1 0 8
1 49.476928685001951 -16.639517057271544 15 -0.33453259245629646 -0.94238418099226895 0 
1 50.004490090321738 -14.979685270622864 15 -0.30290807625544275 -0.95301977804200211 0 
1 50.476385199679306 -13.30317770961495 15 -0.27094635492376601 -0.96259444874439448 0 
1 50.892088687193478 -11.611860705969306 15 -0.23868300907885526 -0.9710975343275583 0 
1 51.251137780954629 -9.9076170776633052 15 -0.20615395511452758 -0.97851956893597047 0 
1 51.553132778194424 -8.1923440329283164 15 -0.17339540521775887 -0.98485229016810905 0 
1 51.797737490245304 -6.4679510582282838 15 -0.14044382705637198 -0.99008864827436527 0 
1 51.984679616794431 -4.7363577925698621 15 -0.10733590318225594 -0.99422281400501444 0 
1 52.113751049015484 -2.9994918905104324 15 -0.074108490195400792 -0.9972501850994856 0 
1 52.184808101240755 -1.2592868762430429 15 -0.040798577714177331 -0.99916739140971778 0 
1 52.197771670915799 0.482320008852899 15 -0.007443247197531663 -0.99997229865189585 0 
1 52.152627326658482 2.2233899627990046 15 0.025920369335035127 -0.99966401078239053 0 
1 52.049425324324282 3.9619847813425646 15 0.059255130639839504 -0.9982428709952581 0 
1 51.888280551060255 5.696169015615844 15 0.092523927595571667 -0.9957104613401877 0 
1 51.669372397409624 7.4240121267279564 15 0.12568972451415458 -0.99206960096132168 0 
1 51.392944557609617 9.1435906348908809 15 0.15871560036980789 -0.98732434295891414 0 
1 51.059304758304656 10.85299026068704 15 0.19156478990054168 -0.98147996987730801 0 
1 52.197771670915799 0.482320008852899 11.5 -0.007443247197531663 -0.99997229865189585 0 
1 52.152627326658482 2.2233899627990046 11.5 0.025920369335035127 -0.99966401078239053 0 
1 52.049425324324282 3.9619847813425646 11.5 0.059255130639839504 -0.9982428709952581 0 
1 51.888280551060255 5.696169015615844 11.5 0.092523927595571667 -0.9957104613401877 0 
1 51.669372397409624 7.4240121267279564 11.5 0.12568972451415458 -0.99206960096132168 0 
1 51.392944557609617 9.1435906348908809 11.5 0.15871560036980789 -0.98732434295891414 0 
1 51.059304758304656 10.85299026068704 11.5 0.19156478990054168 -0.98147996987730801 0 
1 51.392944557609617 9.1435906348908809 11.5 0 0 1 
1 52.403495074819631 3.96604682996864 14 0.19156478990054168 -0.98147996987730801 0 
1 51.206026898414727 10.884177014309701 14 -0.97814760073380569 -0.20791169081775923 0 
1 47.929232435956472 10.187672850070207 14 0 0 1 
1 51.206026898414727 10.884177014309701 15 -0.97814760073380569 -0.20791169081775923 0 
1 -8.087332687173193 48.327994475324338 14 -0.16504760586067768 0.98628560153723144 0 
1 -8.087332687173193 48.327994475324338 14 -0.16504760586067768 0.98628560153723144 0 
1 -8.087332687173193 48.327994475324338 15 -0.16504760586067768 0.98628560153723144 0 
1 -8.087332687173193 48.327994475324338 14 0 0 1 
1 -8.5013450932210262 49.474914164715507 14 0.98664333208487809 0.16289547339459431 0 
1 -7.8530101450195797 49.581954697875915 14 -0.15643446504023051 0.98768834059513788 0 
1 -7.8530101450195797 49.581954697875915 11.5 -0.15643446504023051 0.98768834059513788 0 
1 -7.8530101450195797 49.581954697875915 11.5 0 0 1 
1 -8.5013450932210262 49.474914164715507 11.5 0.98664333208487809 0.16289547339459431 0 
1 -9.1482233797057919 49.359396359710523 11.5 0.98442656808989204 0.17579627993435273 0 
1 -9.5400297595139101 51.473394410973022 11.5 0.18223552549214758 -0.98325490756395462 0 
1 -10.328219864199321 51.168035671078464 11.5 0.98339493709204551 0.18147836703511505 0 
1 -9.5400297595139101 51.473394410973022 11.5 0.18223552549214758 -0.98325490756395462 0 
1 -10.328219864199321 51.168035671078464 11.5 0.98339493709204551 0.18147836703511505 0 
1 -12.029457060105884 50.795001356817274 11.5 0.97679337622110241 0.21418379997231352 0 
1 -13.717302752254211 50.365420728938609 11.5 0.96910442361640636 0.24665079794542072 0 
1 -15.389877987021002 49.879772007744847 11.5 0.96033663881952414 0.27884321784977845 0 
1 -17.045320810252338 49.338595829994787 11.5 0.95049978235601251 0.31072522224816723 0 
1 -18.681788340039418 48.742494647052766 11.5 0.93960480486974529 0.3422613192659783 0 
1 -20.297458818262502 48.092132054224187 11.5 0.92766383493238236 0.37341640210165605 0 
1 -21.890533638619317 47.388232052024009 11.5 0.91469016554152149 0.40415578810852637 0 
1 -23.459239348880285 46.631578240200568 11.5 0.90069823932258863 0.43444525740441547 0 
1 -25.001829625141539 45.823012945411996 11.5 0.88570363245093386 0.4642510909661075 0 
1 -26.516587215878033 44.963436283526342 11.5 0.86972303731202738 0.493540108166238 0 
1 -28.001825853632507 44.05380515758926 11.5 0.85277424391907375 0.52227970371081078 0 
1 -29.455892132212124 43.095132192574646 11.5 0.83487612010868617 0.55043788393629556 0 
1 -30.877167347303235 42.088484608104274 11.5 0.81604859053674006 0.5779833024257709 0 
1 -32.264069298454949 41.034983030391224 11.5 0.7963126144977184 0.60488529490458631 0 
1 -33.615054050425783 39.935800244729698 11.5 0.7756901625922954 0.63111391337660938 0 
1 -34.928617651932392 38.792159889919986 11.5 0.75420419226906366 0.65663995946315157 0 
1 -33.615054050425783 39.935800244729698 11.5 0 0 1 
1 -29.636444844761389 43.399734566902197 14 0.75420419226906366 0.65663995946315157 0 
1 -35.028987242886217 38.903631613741595 14 0.6691306063588579 -0.74314482547739447 0 
1 -32.787399711584044 36.414096448392321 14 0 0 1 
1 -35.028987242886217 38.903631613741595 15 0.6691306063588579 -0.74314482547739447 0 
1 -37.809604585998265 -31.167832793610437 14 -0.77162458338771966 -0.63607822027776428 0 
1 -37.809604585998265 -31.167832793610437 14 -0.77162458338771966 -0.63607822027776428 0 
1 -37.809604585998265 -31.167832793610437 15 -0.77162458338771966 -0.63607822027776428 0 
1 -37.809604585998265 -31.167832793610437 14 0 0 1 
1 -38.595859970087659 -32.099837899425367 14 -0.63439328416365026 0.77301045336273311 0 
1 -39.01272726513993 -31.591883630701851 14 -0.7771459614569709 -0.6293203910498375 0 
1 -39.01272726513993 -31.591883630701851 11.5 -0.7771459614569709 -0.6293203910498375 0 
1 -39.01272726513993 -31.591883630701851 11.5 0 0 1 
1 -38.595859970087659 -32.099837899425367 11.5 -0.63439328416365026 0.77301045336273311 0 
1 -38.172379473121545 -32.602292026175228 11.5 -0.64445732835889635 0.76464027615900132 0 
1 -39.807252299161604 -33.99860533008512 11.5 0.7604059656000306 0.6494480483301841 0 
1 -39.148708820802611 -34.528518613806924 11.5 -0.64886234463574921 0.76090581395715362 0 
1 -39.807252299161604 -33.99860533008512 11.5 0.7604059656000306 0.6494480483301841 0 
1 -39.148708820802611 -34.528518613806924 11.5 -0.64886234463574921 0.76090581395715362 0 
1 -37.975033030215833 -35.815316086194422 11.5 -0.67388529996565982 0.73883597806968826 0 
1 -36.759082447425072 -37.062243019323667 11.5 -0.69815806869264052 0.71594365079897337 0 
1 -35.502210700172455 -38.267911301775548 11.5 -0.72165362974066893 0.69225431647777935 0 
1 -34.205816970702266 -39.430978752331484 11.5 -0.74434582724148501 0.6677943466878028 0 
1 -32.871344438154985 -40.550150614124455 11.5 -0.76620939965198653 0.64259097090213035 0 
1 -31.500278671982777 -41.624180995995907 11.5 -0.78722000787601043 0.61667224617270899 0 
1 -30.094145978175092 -42.651874259454146 11.5 -0.80735426235926566 0.59006702589648763 0 
1 -28.654511700135178 -43.632086349690134 11.5 -0.82658974912718797 0.56280492769506973 0 
1 -27.182978476099191 -44.563726069168951 11.5 -0.84490505473675659 0.53491630044361005 0 
1 -25.681184455037741 -45.445756292379237 11.5 -0.86227979011449574 0.50643219048565757 0 
1 -24.150801473025954 -46.277195120388264 11.5 -0.87869461325410891 0.47738430707157953 0 
1 -22.593533192112133 -47.057116973917211 11.5 -0.89413125074852562 0.44780498705896221 0 
1 -21.011113203756995 -47.784653623720118 11.5 -0.90857251813231166 0.41772715891441659 0 
1 -19.405303098954654 -48.458995157119176 11.5 -0.9220023390118729 0.38718430605673504 0 
1 -17.777890507183809 -49.079390879620576 11.5 -0.9344057629621032 0.35621042958230437 0 
1 -16.130687106372243 -49.645150150607016 11.5 -0.94576898216960525 0.32484001041415606 0 
1 -17.777890507183809 -49.079390879620576 11.5 0 0 1 
1 -22.767050230058221 -47.365781396870837 14 -0.94576898216960525 0.32484001041415606 0 
1 -16.177039655528485 -49.787808628051295 14 0.3090169943749474 0.95105651629515364 0 
1 -15.14183272437241 -46.601769298462521 14 0 0 1 
1 -16.177039655528485 -49.787808628051295 15 0.3090169943749474 0.95105651629515364 0 
1 45.896937273171481 -17.160161681713905 14 0.93667218924839768 -0.35020738125946727 0 
1 45.896937273171481 -17.160161681713905 14 0.93667218924839768 -0.35020738125946727 0 
1 45.896937273171481 -17.160161681713905 15 0.93667218924839768 -0.35020738125946727 0 
1 45.896937273171481 -17.160161681713905 14 0 0 1 
1 47.097205063308706 -17.375076265290147 14 -0.35225004792122799 -0.93590592675732776 0 
1 46.865737410159532 -17.990071067174075 14 0.93358042649720174 -0.35836794954530049 0 
1 46.865737410159532 -17.990071067174075 11.5 0.93358042649720174 -0.35836794954530049 0 
1 46.865737410159532 -17.990071067174075 11.5 0 0 1 
1 47.097205063308706 -17.375076265290147 11.5 -0.35225004792122799 -0.93590592675732776 0 
1 47.320602852827356 -16.757104333535299 11.5 -0.33996923973099574 -0.9404365560933543 0 
1 49.347282058675539 -17.474789080887906 11.5 -0.94264149109217854 0.33380685923377063 0 
1 49.476928685001951 -16.639517057271544 11.5 -0.33453259245629646 -0.94238418099226895 0 
1 49.347282058675539 -17.474789080887906 11.5 -0.94264149109217854 0.33380685923377063 0 
1 49.476928685001951 -16.639517057271544 11.5 -0.33453259245629646 -0.94238418099226895 0 
1 50.004490090321738 -14.979685270622864 11.5 -0.30290807625544275 -0.95301977804200211 0 
1 50.476385199679306 -13.30317770961495 11.5 -0.27094635492376601 -0.96259444874439448 0 
1 50.892088687193478 -11.611860705969306 11.5 -0.23868300907885526 -0.9710975343275583 0 
1 51.251137780954629 -9.9076170776633052 11.5 -0.20615395511452758 -0.97851956893597047 0 
1 51.553132778194424 -8.1923440329283164 11.5 -0.17339540521775887 -0.98485229016810905 0 
1 51.797737490245304 -6.4679510582282838 11.5 -0.14044382705637198 -0.99008864827436527 0 
1 51.984679616794431 -4.7363577925698621 11.5 -0.10733590318225594 -0.99422281400501444 0 
1 52.113751049015484 -2.9994918905104324 11.5 -0.074108490195400792 -0.9972501850994856 0 
1 52.184808101240755 -1.2592868762430429 11.5 -0.040798577714177331 -0.99916739140971778 0 
2 0 0 1.8999999999999999 0 0 1 1 0 -0 -0 1 0 48
1 -10.328219864199321 51.168035671078464 15 0.98339493709204551 0.18147836703511505 0 
1 -12.029457060105884 50.795001356817274 15 0.97679337622110241 0.21418379997231352 0 
1 -13.717302752254211 50.365420728938609 15 0.96910442361640636 0.24665079794542072 0 
1 -15.389877987021002 49.879772007744847 15 0.96033663881952414 0.27884321784977845 0 
1 -17.045320810252338 49.338595829994787 15 0.95049978235601251 0.31072522224816723 0 
1 -18.681788340039418 48.742494647052766 15 0.93960480486974529 0.3422613192659783 0 
1 -20.297458818262502 48.092132054224187 15 0.92766383493238236 0.37341640210165605 0 
1 -21.890533638619317 47.388232052024009 15 0.91469016554152149 0.40415578810852637 0 
1 -23.459239348880285 46.631578240200568 15 0.90069823932258863 0.43444525740441547 0 
1 -25.001829625141539 45.823012945411996 15 0.88570363245093386 0.4642510909661075 0 
1 -26.516587215878033 44.963436283526342 15 0.86972303731202738 0.493540108166238 0 
1 -28.001825853632507 44.05380515758926 15 0.85277424391907375 0.52227970371081078 0 
1 -29.455892132212124 43.095132192574646 15 0.83487612010868617 0.55043788393629556 0 
1 -30.877167347303235 42.088484608104274 15 0.81604859053674006 0.5779833024257709 0 
1 -32.264069298454949 41.034983030391224 15 0.7963126144977184 0.60488529490458631 0 
1 -33.615054050425783 39.935800244729698 15 0.7756901625922954 0.63111391337660938 0 
1 -34.928617651932392 38.792159889919986 15 0.75420419226906366 0.65663995946315157 0 
1 -39.148708820802611 -34.528518613806924 15 -0.64886234463574921 0.76090581395715362 0 
1 -37.975033030215833 -35.815316086194422 15 -0.67388529996565982 0.73883597806968826 0 
1 -36.759082447425072 -37.062243019323667 15 -0.69815806869264052 0.71594365079897337 0 
1 -35.502210700172455 -38.267911301775548 15 -0.72165362974066893 0.69225431647777935 0 
1 -34.205816970702266 -39.430978752331484 15 -0.74434582724148501 0.6677943466878028 0 
1 -32.871344438154985 -40.550150614124455 15 -0.76620939965198653 0.64259097090213035 0 
1 -31.500278671982777 -41.624180995995907 15 -0.78722000787601043 0.61667224617270899 0 
1 -30.094145978175092 -42.651874259454146 15 -0.80735426235926566 0.59006702589648763 0 
1 -28.654511700135178 -43.632086349690134 15 -0.82658974912718797 0.56280492769506973 0 
1 -27.182978476099191 -44.563726069168951 15 -0.84490505473675659 0.53491630044361005 0 
1 -25.681184455037741 -45.445756292379237 15 -0.86227979011449574 0.50643219048565757 0 
1 -24.150801473025954 -46.277195120388264 15 -0.87869461325410891 0.47738430707157953 0 
1 -22.593533192112133 -47.057116973917211 15 -0.89413125074852562 0.44780498705896221 0 
1 -21.011113203756995 -47.784653623720118 15 -0.90857251813231166 0.41772715891441659 0 
1 -19.405303098954654 -48.458995157119176 15 -0.9220023390118729 0.38718430605673504 0 
1 -17.777890507183809 -49.079390879620576 15 -0.9344057629621032 0.35621042958230437 0 
1 -16.130687106372243 -49.645150150607016 15 -0.94576898216960525 0.32484001041415606 0 
1 8 -1.9594348786357651e-15 1 0 0 1 
1 48 -1.175660927181459e-14 1 0 0 1 
1 46.443860259867733 -15.619470034603555 15 -0.33453259245630268 -0.94238418099226673 0 
1 46.939080736125767 -14.061390388132574 15 -0.30290807625544086 -0.95301977804200266 0 
1 47.38204740966065 -12.487657236994876 15 -0.2709463549237644 -0.96259444874439493 0 
1 47.77226715847663 -10.900022501771954 15 -0.23868300907885437 -0.97109753432755841 0 
1 48.109305579823307 -9.3002535786494622 15 -0.20615395511452869 -0.97851956893597025 0 
1 48.392787473784033 -7.6901313719058892 15 -0.1733954052177572 -0.98485229016810938 0 
1 48.62239726095823 -6.0714483113637145 15 -0.14044382705637332 -0.99008864827436516 0 
1 48.797879333772549 -4.4460063570100239 15 -0.10733590318225682 -0.99422281400501433 0 
1 48.919038341029854 -2.8156149930078773 15 -0.074108490195399557 -0.99725018509948571 0 
1 48.985739405379249 -1.1820892133315914 15 -0.040798577714176575 -0.99916739140971789 0 
1 48.997908273465022 0.45275249873164869 15 -0.0074432471975311712 -0.99997229865189585 0 
1 48.955531398587461 2.0870901949645826 15 0.025920369335033378 -0.99966401078239053 0 
1 48.858655955783327 3.7191044882334428 15 0.059255130639839455 -0.9982428709952581 0 
1 48.707389789309431 5.3469785778769428 15 0.092523927595571917 -0.99571046134018781 0 
1 48.501901292587583 6.9689002722158984 15 0.1256897245141512 -0.99206960096132213 0 
1 48.242419220744658 8.583064005932048 15 0.15871560036980981 -0.9873243429589138 0 
1 47.929232435956472 10.187672850070207 15 0.19156478990054343 -0.98147996987730768 0 
1 52.184808101240755 -1.2592868762430429 11.5 0 0 1 
1 52.182146417993977 -1.616874021198536 14 -0.007443247197531663 -0.99997229865189596 0 
1 52.197771670915799 0.482320008852899 11.5 0 0 1 
1 52.228544351730534 -0.70448181206859195 14 0.025920369335035123 -0.99966401078239053 0 
1 52.152627326658482 2.2233899627990046 11.5 0 0 1 
1 52.2719688544544 0.21290027102775702 14 0.059255130639839504 -0.9982428709952581 0 
1 52.049425324324282 3.9619847813425646 11.5 0 0 1 
1 52.311930536782796 1.1369946085974594 14 0.092523927595571695 -0.9957104613401877 0 
1 51.888280551060255 5.696169015615844 11.5 0 0 1 
1 52.347761890380063 2.0694805913219638 14 0.12568972451415458 -0.99206960096132168 0 
1 51.669372397409624 7.4240121267279564 11.5 0 0 1 
1 52.378620804529874 3.0119806948898304 14 0.15871560036980789 -0.98732434295891414 0 
1 46.443860259867733 -15.619470034603555 14 -0.33453259245630268 -0.94238418099226673 0 
1 46.939080736125767 -14.061390388132574 14 -0.30290807625544086 -0.95301977804200266 0 
1 47.38204740966065 -12.487657236994876 14 -0.2709463549237644 -0.96259444874439493 0 
1 47.77226715847663 -10.900022501771954 14 -0.23868300907885437 -0.97109753432755841 0 
1 48.109305579823307 -9.3002535786494622 14 -0.20615395511452869 -0.97851956893597025 0 
1 48.392787473784033 -7.6901313719058892 14 -0.1733954052177572 -0.98485229016810938 0 
1 48.62239726095823 -6.0714483113637145 14 -0.14044382705637332 -0.99008864827436516 0 
1 48.797879333772549 -4.4460063570100239 14 -0.10733590318225682 -0.99422281400501433 0 
1 48.919038341029854 -2.8156149930078773 14 -0.074108490195399557 -0.99725018509948571 0 
1 48.985739405379249 -1.1820892133315914 14 -0.040798577714176575 -0.99916739140971789 0 
1 48.997908273465022 0.45275249873164869 14 -0.0074432471975311712 -0.99997229865189585 0 
1 48.955531398587461 2.0870901949645826 14 0.025920369335033378 -0.99966401078239053 0 
1 48.858655955783327 3.7191044882334428 14 0.059255130639839455 -0.9982428709952581 0 
1 48.707389789309431 5.3469785778769428 14 0.092523927595571917 -0.99571046134018781 0 
1 48.501901292587583 6.9689002722158984 14 0.1256897245141512 -0.99206960096132213 0 
1 48.242419220744658 8.583064005932048 14 0.15871560036980981 -0.9873243429589138 0 
1 47.929232435956472 10.187672850070207 14 0.19156478990054343 -0.98147996987730768 0 
1 52.133083815475437 -2.5260275955575122 14 -0.040798577714177331 -0.99916739140971778 0 
1 52.08148319096022 -3.4337083660252925 14 -0.074108490195400792 -0.9972501850994856 0 
1 52.027288614152667 -4.3416824230105071 14 -0.10733590318225594 -0.99422281400501444 0 
1 51.970262144639825 -5.2517017901496637 14 -0.14044382705637198 -0.99008864827436527 0 
1 51.909985424576206 -6.1654901748327582 14 -0.17339540521775887 -0.98485229016810905 0 
1 51.845862289406078 -7.0847288661697583 14 -0.20615395511452758 -0.97851956893597047 0 
1 51.777122384167605 -8.0110428503319966 14 -0.23868300907885526 -0.9710975343275583 0 
1 51.7028257682096 -8.9459872122032067 14 -0.27094635492376601 -0.96259444874439448 0 
1 51.621868486513065 -9.8910338909603031 14 -0.30290807625544275 -0.95301977804200211 0 
1 51.532989081272341 -10.847558855581415 14 -0.33453259245629646 -0.94238418099226895 0 
1 49.347282058675539 -17.474789080887906 14 -0.94264149109217854 0.33380685923377063 0 
1 47.320602852827356 -16.757104333535299 14 -0.33996923973099574 -0.9404365560933543 0 
1 47.097205063308706 -17.375076265290147 14 -0.35225004792122799 -0.93590592675732776 0 
1 48.242419220744658 8.583064005932048 14 0 0 1 
1 -9.6950722863173713 48.031297852161778 14 0.98339493709204673 0.18147836703510856 0 
1 -11.292019079409735 47.681131541839967 14 0.97679337622110196 0.21418379997231538 0 
1 -12.876395303840159 47.277885358582218 14 0.96910442361640603 0.24665079794542236 0 
1 -14.446437190881781 46.822008206503781 14 0.9603366388195238 0.27884321784977928 0 
1 -16.000396929164069 46.314007579880162 14 0.95049978235601285 0.31072522224816612 0 
1 -17.536544610381828 45.754448998191286 14 0.93960480486974474 0.34226131926597997 0 
1 -19.053170155073996 45.143955376570595 14 0.92766383493238291 0.37341640210165483 0 
1 -20.548585216328476 44.4832063323597 14 0.91469016554152183 0.40415578810852554 0 
1 -22.021125059293748 43.772937428540757 14 0.90069823932258808 0.43444525740441664 0 
1 -23.469150414404893 43.013939354888649 14 0.88570363245093353 0.46425109096610817 0 
1 -24.891049302260988 42.20705704775461 14 0.86972303731202716 0.49354010816623844 0 
1 -26.285238828122466 41.353188749461182 14 0.85277424391907464 0.52227970371080923 0 
1 -27.650166944030538 40.453285008355508 14 0.83487612010868617 0.55043788393629556 0 
1 -28.984314176587329 39.508347620634275 14 0.81604859053673995 0.57798330242577101 0 
1 -30.286195318473037 38.5194285151182 14 0.79631261449772051 0.60488529490458354 0 
1 -31.554361081817301 37.487628582217539 14 0.77569016259229417 0.63111391337661094 0 
1 -32.787399711584044 36.414096448392321 14 0.75420419226906243 0.6566399594631529 0 
1 -28.797762199747826 43.855225884470073 14 0.7756901625922954 0.63111391337660938 0 
1 -27.966103709913682 44.299751332667064 14 0.7963126144977184 0.60488529490458631 0 
1 -27.140631483402732 44.734963461562103 14 0.81604859053674006 0.5779833024257709 0 
1 -26.320361470409818 45.162402798272595 14 0.83487612010868617 0.55043788393629556 0 
1 -25.504173030109762 45.583487117315194 14 0.85277424391907375 0.52227970371081078 0 
1 -24.690819231919946 45.999501432581205 14 0.86972303731202738 0.493540108166238 0 
1 -23.878937839324376 46.411588759603859 14 0.88570363245093386 0.4642510909661075 0 
1 -23.067062921315038 46.820741693156428 14 0.90069823932258863 0.43444525740441547 0 
1 -22.253637033584848 47.227794841386348 14 0.91469016554152149 0.40415578810852637 0 
1 -21.437023908950078 47.633418153669666 14 0.92766383493238236 0.37341640210165605 0 
1 -20.615521594099562 48.038111175179317 14 0.93960480486974529 0.3422613192659783 0 
1 -19.787375967675093 48.442198256820177 14 0.95049978235601251 0.31072522224816723 0 
1 -18.950794572890583 48.845824744711045 14 0.96033663881952414 0.27884321784977845 0 
1 -18.10396069640608 49.2489541688118 14 0.96910442361640636 0.24665079794542072 0 
1 -17.245047623992058 49.651366445619821 14 0.97679337622110241 0.21418379997231352 0 
1 -16.372233002655801 50.052657105118655 14 0.98339493709204551 0.18147836703511505 0 
1 -9.5400297595139101 51.473394410973022 14 0.18223552549214758 -0.98325490756395462 0 
1 -9.1482233797057919 49.359396359710523 14 0.98442656808989204 0.17579627993435273 0 
1 -8.5013450932210262 49.474914164715507 14 0.98664333208487809 0.16289547339459431 0 
1 -9.6950722863173713 48.031297852161778 15 0.98339493709204673 0.18147836703510856 0 
1 -11.292019079409735 47.681131541839967 15 0.97679337622110196 0.21418379997231538 0 
1 -12.876395303840159 47.277885358582218 15 0.96910442361640603 0.24665079794542236 0 
1 -14.446437190881781 46.822008206503781 15 0.9603366388195238 0.27884321784977928 0 
1 -16.000396929164069 46.314007579880162 15 0.95049978235601285 0.31072522224816612 0 
1 -17.536544610381828 45.754448998191286 15 0.93960480486974474 0.34226131926597997 0 
1 -19.053170155073996 45.143955376570595 15 0.92766383493238291 0.37341640210165483 0 
1 -20.548585216328476 44.4832063323597 15 0.91469016554152183 0.40415578810852554 0 
1 -22.021125059293748 43.772937428540757 15 0.90069823932258808 0.43444525740441664 0 
1 -23.469150414404893 43.013939354888649 15 0.88570363245093353 0.46425109096610817 0 
1 -24.891049302260988 42.20705704775461 15 0.86972303731202716 0.49354010816623844 0 
1 -26.285238828122466 41.353188749461182 15 0.85277424391907464 0.52227970371080923 0 
1 -27.650166944030538 40.453285008355508 15 0.83487612010868617 0.55043788393629556 0 
1 -28.984314176587329 39.508347620634275 15 0.81604859053673995 0.57798330242577101 0 
1 -30.286195318473037 38.5194285151182 15 0.79631261449772051 0.60488529490458354 0 
1 -31.554361081817301 37.487628582217539 15 0.77569016259229417 0.63111391337661094 0 
1 -32.787399711584044 36.414096448392321 15 0.75420419226906243 0.6566399594631529 0 
1 -9.6950722863173713 48.031297852161778 14 0 0 1 
1 -8.5013450932210262 49.474914164715507 11.5 0 0 1 
1 -9.1482233797057919 49.359396359710523 11.5 0 0 1 
1 -9.5113734359241846 51.318778724891814 11.5 0 0 -1 
1 -10.328219864199321 51.168035671078464 11.5 0 0 1 
1 -12.029457060105884 50.795001356817274 11.5 0 0 1 
1 -13.717302752254211 50.365420728938609 11.5 0 0 1 
1 -15.389877987021002 49.879772007744847 11.5 0 0 1 
1 -17.045320810252338 49.338595829994787 11.5 0 0 1 
1 -18.681788340039418 48.742494647052766 11.5 0 0 1 
1 -20.297458818262502 48.092132054224187 11.5 0 0 1 
1 -21.890533638619317 47.388232052024009 11.5 0 0 1 
1 -23.459239348880285 46.631578240200568 11.5 0 0 1 
1 -25.001829625141539 45.823012945411996 11.5 0 0 1 
1 -26.516587215878033 44.963436283526342 11.5 0 0 1 
1 -28.001825853632507 44.05380515758926 11.5 0 0 1 
1 -29.455892132212124 43.095132192574646 11.5 0 0 1 
1 -30.877167347303235 42.088484608104274 11.5 0 0 1 
1 -32.264069298454949 41.034983030391224 11.5 0 0 1 
1 -31.554361081817301 37.487628582217539 14 0 0 1 
1 -36.748787973550343 -32.411827817558226 14 -0.64886234463574421 0.76090581395715784 0 
1 -35.647061656716012 -33.619741153707402 14 -0.67388529996566127 0.73883597806968693 0 
1 -34.505652105820474 -34.790228121587347 14 -0.69815806869264174 0.71594365079897226 0 
1 -33.325829967594828 -35.921985704731831 14 -0.7216536297406696 0.6922543164777788 0 
1 -32.108908650659217 -37.013754001230701 14 -0.74434582724148424 0.66779434668780369 0 
1 -30.856242863402183 -38.064317626285401 14 -0.76620939965198753 0.64259097090212902 0 
1 -29.569227105884213 -39.072507065206885 14 -0.78722000787600965 0.61667224617270999 0 
1 -28.249294117444052 -40.037199975349679 14 -0.80735426235926511 0.5900670258964883 0 
1 -26.897913281736084 -40.95732243553288 14 -0.82658974912718863 0.56280492769506862 0 
1 -25.516588990974334 -41.831850141557062 14 -0.84490505473675703 0.53491630044360938 0 
1 -24.106858971204012 -42.659809546486258 14 -0.86227979011449596 0.50643219048565713 0 
1 -22.670292570464973 -43.440278944425764 14 -0.87869461325410803 0.47738430707158103 0 
1 -21.208489011752768 -44.172389496588949 14 -0.89413125074852562 0.44780498705896227 0 
1 -19.723075612722081 -44.855326198511214 14 -0.90857251813231177 0.41772715891441636 0 
1 -18.21570597411452 -45.488328787334098 14 -0.92200233901187156 0.3871843060567382 0 
1 -16.688058138927335 -46.070692588149583 14 -0.93440576296210387 0.35621042958230253 0 
1 -15.14183272437241 -46.601769298462521 14 -0.94576898216960581 0.32484001041415439 0 
1 -23.580858604782026 -46.867206579359902 14 -0.9344057629621032 0.35621042958230437 0 
1 -24.381658180466356 -46.369231923989027 14 -0.9220023390118729 0.38718430605673504 0 
1 -25.171299053380043 -45.871958070159558 14 -0.90857251813231166 0.41772715891441653 0 
1 -25.951607384044557 -45.375303069300351 14 -0.89413125074852562 0.44780498705896221 0 
1 -26.724371321620751 -44.879005305246608 14 -0.87869461325410891 0.47738430707157953 0 
1 -27.49132718607401 -44.382627411382671 14 -0.86227979011449574 0.50643219048565746 0 
1 -28.254145976151037 -43.885561164046344 14 -0.84490505473675659 0.53491630044361005 0 
1 -29.014420269645157 -43.387033327131135 14 -0.82658974912718797 0.56280492769506973 0 
1 -29.773651580567797 -42.886112418375838 14 -0.80735426235926566 0.59006702589648763 0 
1 -30.533238235689723 -42.381716363520006 14 -0.78722000787601043 0.61667224617270899 0 
1 -31.294463830476619 -41.872621000346562 14 -0.76620939965198653 0.64259097090213035 0 
1 -32.05848632173096 -41.357469390650422 14 -0.74434582724148501 0.6677943466878028 0 
1 -32.826327811276997 -40.834781894379056 14 -0.72165362974066893 0.69225431647777935 0 
1 -33.598865071803495 -40.3029669566086 14 -0.69815806869264052 0.71594365079897337 0 
1 -34.376820862520987 -39.76033255465952 14 -0.67388529996565982 0.73883597806968826 0 
1 -35.160756078616515 -39.205098249537244 14 -0.64886234463574921 0.76090581395715362 0 
1 -39.807252299161604 -33.99860533008512 14 0.7604059656000306 0.6494480483301841 0 
1 -38.172379473121545 -32.602292026175228 14 -0.64445732835889635 0.76464027615900132 0 
1 -38.595859970087659 -32.099837899425367 14 -0.63439328416365026 0.77301045336273311 0 
1 -36.748787973550343 -32.411827817558226 15 -0.64886234463574421 0.76090581395715784 0 
1 -35.647061656716012 -33.619741153707402 15 -0.67388529996566127 0.73883597806968693 0 
1 -34.505652105820474 -34.790228121587347 15 -0.69815806869264174 0.71594365079897226 0 
1 -33.325829967594828 -35.921985704731831 15 -0.7216536297406696 0.6922543164777788 0 
1 -32.108908650659217 -37.013754001230701 15 -0.74434582724148424 0.66779434668780369 0 
1 -30.856242863402183 -38.064317626285401 15 -0.76620939965198753 0.64259097090212902 0 
1 -29.569227105884213 -39.072507065206885 15 -0.78722000787600965 0.61667224617270999 0 
1 -28.249294117444052 -40.037199975349679 15 -0.80735426235926511 0.5900670258964883 0 
1 -26.897913281736084 -40.95732243553288 15 -0.82658974912718863 0.56280492769506862 0 
1 -25.516588990974334 -41.831850141557062 15 -0.84490505473675703 0.53491630044360938 0 
1 -24.106858971204012 -42.659809546486258 15 -0.86227979011449596 0.50643219048565713 0 
1 -22.670292570464973 -43.440278944425764 15 -0.87869461325410803 0.47738430707158103 0 
1 -21.208489011752768 -44.172389496588949 15 -0.89413125074852562 0.44780498705896227 0 
1 -19.723075612722081 -44.855326198511214 15 -0.90857251813231177 0.41772715891441636 0 
1 -18.21570597411452 -45.488328787334098 15 -0.92200233901187156 0.3871843060567382 0 
1 -16.688058138927335 -46.070692588149583 15 -0.93440576296210387 0.35621042958230253 0 
1 -15.14183272437241 -46.601769298462521 15 -0.94576898216960581 0.32484001041415439 0 
1 -36.748787973550343 -32.411827817558226 14 0 0 1 
1 -38.595859970087659 -32.099837899425367 11.5 0 0 1 
1 -38.172379473121545 -32.602292026175228 11.5 0 0 1 
1 -39.687679348986585 -33.896480382836749 11.5 -0 0 -1 
1 -39.148708820802611 -34.528518613806924 11.5 0 0 1 
1 -37.975033030215833 -35.815316086194422 11.5 0 0 1 
1 -36.759082447425072 -37.062243019323667 11.5 0 0 1 
1 -35.502210700172455 -38.267911301775548 11.5 0 0 1 
1 -34.205816970702266 -39.430978752331484 11.5 0 0 1 
1 -32.871344438154985 -40.550150614124455 11.5 0 0 1 
1 -31.500278671982777 -41.624180995995907 11.5 0 0 1 
1 -30.094145978175092 -42.651874259454146 11.5 0 0 1 
1 -28.654511700135178 -43.632086349690134 11.5 0 0 1 
1 -27.182978476099191 -44.563726069168951 11.5 0 0 1 
1 -25.681184455037741 -45.445756292379237 11.5 0 0 1 
1 -24.150801473025954 -46.277195120388264 11.5 0 0 1 
1 -22.593533192112133 -47.057116973917211 11.5 0 0 1 
1 -21.011113203756995 -47.784653623720118 11.5 0 0 1 
1 -19.405303098954654 -48.458995157119176 11.5 0 0 1 
1 -16.688058138927335 -46.070692588149583 14 0 0 1 
1 46.443860259867733 -15.619470034603555 14 0 0 1 
1 47.097205063308706 -17.375076265290147 11.5 0 0 1 
1 47.320602852827356 -16.757104333535299 11.5 0 0 1 
1 49.199052784910791 -17.422298342055072 11.5 0 -0 -1 
1 49.476928685001951 -16.639517057271544 11.5 0 0 1 
1 50.004490090321738 -14.979685270622864 11.5 0 0 1 
1 50.476385199679306 -13.30317770961495 11.5 0 0 1 
1 50.892088687193478 -11.611860705969306 11.5 0 0 1 
1 51.251137780954629 -9.9076170776633052 11.5 0 0 1 
1 51.553132778194424 -8.1923440329283164 11.5 0 0 1 
1 51.797737490245304 -6.4679510582282838 11.5 0 0 1 
1 51.984679616794431 -4.7363577925698621 11.5 0 0 1 
1 52.113751049015484 -2.9994918905104324 11.5 0 0 1 
1 46.939080736125767 -14.061390388132574 14 0 0 1 
1 47.38204740966065 -12.487657236994876 14 0 0 1 
1 47.77226715847663 -10.900022501771954 14 0 0 1 
1 48.109305579823307 -9.3002535786494622 14 0 0 1 
1 48.392787473784033 -7.6901313719058892 14 0 0 1 
1 48.62239726095823 -6.0714483113637145 14 0 0 1 
1 48.797879333772549 -4.4460063570100239 14 0 0 1 
1 48.919038341029854 -2.8156149930078773 14 0 0 1 
1 48.985739405379249 -1.1820892133315914 14 0 0 1 
1 48.997908273465022 0.45275249873164869 14 0 0 1 
1 48.955531398587461 2.0870901949645826 14 0 0 1 
1 48.858655955783327 3.7191044882334428 14 0 0 1 
1 48.707389789309431 5.3469785778769428 14 0 0 1 
1 48.501901292587583 6.9689002722158984 14 0 0 1 
1 -11.292019079409735 47.681131541839967 14 0 0 1 
1 -12.876395303840159 47.277885358582218 14 0 0 1 
1 -14.446437190881781 46.822008206503781 14 0 0 1 
1 -16.000396929164069 46.314007579880162 14 0 0 1 
1 -17.536544610381828 45.754448998191286 14 0 0 1 
1 -19.053170155073996 45.143955376570595 14 0 0 1 
1 -20.548585216328476 44.4832063323597 14 0 0 1 
1 -22.021125059293748 43.772937428540757 14 0 0 1 
1 -23.469150414404893 43.013939354888649 14 0 0 1 
1 -24.891049302260988 42.20705704775461 14 0 0 1 
1 -26.285238828122466 41.353188749461182 14 0 0 1 
1 -27.650166944030538 40.453285008355508 14 0 0 1 
1 -28.984314176587329 39.508347620634275 14 0 0 1 
1 -30.286195318473037 38.5194285151182 14 0 0 1 
1 -35.647061656716012 -33.619741153707402 14 0 0 1 
1 -34.505652105820474 -34.790228121587347 14 0 0 1 
1 -33.325829967594828 -35.921985704731831 14 0 0 1 
1 -32.108908650659217 -37.013754001230701 14 0 0 1 
1 -30.856242863402183 -38.064317626285401 14 0 0 1 
1 -29.569227105884213 -39.072507065206885 14 0 0 1 
1 -28.249294117444052 -40.037199975349679 14 0 0 1 
1 -26.897913281736084 -40.95732243553288 14 0 0 1 
1 -25.516588990974334 -41.831850141557062 14 0 0 1 
1 -24.106858971204012 -42.659809546486258 14 0 0 1 
1 -22.670292570464973 -43.440278944425764 14 0 0 1 
1 -21.208489011752768 -44.172389496588949 14 0 0 1 
1 -19.723075612722081 -44.855326198511214 14 0 0 1 
1 -18.21570597411452 -45.488328787334098 14 0 0 1 
Polygon3D 0
PolygonOnTriangulations 0
Surfaces 224
2 0 0 0 0 0 1 1 0 -0 -0 1 0 54
3 0 0 -0.10000000000000001 0 0 1 1 0 -0 -0 1 0 54.100000000000001
-0.1973955598498835
3 0 0 0.40000000000000002 -0 -0 -1 1 0 0 -0 1 -0 54
-0.7853981633974465
1 0 0 2 0 0 1 1 0 -0 -0 1 0 
2 0 0 2 0 0 1 1 0 -0 -0 1 0 54
3 0 0 0 -0 -0 -1 1 0 0 -0 1 -0 53.600000000000001
1.3734007669450159
1 0 0 0 0 0 1 1 0 -0 -0 1 0 
1 53.8964816241512 0 0.10351837584879958 -0 -1 -0 0 0 -1 1 -0 0 
1 0 0 15 0 0 1 1 0 -0 -0 1 0 
1 53.99769483198186 0.49895173329610398 11.5 -0.99966401078239053 -0.02592036933503503 0 -0.025920369335035012 0.99966401078239053 0 0 0 -1 
1 53.984284242662845 -1.3027105616307342 11.5 -0.99997229865189585 0.0074432471975334263 0 0.0074432471975334133 0.99997229865189585 0 0 0 -1 
1 53.950993786198424 2.3000585822058657 11.5 -0.9982428709952581 -0.059255130639839761 0 -0.059255130639839747 0.99824287099525821 0 0 0 -1 
1 53.844233094128569 4.0986049462164473 11.5 -0.99571046134018748 -0.092523927595574582 0 -0.092523927595574568 0.99571046134018748 0 0 0 -1 
1 53.677531604545088 5.8925886368439793 11.5 -0.9920696009613218 -0.12568972451415358 0 -0.12568972451415358 0.9920696009613218 0 0 0 -1 
1 53.451074893872025 7.6800125448909879 11.5 -0.98732434295891436 -0.1587156003698067 0 -0.15871560036980673 0.98732434295891436 0 0 0 -1 
1 53.165115059596154 9.4588868636802186 11.5 -0.98147996987730779 -0.19156478990054257 0 -0.1915647899005426 0.98147996987730779 0 0 0 -1 
1 52.8199704396255 11.227231304159003 11.5 0.2079116908177589 -0.9781476007338058 0 -0.9781476007338058 -0.20791169081775887 0 0 -0 -1 
1 -8.9125707164765835 53.259422483010496 11.5 0.18147836703510992 -0.98339493709204651 0 -0.9833949370920464 -0.18147836703510994 0 -0 0 -1 
1 -8.6154850259273648 51.484108400243485 11.5 -0.98628560153723166 -0.1650476058606766 0 -0.1650476058606766 0.98628560153723155 0 0 0 -1 
1 -10.684365376757922 52.932450694219099 11.5 0.21418379997231649 -0.97679337622110174 0 -0.97679337622110174 -0.21418379997231649 0 -0 0 -1 
1 -12.444265924247464 52.546553127742008 11.5 0.24665079794541972 -0.9691044236164067 0 -0.9691044236164067 -0.24665079794541972 0 -0 0 -1 
1 -14.190313191987114 52.102159374764078 11.5 0.27884321784978128 -0.96033663881952325 0 -0.96033663881952325 -0.27884321784978128 0 -0 0 -1 
1 -15.920563434849306 51.599764145942935 11.5 0.31072522224816568 -0.95049978235601296 0 -0.95049978235601296 -0.31072522224816568 0 -0 0 -1 
1 -17.633090493364488 51.039926720684257 11.5 0.34226131926597819 -0.93960480486974529 0 -0.93960480486974529 -0.34226131926597819 0 -0 0 -1 
1 -19.32598793797181 50.423270324537334 11.5 0.37341640210165306 -0.92766383493238358 0 -0.92766383493238358 -0.37341640210165306 0 -0 0 -1 
1 -20.997371191306037 49.750481435404332 11.5 0.40415578810852976 -0.91469016554152005 0 -0.91469016554152005 -0.40415578810852976 0 -0 0 -1 
1 -22.645379626157915 49.022309019335175 11.5 0.43444525740441398 -0.90069823932258941 0 -0.90069823932258941 -0.43444525740441398 0 -0 0 -1 
1 -24.26817863677271 48.239563696759205 11.5 0.46425109096610861 -0.88570363245093331 0 -0.88570363245093331 -0.46425109096610867 0 -0 0 -1 
1 -25.8639616811809 47.403116840081367 11.5 0.4935401081662365 -0.86972303731202827 0 -0.86972303731202827 -0.4935401081662365 0 -0 0 -1 
1 -27.430952292287621 46.513899603647936 11.5 0.52227970371081056 -0.85277424391907375 0 -0.85277424391907375 -0.52227970371081056 0 -0 0 -1 
1 -28.967406055481899 45.572901887161301 11.5 0.55043788393629589 -0.83487612010868595 0 -0.83487612010868606 -0.55043788393629578 0 -0 0 -1 
1 -30.47161255056427 44.581171233697908 11.5 0.57798330242577323 -0.81604859053673839 0 -0.81604859053673839 -0.57798330242577312 0 -0 0 -1 
1 -31.941897255830934 43.539811663556144 11.5 0.60488529490458542 -0.79631261449771895 0 -0.79631261449771895 -0.60488529490458542 0 -0 0 -1 
1 -33.376623412194775 42.449982445232301 11.5 0.63111391337660838 -0.77569016259229617 0 -0.77569016259229617 -0.63111391337660849 0 -0 0 -1 
1 -34.774193845268051 41.312896804892794 11.5 0.65663995946315223 -0.75420419226906299 0 -0.75420419226906299 -0.65663995946315235 0 -0 0 -1 
1 -36.133052743378329 40.129820575779291 11.5 0.74314482547739469 0.66913060635885768 0 0.66913060635885768 -0.74314482547739469 0 0 0 -1 
1 -41.667727502936863 -34.348223894999258 11.5 0.76090581395715695 0.64886234463574521 0 0.64886234463574521 -0.76090581395715695 0 0 -0 -1 
1 -40.278803252838976 -33.203283098499291 11.5 0.63607822027776351 -0.77162458338772044 0 -0.77162458338772033 -0.63607822027776351 0 -0 0 -1 
1 -40.498664297382007 -35.719157186696819 11.5 0.73883597806968626 0.67388529996566204 0 0.67388529996566204 -0.73883597806968615 0 0 -0 -1 
1 -39.284516927809477 -37.050326985718364 11.5 0.71594365079897415 0.69815806869263974 0 0.69815806869263974 -0.71594365079897415 0 0 -0 -1 
1 -38.026637014577659 -38.340251399300342 11.5 0.69225431647777724 0.72165362974067093 0 0.72165362974067093 -0.69225431647777724 0 0 -0 -1 
1 -36.726424862247363 -39.587494450112622 11.5 0.66779434668780402 0.7443458272414839 0 0.7443458272414839 -0.66779434668780402 0 0 -0 -1 
1 -35.38532790072648 -40.79066767482567 11.5 0.64259097090213058 0.76620939965198642 0 0.76620939965198642 -0.64259097090213046 0 0 -0 -1 
1 -34.004839073953427 -41.948431669783908 11.5 0.61667224617271144 0.78722000787600843 0 0.78722000787600854 -0.61667224617271144 0 0 -0 -1 
1 -32.586495177913221 -43.059497582064729 11.5 0.59006702589648474 0.80735426235926777 0 0.80735426235926777 -0.59006702589648474 0 0 -0 -1 
1 -31.131875149836301 -44.122628544262909 11.5 0.56280492769507107 0.82658974912718697 0 0.82658974912718697 -0.56280492769507118 0 0 -0 -1 
1 -29.642598310484665 -45.136641051403586 11.5 0.53491630044360894 0.84490505473675737 0 0.84490505473675737 -0.53491630044360894 0 0 -0 -1 
1 -28.12032256148192 -46.100406278450635 11.5 0.50643219048565902 0.86227979011449474 0 0.86227979011449485 -0.50643219048565913 0 0 -0 -1 
1 -26.566742539694214 -47.012851336944038 11.5 0.47738430707157953 0.8786946132541088 0 0.8786946132541088 -0.47738430707157964 0 0 -0 -1 
1 -24.983587730716501 -47.872960469367165 11.5 0.44780498705896199 0.89413125074852573 0 0.89413125074852573 -0.44780498705896199 0 0 -0 -1 
1 -23.372620543564278 -48.679776179914356 11.5 0.41772715891441387 0.90857251813231288 0 0.90857251813231288 -0.41772715891441387 0 0 -0 -1 
1 -21.735634348714129 -49.432400300400118 11.5 0.38718430605673598 0.92200233901187245 0 0.92200233901187256 -0.38718430605673598 0 0 -0 -1 
1 -20.074451481677229 -50.129994990123286 11.5 0.35621042958230553 0.93440576296210276 0 0.93440576296210276 -0.35621042958230548 0 0 -0 -1 
1 -18.390921214328081 -50.771783668573008 11.5 0.32484001041415522 0.94576898216960559 0 0.94576898216960559 -0.32484001041415517 0 0 -0 -1 
1 -16.686917696247146 -51.35705187993829 11.5 -0.95105651629515353 0.30901699437494773 0 0.30901699437494767 0.95105651629515353 0 -0 0 -1 
1 50.580298219413471 -18.911198588011242 11.5 -0.94238418099226717 0.33453259245630135 0 0.33453259245630135 0.94238418099226717 0 0 0 -1 
1 48.894288278766361 -18.280825301744201 11.5 0.35020738125946826 0.93667218924839735 0 0.93667218924839735 -0.35020738125946826 0 0 -0 -1 
1 51.183029674139952 -17.213293507522284 11.5 -0.953019778042003 0.30290807625543981 0 0.30290807625543981 0.953019778042003 0 0 0 -1 
1 51.728782852056966 -15.496226142023652 11.5 -0.96259444874439415 0.27094635492376701 0 0.27094635492376701 0.96259444874439415 0 0 0 -1 
1 52.216950206564796 -13.761907975463739 11.5 -0.97109753432755896 0.2386830090788524 0 0.2386830090788524 0.97109753432755896 0 0 0 -1 
1 52.646988297096691 -12.012269695830316 11.5 -0.97851956893597014 0.20615395511452916 0 0.20615395511452916 0.97851956893597014 0 0 0 -1 
1 53.018418394090993 -10.249259045858592 11.5 -0.98485229016810905 0.17339540521775904 0 0.17339540521775901 0.98485229016810905 0 0 0 -1 
1 53.330827011925258 -8.4748386547534285 11.5 -0.99008864827436494 0.1404438270563752 0 0.14044382705637518 0.99008864827436482 0 0 0 -1 
1 53.58386636921928 -6.6909838533396044 11.5 -0.99422281400501478 0.10733590318225232 0 0.10733590318225231 0.99422281400501478 0 0 0 -1 
1 53.777254775994237 -4.8996804750722696 11.5 -0.99725018509948549 0.074108490195402471 0 0.074108490195402485 0.99725018509948549 0 0 0 -1 
1 53.910776947257396 -3.1029226453556178 11.5 -0.99916739140971789 0.040798577714176061 0 0.040798577714176047 0.99916739140971789 0 0 0 -1 
2 0 0 -1 0 0 1 1 0 -0 -0 1 0 1.45
2 12 0 -1 0 0 1 1 0 -0 -0 1 0 4
1 52.177075559782558 -3.8774264977057875 15 0 0 1 0.98480775301220813 -0.17364817766693036 0 0.17364817766693036 0.98480775301220813 0 
1 52.177075559782558 -3.8774264977057875 15 0 0 1 0.98480775301220813 -0.17364817766693036 0 0.17364817766693036 0.98480775301220813 0 
1 52.8199704396255 11.227231304159003 11.5 0.2079116908177589 -0.9781476007338058 0 -0.9781476007338058 -0.20791169081775887 0 0 -0 -1 
2 0 0 1.8999999999999999 0 0 1 1 0 -0 -0 1 0 52.200000000000003
1 -8.6154850259273648 51.484108400243485 11.5 -0.98628560153723166 -0.1650476058606766 0 -0.1650476058606766 0.98628560153723155 0 0 0 -1 
1 -22.730587931571129 47.125386178804753 15 0 0 1 -0.3420201433256686 0.93969262078590854 0 -0.93969262078590854 -0.34202014332566855 0 
1 -22.730587931571129 47.125386178804753 15 0 0 1 -0.3420201433256686 0.93969262078590854 0 -0.93969262078590854 -0.34202014332566855 0 
1 -36.133052743378329 40.129820575779291 11.5 0.74314482547739469 0.66913060635885768 0 0.66913060635885768 -0.74314482547739469 0 0 0 -1 
1 -40.278803252838976 -33.203283098499291 11.5 0.63607822027776351 -0.77162458338772044 0 -0.77162458338772033 -0.63607822027776351 0 -0 0 -1 
1 -29.446487628211404 -43.247959681098969 15 0 0 1 -0.64278760968653914 -0.76604444311897824 0 0.76604444311897824 -0.64278760968653914 0 
1 -29.446487628211404 -43.247959681098969 15 0 0 1 -0.64278760968653914 -0.76604444311897824 0 0.76604444311897824 -0.64278760968653914 0 
1 -16.686917696247146 -51.35705187993829 11.5 -0.95105651629515353 0.30901699437494773 0 0.30901699437494767 0.95105651629515353 0 -0 0 -1 
1 48.894288278766361 -18.280825301744201 11.5 0.35020738125946826 0.93667218924839735 0 0.93667218924839735 -0.35020738125946826 0 0 -0 -1 
1 0 0 1.8999999999999999 0 0 1 1 0 -0 -0 1 0 
1 0 0 1 0 0 1 1 0 -0 -0 1 0 
1 52.177075559782558 -3.8774264977057875 11.5 0 0 1 0.98480775301220813 -0.17364817766693036 0 0.17364817766693036 0.98480775301220813 0 
1 51.059304758304656 10.85299026068704 11.5 0.98147996987730801 0.19156478990054165 0 0.19156478990054168 -0.98147996987730801 0 0 -0 -1 
1 51.206026898414727 10.884177014309701 14 0.20791169081775926 -0.97814760073380569 0 -0.97814760073380569 -0.20791169081775923 0 0 -0 -1 
1 -8.087332687173193 48.327994475324338 14 -0.98628560153723144 -0.16504760586067765 0 -0.16504760586067768 0.98628560153723144 0 0 0 -1 
1 -8.6842618472369679 50.539426968864973 14 0 0 1 -0.3420201433256686 0.93969262078590854 0 -0.93969262078590854 -0.34202014332566855 0 
1 -7.8530101450195797 49.581954697875915 11.5 -0.98768834059513788 -0.1564344650402304 0 -0.15643446504023056 0.98768834059513788 0 0 0 -1 
1 -8.6842618472369679 50.539426968864973 11.5 0 0 1 -0.3420201433256686 0.93969262078590854 0 -0.93969262078590854 -0.34202014332566855 0 
1 -22.730587931571129 47.125386178804753 11.5 0 0 1 -0.3420201433256686 0.93969262078590854 0 -0.93969262078590854 -0.34202014332566855 0 
1 -22.730587931571129 47.125386178804753 11.5 0 0 1 -0.3420201433256686 0.93969262078590854 0 -0.93969262078590854 -0.34202014332566855 0 
1 -34.928617651932392 38.792159889919986 11.5 -0.65663995946315157 0.75420419226906366 0 0.75420419226906366 0.65663995946315157 0 0 0 -1 
1 -35.028987242886217 38.903631613741595 14 0.74314482547739447 0.66913060635885802 0 0.6691306063588579 -0.74314482547739447 0 0 0 -1 
1 -37.809604585998265 -31.167832793610437 14 0.63607822027776439 -0.77162458338771966 0 -0.77162458338771966 -0.63607822027776428 0 -0 0 -1 
1 -39.426296724126935 -32.790504857255691 14 0 0 1 -0.64278760968653914 -0.76604444311897824 0 0.76604444311897824 -0.64278760968653914 0 
1 -39.01272726513993 -31.591883630701851 11.5 0.62932039104983739 -0.7771459614569709 0 -0.7771459614569709 -0.62932039104983761 0 -0 0 -1 
1 -39.426296724126935 -32.790504857255691 11.5 0 0 1 -0.64278760968653914 -0.76604444311897824 0 0.76604444311897824 -0.64278760968653914 0 
1 -29.446487628211404 -43.247959681098969 11.5 0 0 1 -0.64278760968653914 -0.76604444311897824 0 0.76604444311897824 -0.64278760968653914 0 
1 -29.446487628211404 -43.247959681098969 11.5 0 0 1 -0.64278760968653914 -0.76604444311897824 0 0.76604444311897824 -0.64278760968653914 0 
1 -16.130687106372243 -49.645150150607016 11.5 -0.32484001041415611 -0.94576898216960525 0 -0.94576898216960525 0.32484001041415606 0 -0 0 -1 
1 -16.177039655528485 -49.787808628051295 14 -0.95105651629515364 0.30901699437494728 0 0.3090169943749474 0.95105651629515364 0 -0 0 -1 
1 45.896937273171481 -17.160161681713905 14 0.35020738125946727 0.93667218924839779 0 0.93667218924839768 -0.35020738125946727 0 0 -0 -1 
1 48.110558571363924 -17.748922111609286 14 0 0 1 0.98480775301220813 -0.17364817766693036 0 0.17364817766693036 0.98480775301220813 0 
1 46.865737410159532 -17.990071067174075 11.5 0.35836794954530055 0.93358042649720174 0 0.93358042649720174 -0.35836794954530043 0 0 -0 -1 
1 48.110558571363924 -17.748922111609286 11.5 0 0 1 0.98480775301220813 -0.17364817766693036 0 0.17364817766693036 0.98480775301220813 0 
1 52.177075559782558 -3.8774264977057875 11.5 0 0 1 0.98480775301220813 -0.17364817766693036 0 0.17364817766693036 0.98480775301220813 0 
2 0 0 1 0 0 1 1 0 -0 -0 1 0 8
2 0 0 1 0 0 1 1 0 -0 -0 1 0 48
1 0 0 1 0 0 1 1 0 -0 -0 1 0 
1 49.76521115740421 -3.6981940121300108 15 0 0 1 0.98480775301220813 -0.17364817766693036 0 0.17364817766693036 0.98480775301220813 0 
1 52.197771670915799 0.482320008852899 11.5 0.99997229865189596 -0.0074432471975316673 0 -0.007443247197531663 -0.99997229865189596 0 0 -0 -1 
1 52.152627326658482 2.2233899627990046 11.5 0.99966401078239053 0.025920369335035113 0 0.025920369335035123 -0.99966401078239053 0 0 -0 -1 
1 52.049425324324282 3.9619847813425646 11.5 0.9982428709952581 0.059255130639839511 0 0.059255130639839504 -0.9982428709952581 0 0 -0 -1 
1 51.888280551060255 5.696169015615844 11.5 0.9957104613401877 0.092523927595571681 0 0.092523927595571695 -0.9957104613401877 0 0 -0 -1 
1 51.669372397409624 7.4240121267279564 11.5 0.99206960096132168 0.12568972451415455 0 0.12568972451415458 -0.99206960096132168 0 0 -0 -1 
1 51.392944557609617 9.1435906348908809 11.5 0.98732434295891414 0.15871560036980789 0 0.15871560036980789 -0.98732434295891414 0 0 -0 -1 
1 49.76521115740421 -3.6981940121300108 14 0 0 1 0.98480775301220813 -0.17364817766693036 0 0.17364817766693036 0.98480775301220813 0 
1 47.929232435956472 10.187672850070207 14 0.98147996987730768 0.1915647899005434 0 0.19156478990054343 -0.98147996987730768 0 0 -0 -1 
1 -21.679875616074007 44.947034093073839 14 0 0 1 -0.3420201433256686 0.93969262078590854 0 -0.93969262078590854 -0.34202014332566855 0 
1 -21.679875616074007 44.947034093073839 15 0 0 1 -0.3420201433256686 0.93969262078590854 0 -0.93969262078590854 -0.34202014332566855 0 
1 -9.6950722863173713 48.031297852161778 14 -0.18147836703510858 0.98339493709204673 0 0.98339493709204673 0.18147836703510856 0 0 0 -1 
1 -8.5013450932210262 49.474914164715507 11.5 -0.16289547339459431 0.98664333208487809 0 0.98664333208487809 0.16289547339459431 0 0 0 -1 
1 -9.1482233797057919 49.359396359710523 11.5 -0.17579627993435273 0.98442656808989204 0 0.98442656808989204 0.17579627993435273 0 0 0 -1 
1 -9.5400297595139101 51.473394410973022 11.5 0.98325490756395462 0.18223552549214767 0 0.18223552549214764 -0.98325490756395462 0 -0 0 -1 
1 -10.328219864199321 51.168035671078464 11.5 -0.18147836703511508 0.98339493709204551 0 0.98339493709204551 0.18147836703511505 0 0 0 -1 
1 -12.029457060105884 50.795001356817274 11.5 -0.21418379997231349 0.97679337622110241 0 0.97679337622110241 0.21418379997231352 0 0 0 -1 
1 -13.717302752254211 50.365420728938609 11.5 -0.24665079794542066 0.96910442361640636 0 0.96910442361640636 0.24665079794542072 0 0 0 -1 
1 -15.389877987021002 49.879772007744847 11.5 -0.27884321784977845 0.96033663881952402 0 0.96033663881952414 0.27884321784977845 0 0 0 -1 
1 -17.045320810252338 49.338595829994787 11.5 -0.31072522224816723 0.95049978235601251 0 0.95049978235601251 0.31072522224816723 0 0 0 -1 
1 -18.681788340039418 48.742494647052766 11.5 -0.34226131926597836 0.93960480486974529 0 0.93960480486974529 0.3422613192659783 0 0 0 -1 
1 -20.297458818262502 48.092132054224187 11.5 -0.37341640210165605 0.92766383493238236 0 0.92766383493238236 0.37341640210165605 0 0 0 -1 
1 -21.890533638619317 47.388232052024009 11.5 -0.40415578810852637 0.91469016554152149 0 0.91469016554152149 0.40415578810852637 0 0 0 -1 
1 -23.459239348880285 46.631578240200568 11.5 -0.43444525740441547 0.90069823932258863 0 0.90069823932258863 0.43444525740441547 0 0 0 -1 
1 -25.001829625141539 45.823012945411996 11.5 -0.46425109096610756 0.88570363245093398 0 0.88570363245093386 0.4642510909661075 0 0 0 -1 
1 -26.516587215878033 44.963436283526342 11.5 -0.493540108166238 0.86972303731202738 0 0.86972303731202738 0.493540108166238 0 0 0 -1 
1 -28.001825853632507 44.05380515758926 11.5 -0.52227970371081056 0.85277424391907375 0 0.85277424391907375 0.52227970371081078 0 0 0 -1 
1 -29.455892132212124 43.095132192574646 11.5 -0.55043788393629556 0.83487612010868606 0 0.83487612010868617 0.55043788393629556 0 0 0 -1 
1 -30.877167347303235 42.088484608104274 11.5 -0.5779833024257709 0.81604859053674006 0 0.81604859053674006 0.5779833024257709 0 0 0 -1 
1 -32.264069298454949 41.034983030391224 11.5 -0.6048852949045862 0.7963126144977184 0 0.7963126144977184 0.60488529490458631 0 0 0 -1 
1 -33.615054050425783 39.935800244729698 11.5 -0.63111391337660938 0.7756901625922954 0 0.7756901625922954 0.63111391337660938 0 0 0 -1 
1 -32.787399711584044 36.414096448392321 14 -0.6566399594631529 0.75420419226906243 0 0.75420419226906243 0.6566399594631529 0 0 0 -1 
1 -28.085335541330181 -41.248840080943829 14 0 0 1 -0.64278760968653914 -0.76604444311897824 0 0.76604444311897824 -0.64278760968653914 0 
1 -28.085335541330181 -41.248840080943829 15 0 0 1 -0.64278760968653914 -0.76604444311897824 0 0.76604444311897824 -0.64278760968653914 0 
1 -36.748787973550343 -32.411827817558226 14 -0.76090581395715784 -0.64886234463574421 0 -0.64886234463574421 0.76090581395715784 0 -0 0 -1 
1 -38.595859970087659 -32.099837899425367 11.5 -0.77301045336273311 -0.63439328416365015 0 -0.63439328416365026 0.77301045336273311 0 -0 0 -1 
1 -38.172379473121545 -32.602292026175228 11.5 -0.76464027615900121 -0.64445732835889635 0 -0.64445732835889635 0.76464027615900132 0 -0 0 -1 
1 -39.807252299161604 -33.99860533008512 11.5 -0.64944804833018421 0.7604059656000306 0 0.7604059656000306 0.64944804833018421 0 0 -0 -1 
1 -39.148708820802611 -34.528518613806924 11.5 -0.76090581395715362 -0.64886234463574921 0 -0.64886234463574921 0.76090581395715362 0 -0 0 -1 
1 -37.975033030215833 -35.815316086194422 11.5 -0.73883597806968826 -0.67388529996565971 0 -0.67388529996565982 0.73883597806968826 0 -0 0 -1 
1 -36.759082447425072 -37.062243019323667 11.5 -0.71594365079897349 -0.69815806869264052 0 -0.69815806869264052 0.71594365079897337 0 -0 0 -1 
1 -35.502210700172455 -38.267911301775548 11.5 -0.69225431647777946 -0.72165362974066893 0 -0.72165362974066893 0.69225431647777935 0 -0 0 -1 
1 -34.205816970702266 -39.430978752331484 11.5 -0.6677943466878028 -0.74434582724148501 0 -0.74434582724148501 0.6677943466878028 0 -0 0 -1 
1 -32.871344438154985 -40.550150614124455 11.5 -0.64259097090213035 -0.76620939965198642 0 -0.76620939965198653 0.64259097090213035 0 -0 0 -1 
1 -31.500278671982777 -41.624180995995907 11.5 -0.61667224617270888 -0.78722000787601043 0 -0.78722000787601043 0.61667224617270899 0 -0 0 -1 
1 -30.094145978175092 -42.651874259454146 11.5 -0.59006702589648763 -0.80735426235926555 0 -0.80735426235926566 0.59006702589648763 0 -0 0 -1 
1 -28.654511700135178 -43.632086349690134 11.5 -0.56280492769506973 -0.82658974912718797 0 -0.82658974912718797 0.56280492769506973 0 -0 0 -1 
1 -27.182978476099191 -44.563726069168951 11.5 -0.53491630044360994 -0.84490505473675659 0 -0.84490505473675659 0.53491630044361005 0 -0 0 -1 
1 -25.681184455037741 -45.445756292379237 11.5 -0.50643219048565746 -0.86227979011449574 0 -0.86227979011449574 0.50643219048565746 0 -0 0 -1 
1 -24.150801473025954 -46.277195120388264 11.5 -0.47738430707157953 -0.87869461325410891 0 -0.87869461325410891 0.47738430707157953 0 -0 0 -1 
1 -22.593533192112133 -47.057116973917211 11.5 -0.44780498705896221 -0.89413125074852562 0 -0.89413125074852562 0.44780498705896221 0 -0 0 -1 
1 -21.011113203756995 -47.784653623720118 11.5 -0.41772715891441647 -0.90857251813231166 0 -0.90857251813231166 0.41772715891441653 0 -0 0 -1 
1 -19.405303098954654 -48.458995157119176 11.5 -0.38718430605673504 -0.9220023390118729 0 -0.9220023390118729 0.38718430605673504 0 -0 0 -1 
1 -17.777890507183809 -49.079390879620576 11.5 -0.35621042958230437 -0.9344057629621032 0 -0.9344057629621032 0.35621042958230437 0 -0 0 -1 
1 -15.14183272437241 -46.601769298462521 14 -0.32484001041415439 -0.94576898216960581 0 -0.94576898216960581 0.32484001041415439 0 -0 0 -1 
1 46.443860259867733 -15.619470034603555 14 0.94238418099226673 -0.33453259245630268 0 -0.33453259245630268 -0.94238418099226673 0 0 -0 -1 
1 47.097205063308706 -17.375076265290147 11.5 0.93590592675732776 -0.35225004792122805 0 -0.35225004792122805 -0.93590592675732787 0 0 -0 -1 
1 47.320602852827356 -16.757104333535299 11.5 0.9404365560933543 -0.33996923973099574 0 -0.33996923973099574 -0.9404365560933543 0 0 -0 -1 
1 49.347282058675539 -17.474789080887906 11.5 -0.33380685923377057 -0.94264149109217865 0 -0.94264149109217854 0.33380685923377057 0 0 0 -1 
1 49.476928685001951 -16.639517057271544 11.5 0.94238418099226895 -0.33453259245629646 0 -0.33453259245629646 -0.94238418099226895 0 0 -0 -1 
1 50.004490090321738 -14.979685270622864 11.5 0.95301977804200211 -0.30290807625544275 0 -0.30290807625544275 -0.95301977804200211 0 0 -0 -1 
1 50.476385199679306 -13.30317770961495 11.5 0.96259444874439448 -0.27094635492376606 0 -0.27094635492376601 -0.96259444874439448 0 0 -0 -1 
1 50.892088687193478 -11.611860705969306 11.5 0.9710975343275583 -0.23868300907885526 0 -0.23868300907885526 -0.9710975343275583 0 0 -0 -1 
1 51.251137780954629 -9.9076170776633052 11.5 0.97851956893597047 -0.20615395511452758 0 -0.20615395511452758 -0.97851956893597047 0 0 -0 -1 
1 51.553132778194424 -8.1923440329283164 11.5 0.98485229016810905 -0.17339540521775887 0 -0.17339540521775887 -0.98485229016810905 0 0 -0 -1 
1 51.797737490245304 -6.4679510582282838 11.5 0.99008864827436538 -0.14044382705637201 0 -0.14044382705637198 -0.99008864827436527 0 0 -0 -1 
1 51.984679616794431 -4.7363577925698621 11.5 0.99422281400501444 -0.10733590318225594 0 -0.10733590318225594 -0.99422281400501444 0 0 -0 -1 
1 52.113751049015484 -2.9994918905104324 11.5 0.9972501850994856 -0.074108490195400792 0 -0.074108490195400792 -0.9972501850994856 0 0 -0 -1 
1 52.184808101240755 -1.2592868762430429 11.5 0.99916739140971789 -0.040798577714177338 0 -0.040798577714177331 -0.99916739140971778 0 0 -0 -1 
1 46.939080736125767 -14.061390388132574 14 0.95301977804200266 -0.30290807625544081 0 -0.30290807625544086 -0.95301977804200266 0 0 -0 -1 
1 47.38204740966065 -12.487657236994876 14 0.96259444874439493 -0.2709463549237644 0 -0.2709463549237644 -0.96259444874439493 0 0 -0 -1 
1 47.77226715847663 -10.900022501771954 14 0.97109753432755841 -0.23868300907885437 0 -0.23868300907885437 -0.97109753432755841 0 0 -0 -1 
1 48.109305579823307 -9.3002535786494622 14 0.97851956893597025 -0.20615395511452869 0 -0.20615395511452869 -0.97851956893597025 0 0 -0 -1 
1 48.392787473784033 -7.6901313719058892 14 0.98485229016810938 -0.1733954052177572 0 -0.1733954052177572 -0.98485229016810938 0 0 -0 -1 
1 48.62239726095823 -6.0714483113637145 14 0.99008864827436516 -0.14044382705637332 0 -0.14044382705637332 -0.99008864827436516 0 0 -0 -1 
1 48.797879333772549 -4.4460063570100239 14 0.99422281400501433 -0.1073359031822568 0 -0.10733590318225682 -0.99422281400501433 0 0 -0 -1 
1 48.919038341029854 -2.8156149930078773 14 0.99725018509948571 -0.074108490195399543 0 -0.074108490195399557 -0.99725018509948571 0 0 -0 -1 
1 48.985739405379249 -1.1820892133315914 14 0.99916739140971789 -0.040798577714176554 0 -0.040798577714176568 -0.99916739140971789 0 0 -0 -1 
1 48.997908273465022 0.45275249873164869 14 0.99997229865189585 -0.0074432471975311755 0 -0.0074432471975311703 -0.99997229865189585 0 0 -0 -1 
1 48.955531398587461 2.0870901949645826 14 0.99966401078239053 0.025920369335033361 0 0.025920369335033371 -0.99966401078239053 0 0 -0 -1 
1 48.858655955783327 3.7191044882334428 14 0.99824287099525821 0.059255130639839462 0 0.059255130639839476 -0.99824287099525821 0 0 -0 -1 
1 48.707389789309431 5.3469785778769428 14 0.99571046134018781 0.092523927595571903 0 0.092523927595571917 -0.99571046134018781 0 0 -0 -1 
1 48.501901292587583 6.9689002722158984 14 0.99206960096132213 0.12568972451415122 0 0.12568972451415122 -0.99206960096132213 0 0 -0 -1 
1 48.242419220744658 8.583064005932048 14 0.9873243429589138 0.15871560036980983 0 0.15871560036980981 -0.9873243429589138 0 0 -0 -1 
1 -11.292019079409735 47.681131541839967 14 -0.21418379997231549 0.97679337622110196 0 0.97679337622110196 0.21418379997231538 0 0 0 -1 
1 -12.876395303840159 47.277885358582218 14 -0.24665079794542236 0.96910442361640603 0 0.96910442361640603 0.24665079794542236 0 0 0 -1 
1 -14.446437190881781 46.822008206503781 14 -0.27884321784977933 0.9603366388195238 0 0.9603366388195238 0.27884321784977928 0 0 0 -1 
1 -16.000396929164069 46.314007579880162 14 -0.31072522224816618 0.95049978235601285 0 0.95049978235601285 0.31072522224816612 0 0 0 -1 
1 -17.536544610381828 45.754448998191286 14 -0.34226131926597997 0.93960480486974474 0 0.93960480486974474 0.34226131926597997 0 0 0 -1 
1 -19.053170155073996 45.143955376570595 14 -0.37341640210165483 0.92766383493238291 0 0.92766383493238291 0.37341640210165483 0 0 0 -1 
1 -20.548585216328476 44.4832063323597 14 -0.40415578810852559 0.91469016554152183 0 0.91469016554152183 0.40415578810852554 0 0 0 -1 
1 -22.021125059293748 43.772937428540757 14 -0.43444525740441664 0.90069823932258808 0 0.90069823932258808 0.43444525740441664 0 0 0 -1 
1 -23.469150414404893 43.013939354888649 14 -0.46425109096610817 0.88570363245093353 0 0.88570363245093353 0.46425109096610817 0 0 0 -1 
1 -24.891049302260988 42.20705704775461 14 -0.49354010816623844 0.86972303731202716 0 0.86972303731202716 0.49354010816623844 0 0 0 -1 
1 -26.285238828122466 41.353188749461182 14 -0.52227970371080923 0.85277424391907464 0 0.85277424391907464 0.52227970371080923 0 0 0 -1 
1 -27.650166944030538 40.453285008355508 14 -0.55043788393629556 0.83487612010868617 0 0.83487612010868617 0.55043788393629556 0 0 0 -1 
1 -28.984314176587329 39.508347620634275 14 -0.57798330242577101 0.81604859053673995 0 0.81604859053673995 0.57798330242577101 0 0 0 -1 
1 -30.286195318473037 38.5194285151182 14 -0.60488529490458354 0.79631261449772039 0 0.79631261449772051 0.60488529490458354 0 0 0 -1 
1 -31.554361081817301 37.487628582217539 14 -0.63111391337661094 0.77569016259229417 0 0.77569016259229417 0.63111391337661094 0 0 0 -1 
1 -35.647061656716012 -33.619741153707402 14 -0.73883597806968693 -0.67388529996566127 0 -0.67388529996566127 0.73883597806968693 0 -0 0 -1 
1 -34.505652105820474 -34.790228121587347 14 -0.71594365079897226 -0.69815806869264174 0 -0.69815806869264174 0.71594365079897226 0 -0 0 -1 
1 -33.325829967594828 -35.921985704731831 14 -0.6922543164777788 -0.7216536297406696 0 -0.7216536297406696 0.6922543164777788 0 -0 0 -1 
1 -32.108908650659217 -37.013754001230701 14 -0.66779434668780369 -0.74434582724148424 0 -0.74434582724148424 0.66779434668780369 0 -0 0 -1 
1 -30.856242863402183 -38.064317626285401 14 -0.64259097090212913 -0.76620939965198764 0 -0.76620939965198753 0.64259097090212902 0 -0 0 -1 
1 -29.569227105884213 -39.072507065206885 14 -0.61667224617270999 -0.78722000787600954 0 -0.78722000787600965 0.61667224617270999 0 -0 0 -1 
1 -28.249294117444052 -40.037199975349679 14 -0.5900670258964883 -0.80735426235926511 0 -0.80735426235926511 0.5900670258964883 0 -0 0 -1 
1 -26.897913281736084 -40.95732243553288 14 -0.56280492769506862 -0.82658974912718863 0 -0.82658974912718863 0.56280492769506862 0 -0 0 -1 
1 -25.516588990974334 -41.831850141557062 14 -0.53491630044360927 -0.84490505473675703 0 -0.84490505473675703 0.53491630044360938 0 -0 0 -1 
1 -24.106858971204012 -42.659809546486258 14 -0.50643219048565713 -0.86227979011449596 0 -0.86227979011449596 0.50643219048565713 0 -0 0 -1 
1 -22.670292570464973 -43.440278944425764 14 -0.47738430707158103 -0.87869461325410803 0 -0.87869461325410803 0.47738430707158103 0 -0 0 -1 
1 -21.208489011752768 -44.172389496588949 14 -0.44780498705896227 -0.89413125074852562 0 -0.89413125074852562 0.44780498705896221 0 -0 0 -1 
1 -19.723075612722081 -44.855326198511214 14 -0.41772715891441636 -0.90857251813231188 0 -0.90857251813231177 0.41772715891441636 0 -0 0 -1 
1 -18.21570597411452 -45.488328787334098 14 -0.38718430605673815 -0.92200233901187156 0 -0.92200233901187156 0.38718430605673815 0 -0 0 -1 
1 -16.688058138927335 -46.070692588149583 14 -0.35621042958230253 -0.93440576296210387 0 -0.93440576296210387 0.35621042958230253 0 -0 0 -1 
Triangulations 0

TShapes 1953
Ve
1.00000051237965e-07
54 0 0.4
0 0

0101101
*
Ve
1.00000051237965e-07
54 -1.32261854307914e-14 2
0 0

0101101
*
Ed
 1e-07 1 1 0
1  1 0 0.4 2
3  1 2CN 1 0 0.4 2
0

0101000
+1953 0 -1952 0 *
Ed
 1.00000051237965e-07 1 1 0
1  2 0 0 6.28318530717959
2  3 2 0 0 6.28318530717959
2  4 3 0 0 6.28318530717959
2  5 1 0 0 6.28318530717959
0

0101000
+1953 0 -1953 0 *
Ed
 1.00000051237965e-07 1 1 0
1  3 0 0 6.28318530717959
2  6 1 0 0 6.28318530717959
2  7 4 0 0 6.28318530717959
2  8 5 0 0 6.28318530717959
0

0101000
+1952 0 -1952 0 *
Wi

0101100
+1951 0 +1950 0 -1951 0 -1949 0 *
Fa
0  1e-07 1 0

0101000
+1948 0 *
Ve
1e-07
53.6 0 0
0 0

0101101
*
Ed
 1e-07 1 1 0
1  4 0 0 6.28318530717959
2  9 3 0 0 6.28318530717959
2  10 6 0 0 6.28318530717959
2  11 7 0 0 6.28318530717959
0

0101000
+1946 0 -1946 0 *
Ed
 1e-07 1 1 0
1  5 0 0 0.565685424949237
3  12 13CN 3 0 0 0.565685424949237
2  14 8 0 0 0.565685424949237
0

0101000
+1953 0 -1946 0 *
Wi

0101100
+1950 0 -1945 0 -1944 0 +1944 0 *
Fa
0  1e-07 3 0

0101000
+1943 0 *
Ve
1e-07
54 -1.32261854307914e-14 15
0 0

0101101
*
Ed
 1e-07 1 1 0
1  6 0 0 13
3  15 16CN 5 0 0 13
0

0101000
+1952 0 -1941 0 *
Ve
1.00000007106295e-07
53.9976948319819 0.498951733296104 15
0 0

0101101
*
Ed
 1e-07 1 1 0
1  7 0 0 0.00923997839291117
2  17 5 0 0 0.00923997839291117
2  18 9 0 0 0.00923997839291117
0

0101000
+1941 0 -1939 0 *
Ve
1e-07
53.9509937861984 2.30005858220587 15
0 0

0101101
*
Ed
 1e-07 1 1 0
1  7 0 0.00923997839291117 0.0426065670339792
2  17 5 0 0.00923997839291117 0.0426065670339792
2  18 9 0 0.00923997839291117 0.0426065670339792
0

0101000
+1939 0 -1937 0 *
Ve
1e-07
53.8442330941286 4.09860494621645 15
0 0

0101101
*
Ed
 1e-07 1 1 0
1  7 0 0.0426065670339792 0.0759731556750473
2  17 5 0 0.0426065670339792 0.0759731556750473
2  18 9 0 0.0426065670339792 0.0759731556750473
0

0101000
+1937 0 -1935 0 *
Ve
1.00000007160723e-07
53.6775316045451 5.89258863684398 15
0 0

0101101
*
Ed
 1e-07 1 1 0
1  7 0 0.0759731556750473 0.109339744316115
2  17 5 0 0.0759731556750473 0.109339744316115
2  18 9 0 0.0759731556750473 0.109339744316115
0

0101000
+1935 0 -1933 0 *
Ve
1.00000007160723e-07
53.451074893872 7.68001254489099 15
0 0

0101101
*
Ed
 1e-07 1 1 0
1  7 0 0.109339744316115 0.142706332957183
2  17 5 0 0.109339744316115 0.142706332957183
2  18 9 0 0.109339744316115 0.142706332957183
0

0101000
+1933 0 -1931 0 *
Ve
1e-07
53.1651150595962 9.45888686368022 15
0 0

0101101
*
Ed
 1e-07 1 1 0
1  7 0 0.142706332957183 0.176072921598252
2  17 5 0 0.142706332957183 0.176072921598252
2  18 9 0 0.142706332957183 0.176072921598252
0

0101000
+1931 0 -1929 0 *
Ve
1.00000007324107e-07
52.8199704396255 11.227231304159 15
0 0

0101101
*
Ed
 1e-07 1 1 0
1  7 0 0.176072921598252 0.20943951023932
2  17 5 0 0.176072921598252 0.20943951023932
2  18 9 0 0.176072921598252 0.20943951023932
0

0101000
+1929 0 -1927 0 *
Ve
1e-07
-8.91257071647658 53.2594224830105 15
0 0

0101101
*
Ed
 1e-07 1 1 0
1  7 0 0.20943951023932 1.73660260573436
2  17 5 0 0.20943951023932 1.73660260573436
2  18 9 0 0.20943951023932 1.73660260573436
0

0101000
+1927 0 -1925 0 *
Ve
1.00000005329071e-07
-10.6843653767579 52.9324506942191 15
0 0

0101101
*
Ed
 1e-07 1 1 0
1  7 0 1.73660260573436 1.76996919437543
2  17 5 0 1.73660260573436 1.76996919437543
2  18 9 0 1.73660260573436 1.76996919437543
0

0101000
+1925 0 -1923 0 *
Ve
1.00000005329071e-07
-12.4442659242475 52.546553127742 15
0 0

0101101
*
Ed
 1e-07 1 1 0
1  7 0 1.76996919437543 1.80333578301649
2  17 5 0 1.76996919437543 1.80333578301649
2  18 9 0 1.76996919437543 1.80333578301649
0

0101000
+1923 0 -1921 0 *
Ve
1.00000001776357e-07
-14.1903131919871 52.1021593747641 15
0 0

0101101
*
Ed
 1e-07 1 1 0
1  7 0 1.80333578301649 1.83670237165756
2  17 5 0 1.80333578301649 1.83670237165756
2  18 9 0 1.80333578301649 1.83670237165756
0

0101000
+1921 0 -1919 0 *
Ve
1.00000015888219e-07
-15.9205634348493 51.5997641459429 15
0 0

0101101
*
Ed
 1e-07 1 1 0
1  7 0 1.83670237165756 1.87006896029863
2  17 5 0 1.83670237165756 1.87006896029863
2  18 9 0 1.83670237165756 1.87006896029863
0

0101000
+1919 0 -1917 0 *
Ve
1.00000003552714e-07
-17.6330904933645 51.0399267206843 15
0 0

0101101
*
Ed
 1e-07 1 1 0
1  7 0 1.87006896029863 1.9034355489397
2  17 5 0 1.87006896029863 1.9034355489397
2  18 9 0 1.87006896029863 1.9034355489397
0

0101000
+1917 0 -1915 0 *
Ve
1.00000007105427e-07
-19.3259879379718 50.4232703245373 15
0 0

0101101
*
Ed
 1e-07 1 1 0
1  7 0 1.9034355489397 1.93680213758077
2  17 5 0 1.9034355489397 1.93680213758077
2  18 9 0 1.9034355489397 1.93680213758077
0

0101000
+1915 0 -1913 0 *
Ve
1.00000007944109e-07
-20.997371191306 49.7504814354043 15
0 0

0101101
*
Ed
 1e-07 1 1 0
1  7 0 1.93680213758077 1.97016872622183
2  17 5 0 1.93680213758077 1.97016872622183
2  18 9 0 1.93680213758077 1.97016872622183
0

0101000
+1913 0 -1911 0 *
Ve
1.00000014648214e-07
-22.6453796261579 49.0223090193352 15
0 0

0101101
*
Ed
 1e-07 1 1 0
1  7 0 1.97016872622183 2.0035353148629
2  17 5 0 1.97016872622183 2.0035353148629
2  18 9 0 1.97016872622183 2.0035353148629
0

0101000
+1911 0 -1909 0 *
Ve
1.00000012809491e-07
-24.2681786367727 48.2395636967592 15
0 0

0101101
*
Ed
 1e-07 1 1 0
1  7 0 2.0035353148629 2.03690190350397
2  17 5 0 2.0035353148629 2.03690190350397
2  18 9 0 2.0035353148629 2.03690190350397
0

0101000
+1909 0 -1907 0 *
Ve
1.00000010658141e-07
-25.8639616811809 47.4031168400814 15
0 0

0101101
*
Ed
 1e-07 1 1 0
1  7 0 2.03690190350397 2.07026849214504
2  17 5 0 2.03690190350397 2.07026849214504
2  18 9 0 2.03690190350397 2.07026849214504
0

0101000
+1907 0 -1905 0 *
Ve
1.00000007944109e-07
-27.4309522922876 46.5138996036479 15
0 0

0101101
*
Ed
 1e-07 1 1 0
1  7 0 2.07026849214504 2.10363508078611
2  17 5 0 2.07026849214504 2.10363508078611
2  18 9 0 2.07026849214504 2.10363508078611
0

0101000
+1905 0 -1903 0 *
Ve
1.00000017763568e-07
-28.9674060554819 45.5729018871613 15
0 0

0101101
*
Ed
 1e-07 1 1 0
1  7 0 2.10363508078611 2.13700166942717
2  17 5 0 2.10363508078611 2.13700166942717
2  18 9 0 2.10363508078611 2.13700166942717
0

0101000
+1903 0 -1901 0 *
Ve
1.00000003552714e-07
-30.4716125505643 44.5811712336979 15
0 0

0101101
*
Ed
 1e-07 1 1 0
1  7 0 2.13700166942717 2.17036825806824
2  17 5 0 2.13700166942717 2.17036825806824
2  18 9 0 2.13700166942717 2.17036825806824
0

0101000
+1901 0 -1899 0 *
Ve
1.00000007944109e-07
-31.9418972558309 43.5398116635561 15
0 0

0101101
*
Ed
 1e-07 1 1 0
1  7 0 2.17036825806824 2.20373484670931
2  17 5 0 2.17036825806824 2.20373484670931
2  18 9 0 2.17036825806824 2.20373484670931
0

0101000
+1899 0 -1897 0 *
Ve
1.00000015888219e-07
-33.3766234121948 42.4499824452323 15
0 0

0101101
*
Ed
 1e-07 1 1 0
1  7 0 2.20373484670931 2.23710143535038
2  17 5 0 2.20373484670931 2.23710143535038
2  18 9 0 2.20373484670931 2.23710143535038
0

0101000
+1897 0 -1895 0 *
Ve
1.00000007105427e-07
-34.7741938452681 41.3128968048928 15
0 0

0101101
*
Ed
 1e-07 1 1 0
1  7 0 2.23710143535038 2.27046802399145
2  17 5 0 2.23710143535038 2.27046802399145
2  18 9 0 2.23710143535038 2.27046802399145
0

0101000
+1895 0 -1893 0 *
Ve
1.00000007105427e-07
-36.1330527433783 40.1298205757793 15
0 0

0101101
*
Ed
 1e-07 1 1 0
1  7 0 2.27046802399145 2.30383461263251
2  17 5 0 2.27046802399145 2.30383461263251
2  18 9 0 2.27046802399145 2.30383461263251
0

0101000
+1893 0 -1891 0 *
Ve
1.00000015888219e-07
-41.6677275029369 -34.3482238949993 15
0 0

0101101
*
Ed
 1e-07 1 1 0
1  7 0 2.30383461263251 3.83099770812755
2  17 5 0 2.30383461263251 3.83099770812755
2  18 9 0 2.30383461263251 3.83099770812755
0

0101000
+1891 0 -1889 0 *
Ve
1.00000022469334e-07
-40.498664297382 -35.7191571866968 15
0 0

0101101
*
Ed
 1e-07 1 1 0
1  7 0 3.83099770812755 3.86436429676862
2  17 5 0 3.83099770812755 3.86436429676862
2  18 9 0 3.83099770812755 3.86436429676862
0

0101000
+1889 0 -1887 0 *
Ve
1.00000010048592e-07
-39.2845169278095 -37.0503269857184 15
0 0

0101101
*
Ed
 1e-07 1 1 0
1  7 0 3.86436429676862 3.89773088540969
2  17 5 0 3.86436429676862 3.89773088540969
2  18 9 0 3.86436429676862 3.89773088540969
0

0101000
+1887 0 -1885 0 *
Ve
1.00000015888219e-07
-38.0266370145777 -38.3402513993003 15
0 0

0101101
*
Ed
 1e-07 1 1 0
1  7 0 3.89773088540969 3.93109747405076
2  17 5 0 3.89773088540969 3.93109747405076
2  18 9 0 3.89773088540969 3.93109747405076
0

0101000
+1885 0 -1883 0 *
Ve
1.00000022469334e-07
-36.7264248622474 -39.5874944501126 15
0 0

0101101
*
Ed
 1e-07 1 1 0
1  7 0 3.93109747405076 3.96446406269183
2  17 5 0 3.93109747405076 3.96446406269183
2  18 9 0 3.93109747405076 3.96446406269183
0

0101000
+1883 0 -1881 0 *
Ve
1.00000007105427e-07
-35.3853279007265 -40.7906676748257 15
0 0

0101101
*
Ed
 1e-07 1 1 0
1  7 0 3.96446406269183 3.99783065133289
2  17 5 0 3.96446406269183 3.99783065133289
2  18 9 0 3.96446406269183 3.99783065133289
0

0101000
+1881 0 -1879 0 *
Ve
1.00000035527137e-07
-34.0048390739534 -41.9484316697839 15
0 0

0101101
*
Ed
 1e-07 1 1 0
1  7 0 3.99783065133289 4.03119723997396
2  17 5 0 3.99783065133289 4.03119723997396
2  18 9 0 3.99783065133289 4.03119723997396
0

0101000
+1879 0 -1877 0 *
Ve
1.00000025618983e-07
-32.5864951779132 -43.0594975820647 15
0 0

0101101
*
Ed
 1e-07 1 1 0
1  7 0 4.03119723997396 4.06456382861503
2  17 5 0 4.03119723997396 4.06456382861503
2  18 9 0 4.03119723997396 4.06456382861503
0

0101000
+1877 0 -1875 0 *
Ve
1.00000014210855e-07
-31.1318751498363 -44.1226285442629 15
0 0

0101101
*
Ed
 1e-07 1 1 0
1  7 0 4.06456382861503 4.0979304172561
2  17 5 0 4.06456382861503 4.0979304172561
2  18 9 0 4.06456382861503 4.0979304172561
0

0101000
+1875 0 -1873 0 *
Ve
1.00000041431405e-07
-29.6425983104847 -45.1366410514036 15
0 0

0101101
*
Ed
 1e-07 1 1 0
1  7 0 4.0979304172561 4.13129700589717
2  17 5 0 4.0979304172561 4.13129700589717
2  18 9 0 4.0979304172561 4.13129700589717
0

0101000
+1873 0 -1871 0 *
Ve
1.00000019131949e-07
-28.1203225614819 -46.1004062784506 15
0 0

0101101
*
Ed
 1e-07 1 1 0
1  7 0 4.13129700589717 4.16466359453823
2  17 5 0 4.13129700589717 4.16466359453823
2  18 9 0 4.13129700589717 4.16466359453823
0

0101000
+1871 0 -1869 0 *
Ve
1.00000019131949e-07
-26.5667425396942 -47.012851336944 15
0 0

0101101
*
Ed
 1e-07 1 1 0
1  7 0 4.16466359453823 4.1980301831793
2  17 5 0 4.16466359453823 4.1980301831793
2  18 9 0 4.16466359453823 4.1980301831793
0

0101000
+1869 0 -1867 0 *
Ve
1.0000004832213e-07
-24.9835877307165 -47.8729604693672 15
0 0

0101101
*
Ed
 1e-07 1 1 0
1  7 0 4.1980301831793 4.23139677182037
2  17 5 0 4.1980301831793 4.23139677182037
2  18 9 0 4.1980301831793 4.23139677182037
0

0101000
+1867 0 -1865 0 *
Ve
1.00000019131949e-07
-23.3726205435643 -48.6797761799144 15
0 0

0101101
*
Ed
 1e-07 1 1 0
1  7 0 4.23139677182037 4.26476336046144
2  17 5 0 4.23139677182037 4.26476336046144
2  18 9 0 4.23139677182037 4.26476336046144
0

0101000
+1865 0 -1863 0 *
Ve
1.00000021316282e-07
-21.7356343487141 -49.4324003004001 15
0 0

0101101
*
Ed
 1e-07 1 1 0
1  7 0 4.26476336046144 4.29812994910251
2  17 5 0 4.26476336046144 4.29812994910251
2  18 9 0 4.26476336046144 4.29812994910251
0

0101000
+1863 0 -1861 0 *
Ve
1.00000007944109e-07
-20.0744514816772 -50.1299949901233 15
0 0

0101101
*
Ed
 1e-07 1 1 0
1  7 0 4.29812994910251 4.33149653774357
2  17 5 0 4.29812994910251 4.33149653774357
2  18 9 0 4.29812994910251 4.33149653774357
0

0101000
+1861 0 -1859 0 *
Ve
1.00000012809491e-07
-18.3909212143281 -50.771783668573 15
0 0

0101101
*
Ed
 1e-07 1 1 0
1  7 0 4.33149653774357 4.36486312638464
2  17 5 0 4.33149653774357 4.36486312638464
2  18 9 0 4.33149653774357 4.36486312638464
0

0101000
+1859 0 -1857 0 *
Ve
1.00000021316282e-07
-16.6869176962471 -51.3570518799383 15
0 0

0101101
*
Ed
 1e-07 1 1 0
1  7 0 4.36486312638464 4.39822971502571
2  17 5 0 4.36486312638464 4.39822971502571
2  18 9 0 4.36486312638464 4.39822971502571
0

0101000
+1857 0 -1855 0 *
Ve
1.00000010658141e-07
50.5802982194135 -18.9111985880112 15
0 0

0101101
*
Ed
 1e-07 1 1 0
1  7 0 4.39822971502571 5.92539281052075
2  17 5 0 4.39822971502571 5.92539281052075
2  18 9 0 4.39822971502571 5.92539281052075
0

0101000
+1855 0 -1853 0 *
Ve
1.00000003552714e-07
51.18302967414 -17.2132935075223 15
0 0

0101101
*
Ed
 1e-07 1 1 0
1  7 0 5.92539281052075 5.95875939916182
2  17 5 0 5.92539281052075 5.95875939916182
2  18 9 0 5.92539281052075 5.95875939916182
0

0101000
+1853 0 -1851 0 *
Ve
1.00000031022738e-07
51.728782852057 -15.4962261420237 15
0 0

0101101
*
Ed
 1e-07 1 1 0
1  7 0 5.95875939916182 5.99212598780288
2  17 5 0 5.95875939916182 5.99212598780288
2  18 9 0 5.95875939916182 5.99212598780288
0

0101000
+1851 0 -1849 0 *
Ve
1.00000012434498e-07
52.2169502065648 -13.7619079754637 15
0 0

0101101
*
Ed
 1e-07 1 1 0
1  7 0 5.99212598780288 6.02549257644395
2  17 5 0 5.99212598780288 6.02549257644395
2  18 9 0 5.99212598780288 6.02549257644395
0

0101000
+1849 0 -1847 0 *
Ve
1.00000007324107e-07
52.6469882970967 -12.0122696958303 15
0 0

0101101
*
Ed
 1e-07 1 1 0
1  7 0 6.02549257644395 6.05885916508502
2  17 5 0 6.02549257644395 6.05885916508502
2  18 9 0 6.02549257644395 6.05885916508502
0

0101000
+1847 0 -1845 0 *
Ve
1.00000032754402e-07
53.018418394091 -10.2492590458586 15
0 0

0101101
*
Ed
 1e-07 1 1 0
1  7 0 6.05885916508502 6.09222575372609
2  17 5 0 6.05885916508502 6.09222575372609
2  18 9 0 6.05885916508502 6.09222575372609
0

0101000
+1845 0 -1843 0 *
Ve
1.00000017763568e-07
53.3308270119253 -8.47483865475343 15
0 0

0101101
*
Ed
 1e-07 1 1 0
1  7 0 6.09222575372609 6.12559234236716
2  17 5 0 6.09222575372609 6.12559234236716
2  18 9 0 6.09222575372609 6.12559234236716
0

0101000
+1843 0 -1841 0 *
Ve
1.000000075886e-07
53.5838663692193 -6.6909838533396 15
0 0

0101101
*
Ed
 1e-07 1 1 0
1  7 0 6.12559234236716 6.15895893100823
2  17 5 0 6.12559234236716 6.15895893100823
2  18 9 0 6.12559234236716 6.15895893100823
0

0101000
+1841 0 -1839 0 *
Ve
1.00000037974172e-07
53.7772547759942 -4.89968047507227 15
0 0

0101101
*
Ed
 1e-07 1 1 0
1  7 0 6.15895893100823 6.19232551964929
2  17 5 0 6.15895893100823 6.19232551964929
2  18 9 0 6.15895893100823 6.19232551964929
0

0101000
+1839 0 -1837 0 *
Ve
1.00000021760371e-07
53.9107769472574 -3.10292264535562 15
0 0

0101101
*
Ed
 1e-07 1 1 0
1  7 0 6.19232551964929 6.22569210829036
2  17 5 0 6.19232551964929 6.22569210829036
2  18 9 0 6.19232551964929 6.22569210829036
0

0101000
+1837 0 -1835 0 *
Ve
1.00000004662937e-07
53.9842842426628 -1.30271056163073 15
0 0

0101101
*
Ed
 1e-07 1 1 0
1  7 0 6.22569210829036 6.25905869693143
2  17 5 0 6.22569210829036 6.25905869693143
2  18 9 0 6.22569210829036 6.25905869693143
0

0101000
+1835 0 -1833 0 *
Ed
 1e-07 1 1 0
1  7 0 6.25905869693143 6.28318530717959
2  17 5 0 6.25905869693143 6.28318530717959
2  18 9 0 6.25905869693143 6.28318530717959
0

0101000
+1833 0 -1941 0 *
Wi

0101100
+1940 0 +1949 0 -1940 0 -1938 0 -1936 0 -1934 0 -1932 0 -1930 0 -1928 0 -1926 0 
-1924 0 -1922 0 -1920 0 -1918 0 -1916 0 -1914 0 -1912 0 -1910 0 -1908 0 -1906 0 
-1904 0 -1902 0 -1900 0 -1898 0 -1896 0 -1894 0 -1892 0 -1890 0 -1888 0 -1886 0 
-1884 0 -1882 0 -1880 0 -1878 0 -1876 0 -1874 0 -1872 0 -1870 0 -1868 0 -1866 0 
-1864 0 -1862 0 -1860 0 -1858 0 -1856 0 -1854 0 -1852 0 -1850 0 -1848 0 -1846 0 
-1844 0 -1842 0 -1840 0 -1838 0 -1836 0 -1834 0 -1832 0 -1831 0 *
Ve
1.00000007106295e-07
53.9976948319819 0.498951733296104 11.5
0 0

0101101
*
Ed
 1.00000007106295e-07 1 1 0
1  8 0 0 3.5
2  19 10 0 0 3.5
2  20 11 0 0 3.5
2  21 5 0 0 3.5
0

0101000
+1829 0 -1939 0 *
Wi

0101000
i1828 0 *
Ve
1e-07
53.9509937861984 2.30005858220587 11.5
0 0

0101101
*
Ed
 1e-07 1 1 0
1  9 0 0 3.5
2  22 12 0 0 3.5
2  23 10 0 0 3.5
2  24 5 0 0 3.5
0

0101000
+1826 0 -1937 0 *
Wi

0101000
i1825 0 *
Ve
1e-07
53.8442330941286 4.09860494621645 11.5
0 0

0101101
*
Ed
 1e-07 1 1 0
1  10 0 0 3.5
2  25 13 0 0 3.5
2  26 12 0 0 3.5
2  27 5 0 0 3.5
0

0101000
+1823 0 -1935 0 *
Wi

0101000
i1822 0 *
Ve
1.00000007160723e-07
53.6775316045451 5.89258863684398 11.5
0 0

0101101
*
Ed
 1.00000007160723e-07 1 1 0
1  11 0 0 3.5
2  28 14 0 0 3.5
2  29 13 0 0 3.5
2  30 5 0 0 3.5
0

0101000
+1820 0 -1933 0 *
Wi

0101000
i1819 0 *
Ve
1.00000007160723e-07
53.451074893872 7.68001254489099 11.5
0 0

0101101
*
Ed
 1.00000007160723e-07 1 1 0
1  12 0 0 3.5
2  31 15 0 0 3.5
2  32 14 0 0 3.5
2  33 5 0 0 3.5
0

0101000
+1817 0 -1931 0 *
Wi

0101000
i1816 0 *
Ve
1e-07
53.1651150595962 9.45888686368022 11.5
0 0

0101101
*
Ed
 1e-07 1 1 0
1  13 0 0 3.5
2  34 16 0 0 3.5
2  35 15 0 0 3.5
2  36 5 0 0 3.5
0

0101000
+1814 0 -1929 0 *
Wi

0101000
i1813 0 *
Ve
1.00000007324107e-07
52.8199704396255 11.227231304159 11.5
0 0

0101101
*
Ed
 1.00000007324107e-07 1 1 0
1  14 0 0 3.5
2  37 17 0 0 3.5
2  38 16 0 0 3.5
2  39 5 0 0 3.5
0

0101000
+1811 0 -1927 0 *
Wi

0101000
i1810 0 *
Ve
1e-07
-8.91257071647658 53.2594224830105 11.5
0 0

0101101
*
Ed
 1e-07 1 1 0
1  15 0 0 3.5
2  40 18 0 0 3.5
2  41 19 0 0 3.5
2  42 5 0 0 3.5
0

0101000
+1808 0 -1925 0 *
Wi

0101000
i1807 0 *
Ve
1.00000005329071e-07
-10.6843653767579 52.9324506942191 11.5
0 0

0101101
*
Ed
 1.00000005329071e-07 1 1 0
1  16 0 0 3.5
2  43 18 0 0 3.5
2  44 20 0 0 3.5
2  45 5 0 0 3.5
0

0101000
+1805 0 -1923 0 *
Wi

0101000
i1804 0 *
Ve
1.00000005329071e-07
-12.4442659242475 52.546553127742 11.5
0 0

0101101
*
Ed
 1.00000005329071e-07 1 1 0
1  17 0 0 3.5
2  46 20 0 0 3.5
2  47 21 0 0 3.5
2  48 5 0 0 3.5
0

0101000
+1802 0 -1921 0 *
Wi

0101000
i1801 0 *
Ve
1.00000001776357e-07
-14.1903131919871 52.1021593747641 11.5
0 0

0101101
*
Ed
 1.00000001776357e-07 1 1 0
1  18 0 0 3.5
2  49 21 0 0 3.5
2  50 22 0 0 3.5
2  51 5 0 0 3.5
0

0101000
+1799 0 -1919 0 *
Wi

0101000
i1798 0 *
Ve
1.00000015888219e-07
-15.9205634348493 51.5997641459429 11.5
0 0

0101101
*
Ed
 1.00000015888219e-07 1 1 0
1  19 0 0 3.5
2  52 23 0 0 3.5
2  53 22 0 0 3.5
2  54 5 0 0 3.5
0

0101000
+1796 0 -1917 0 *
Wi

0101000
i1795 0 *
Ve
1.00000003552714e-07
-17.6330904933645 51.0399267206843 11.5
0 0

0101101
*
Ed
 1.00000003552714e-07 1 1 0
1  20 0 0 3.5
2  55 24 0 0 3.5
2  56 23 0 0 3.5
2  57 5 0 0 3.5
0

0101000
+1793 0 -1915 0 *
Wi

0101000
i1792 0 *
Ve
1.00000007105427e-07
-19.3259879379718 50.4232703245373 11.5
0 0

0101101
*
Ed
 1.00000007105427e-07 1 1 0
1  21 0 0 3.5
2  58 25 0 0 3.5
2  59 24 0 0 3.5
2  60 5 0 0 3.5
0

0101000
+1790 0 -1913 0 *
Wi

0101000
i1789 0 *
Ve
1.00000007944109e-07
-20.997371191306 49.7504814354043 11.5
0 0

0101101
*
Ed
 1.00000007944109e-07 1 1 0
1  22 0 0 3.5
2  61 26 0 0 3.5
2  62 25 0 0 3.5
2  63 5 0 0 3.5
0

0101000
+1787 0 -1911 0 *
Wi

0101000
i1786 0 *
Ve
1.00000014648214e-07
-22.6453796261579 49.0223090193352 11.5
0 0

0101101
*
Ed
 1.00000014648214e-07 1 1 0
1  23 0 0 3.5
2  64 27 0 0 3.5
2  65 26 0 0 3.5
2  66 5 0 0 3.5
0

0101000
+1784 0 -1909 0 *
Wi

0101000
i1783 0 *
Ve
1.00000012809491e-07
-24.2681786367727 48.2395636967592 11.5
0 0

0101101
*
Ed
 1.00000012809491e-07 1 1 0
1  24 0 0 3.5
2  67 28 0 0 3.5
2  68 27 0 0 3.5
2  69 5 0 0 3.5
0

0101000
+1781 0 -1907 0 *
Wi

0101000
i1780 0 *
Ve
1.00000010658141e-07
-25.8639616811809 47.4031168400814 11.5
0 0

0101101
*
Ed
 1.00000010658141e-07 1 1 0
1  25 0 0 3.5
2  70 29 0 0 3.5
2  71 28 0 0 3.5
2  72 5 0 0 3.5
0

0101000
+1778 0 -1905 0 *
Wi

0101000
i1777 0 *
Ve
1.00000007944109e-07
-27.4309522922876 46.5138996036479 11.5
0 0

0101101
*
Ed
 1.00000007944109e-07 1 1 0
1  26 0 0 3.5
2  73 30 0 0 3.5
2  74 29 0 0 3.5
2  75 5 0 0 3.5
0

0101000
+1775 0 -1903 0 *
Wi

0101000
i1774 0 *
Ve
1.00000017763568e-07
-28.9674060554819 45.5729018871613 11.5
0 0

0101101
*
Ed
 1.00000017763568e-07 1 1 0
1  27 0 0 3.5
2  76 31 0 0 3.5
2  77 30 0 0 3.5
2  78 5 0 0 3.5
0

0101000
+1772 0 -1901 0 *
Wi

0101000
i1771 0 *
Ve
1.00000003552714e-07
-30.4716125505643 44.5811712336979 11.5
0 0

0101101
*
Ed
 1.00000003552714e-07 1 1 0
1  28 0 0 3.5
2  79 32 0 0 3.5
2  80 31 0 0 3.5
2  81 5 0 0 3.5
0

0101000
+1769 0 -1899 0 *
Wi

0101000
i1768 0 *
Ve
1.00000007944109e-07
-31.9418972558309 43.5398116635561 11.5
0 0

0101101
*
Ed
 1.00000007944109e-07 1 1 0
1  29 0 0 3.5
2  82 33 0 0 3.5
2  83 32 0 0 3.5
2  84 5 0 0 3.5
0

0101000
+1766 0 -1897 0 *
Wi

0101000
i1765 0 *
Ve
1.00000015888219e-07
-33.3766234121948 42.4499824452323 11.5
0 0

0101101
*
Ed
 1.00000015888219e-07 1 1 0
1  30 0 0 3.5
2  85 34 0 0 3.5
2  86 33 0 0 3.5
2  87 5 0 0 3.5
0

0101000
+1763 0 -1895 0 *
Wi

0101000
i1762 0 *
Ve
1.00000007105427e-07
-34.7741938452681 41.3128968048928 11.5
0 0

0101101
*
Ed
 1.00000007105427e-07 1 1 0
1  31 0 0 3.5
2  88 35 0 0 3.5
2  89 34 0 0 3.5
2  90 5 0 0 3.5
0

0101000
+1760 0 -1893 0 *
Wi

0101000
i1759 0 *
Ve
1.00000007105427e-07
-36.1330527433783 40.1298205757793 11.5
0 0

0101101
*
Ed
 1.00000007105427e-07 1 1 0
1  32 0 0 3.5
2  91 36 0 0 3.5
2  92 35 0 0 3.5
2  93 5 0 0 3.5
0

0101000
+1757 0 -1891 0 *
Wi

0101000
i1756 0 *
Ve
1.00000015888219e-07
-41.6677275029369 -34.3482238949993 11.5
0 0

0101101
*
Ed
 1.00000015888219e-07 1 1 0
1  33 0 0 3.5
2  94 37 0 0 3.5
2  95 38 0 0 3.5
2  96 5 0 0 3.5
0

0101000
+1754 0 -1889 0 *
Wi

0101000
i1753 0 *
Ve
1.00000022469334e-07
-40.498664297382 -35.7191571866968 11.5
0 0

0101101
*
Ed
 1.00000022469334e-07 1 1 0
1  34 0 0 3.5
2  97 37 0 0 3.5
2  98 39 0 0 3.5
2  99 5 0 0 3.5
0

0101000
+1751 0 -1887 0 *
Wi

0101000
i1750 0 *
Ve
1.00000010048592e-07
-39.2845169278095 -37.0503269857184 11.5
0 0

0101101
*
Ed
 1.00000010048592e-07 1 1 0
1  35 0 0 3.5
2  100 39 0 0 3.5
2  101 40 0 0 3.5
2  102 5 0 0 3.5
0

0101000
+1748 0 -1885 0 *
Wi

0101000
i1747 0 *
Ve
1.00000015888219e-07
-38.0266370145777 -38.3402513993003 11.5
0 0

0101101
*
Ed
 1.00000015888219e-07 1 1 0
1  36 0 0 3.5
2  103 40 0 0 3.5
2  104 41 0 0 3.5
2  105 5 0 0 3.5
0

0101000
+1745 0 -1883 0 *
Wi

0101000
i1744 0 *
Ve
1.00000022469334e-07
-36.7264248622474 -39.5874944501126 11.5
0 0

0101101
*
Ed
 1.00000022469334e-07 1 1 0
1  37 0 0 3.5
2  106 42 0 0 3.5
2  107 41 0 0 3.5
2  108 5 0 0 3.5
0

0101000
+1742 0 -1881 0 *
Wi

0101000
i1741 0 *
Ve
1.00000007105427e-07
-35.3853279007265 -40.7906676748257 11.5
0 0

0101101
*
Ed
 1.00000007105427e-07 1 1 0
1  38 0 0 3.5
2  109 43 0 0 3.5
2  110 42 0 0 3.5
2  111 5 0 0 3.5
0

0101000
+1739 0 -1879 0 *
Wi

0101000
i1738 0 *
Ve
1.00000035527137e-07
-34.0048390739534 -41.9484316697839 11.5
0 0

0101101
*
Ed
 1.00000035527137e-07 1 1 0
1  39 0 0 3.5
2  112 44 0 0 3.5
2  113 43 0 0 3.5
2  114 5 0 0 3.5
0

0101000
+1736 0 -1877 0 *
Wi

0101000
i1735 0 *
Ve
1.00000025618983e-07
-32.5864951779132 -43.0594975820647 11.5
0 0

0101101
*
Ed
 1.00000025618983e-07 1 1 0
1  40 0 0 3.5
2  115 45 0 0 3.5
2  116 44 0 0 3.5
2  117 5 0 0 3.5
0

0101000
+1733 0 -1875 0 *
Wi

0101000
i1732 0 *
Ve
1.00000014210855e-07
-31.1318751498363 -44.1226285442629 11.5
0 0

0101101
*
Ed
 1.00000014210855e-07 1 1 0
1  41 0 0 3.5
2  118 46 0 0 3.5
2  119 45 0 0 3.5
2  120 5 0 0 3.5
0

0101000
+1730 0 -1873 0 *
Wi

0101000
i1729 0 *
Ve
1.00000041431405e-07
-29.6425983104847 -45.1366410514036 11.5
0 0

0101101
*
Ed
 1.00000041431405e-07 1 1 0
1  42 0 0 3.5
2  121 47 0 0 3.5
2  122 46 0 0 3.5
2  123 5 0 0 3.5
0

0101000
+1727 0 -1871 0 *
Wi

0101000
i1726 0 *
Ve
1.00000019131949e-07
-28.1203225614819 -46.1004062784506 11.5
0 0

0101101
*
Ed
 1.00000019131949e-07 1 1 0
1  43 0 0 3.5
2  124 48 0 0 3.5
2  125 47 0 0 3.5
2  126 5 0 0 3.5
0

0101000
+1724 0 -1869 0 *
Wi

0101000
i1723 0 *
Ve
1.00000019131949e-07
-26.5667425396942 -47.012851336944 11.5
0 0

0101101
*
Ed
 1.00000019131949e-07 1 1 0
1  44 0 0 3.5
2  127 49 0 0 3.5
2  128 48 0 0 3.5
2  129 5 0 0 3.5
0

0101000
+1721 0 -1867 0 *
Wi

0101000
i1720 0 *
Ve
1.0000004832213e-07
-24.9835877307165 -47.8729604693672 11.5
0 0

0101101
*
Ed
 1.0000004832213e-07 1 1 0
1  45 0 0 3.5
2  130 50 0 0 3.5
2  131 49 0 0 3.5
2  132 5 0 0 3.5
0

0101000
+1718 0 -1865 0 *
Wi

0101000
i1717 0 *
Ve
1.00000019131949e-07
-23.3726205435643 -48.6797761799144 11.5
0 0

0101101
*
Ed
 1.00000019131949e-07 1 1 0
1  46 0 0 3.5
2  133 51 0 0 3.5
2  134 50 0 0 3.5
2  135 5 0 0 3.5
0

0101000
+1715 0 -1863 0 *
Wi

0101000
i1714 0 *
Ve
1.00000021316282e-07
-21.7356343487141 -49.4324003004001 11.5
0 0

0101101
*
Ed
 1.00000021316282e-07 1 1 0
1  47 0 0 3.5
2  136 52 0 0 3.5
2  137 51 0 0 3.5
2  138 5 0 0 3.5
0

0101000
+1712 0 -1861 0 *
Wi

0101000
i1711 0 *
Ve
1.00000007944109e-07
-20.0744514816772 -50.1299949901233 11.5
0 0

0101101
*
Ed
 1.00000007944109e-07 1 1 0
1  48 0 0 3.5
2  139 53 0 0 3.5
2  140 52 0 0 3.5
2  141 5 0 0 3.5
0

0101000
+1709 0 -1859 0 *
Wi

0101000
i1708 0 *
Ve
1.00000012809491e-07
-18.3909212143281 -50.771783668573 11.5
0 0

0101101
*
Ed
 1.00000012809491e-07 1 1 0
1  49 0 0 3.5
2  142 54 0 0 3.5
2  143 53 0 0 3.5
2  144 5 0 0 3.5
0

0101000
+1706 0 -1857 0 *
Wi

0101000
i1705 0 *
Ve
1.00000021316282e-07
-16.6869176962471 -51.3570518799383 11.5
0 0

0101101
*
Ed
 1.00000021316282e-07 1 1 0
1  50 0 0 3.5
2  145 55 0 0 3.5
2  146 54 0 0 3.5
2  147 5 0 0 3.5
0

0101000
+1703 0 -1855 0 *
Wi

0101000
i1702 0 *
Ve
1.00000010658141e-07
50.5802982194135 -18.9111985880112 11.5
0 0

0101101
*
Ed
 1.00000010658141e-07 1 1 0
1  51 0 0 3.5
2  148 56 0 0 3.5
2  149 57 0 0 3.5
2  150 5 0 0 3.5
0

0101000
+1700 0 -1853 0 *
Wi

0101000
i1699 0 *
Ve
1.00000003552714e-07
51.18302967414 -17.2132935075223 11.5
0 0

0101101
*
Ed
 1.00000003552714e-07 1 1 0
1  52 0 0 3.5
2  151 56 0 0 3.5
2  152 58 0 0 3.5
2  153 5 0 0 3.5
0

0101000
+1697 0 -1851 0 *
Wi

0101000
i1696 0 *
Ve
1.00000031022738e-07
51.728782852057 -15.4962261420237 11.5
0 0

0101101
*
Ed
 1.00000031022738e-07 1 1 0
1  53 0 0 3.5
2  154 58 0 0 3.5
2  155 59 0 0 3.5
2  156 5 0 0 3.5
0

0101000
+1694 0 -1849 0 *
Wi

0101000
i1693 0 *
Ve
1.00000012434498e-07
52.2169502065648 -13.7619079754637 11.5
0 0

0101101
*
Ed
 1.00000012434498e-07 1 1 0
1  54 0 0 3.5
2  157 59 0 0 3.5
2  158 60 0 0 3.5
2  159 5 0 0 3.5
0

0101000
+1691 0 -1847 0 *
Wi

0101000
i1690 0 *
Ve
1.00000007324107e-07
52.6469882970967 -12.0122696958303 11.5
0 0

0101101
*
Ed
 1.00000007324107e-07 1 1 0
1  55 0 0 3.5
2  160 61 0 0 3.5
2  161 60 0 0 3.5
2  162 5 0 0 3.5
0

0101000
+1688 0 -1845 0 *
Wi

0101000
i1687 0 *
Ve
1.00000032754402e-07
53.018418394091 -10.2492590458586 11.5
0 0

0101101
*
Ed
 1.00000032754402e-07 1 1 0
1  56 0 0 3.5
2  163 62 0 0 3.5
2  164 61 0 0 3.5
2  165 5 0 0 3.5
0

0101000
+1685 0 -1843 0 *
Wi

0101000
i1684 0 *
Ve
1.00000017763568e-07
53.3308270119253 -8.47483865475343 11.5
0 0

0101101
*
Ed
 1.00000017763568e-07 1 1 0
1  57 0 0 3.5
2  166 63 0 0 3.5
2  167 62 0 0 3.5
2  168 5 0 0 3.5
0

0101000
+1682 0 -1841 0 *
Wi

0101000
i1681 0 *
Ve
1.000000075886e-07
53.5838663692193 -6.6909838533396 11.5
0 0

0101101
*
Ed
 1.000000075886e-07 1 1 0
1  58 0 0 3.5
2  169 64 0 0 3.5
2  170 63 0 0 3.5
2  171 5 0 0 3.5
0

0101000
+1679 0 -1839 0 *
Wi

0101000
i1678 0 *
Ve
1.00000037974172e-07
53.7772547759942 -4.89968047507227 11.5
0 0

0101101
*
Ed
 1.00000037974172e-07 1 1 0
1  59 0 0 3.5
2  172 65 0 0 3.5
2  173 64 0 0 3.5
2  174 5 0 0 3.5
0

0101000
+1676 0 -1837 0 *
Wi

0101000
i1675 0 *
Ve
1.00000021760371e-07
53.9107769472574 -3.10292264535562 11.5
0 0

0101101
*
Ed
 1.00000021760371e-07 1 1 0
1  60 0 0 3.5
2  175 66 0 0 3.5
2  176 65 0 0 3.5
2  177 5 0 0 3.5
0

0101000
+1673 0 -1835 0 *
Wi

0101000
i1672 0 *
Ve
1.00000004662937e-07
53.9842842426628 -1.30271056163073 11.5
0 0

0101101
*
Ed
 1.00000004662937e-07 1 1 0
1  61 0 0 3.5
2  178 11 0 0 3.5
2  179 66 0 0 3.5
2  180 5 0 0 3.5
0

0101000
+1670 0 -1833 0 *
Wi

0101000
i1669 0 *
Fa
0  1e-07 5 0

0101000
+1830 0 +1827 0 +1824 0 +1821 0 +1818 0 +1815 0 +1812 0 +1809 0 +1806 0 +1803 0 
+1800 0 +1797 0 +1794 0 +1791 0 +1788 0 +1785 0 +1782 0 +1779 0 +1776 0 +1773 0 
+1770 0 +1767 0 +1764 0 +1761 0 +1758 0 +1755 0 +1752 0 +1749 0 +1746 0 +1743 0 
+1740 0 +1737 0 +1734 0 +1731 0 +1728 0 +1725 0 +1722 0 +1719 0 +1716 0 +1713 0 
+1710 0 +1707 0 +1704 0 +1701 0 +1698 0 +1695 0 +1692 0 +1689 0 +1686 0 +1683 0 
+1680 0 +1677 0 +1674 0 +1671 0 +1668 0 *
Wi

0101100
+1945 0 *
Ve
1.00000000355148e-07
1.45 -3.55147571752732e-16 0
0 0

0101101
*
Ed
 1e-07 1 1 0
1  62 0 0 6.28318530717959
2  181 7 0 0 6.28318530717959
2  182 67 0 0 6.28318530717959
0

0101100
+1665 0 -1665 0 *
Wi

0101100
-1664 0 *
Ve
1.00000000979717e-07
16 -9.79717439317883e-16 0
0 0

0101101
*
Ed
 1e-07 1 1 0
1  63 0 0 6.28318530717959
2  183 7 0 0 6.28318530717959
2  184 68 0 0 6.28318530717959
0

0101100
+1662 0 -1662 0 *
Wi

0101100
-1661 0 *
Fa
0  1e-07 7 0

0101000
+1666 0 +1663 0 +1660 0 *
Ed
 1e-07 1 1 0
1  64 0 0 1.80171220478381
2  185 69 0 0 1.80171220478381
2  186 11 0 0 1.80171220478381
2  187 9 0 0 1.80171220478381
0

0101000
+1833 0 -1939 0 *
Wi

0101100
+1831 0 -1658 0 +1938 0 *
Fa
0  1e-07 9 0

0101000
+1657 0 *
Ed
 1e-07 1 1 0
1  65 0 0 1.8017122047838
2  188 69 0 0 1.8017122047838
2  189 10 0 0 1.8017122047838
2  190 9 0 0 1.8017122047838
0

0101000
+1939 0 -1937 0 *
Wi

0101100
-1655 0 +1936 0 *
Fa
0  1e-07 9 0

0101000
+1654 0 *
Ed
 1e-07 1 1 0
1  66 0 0 1.80171220478381
2  191 69 0 0 1.80171220478381
2  192 12 0 0 1.80171220478381
2  193 9 0 0 1.80171220478381
0

0101000
+1937 0 -1935 0 *
Wi

0101100
-1652 0 +1934 0 *
Fa
0  1e-07 9 0

0101000
+1651 0 *
Ed
 1e-07 1 1 0
1  67 0 0 1.80171220478381
2  194 69 0 0 1.80171220478381
2  195 13 0 0 1.80171220478381
2  196 9 0 0 1.80171220478381
0

0101000
+1935 0 -1933 0 *
Wi

0101100
-1649 0 +1932 0 *
Fa
0  1e-07 9 0

0101000
+1648 0 *
Ed
 1e-07 1 1 0
1  68 0 0 1.8017122047838
2  197 69 0 0 1.8017122047838
2  198 14 0 0 1.8017122047838
2  199 9 0 0 1.8017122047838
0

0101000
+1933 0 -1931 0 *
Wi

0101100
-1646 0 +1930 0 *
Fa
0  1e-07 9 0

0101000
+1645 0 *
Ed
 1e-07 1 1 0
1  69 0 0 1.80171220478381
2  200 69 0 0 1.80171220478381
2  201 15 0 0 1.80171220478381
2  202 9 0 0 1.80171220478381
0

0101000
+1931 0 -1929 0 *
Wi

0101100
-1643 0 +1928 0 *
Fa
0  1e-07 9 0

0101000
+1642 0 *
Ed
 1e-07 1 1 0
1  70 0 0 1.8017122047838
2  203 69 0 0 1.8017122047838
2  204 16 0 0 1.8017122047838
2  205 9 0 0 1.8017122047838
0

0101000
+1929 0 -1927 0 *
Wi

0101100
-1640 0 +1926 0 *
Fa
0  1e-07 9 0

0101000
+1639 0 *
Ve
1.00000003552714e-07
51.2060268984147 10.8841770143097 15
0 0

0101101
*
Ed
 1e-07 1 1 0
1  71 0 0 1.65
2  206 69 0 0 1.65
2  207 17 0 0 1.65
2  208 9 0 0 1.65
0

0101000
+1927 0 -1637 0 *
Ve
1.00000003552714e-07
51.0593047583047 10.852990260687 15
0 0

0101101
*
Ed
 1.00000003552714e-07 1 1 0
1  72 0 1.65 1.8
2  209 70 0 1.65 1.8
2  210 71 0 1.65 1.8
2  211 9 0 1.65 1.8
0

0101000
+1637 0 -1635 0 *
Ve
1.00000001776357e-07
-8.61548502592736 51.4841084002435 15
0 0

0101101
*
Ed
 1e-07 1 1 0
1  73 0 0.20943951023932 1.73660260573436
2  212 9 0 0.20943951023932 1.73660260573436
2  213 72 0 0.20943951023932 1.73660260573436
0

0101000
+1635 0 -1633 0 *
Ve
1.00000001776357e-07
-8.64024216680646 51.6320512404741 15
0 0

0101101
*
Ed
 1.00000001776357e-07 1 1 0
1  74 0 0 0.149999999999999
2  214 73 0 0 0.149999999999999
2  215 74 0 0 0.149999999999999
2  216 9 0 0 0.149999999999999
0

0101000
+1633 0 -1631 0 *
Ed
 1e-07 1 1 0
1  75 0 0.149999999999999 1.79999999999999
2  217 19 0 0.149999999999999 1.79999999999999
2  218 75 0 0.149999999999999 1.79999999999999
2  219 9 0 0.149999999999999 1.79999999999999
0

0101000
+1631 0 -1925 0 *
Wi

0101100
-1636 0 -1634 0 -1632 0 -1630 0 -1629 0 +1924 0 *
Fa
0  1e-07 9 0

0101000
+1628 0 *
Ed
 1e-07 1 1 0
1  76 0 0 1.80171220478381
2  220 18 0 0 1.80171220478381
2  221 75 0 0 1.80171220478381
2  222 9 0 0 1.80171220478381
0

0101000
+1925 0 -1923 0 *
Wi

0101100
-1626 0 +1922 0 *
Fa
0  1e-07 9 0

0101000
+1625 0 *
Ed
 1e-07 1 1 0
1  77 0 0 1.80171220478381
2  223 20 0 0 1.80171220478381
2  224 75 0 0 1.80171220478381
2  225 9 0 0 1.80171220478381
0

0101000
+1923 0 -1921 0 *
Wi

0101100
-1623 0 +1920 0 *
Fa
0  1e-07 9 0

0101000
+1622 0 *
Ed
 1e-07 1 1 0
1  78 0 0 1.8017122047838
2  226 75 0 0 1.8017122047838
2  227 21 0 0 1.8017122047838
2  228 9 0 0 1.8017122047838
0

0101000
+1921 0 -1919 0 *
Wi

0101100
-1620 0 +1918 0 *
Fa
0  1e-07 9 0

0101000
+1619 0 *
Ed
 1e-07 1 1 0
1  79 0 0 1.80171220478381
2  229 75 0 0 1.80171220478381
2  230 22 0 0 1.80171220478381
2  231 9 0 0 1.80171220478381
0

0101000
+1919 0 -1917 0 *
Wi

0101100
-1617 0 +1916 0 *
Fa
0  1e-07 9 0

0101000
+1616 0 *
Ed
 1e-07 1 1 0
1  80 0 0 1.8017122047838
2  232 75 0 0 1.8017122047838
2  233 23 0 0 1.8017122047838
2  234 9 0 0 1.8017122047838
0

0101000
+1917 0 -1915 0 *
Wi

0101100
-1614 0 +1914 0 *
Fa
0  1e-07 9 0

0101000
+1613 0 *
Ed
 1e-07 1 1 0
1  81 0 0 1.80171220478381
2  235 75 0 0 1.80171220478381
2  236 24 0 0 1.80171220478381
2  237 9 0 0 1.80171220478381
0

0101000
+1915 0 -1913 0 *
Wi

0101100
-1611 0 +1912 0 *
Fa
0  1e-07 9 0

0101000
+1610 0 *
Ed
 1e-07 1 1 0
1  82 0 0 1.80171220478381
2  238 75 0 0 1.80171220478381
2  239 25 0 0 1.80171220478381
2  240 9 0 0 1.80171220478381
0

0101000
+1913 0 -1911 0 *
Wi

0101100
-1608 0 +1910 0 *
Fa
0  1e-07 9 0

0101000
+1607 0 *
Ed
 1e-07 1 1 0
1  83 0 0 1.80171220478381
2  241 75 0 0 1.80171220478381
2  242 26 0 0 1.80171220478381
2  243 9 0 0 1.80171220478381
0

0101000
+1911 0 -1909 0 *
Wi

0101100
-1605 0 +1908 0 *
Fa
0  1e-07 9 0

0101000
+1604 0 *
Ed
 1e-07 1 1 0
1  84 0 0 1.80171220478381
2  244 75 0 0 1.80171220478381
2  245 27 0 0 1.80171220478381
2  246 9 0 0 1.80171220478381
0

0101000
+1909 0 -1907 0 *
Wi

0101100
-1602 0 +1906 0 *
Fa
0  1e-07 9 0

0101000
+1601 0 *
Ed
 1e-07 1 1 0
1  85 0 0 1.8017122047838
2  247 75 0 0 1.8017122047838
2  248 28 0 0 1.8017122047838
2  249 9 0 0 1.8017122047838
0

0101000
+1907 0 -1905 0 *
Wi

0101100
-1599 0 +1904 0 *
Fa
0  1e-07 9 0

0101000
+1598 0 *
Ed
 1e-07 1 1 0
1  86 0 0 1.80171220478381
2  250 75 0 0 1.80171220478381
2  251 29 0 0 1.80171220478381
2  252 9 0 0 1.80171220478381
0

0101000
+1905 0 -1903 0 *
Wi

0101100
-1596 0 +1902 0 *
Fa
0  1e-07 9 0

0101000
+1595 0 *
Ed
 1e-07 1 1 0
1  87 0 0 1.8017122047838
2  253 75 0 0 1.8017122047838
2  254 30 0 0 1.8017122047838
2  255 9 0 0 1.8017122047838
0

0101000
+1903 0 -1901 0 *
Wi

0101100
-1593 0 +1900 0 *
Fa
0  1e-07 9 0

0101000
+1592 0 *
Ed
 1e-07 1 1 0
1  88 0 0 1.80171220478381
2  256 75 0 0 1.80171220478381
2  257 31 0 0 1.80171220478381
2  258 9 0 0 1.80171220478381
0

0101000
+1901 0 -1899 0 *
Wi

0101100
-1590 0 +1898 0 *
Fa
0  1e-07 9 0

0101000
+1589 0 *
Ed
 1e-07 1 1 0
1  89 0 0 1.80171220478381
2  259 75 0 0 1.80171220478381
2  260 32 0 0 1.80171220478381
2  261 9 0 0 1.80171220478381
0

0101000
+1899 0 -1897 0 *
Wi

0101100
-1587 0 +1896 0 *
Fa
0  1e-07 9 0

0101000
+1586 0 *
Ed
 1e-07 1 1 0
1  90 0 0 1.8017122047838
2  262 75 0 0 1.8017122047838
2  263 33 0 0 1.8017122047838
2  264 9 0 0 1.8017122047838
0

0101000
+1897 0 -1895 0 *
Wi

0101100
-1584 0 +1894 0 *
Fa
0  1e-07 9 0

0101000
+1583 0 *
Ed
 1e-07 1 1 0
1  91 0 0 1.80171220478381
2  265 75 0 0 1.80171220478381
2  266 34 0 0 1.80171220478381
2  267 9 0 0 1.80171220478381
0

0101000
+1895 0 -1893 0 *
Wi

0101100
-1581 0 +1892 0 *
Fa
0  1e-07 9 0

0101000
+1580 0 *
Ed
 1e-07 1 1 0
1  92 0 0 1.8017122047838
2  268 75 0 0 1.8017122047838
2  269 35 0 0 1.8017122047838
2  270 9 0 0 1.8017122047838
0

0101000
+1893 0 -1891 0 *
Wi

0101100
-1578 0 +1890 0 *
Fa
0  1e-07 9 0

0101000
+1577 0 *
Ve
1.00000003552714e-07
-35.0289872428862 38.9036316137416 15
0 0

0101101
*
Ed
 1e-07 1 1 0
1  93 0 0 1.65
2  271 75 0 0 1.65
2  272 36 0 0 1.65
2  273 9 0 0 1.65
0

0101000
+1891 0 -1575 0 *
Ve
1.00000010048592e-07
-34.9286176519324 38.79215988992 15
0 0

0101101
*
Ed
 1.00000003552714e-07 1 1 0
1  94 0 1.65 1.8
2  274 74 0 1.65 1.8
2  275 76 0 1.65 1.8
2  276 9 0 1.65 1.8
0

0101000
+1575 0 -1573 0 *
Ve
1.00000015888219e-07
-40.278803252839 -33.2032830984993 15
0 0

0101101
*
Ed
 1e-07 1 1 0
1  73 0 2.30383461263251 3.83099770812755
2  212 9 0 2.30383461263251 3.83099770812755
2  213 72 0 2.30383461263251 3.83099770812755
0

0101000
+1573 0 -1571 0 *
Ve
1.00000001776357e-07
-40.3945469403471 -33.298694831541 15
0 0

0101101
*
Ed
 1.00000001776357e-07 1 1 0
1  95 0 0 0.149999999999999
2  277 77 0 0 0.149999999999999
2  278 78 0 0 0.149999999999999
2  279 9 0 0 0.149999999999999
0

0101000
+1571 0 -1569 0 *
Ed
 1e-07 1 1 0
1  96 0 0.149999999999999 1.79999999999999
2  280 38 0 0.149999999999999 1.79999999999999
2  281 79 0 0.149999999999999 1.79999999999999
2  282 9 0 0.149999999999999 1.79999999999999
0

0101000
+1569 0 -1889 0 *
Wi

0101100
-1574 0 -1572 0 -1570 0 -1568 0 -1567 0 +1888 0 *
Fa
0  1e-07 9 0

0101000
+1566 0 *
Ed
 1e-07 1 1 0
1  97 0 0 1.80171220478381
2  283 37 0 0 1.80171220478381
2  284 79 0 0 1.80171220478381
2  285 9 0 0 1.80171220478381
0

0101000
+1889 0 -1887 0 *
Wi

0101100
-1564 0 +1886 0 *
Fa
0  1e-07 9 0

0101000
+1563 0 *
Ed
 1e-07 1 1 0
1  98 0 0 1.80171220478381
2  286 39 0 0 1.80171220478381
2  287 79 0 0 1.80171220478381
2  288 9 0 0 1.80171220478381
0

0101000
+1887 0 -1885 0 *
Wi

0101100
-1561 0 +1884 0 *
Fa
0  1e-07 9 0

0101000
+1560 0 *
Ed
 1e-07 1 1 0
1  99 0 0 1.8017122047838
2  289 79 0 0 1.8017122047838
2  290 40 0 0 1.8017122047838
2  291 9 0 0 1.8017122047838
0

0101000
+1885 0 -1883 0 *
Wi

0101100
+1882 0 -1558 0 *
Fa
0  1e-07 9 0

0101000
+1557 0 *
Ed
 1e-07 1 1 0
1  100 0 0 1.80171220478381
2  292 79 0 0 1.80171220478381
2  293 41 0 0 1.80171220478381
2  294 9 0 0 1.80171220478381
0

0101000
+1883 0 -1881 0 *
Wi

0101100
+1880 0 -1555 0 *
Fa
0  1e-07 9 0

0101000
+1554 0 *
Ed
 1e-07 1 1 0
1  101 0 0 1.8017122047838
2  295 79 0 0 1.8017122047838
2  296 42 0 0 1.8017122047838
2  297 9 0 0 1.8017122047838
0

0101000
+1881 0 -1879 0 *
Wi

0101100
+1878 0 -1552 0 *
Fa
0  1e-07 9 0

0101000
+1551 0 *
Ed
 1e-07 1 1 0
1  102 0 0 1.80171220478381
2  298 79 0 0 1.80171220478381
2  299 43 0 0 1.80171220478381
2  300 9 0 0 1.80171220478381
0

0101000
+1879 0 -1877 0 *
Wi

0101100
+1876 0 -1549 0 *
Fa
0  1e-07 9 0

0101000
+1548 0 *
Ed
 1e-07 1 1 0
1  103 0 0 1.80171220478381
2  301 79 0 0 1.80171220478381
2  302 44 0 0 1.80171220478381
2  303 9 0 0 1.80171220478381
0

0101000
+1877 0 -1875 0 *
Wi

0101100
+1874 0 -1546 0 *
Fa
0  1e-07 9 0

0101000
+1545 0 *
Ed
 1e-07 1 1 0
1  104 0 0 1.80171220478381
2  304 79 0 0 1.80171220478381
2  305 45 0 0 1.80171220478381
2  306 9 0 0 1.80171220478381
0

0101000
+1875 0 -1873 0 *
Wi

0101100
+1872 0 -1543 0 *
Fa
0  1e-07 9 0

0101000
+1542 0 *
Ed
 1e-07 1 1 0
1  105 0 0 1.80171220478381
2  307 79 0 0 1.80171220478381
2  308 46 0 0 1.80171220478381
2  309 9 0 0 1.80171220478381
0

0101000
+1873 0 -1871 0 *
Wi

0101100
+1870 0 -1540 0 *
Fa
0  1e-07 9 0

0101000
+1539 0 *
Ed
 1e-07 1 1 0
1  106 0 0 1.8017122047838
2  310 79 0 0 1.8017122047838
2  311 47 0 0 1.8017122047838
2  312 9 0 0 1.8017122047838
0

0101000
+1871 0 -1869 0 *
Wi

0101100
+1868 0 -1537 0 *
Fa
0  1e-07 9 0

0101000
+1536 0 *
Ed
 1e-07 1 1 0
1  107 0 0 1.80171220478381
2  313 79 0 0 1.80171220478381
2  314 48 0 0 1.80171220478381
2  315 9 0 0 1.80171220478381
0

0101000
+1869 0 -1867 0 *
Wi

0101100
+1866 0 -1534 0 *
Fa
0  1e-07 9 0

0101000
+1533 0 *
Ed
 1e-07 1 1 0
1  108 0 0 1.8017122047838
2  316 79 0 0 1.8017122047838
2  317 49 0 0 1.8017122047838
2  318 9 0 0 1.8017122047838
0

0101000
+1867 0 -1865 0 *
Wi

0101100
+1864 0 -1531 0 *
Fa
0  1e-07 9 0

0101000
+1530 0 *
Ed
 1e-07 1 1 0
1  109 0 0 1.80171220478381
2  319 79 0 0 1.80171220478381
2  320 50 0 0 1.80171220478381
2  321 9 0 0 1.80171220478381
0

0101000
+1865 0 -1863 0 *
Wi

0101100
+1862 0 -1528 0 *
Fa
0  1e-07 9 0

0101000
+1527 0 *
Ed
 1e-07 1 1 0
1  110 0 0 1.80171220478381
2  322 79 0 0 1.80171220478381
2  323 51 0 0 1.80171220478381
2  324 9 0 0 1.80171220478381
0

0101000
+1863 0 -1861 0 *
Wi

0101100
+1860 0 -1525 0 *
Fa
0  1e-07 9 0

0101000
+1524 0 *
Ed
 1e-07 1 1 0
1  111 0 0 1.8017122047838
2  325 79 0 0 1.8017122047838
2  326 52 0 0 1.8017122047838
2  327 9 0 0 1.8017122047838
0

0101000
+1861 0 -1859 0 *
Wi

0101100
+1858 0 -1522 0 *
Fa
0  1e-07 9 0

0101000
+1521 0 *
Ed
 1e-07 1 1 0
1  112 0 0 1.80171220478381
2  328 79 0 0 1.80171220478381
2  329 53 0 0 1.80171220478381
2  330 9 0 0 1.80171220478381
0

0101000
+1859 0 -1857 0 *
Wi

0101100
+1856 0 -1519 0 *
Fa
0  1e-07 9 0

0101000
+1518 0 *
Ed
 1e-07 1 1 0
1  113 0 0 1.8017122047838
2  331 79 0 0 1.8017122047838
2  332 54 0 0 1.8017122047838
2  333 9 0 0 1.8017122047838
0

0101000
+1857 0 -1855 0 *
Wi

0101100
+1854 0 -1516 0 *
Fa
0  1e-07 9 0

0101000
+1515 0 *
Ve
1.00000003552714e-07
-16.1770396555285 -49.7878086280513 15
0 0

0101101
*
Ed
 1e-07 1 1 0
1  114 0 0 1.65
2  334 79 0 0 1.65
2  335 55 0 0 1.65
2  336 9 0 0 1.65
0

0101000
+1855 0 -1513 0 *
Ve
1.00000021316282e-07
-16.1306871063722 -49.645150150607 15
0 0

0101101
*
Ed
 1.00000003552714e-07 1 1 0
1  115 0 1.65 1.8
2  337 78 0 1.65 1.8
2  338 80 0 1.65 1.8
2  339 9 0 1.65 1.8
0

0101000
+1513 0 -1511 0 *
Ve
1.00000012809491e-07
48.8942882787664 -18.2808253017442 15
0 0

0101101
*
Ed
 1e-07 1 1 0
1  73 0 4.39822971502571 5.92539281052075
2  212 9 0 4.39822971502571 5.92539281052075
2  213 72 0 4.39822971502571 5.92539281052075
0

0101000
+1511 0 -1509 0 *
Ve
1.00000001776357e-07
49.0347891071536 -18.3333564089331 15
0 0

0101101
*
Ed
 1.00000001776357e-07 1 1 0
1  116 0 0 0.149999999999999
2  340 70 0 0 0.149999999999999
2  341 81 0 0 0.149999999999999
2  342 9 0 0 0.149999999999999
0

0101000
+1509 0 -1507 0 *
Ed
 1e-07 1 1 0
1  117 0 0.149999999999999 1.79999999999999
2  343 69 0 0.149999999999999 1.79999999999999
2  344 57 0 0.149999999999999 1.79999999999999
2  345 9 0 0.149999999999999 1.79999999999999
0

0101000
+1507 0 -1853 0 *
Wi

0101100
+1852 0 -1512 0 -1510 0 -1508 0 -1506 0 -1505 0 *
Fa
0  1e-07 9 0

0101000
+1504 0 *
Ed
 1e-07 1 1 0
1  118 0 0 1.80171220478381
2  346 69 0 0 1.80171220478381
2  347 56 0 0 1.80171220478381
2  348 9 0 0 1.80171220478381
0

0101000
+1853 0 -1851 0 *
Wi

0101100
+1850 0 -1502 0 *
Fa
0  1e-07 9 0

0101000
+1501 0 *
Ed
 1e-07 1 1 0
1  119 0 0 1.80171220478381
2  349 69 0 0 1.80171220478381
2  350 58 0 0 1.80171220478381
2  351 9 0 0 1.80171220478381
0

0101000
+1851 0 -1849 0 *
Wi

0101100
+1848 0 -1499 0 *
Fa
0  1e-07 9 0

0101000
+1498 0 *
Ed
 1e-07 1 1 0
1  120 0 0 1.8017122047838
2  352 69 0 0 1.8017122047838
2  353 59 0 0 1.8017122047838
2  354 9 0 0 1.8017122047838
0

0101000
+1849 0 -1847 0 *
Wi

0101100
+1846 0 -1496 0 *
Fa
0  1e-07 9 0

0101000
+1495 0 *
Ed
 1e-07 1 1 0
1  121 0 0 1.80171220478381
2  355 69 0 0 1.80171220478381
2  356 60 0 0 1.80171220478381
2  357 9 0 0 1.80171220478381
0

0101000
+1847 0 -1845 0 *
Wi

0101100
+1844 0 -1493 0 *
Fa
0  1e-07 9 0

0101000
+1492 0 *
Ed
 1e-07 1 1 0
1  122 0 0 1.8017122047838
2  358 69 0 0 1.8017122047838
2  359 61 0 0 1.8017122047838
2  360 9 0 0 1.8017122047838
0

0101000
+1845 0 -1843 0 *
Wi

0101100
+1842 0 -1490 0 *
Fa
0  1e-07 9 0

0101000
+1489 0 *
Ed
 1e-07 1 1 0
1  123 0 0 1.80171220478381
2  361 69 0 0 1.80171220478381
2  362 62 0 0 1.80171220478381
2  363 9 0 0 1.80171220478381
0

0101000
+1843 0 -1841 0 *
Wi

0101100
+1840 0 -1487 0 *
Fa
0  1e-07 9 0

0101000
+1486 0 *
Ed
 1e-07 1 1 0
1  124 0 0 1.80171220478381
2  364 69 0 0 1.80171220478381
2  365 63 0 0 1.80171220478381
2  366 9 0 0 1.80171220478381
0

0101000
+1841 0 -1839 0 *
Wi

0101100
+1838 0 -1484 0 *
Fa
0  1e-07 9 0

0101000
+1483 0 *
Ed
 1e-07 1 1 0
1  125 0 0 1.80171220478381
2  367 69 0 0 1.80171220478381
2  368 64 0 0 1.80171220478381
2  369 9 0 0 1.80171220478381
0

0101000
+1839 0 -1837 0 *
Wi

0101100
+1836 0 -1481 0 *
Fa
0  1e-07 9 0

0101000
+1480 0 *
Ed
 1e-07 1 1 0
1  126 0 0 1.80171220478381
2  370 69 0 0 1.80171220478381
2  371 65 0 0 1.80171220478381
2  372 9 0 0 1.80171220478381
0

0101000
+1837 0 -1835 0 *
Wi

0101100
+1834 0 -1478 0 *
Fa
0  1e-07 9 0

0101000
+1477 0 *
Ed
 1e-07 1 1 0
1  127 0 0 1.8017122047838
2  373 69 0 0 1.8017122047838
2  374 66 0 0 1.8017122047838
2  375 9 0 0 1.8017122047838
0

0101000
+1835 0 -1833 0 *
Wi

0101100
+1832 0 -1475 0 *
Fa
0  1e-07 9 0

0101000
+1474 0 *
Ve
1.00000000355148e-07
1.45 -3.55147571752732e-16 1.9
0 0

0101101
*
Ed
 1e-07 1 1 0
1  128 0 0 6.28318530717959
2  376 82 0 0 6.28318530717959
2  377 67 0 0 6.28318530717959
0

0101100
+1472 0 -1472 0 *
Ed
 1e-07 1 1 0
1  129 0 1 2.9
3  378 379CN 67 0 1 2.9
0

0101000
+1665 0 -1472 0 *
Wi

0101100
-1471 0 +1470 0 +1664 0 -1470 0 *
Fa
0  1e-07 67 0

0101000
+1469 0 *
Ve
1.00000000979717e-07
16 -9.79717439317883e-16 1
0 0

0101101
*
Ve
2.33249518406272e-05
8 -1.95943487863577e-15 1
0 0

0101101
*
Ed
 1e-07 1 1 0
1  130 0 0 3.14159265358979
2  380 68 0 0 3.14159265358979
2  381 83 0 0 3.14159265358979
0

0101000
+1467 0 -1466 0 *
Ed
 1e-07 1 1 0
1  130 0 3.14159265358979 6.28318530717959
2  380 68 0 3.14159265358979 6.28318530717959
2  381 83 0 3.14159265358979 6.28318530717959
0

0101000
+1466 0 -1467 0 *
Ed
 1e-07 1 1 0
1  131 0 1 2
3  382 383CN 68 0 1 2
0

0101000
+1662 0 -1467 0 *
Wi

0101100
-1465 0 -1464 0 +1463 0 +1661 0 -1463 0 *
Fa
0  1e-07 68 0

0101000
+1462 0 *
Ve
1e-07
49.6191037674301 -16.6873317614591 15
0 0

0101101
*
Ed
 1e-07 1 1 0
1  132 0 0 1.74665988741541
2  384 69 0 0 1.74665988741541
2  385 70 0 0 1.74665988741541
2  386 9 0 0 1.74665988741541
0

0101000
+1507 0 -1460 0 *
Ve
1e-07
50.1481811537997 -15.0227303432396 15
0 0

0101101
*
Ed
 1e-07 1 1 0
1  133 0 0 1.74665988741541
2  387 69 0 0 1.74665988741541
2  388 70 0 0 1.74665988741541
2  389 9 0 0 1.74665988741541
0

0101000
+1460 0 -1458 0 *
Ve
1e-07
50.6214322835864 -13.341405231769 15
0 0

0101101
*
Ed
 1e-07 1 1 0
1  134 0 0 1.74665988741541
2  390 69 0 0 1.74665988741541
2  391 70 0 0 1.74665988741541
2  392 9 0 0 1.74665988741541
0

0101000
+1458 0 -1456 0 *
Ve
1e-07
51.0383303213521 -11.6452281217911 15
0 0

0101101
*
Ed
 1e-07 1 1 0
1  135 0 0 1.74665988741541
2  393 69 0 0 1.74665988741541
2  394 70 0 0 1.74665988741541
2  395 9 0 0 1.74665988741541
0

0101000
+1456 0 -1454 0 *
Ve
1e-07
51.3984111653827 -9.93608724167958 15
0 0

0101101
*
Ed
 1e-07 1 1 0
1  136 0 0 1.74665988741541
2  396 69 0 0 1.74665988741541
2  397 70 0 0 1.74665988741541
2  398 9 0 0 1.74665988741541
0

0101000
+1454 0 -1452 0 *
Ve
1e-07
51.7012739643387 -8.21588525141374 15
0 0

0101101
*
Ed
 1e-07 1 1 0
1  137 0 0 1.74665988741541
2  399 69 0 0 1.74665988741541
2  400 70 0 0 1.74665988741541
2  401 9 0 0 1.74665988741541
0

0101000
+1452 0 -1450 0 *
Ve
1e-07
51.9465815634931 -6.48653712448756 15
0 0

0101101
*
Ed
 1e-07 1 1 0
1  138 0 0 1.74665988741541
2  402 69 0 0 1.74665988741541
2  403 70 0 0 1.74665988741541
2  404 9 0 0 1.74665988741541
0

0101000
+1450 0 -1448 0 *
Ve
1e-07
52.1340608800611 -4.74996801611173 15
0 0

0101101
*
Ed
 1e-07 1 1 0
1  139 0 0 1.74665988741541
2  405 69 0 0 1.74665988741541
2  406 70 0 0 1.74665988741541
2  407 9 0 0 1.74665988741541
0

0101000
+1448 0 -1446 0 *
Ve
1e-07
52.2635032072023 -3.00811112008086 15
0 0

0101101
*
Ed
 1e-07 1 1 0
1  140 0 0 1.74665988741541
2  408 69 0 0 1.74665988741541
2  409 70 0 0 1.74665988741541
2  410 9 0 0 1.74665988741541
0

0101000
+1446 0 -1444 0 *
Ve
1e-07
52.3347644463593 -1.26290551669202 15
0 0

0101101
*
Ed
 1e-07 1 1 0
1  141 0 0 1.74665988741541
2  411 69 0 0 1.74665988741541
2  412 70 0 0 1.74665988741541
2  413 9 0 0 1.74665988741541
0

0101000
+1444 0 -1442 0 *
Ve
1e-07
52.3477652676713 0.483705985889834 15
0 0

0101101
*
Ed
 1e-07 1 1 0
1  142 0 0 1.74665988741541
2  414 69 0 0 1.74665988741541
2  415 70 0 0 1.74665988741541
2  416 9 0 0 1.74665988741541
0

0101000
+1442 0 -1440 0 *
Ve
1e-07
52.3024911982868 2.22977901441624 15
0 0

0101101
*
Ed
 1e-07 1 1 0
1  143 0 0 1.74665988741541
2  417 69 0 0 1.74665988741541
2  418 70 0 0 1.74665988741541
2  419 9 0 0 1.74665988741541
0

0101000
+1440 0 -1438 0 *
Ve
1e-07
52.1989926384746 3.97336979508206 15
0 0

0101101
*
Ed
 1e-07 1 1 0
1  144 0 0 1.74665988741541
2  420 69 0 0 1.74665988741541
2  421 70 0 0 1.74665988741541
2  422 9 0 0 1.74665988741541
0

0101000
+1438 0 -1436 0 *
Ve
1e-07
52.0373848055173 5.71253731738486 15
0 0

0101101
*
Ed
 1e-07 1 1 0
1  145 0 0 1.74665988741541
2  423 69 0 0 1.74665988741541
2  424 70 0 0 1.74665988741541
2  425 9 0 0 1.74665988741541
0

0101000
+1436 0 -1434 0 *
Ve
1e-07
51.8178476054482 7.44534549490821 15
0 0

0101101
*
Ed
 1e-07 1 1 0
1  146 0 0 1.74665988741541
2  426 69 0 0 1.74665988741541
2  427 70 0 0 1.74665988741541
2  428 9 0 0 1.74665988741541
0

0101000
+1434 0 -1432 0 *
Ve
1e-07
51.5406254327752 9.16986532062332 15
0 0

0101101
*
Ed
 1e-07 1 1 0
1  147 0 0 1.74665988741541
2  429 69 0 0 1.74665988741541
2  430 70 0 0 1.74665988741541
2  431 9 0 0 1.74665988741541
0

0101000
+1432 0 -1430 0 *
Ed
 1e-07 1 1 0
1  148 0 0 1.74665988741541
2  432 69 0 0 1.74665988741541
2  433 70 0 0 1.74665988741541
2  434 9 0 0 1.74665988741541
0

0101000
+1430 0 -1637 0 *
Wi

0101100
+1505 0 -1459 0 -1457 0 -1455 0 -1453 0 -1451 0 -1449 0 -1447 0 -1445 0 -1443 0 
-1441 0 -1439 0 -1437 0 -1435 0 -1433 0 -1431 0 -1429 0 -1428 0 +1636 0 +1640 0 
+1643 0 +1646 0 +1649 0 +1652 0 +1655 0 +1658 0 +1475 0 +1478 0 +1481 0 +1484 0 
+1487 0 +1490 0 +1493 0 +1496 0 +1499 0 +1502 0 *
Fa
0  1e-07 69 0

0101000
+1427 0 *
Ve
1.00000010048592e-07
49.476928685002 -16.6395170572715 15
0 0

0101101
*
Ed
 1e-07 1 1 0
1  73 0 5.92539281052075 5.95875939916182
2  212 9 0 5.92539281052075 5.95875939916182
2  213 72 0 5.92539281052075 5.95875939916182
2  435 70 0 5.92539281052075 5.95875939916182
0

0101000
+1509 0 -1425 0 *
Ve
1.00000029296427e-07
50.0044900903217 -14.9796852706229 15
0 0

0101101
*
Ed
 1e-07 1 1 0
1  73 0 5.95875939916182 5.99212598780288
2  212 9 0 5.95875939916182 5.99212598780288
2  213 72 0 5.95875939916182 5.99212598780288
2  436 70 0 5.95875939916182 5.99212598780288
0

0101000
+1425 0 -1423 0 *
Ve
1.00000012809491e-07
50.4763851996793 -13.3031777096149 15
0 0

0101101
*
Ed
 1e-07 1 1 0
1  73 0 5.99212598780288 6.02549257644395
2  212 9 0 5.99212598780288 6.02549257644395
2  213 72 0 5.99212598780288 6.02549257644395
2  437 70 0 5.99212598780288 6.02549257644395
0

0101000
+1423 0 -1421 0 *
Ve
1e-07
50.8920886871935 -11.6118607059693 15
0 0

0101101
*
Ed
 1e-07 1 1 0
1  73 0 6.02549257644395 6.05885916508502
2  212 9 0 6.02549257644395 6.05885916508502
2  213 72 0 6.02549257644395 6.05885916508502
2  438 70 0 6.02549257644395 6.05885916508502
0

0101000
+1421 0 -1419 0 *
Ve
1.00000032754402e-07
51.2511377809546 -9.90761707766331 15
0 0

0101101
*
Ed
 1e-07 1 1 0
1  73 0 6.05885916508502 6.09222575372609
2  212 9 0 6.05885916508502 6.09222575372609
2  213 72 0 6.05885916508502 6.09222575372609
2  439 70 0 6.05885916508502 6.09222575372609
0

0101000
+1419 0 -1417 0 *
Ve
1.00000014210855e-07
51.5531327781944 -8.19234403292832 15
0 0

0101101
*
Ed
 1e-07 1 1 0
1  73 0 6.09222575372609 6.12559234236716
2  212 9 0 6.09222575372609 6.12559234236716
2  213 72 0 6.09222575372609 6.12559234236716
2  440 70 0 6.09222575372609 6.12559234236716
0

0101000
+1417 0 -1415 0 *
Ve
1.00000003552714e-07
51.7977374902453 -6.46795105822828 15
0 0

0101101
*
Ed
 1e-07 1 1 0
1  73 0 6.12559234236716 6.15895893100823
2  212 9 0 6.12559234236716 6.15895893100823
2  213 72 0 6.12559234236716 6.15895893100823
2  441 70 0 6.12559234236716 6.15895893100823
0

0101000
+1415 0 -1413 0 *
Ve
1.00000035360211e-07
51.9846796167944 -4.73635779256986 15
0 0

0101101
*
Ed
 1e-07 1 1 0
1  73 0 6.15895893100823 6.19232551964929
2  212 9 0 6.15895893100823 6.19232551964929
2  213 72 0 6.15895893100823 6.19232551964929
2  442 70 0 6.15895893100823 6.19232551964929
0

0101000
+1413 0 -1411 0 *
Ve
1.00000019539925e-07
52.1137510490155 -2.99949189051043 15
0 0

0101101
*
Ed
 1e-07 1 1 0
1  73 0 6.19232551964929 6.22569210829036
2  212 9 0 6.19232551964929 6.22569210829036
2  213 72 0 6.19232551964929 6.22569210829036
2  443 70 0 6.19232551964929 6.22569210829036
0

0101000
+1411 0 -1409 0 *
Ve
1.00000004662937e-07
52.1848081012408 -1.25928687624304 15
0 0

0101101
*
Ed
 1e-07 1 1 0
1  73 0 6.22569210829036 6.25905869693143
2  212 9 0 6.22569210829036 6.25905869693143
2  213 72 0 6.22569210829036 6.25905869693143
2  444 70 0 6.22569210829036 6.25905869693143
0

0101000
+1409 0 -1407 0 *
Ve
1.00000012785313e-07
52.2 -1.27853125830984e-14 15
0 0

0101101
*
Ed
 1e-07 1 1 0
1  73 0 6.25905869693143 6.28318530717959
2  212 9 0 6.25905869693143 6.28318530717959
2  213 72 0 6.25905869693143 6.28318530717959
2  445 70 0 6.25905869693143 6.28318530717959
0

0101000
+1407 0 -1405 0 *
Ve
1.00000007106295e-07
52.1977716709158 0.482320008852899 15
0 0

0101101
*
Ed
 1e-07 1 1 0
1  73 0 0 0.00923997839291114
2  212 9 0 0 0.00923997839291114
2  213 72 0 0 0.00923997839291114
2  446 70 0 0 0.00923997839291114
0

0101000
+1405 0 -1403 0 *
Ve
1e-07
52.1526273266585 2.223389962799 15
0 0

0101101
*
Ed
 1e-07 1 1 0
1  73 0 0.00923997839291114 0.0426065670339792
2  212 9 0 0.00923997839291114 0.0426065670339792
2  213 72 0 0.00923997839291114 0.0426065670339792
2  447 70 0 0.00923997839291114 0.0426065670339792
0

0101000
+1403 0 -1401 0 *
Ve
1.00000007119292e-07
52.0494253243243 3.96198478134256 15
0 0

0101101
*
Ed
 1e-07 1 1 0
1  73 0 0.0426065670339792 0.0759731556750473
2  212 9 0 0.0426065670339792 0.0759731556750473
2  213 72 0 0.0426065670339792 0.0759731556750473
2  448 70 0 0.0426065670339792 0.0759731556750473
0

0101000
+1401 0 -1399 0 *
Ve
1.00000007160723e-07
51.8882805510603 5.69616901561584 15
0 0

0101101
*
Ed
 1e-07 1 1 0
1  73 0 0.0759731556750473 0.109339744316115
2  212 9 0 0.0759731556750473 0.109339744316115
2  213 72 0 0.0759731556750473 0.109339744316115
2  449 70 0 0.0759731556750473 0.109339744316115
0

0101000
+1399 0 -1397 0 *
Ve
1.00000007160723e-07
51.6693723974096 7.42401212672796 15
0 0

0101101
*
Ed
 1e-07 1 1 0
1  73 0 0.109339744316115 0.142706332957183
2  212 9 0 0.109339744316115 0.142706332957183
2  213 72 0 0.109339744316115 0.142706332957183
2  450 70 0 0.109339744316115 0.142706332957183
0

0101000
+1397 0 -1395 0 *
Ve
1e-07
51.3929445576096 9.14359063489088 15
0 0

0101101
*
Ed
 1e-07 1 1 0
1  73 0 0.142706332957183 0.176072921598252
2  212 9 0 0.142706332957183 0.176072921598252
2  213 72 0 0.142706332957183 0.176072921598252
2  451 70 0 0.142706332957183 0.176072921598252
0

0101000
+1395 0 -1393 0 *
Ed
 1e-07 1 1 0
1  73 0 0.176072921598252 0.20943951023932
2  212 9 0 0.176072921598252 0.20943951023932
2  213 72 0 0.176072921598252 0.20943951023932
2  452 70 0 0.176072921598252 0.20943951023932
0

0101000
+1393 0 -1635 0 *
Wi

0101100
+1428 0 +1429 0 +1431 0 +1433 0 +1435 0 +1437 0 +1439 0 +1441 0 +1443 0 +1445 0 
+1447 0 +1449 0 +1451 0 +1453 0 +1455 0 +1457 0 +1459 0 +1506 0 -1424 0 -1422 0 
-1420 0 -1418 0 -1416 0 -1414 0 -1412 0 -1410 0 -1408 0 -1406 0 -1404 0 -1402 0 
-1400 0 -1398 0 -1396 0 -1394 0 -1392 0 -1391 0 +1634 0 *
Fa
0  1e-07 9 0

0101000
+1390 0 *
Ve
1.00000012785313e-07
52.2 -1.27853125830984e-14 11.5
0 0

0101101
*
Ve
1.00000007119292e-07
52.1977716709158 0.482320008852899 11.5
0 0

0101101
*
Ed
 1e-07 1 1 0
1  149 0 0 0.00923997839291114
2  453 72 0 0 0.00923997839291114
2  454 84 0 0 0.00923997839291114
0

0101000
+1388 0 -1387 0 *
Ve
1.00000007160723e-07
52.1526273266585 2.223389962799 11.5
0 0

0101101
*
Ed
 1e-07 1 1 0
1  149 0 0.00923997839291114 0.0426065670339792
2  453 72 0 0.00923997839291114 0.0426065670339792
2  454 84 0 0.00923997839291114 0.0426065670339792
0

0101000
+1387 0 -1385 0 *
Ve
1.00000007119292e-07
52.0494253243243 3.96198478134256 11.5
0 0

0101101
*
Ed
 1e-07 1 1 0
1  149 0 0.0426065670339792 0.0759731556750473
2  453 72 0 0.0426065670339792 0.0759731556750473
2  454 84 0 0.0426065670339792 0.0759731556750473
0

0101000
+1385 0 -1383 0 *
Ve
1.00000007160723e-07
51.8882805510603 5.69616901561584 11.5
0 0

0101101
*
Ed
 1e-07 1 1 0
1  149 0 0.0759731556750473 0.109339744316115
2  453 72 0 0.0759731556750473 0.109339744316115
2  454 84 0 0.0759731556750473 0.109339744316115
0

0101000
+1383 0 -1381 0 *
Ve
1.00000007160723e-07
51.6693723974096 7.42401212672796 11.5
0 0

0101101
*
Ed
 1e-07 1 1 0
1  149 0 0.109339744316115 0.142706332957183
2  453 72 0 0.109339744316115 0.142706332957183
2  454 84 0 0.109339744316115 0.142706332957183
0

0101000
+1381 0 -1379 0 *
Ve
1e-07
51.3929445576096 9.14359063489088 11.5
0 0

0101101
*
Ed
 1e-07 1 1 0
1  149 0 0.142706332957183 0.176072921598252
2  453 72 0 0.142706332957183 0.176072921598252
2  454 84 0 0.142706332957183 0.176072921598252
0

0101000
+1379 0 -1377 0 *
Ve
1.00000001776357e-07
51.0593047583047 10.852990260687 11.5
0 0

0101101
*
Ed
 1e-07 1 1 0
1  149 0 0.176072921598252 0.20943951023932
2  453 72 0 0.176072921598252 0.20943951023932
2  454 84 0 0.176072921598252 0.20943951023932
0

0101000
+1377 0 -1375 0 *
Ve
1.50000007944109e-07
51.0593047583047 10.852990260687 14
0 0

0101101
*
Ed
 1e-07 1 1 0
1  150 0 0 2.5
2  455 17 0 0 2.5
2  456 85 0 0 2.5
2  457 72 0 0 2.5
0

0101000
+1375 0 -1373 0 *
Ed
 1e-07 1 1 0
1  151 0 2.5 3.5
2  458 71 0 2.5 3.5
2  459 86 0 2.5 3.5
2  460 72 0 2.5 3.5
0

0101000
+1373 0 -1635 0 *
Ve
1.00000003552714e-07
-8.61548502592736 51.4841084002435 14
0 0

0101101
*
Ed
 1e-07 1 1 0
1  152 0 2.5 3.5
2  461 73 0 2.5 3.5
2  462 87 0 2.5 3.5
2  463 72 0 2.5 3.5
0

0101000
+1370 0 -1633 0 *
Ve
1.00000007324107e-07
-8.16587907510004 51.5573313790662 14
0 0

0101101
*
Ed
 1e-07 1 1 0
1  153 0 1.72787595947439 1.73660260573436
2  464 72 0 1.72787595947439 1.73660260573436
2  465 88 0 1.72787595947439 1.73660260573436
0

0101000
+1368 0 -1370 0 *
Ve
1.00000007324107e-07
-8.16587907510004 51.5573313790662 11.5
0 0

0101101
*
Ed
 1e-07 1 1 0
1  154 0 9.6 12.1
2  466 72 0 9.6 12.1
2  467 89 0 9.6 12.1
0

0101000
+1366 0 -1368 0 *
Ve
1.00000003552714e-07
-8.61548502592736 51.4841084002435 11.5
0 0

0101101
*
Ed
 1e-07 1 1 0
1  155 0 1.72787595947439 1.73660260573436
2  468 72 0 1.72787595947439 1.73660260573436
2  469 90 0 1.72787595947439 1.73660260573436
0

0101000
+1366 0 -1364 0 *
Ve
1.00000007105427e-07
-9.51269443069009 51.3259061748384 11.5
0 0

0101101
*
Ed
 1e-07 1 1 0
1  156 0 1.73660260573436 1.7540558982543
2  470 72 0 1.73660260573436 1.7540558982543
2  471 91 0 1.73660260573436 1.7540558982543
0

0101000
+1364 0 -1362 0 *
Ve
1.00000007105427e-07
-10.3282198641993 51.1680356710785 11.5
0 0

0101101
*
Ed
 1e-07 1 1 0
1  157 0 1.7540558982543 1.76996919437543
2  472 72 0 1.7540558982543 1.76996919437543
2  473 92 0 1.7540558982543 1.76996919437543
0

0101000
+1362 0 -1360 0 *
Ve
1.00000003552714e-07
-12.0294570601059 50.7950013568173 11.5
0 0

0101101
*
Ed
 1e-07 1 1 0
1  157 0 1.76996919437543 1.80333578301649
2  472 72 0 1.76996919437543 1.80333578301649
2  473 92 0 1.76996919437543 1.80333578301649
0

0101000
+1360 0 -1358 0 *
Ve
1.00000007324107e-07
-13.7173027522542 50.3654207289386 11.5
0 0

0101101
*
Ed
 1e-07 1 1 0
1  157 0 1.80333578301649 1.83670237165756
2  472 72 0 1.80333578301649 1.83670237165756
2  473 92 0 1.80333578301649 1.83670237165756
0

0101000
+1358 0 -1356 0 *
Ve
1.00000001776357e-07
-15.389877987021 49.8797720077448 11.5
0 0

0101101
*
Ed
 1e-07 1 1 0
1  157 0 1.83670237165756 1.87006896029863
2  472 72 0 1.83670237165756 1.87006896029863
2  473 92 0 1.83670237165756 1.87006896029863
0

0101000
+1356 0 -1354 0 *
Ve
1.00000003552714e-07
-17.0453208102523 49.3385958299948 11.5
0 0

0101101
*
Ed
 1e-07 1 1 0
1  157 0 1.87006896029863 1.9034355489397
2  472 72 0 1.87006896029863 1.9034355489397
2  473 92 0 1.87006896029863 1.9034355489397
0

0101000
+1354 0 -1352 0 *
Ve
1e-07
-18.6817883400394 48.7424946470528 11.5
0 0

0101101
*
Ed
 1e-07 1 1 0
1  157 0 1.9034355489397 1.93680213758077
2  472 72 0 1.9034355489397 1.93680213758077
2  473 92 0 1.9034355489397 1.93680213758077
0

0101000
+1352 0 -1350 0 *
Ve
1.00000007105427e-07
-20.2974588182625 48.0921320542242 11.5
0 0

0101101
*
Ed
 1e-07 1 1 0
1  157 0 1.93680213758077 1.97016872622183
2  472 72 0 1.93680213758077 1.97016872622183
2  473 92 0 1.93680213758077 1.97016872622183
0

0101000
+1350 0 -1348 0 *
Ve
1.00000010048592e-07
-21.8905336386193 47.388232052024 11.5
0 0

0101101
*
Ed
 1e-07 1 1 0
1  157 0 1.97016872622183 2.0035353148629
2  472 72 0 1.97016872622183 2.0035353148629
2  473 92 0 1.97016872622183 2.0035353148629
0

0101000
+1348 0 -1346 0 *
Ve
1.00000010048592e-07
-23.4592393488803 46.6315782402006 11.5
0 0

0101101
*
Ed
 1e-07 1 1 0
1  157 0 2.0035353148629 2.03690190350397
2  472 72 0 2.0035353148629 2.03690190350397
2  473 92 0 2.0035353148629 2.03690190350397
0

0101000
+1346 0 -1344 0 *
Ve
1.00000010048592e-07
-25.0018296251415 45.823012945412 11.5
0 0

0101101
*
Ed
 1e-07 1 1 0
1  157 0 2.03690190350397 2.07026849214504
2  472 72 0 2.03690190350397 2.07026849214504
2  473 92 0 2.03690190350397 2.07026849214504
0

0101000
+1344 0 -1342 0 *
Ve
1.00000007944109e-07
-26.516587215878 44.9634362835263 11.5
0 0

0101101
*
Ed
 1e-07 1 1 0
1  157 0 2.07026849214504 2.10363508078611
2  472 72 0 2.07026849214504 2.10363508078611
2  473 92 0 2.07026849214504 2.10363508078611
0

0101000
+1342 0 -1340 0 *
Ve
1.00000010658141e-07
-28.0018258536325 44.0538051575893 11.5
0 0

0101101
*
Ed
 1e-07 1 1 0
1  157 0 2.10363508078611 2.13700166942717
2  472 72 0 2.10363508078611 2.13700166942717
2  473 92 0 2.10363508078611 2.13700166942717
0

0101000
+1340 0 -1338 0 *
Ve
1.00000007105427e-07
-29.4558921322121 43.0951321925746 11.5
0 0

0101101
*
Ed
 1e-07 1 1 0
1  157 0 2.13700166942717 2.17036825806824
2  472 72 0 2.13700166942717 2.17036825806824
2  473 92 0 2.13700166942717 2.17036825806824
0

0101000
+1338 0 -1336 0 *
Ve
1.00000007105427e-07
-30.8771673473032 42.0884846081043 11.5
0 0

0101101
*
Ed
 1e-07 1 1 0
1  157 0 2.17036825806824 2.20373484670931
2  472 72 0 2.17036825806824 2.20373484670931
2  473 92 0 2.17036825806824 2.20373484670931
0

0101000
+1336 0 -1334 0 *
Ve
1.00000015888219e-07
-32.2640692984549 41.0349830303912 11.5
0 0

0101101
*
Ed
 1e-07 1 1 0
1  157 0 2.20373484670931 2.23710143535038
2  472 72 0 2.20373484670931 2.23710143535038
2  473 92 0 2.20373484670931 2.23710143535038
0

0101000
+1334 0 -1332 0 *
Ve
1.00000014210855e-07
-33.6150540504258 39.9358002447297 11.5
0 0

0101101
*
Ed
 1e-07 1 1 0
1  157 0 2.23710143535038 2.27046802399145
2  472 72 0 2.23710143535038 2.27046802399145
2  473 92 0 2.23710143535038 2.27046802399145
0

0101000
+1332 0 -1330 0 *
Ve
1.00000010048592e-07
-34.9286176519324 38.79215988992 11.5
0 0

0101101
*
Ed
 1e-07 1 1 0
1  157 0 2.27046802399145 2.30383461263251
2  472 72 0 2.27046802399145 2.30383461263251
2  473 92 0 2.27046802399145 2.30383461263251
0

0101000
+1330 0 -1328 0 *
Ve
1.50000007944109e-07
-34.9286176519324 38.79215988992 14
0 0

0101101
*
Ed
 1.00000010048592e-07 1 1 0
1  158 0 0 2.5
2  474 36 0 0 2.5
2  475 93 0 0 2.5
2  476 72 0 0 2.5
0

0101000
+1328 0 -1326 0 *
Ed
 1.00000010048592e-07 1 1 0
1  159 0 2.5 3.5
2  477 76 0 2.5 3.5
2  478 94 0 2.5 3.5
2  479 72 0 2.5 3.5
0

0101000
+1326 0 -1573 0 *
Ve
1.00000015888219e-07
-40.278803252839 -33.2032830984993 14
0 0

0101101
*
Ed
 1.00000015888219e-07 1 1 0
1  160 0 2.5 3.5
2  480 77 0 2.5 3.5
2  481 95 0 2.5 3.5
2  482 72 0 2.5 3.5
0

0101000
+1323 0 -1571 0 *
Ve
1.00000007105427e-07
-40.5670191880539 -32.8505244128015 14
0 0

0101101
*
Ed
 1e-07 1 1 0
1  161 0 3.82227106186758 3.83099770812755
2  483 72 0 3.82227106186758 3.83099770812755
2  484 96 0 3.82227106186758 3.83099770812755
0

0101000
+1321 0 -1323 0 *
Ve
1.00000007105427e-07
-40.5670191880539 -32.8505244128015 11.5
0 0

0101101
*
Ed
 1e-07 1 1 0
1  162 0 9.6 12.1
2  485 72 0 9.6 12.1
2  486 97 0 9.6 12.1
0

0101000
+1319 0 -1321 0 *
Ve
1.00000015888219e-07
-40.278803252839 -33.2032830984993 11.5
0 0

0101101
*
Ed
 1e-07 1 1 0
1  163 0 3.82227106186758 3.83099770812755
2  487 72 0 3.82227106186758 3.83099770812755
2  488 98 0 3.82227106186758 3.83099770812755
0

0101000
+1319 0 -1317 0 *
Ve
1.00000007105427e-07
-39.6931914043216 -33.9011881228356 11.5
0 0

0101101
*
Ed
 1e-07 1 1 0
1  164 0 3.83099770812755 3.8484510006475
2  489 72 0 3.83099770812755 3.8484510006475
2  490 99 0 3.83099770812755 3.8484510006475
0

0101000
+1317 0 -1315 0 *
Ve
1.00000015888219e-07
-39.1487088208026 -34.5285186138069 11.5
0 0

0101101
*
Ed
 1e-07 1 1 0
1  165 0 3.8484510006475 3.86436429676862
2  491 72 0 3.8484510006475 3.86436429676862
2  492 100 0 3.8484510006475 3.86436429676862
0

0101000
+1315 0 -1313 0 *
Ve
1.00000010048592e-07
-37.9750330302158 -35.8153160861944 11.5
0 0

0101101
*
Ed
 1e-07 1 1 0
1  165 0 3.86436429676862 3.89773088540969
2  491 72 0 3.86436429676862 3.89773088540969
2  492 100 0 3.86436429676862 3.89773088540969
0

0101000
+1313 0 -1311 0 *
Ve
1.00000015888219e-07
-36.7590824474251 -37.0622430193237 11.5
0 0

0101101
*
Ed
 1e-07 1 1 0
1  165 0 3.89773088540969 3.93109747405076
2  491 72 0 3.89773088540969 3.93109747405076
2  492 100 0 3.89773088540969 3.93109747405076
0

0101000
+1311 0 -1309 0 *
Ve
1.00000025618983e-07
-35.5022107001725 -38.2679113017755 11.5
0 0

0101101
*
Ed
 1e-07 1 1 0
1  165 0 3.93109747405076 3.96446406269183
2  491 72 0 3.93109747405076 3.96446406269183
2  492 100 0 3.93109747405076 3.96446406269183
0

0101000
+1309 0 -1307 0 *
Ve
1.00000007105427e-07
-34.2058169707023 -39.4309787523315 11.5
0 0

0101101
*
Ed
 1e-07 1 1 0
1  165 0 3.96446406269183 3.99783065133289
2  491 72 0 3.96446406269183 3.99783065133289
2  492 100 0 3.96446406269183 3.99783065133289
0

0101000
+1307 0 -1305 0 *
Ve
1.00000040194367e-07
-32.871344438155 -40.5501506141245 11.5
0 0

0101101
*
Ed
 1e-07 1 1 0
1  165 0 3.99783065133289 4.03119723997396
2  491 72 0 3.99783065133289 4.03119723997396
2  492 100 0 3.99783065133289 4.03119723997396
0

0101000
+1305 0 -1303 0 *
Ve
1.00000020097183e-07
-31.5002786719828 -41.6241809959959 11.5
0 0

0101101
*
Ed
 1e-07 1 1 0
1  165 0 4.03119723997396 4.06456382861503
2  491 72 0 4.03119723997396 4.06456382861503
2  492 100 0 4.03119723997396 4.06456382861503
0

0101000
+1303 0 -1301 0 *
Ve
1.00000014210855e-07
-30.0941459781751 -42.6518742594541 11.5
0 0

0101101
*
Ed
 1e-07 1 1 0
1  165 0 4.06456382861503 4.0979304172561
2  491 72 0 4.06456382861503 4.0979304172561
2  492 100 0 4.06456382861503 4.0979304172561
0

0101000
+1301 0 -1299 0 *
Ve
1.00000041431405e-07
-28.6545117001352 -43.6320863496901 11.5
0 0

0101101
*
Ed
 1e-07 1 1 0
1  165 0 4.0979304172561 4.13129700589717
2  491 72 0 4.0979304172561 4.13129700589717
2  492 100 0 4.0979304172561 4.13129700589717
0

0101000
+1299 0 -1297 0 *
Ve
1.00000015888219e-07
-27.1829784760992 -44.563726069169 11.5
0 0

0101101
*
Ed
 1e-07 1 1 0
1  165 0 4.13129700589717 4.16466359453823
2  491 72 0 4.13129700589717 4.16466359453823
2  492 100 0 4.13129700589717 4.16466359453823
0

0101000
+1297 0 -1295 0 *
Ve
1.00000019131949e-07
-25.6811844550377 -45.4457562923792 11.5
0 0

0101101
*
Ed
 1e-07 1 1 0
1  165 0 4.16466359453823 4.1980301831793
2  491 72 0 4.16466359453823 4.1980301831793
2  492 100 0 4.16466359453823 4.1980301831793
0

0101000
+1295 0 -1293 0 *
Ve
1.00000047664656e-07
-24.150801473026 -46.2771951203883 11.5
0 0

0101101
*
Ed
 1e-07 1 1 0
1  165 0 4.1980301831793 4.23139677182037
2  491 72 0 4.1980301831793 4.23139677182037
2  492 100 0 4.1980301831793 4.23139677182037
0

0101000
+1293 0 -1291 0 *
Ve
1.00000015888219e-07
-22.5935331921121 -47.0571169739172 11.5
0 0

0101101
*
Ed
 1e-07 1 1 0
1  165 0 4.23139677182037 4.26476336046144
2  491 72 0 4.23139677182037 4.26476336046144
2  492 100 0 4.23139677182037 4.26476336046144
0

0101000
+1291 0 -1289 0 *
Ve
1.00000017763568e-07
-21.011113203757 -47.7846536237201 11.5
0 0

0101101
*
Ed
 1e-07 1 1 0
1  165 0 4.26476336046144 4.29812994910251
2  491 72 0 4.26476336046144 4.29812994910251
2  492 100 0 4.26476336046144 4.29812994910251
0

0101000
+1289 0 -1287 0 *
Ve
1.00000015888219e-07
-19.4053030989547 -48.4589951571192 11.5
0 0

0101101
*
Ed
 1e-07 1 1 0
1  165 0 4.29812994910251 4.33149653774357
2  491 72 0 4.29812994910251 4.33149653774357
2  492 100 0 4.29812994910251 4.33149653774357
0

0101000
+1287 0 -1285 0 *
Ve
1.00000010048592e-07
-17.7778905071838 -49.0793908796206 11.5
0 0

0101101
*
Ed
 1e-07 1 1 0
1  165 0 4.33149653774357 4.36486312638464
2  491 72 0 4.33149653774357 4.36486312638464
2  492 100 0 4.33149653774357 4.36486312638464
0

0101000
+1285 0 -1283 0 *
Ve
1.00000021316282e-07
-16.1306871063722 -49.645150150607 11.5
0 0

0101101
*
Ed
 1e-07 1 1 0
1  165 0 4.36486312638464 4.39822971502571
2  491 72 0 4.36486312638464 4.39822971502571
2  492 100 0 4.36486312638464 4.39822971502571
0

0101000
+1283 0 -1281 0 *
Ve
1.50000007944109e-07
-16.1306871063722 -49.645150150607 14
0 0

0101101
*
Ed
 1.00000021316282e-07 1 1 0
1  166 0 0 2.5
2  493 55 0 0 2.5
2  494 101 0 0 2.5
2  495 72 0 0 2.5
0

0101000
+1281 0 -1279 0 *
Ed
 1.00000021316282e-07 1 1 0
1  167 0 2.5 3.5
2  496 80 0 2.5 3.5
2  497 102 0 2.5 3.5
2  498 72 0 2.5 3.5
0

0101000
+1279 0 -1511 0 *
Ve
1.00000034990172e-07
48.8942882787664 -18.2808253017442 14
0 0

0101101
*
Ed
 1.00000012809491e-07 1 1 0
1  168 0 2.5 3.5
2  499 81 0 2.5 3.5
2  500 103 0 2.5 3.5
2  501 72 0 2.5 3.5
0

0101000
+1276 0 -1509 0 *
Ve
1.00000019131949e-07
48.7328982631539 -18.7068069662647 14
0 0

0101101
*
Ed
 1e-07 1 1 0
1  169 0 5.91666616426078 5.92539281052075
2  502 72 0 5.91666616426078 5.92539281052075
2  503 104 0 5.91666616426078 5.92539281052075
0

0101000
+1274 0 -1276 0 *
Ve
1.00000073241069e-07
48.7328982631539 -18.7068069662647 11.5
0 0

0101101
*
Ed
 1e-07 1 1 0
1  170 0 9.6 12.1
2  504 72 0 9.6 12.1
2  505 105 0 9.6 12.1
0

0101000
+1272 0 -1274 0 *
Ve
1.00000057395846e-07
48.8942882787664 -18.2808253017442 11.5
0 0

0101101
*
Ed
 1e-07 1 1 0
1  171 0 5.91666616426078 5.92539281052075
2  506 72 0 5.91666616426078 5.92539281052075
2  507 106 0 5.91666616426078 5.92539281052075
0

0101000
+1272 0 -1270 0 *
Ve
1.00000022469334e-07
49.2058858350117 -17.4247180520028 11.5
0 0

0101101
*
Ed
 1e-07 1 1 0
1  172 0 5.92539281052075 5.94284610304069
2  508 72 0 5.92539281052075 5.94284610304069
2  509 107 0 5.92539281052075 5.94284610304069
0

0101000
+1270 0 -1268 0 *
Ve
1.00000010048592e-07
49.476928685002 -16.6395170572715 11.5
0 0

0101101
*
Ed
 1e-07 1 1 0
1  173 0 5.94284610304069 5.95875939916182
2  510 72 0 5.94284610304069 5.95875939916182
2  511 84 0 5.94284610304069 5.95875939916182
0

0101000
+1268 0 -1266 0 *
Ve
1.00000029296427e-07
50.0044900903217 -14.9796852706229 11.5
0 0

0101101
*
Ed
 1e-07 1 1 0
1  173 0 5.95875939916182 5.99212598780288
2  510 72 0 5.95875939916182 5.99212598780288
2  511 84 0 5.95875939916182 5.99212598780288
0

0101000
+1266 0 -1264 0 *
Ve
1.00000012809491e-07
50.4763851996793 -13.3031777096149 11.5
0 0

0101101
*
Ed
 1e-07 1 1 0
1  173 0 5.99212598780288 6.02549257644395
2  510 72 0 5.99212598780288 6.02549257644395
2  511 84 0 5.99212598780288 6.02549257644395
0

0101000
+1264 0 -1262 0 *
Ve
1e-07
50.8920886871935 -11.6118607059693 11.5
0 0

0101101
*
Ed
 1e-07 1 1 0
1  173 0 6.02549257644395 6.05885916508502
2  510 72 0 6.02549257644395 6.05885916508502
2  511 84 0 6.02549257644395 6.05885916508502
0

0101000
+1262 0 -1260 0 *
Ve
1.00000032754402e-07
51.2511377809546 -9.90761707766331 11.5
0 0

0101101
*
Ed
 1e-07 1 1 0
1  173 0 6.05885916508502 6.09222575372609
2  510 72 0 6.05885916508502 6.09222575372609
2  511 84 0 6.05885916508502 6.09222575372609
0

0101000
+1260 0 -1258 0 *
Ve
1.00000014210855e-07
51.5531327781944 -8.19234403292832 11.5
0 0

0101101
*
Ed
 1e-07 1 1 0
1  173 0 6.09222575372609 6.12559234236716
2  510 72 0 6.09222575372609 6.12559234236716
2  511 84 0 6.09222575372609 6.12559234236716
0

0101000
+1258 0 -1256 0 *
Ve
1.00000007105427e-07
51.7977374902453 -6.46795105822828 11.5
0 0

0101101
*
Ed
 1e-07 1 1 0
1  173 0 6.12559234236716 6.15895893100823
2  510 72 0 6.12559234236716 6.15895893100823
2  511 84 0 6.12559234236716 6.15895893100823
0

0101000
+1256 0 -1254 0 *
Ve
1.00000035360211e-07
51.9846796167944 -4.73635779256986 11.5
0 0

0101101
*
Ed
 1e-07 1 1 0
1  173 0 6.15895893100823 6.19232551964929
2  510 72 0 6.15895893100823 6.19232551964929
2  511 84 0 6.15895893100823 6.19232551964929
0

0101000
+1254 0 -1252 0 *
Ve
1.00000019539925e-07
52.1137510490155 -2.99949189051043 11.5
0 0

0101101
*
Ed
 1e-07 1 1 0
1  173 0 6.19232551964929 6.22569210829036
2  510 72 0 6.19232551964929 6.22569210829036
2  511 84 0 6.19232551964929 6.22569210829036
0

0101000
+1252 0 -1250 0 *
Ve
1.00000007119292e-07
52.1848081012408 -1.25928687624304 11.5
0 0

0101101
*
Ed
 1e-07 1 1 0
1  173 0 6.22569210829036 6.25905869693143
2  510 72 0 6.22569210829036 6.25905869693143
2  511 84 0 6.22569210829036 6.25905869693143
0

0101000
+1250 0 -1248 0 *
Ed
 1e-07 1 1 0
1  173 0 6.25905869693143 6.28318530717959
2  510 72 0 6.25905869693143 6.28318530717959
2  511 84 0 6.25905869693143 6.28318530717959
0

0101000
+1248 0 -1388 0 *
Ve
1e-07
52.2 -1.27853125830984e-14 1.9
0 0

0101101
*
Ed
 1e-07 1 1 0
1  174 0 0 9.6
3  512 513CN 72 0 0 9.6
0

0101000
+1245 0 -1388 0 *
Ed
 1e-07 1 1 0
1  175 0 0 6.28318530717959
2  514 72 0 0 6.28318530717959
2  515 82 0 0 6.28318530717959
0

0101000
+1245 0 -1245 0 *
Wi

0101100
-1386 0 -1384 0 -1382 0 -1380 0 -1378 0 -1376 0 -1374 0 -1372 0 -1371 0 -1632 0 
+1369 0 +1367 0 +1365 0 -1363 0 -1361 0 -1359 0 -1357 0 -1355 0 -1353 0 -1351 0 
-1349 0 -1347 0 -1345 0 -1343 0 -1341 0 -1339 0 -1337 0 -1335 0 -1333 0 -1331 0 
-1329 0 -1327 0 -1325 0 -1324 0 -1570 0 +1322 0 +1320 0 +1318 0 -1316 0 -1314 0 
-1312 0 -1310 0 -1308 0 -1306 0 -1304 0 -1302 0 -1300 0 -1298 0 -1296 0 -1294 0 
-1292 0 -1290 0 -1288 0 -1286 0 -1284 0 -1282 0 -1280 0 -1278 0 -1277 0 -1508 0 
+1275 0 +1273 0 +1271 0 -1269 0 -1267 0 -1265 0 -1263 0 -1261 0 -1259 0 -1257 0 
-1255 0 -1253 0 -1251 0 -1249 0 -1247 0 -1246 0 +1244 0 +1243 0 -1244 0 *
Fa
0  1e-07 72 0

0101000
+1242 0 *
Ve
1.00000007105427e-07
-10.3282198641993 51.1680356710785 15
0 0

0101101
*
Ed
 1e-07 1 1 0
1  73 0 1.73660260573436 1.76996919437543
2  212 9 0 1.73660260573436 1.76996919437543
2  213 72 0 1.73660260573436 1.76996919437543
2  516 74 0 1.73660260573436 1.76996919437543
0

0101000
+1633 0 -1240 0 *
Ve
1.00000003552714e-07
-12.0294570601059 50.7950013568173 15
0 0

0101101
*
Ed
 1e-07 1 1 0
1  73 0 1.76996919437543 1.80333578301649
2  212 9 0 1.76996919437543 1.80333578301649
2  213 72 0 1.76996919437543 1.80333578301649
2  517 74 0 1.76996919437543 1.80333578301649
0

0101000
+1240 0 -1238 0 *
Ve
1.00000007324107e-07
-13.7173027522542 50.3654207289386 15
0 0

0101101
*
Ed
 1e-07 1 1 0
1  73 0 1.80333578301649 1.83670237165756
2  212 9 0 1.80333578301649 1.83670237165756
2  213 72 0 1.80333578301649 1.83670237165756
2  518 74 0 1.80333578301649 1.83670237165756
0

0101000
+1238 0 -1236 0 *
Ve
1.00000001776357e-07
-15.389877987021 49.8797720077448 15
0 0

0101101
*
Ed
 1e-07 1 1 0
1  73 0 1.83670237165756 1.87006896029863
2  212 9 0 1.83670237165756 1.87006896029863
2  213 72 0 1.83670237165756 1.87006896029863
2  519 74 0 1.83670237165756 1.87006896029863
0

0101000
+1236 0 -1234 0 *
Ve
1.00000003552714e-07
-17.0453208102523 49.3385958299948 15
0 0

0101101
*
Ed
 1e-07 1 1 0
1  73 0 1.87006896029863 1.9034355489397
2  212 9 0 1.87006896029863 1.9034355489397
2  213 72 0 1.87006896029863 1.9034355489397
2  520 74 0 1.87006896029863 1.9034355489397
0

0101000
+1234 0 -1232 0 *
Ve
1e-07
-18.6817883400394 48.7424946470528 15
0 0

0101101
*
Ed
 1e-07 1 1 0
1  73 0 1.9034355489397 1.93680213758077
2  212 9 0 1.9034355489397 1.93680213758077
2  213 72 0 1.9034355489397 1.93680213758077
2  521 74 0 1.9034355489397 1.93680213758077
0

0101000
+1232 0 -1230 0 *
Ve
1.00000007105427e-07
-20.2974588182625 48.0921320542242 15
0 0

0101101
*
Ed
 1e-07 1 1 0
1  73 0 1.93680213758077 1.97016872622183
2  212 9 0 1.93680213758077 1.97016872622183
2  213 72 0 1.93680213758077 1.97016872622183
2  522 74 0 1.93680213758077 1.97016872622183
0

0101000
+1230 0 -1228 0 *
Ve
1.00000010048592e-07
-21.8905336386193 47.388232052024 15
0 0

0101101
*
Ed
 1e-07 1 1 0
1  73 0 1.97016872622183 2.0035353148629
2  212 9 0 1.97016872622183 2.0035353148629
2  213 72 0 1.97016872622183 2.0035353148629
2  523 74 0 1.97016872622183 2.0035353148629
0

0101000
+1228 0 -1226 0 *
Ve
1.00000010048592e-07
-23.4592393488803 46.6315782402006 15
0 0

0101101
*
Ed
 1e-07 1 1 0
1  73 0 2.0035353148629 2.03690190350397
2  212 9 0 2.0035353148629 2.03690190350397
2  213 72 0 2.0035353148629 2.03690190350397
2  524 74 0 2.0035353148629 2.03690190350397
0

0101000
+1226 0 -1224 0 *
Ve
1.00000010048592e-07
-25.0018296251415 45.823012945412 15
0 0

0101101
*
Ed
 1e-07 1 1 0
1  73 0 2.03690190350397 2.07026849214504
2  212 9 0 2.03690190350397 2.07026849214504
2  213 72 0 2.03690190350397 2.07026849214504
2  525 74 0 2.03690190350397 2.07026849214504
0

0101000
+1224 0 -1222 0 *
Ve
1.00000007944109e-07
-26.516587215878 44.9634362835263 15
0 0

0101101
*
Ed
 1e-07 1 1 0
1  73 0 2.07026849214504 2.10363508078611
2  212 9 0 2.07026849214504 2.10363508078611
2  213 72 0 2.07026849214504 2.10363508078611
2  526 74 0 2.07026849214504 2.10363508078611
0

0101000
+1222 0 -1220 0 *
Ve
1.00000010658141e-07
-28.0018258536325 44.0538051575893 15
0 0

0101101
*
Ed
 1e-07 1 1 0
1  73 0 2.10363508078611 2.13700166942717
2  212 9 0 2.10363508078611 2.13700166942717
2  213 72 0 2.10363508078611 2.13700166942717
2  527 74 0 2.10363508078611 2.13700166942717
0

0101000
+1220 0 -1218 0 *
Ve
1.00000007105427e-07
-29.4558921322121 43.0951321925746 15
0 0

0101101
*
Ed
 1e-07 1 1 0
1  73 0 2.13700166942717 2.17036825806824
2  212 9 0 2.13700166942717 2.17036825806824
2  213 72 0 2.13700166942717 2.17036825806824
2  528 74 0 2.13700166942717 2.17036825806824
0

0101000
+1218 0 -1216 0 *
Ve
1.00000007105427e-07
-30.8771673473032 42.0884846081043 15
0 0

0101101
*
Ed
 1e-07 1 1 0
1  73 0 2.17036825806824 2.20373484670931
2  212 9 0 2.17036825806824 2.20373484670931
2  213 72 0 2.17036825806824 2.20373484670931
2  529 74 0 2.17036825806824 2.20373484670931
0

0101000
+1216 0 -1214 0 *
Ve
1.00000015888219e-07
-32.2640692984549 41.0349830303912 15
0 0

0101101
*
Ed
 1e-07 1 1 0
1  73 0 2.20373484670931 2.23710143535038
2  212 9 0 2.20373484670931 2.23710143535038
2  213 72 0 2.20373484670931 2.23710143535038
2  530 74 0 2.20373484670931 2.23710143535038
0

0101000
+1214 0 -1212 0 *
Ve
1.00000014210855e-07
-33.6150540504258 39.9358002447297 15
0 0

0101101
*
Ed
 1e-07 1 1 0
1  73 0 2.23710143535038 2.27046802399145
2  212 9 0 2.23710143535038 2.27046802399145
2  213 72 0 2.23710143535038 2.27046802399145
2  531 74 0 2.23710143535038 2.27046802399145
0

0101000
+1212 0 -1210 0 *
Ed
 1e-07 1 1 0
1  73 0 2.27046802399145 2.30383461263251
2  212 9 0 2.27046802399145 2.30383461263251
2  213 72 0 2.27046802399145 2.30383461263251
2  532 74 0 2.27046802399145 2.30383461263251
0

0101000
+1210 0 -1573 0 *
Ve
1e-07
-33.7116490333293 40.05055829141 15
0 0

0101101
*
Ed
 1e-07 1 1 0
1  176 0 0 1.74665988741541
2  533 75 0 0 1.74665988741541
2  534 74 0 0 1.74665988741541
2  535 9 0 0 1.74665988741541
0

0101000
+1207 0 -1575 0 *
Ve
1e-07
-32.3567821412666 41.1528996482946 15
0 0

0101101
*
Ed
 1e-07 1 1 0
1  177 0 0 1.74665988741541
2  536 75 0 0 1.74665988741541
2  537 74 0 0 1.74665988741541
2  538 9 0 0 1.74665988741541
0

0101000
+1205 0 -1207 0 *
Ve
1e-07
-30.9658948396805 42.2094285293919 15
0 0

0101101
*
Ed
 1e-07 1 1 0
1  178 0 0 1.74665988741541
2  539 75 0 0 1.74665988741541
2  540 74 0 0 1.74665988741541
2  541 9 0 0 1.74665988741541
0

0101000
+1203 0 -1205 0 *
Ve
1e-07
-29.5405355004081 43.2189687793349 15
0 0

0101101
*
Ed
 1e-07 1 1 0
1  179 0 0 1.74665988741541
2  542 75 0 0 1.74665988741541
2  543 74 0 0 1.74665988741541
2  544 9 0 0 1.74665988741541
0

0101000
+1201 0 -1203 0 *
Ve
1e-07
-28.0822908704533 44.1803965517203 15
0 0

0101101
*
Ed
 1e-07 1 1 0
1  180 0 0 1.74665988741541
2  545 75 0 0 1.74665988741541
2  546 74 0 0 1.74665988741541
2  547 9 0 0 1.74665988741541
0

0101000
+1199 0 -1201 0 *
Ve
1e-07
-26.5927843055788 45.0926415602031 15
0 0

0101101
*
Ed
 1e-07 1 1 0
1  181 0 0 1.74665988741541
2  548 75 0 0 1.74665988741541
2  549 74 0 0 1.74665988741541
2  550 9 0 0 1.74665988741541
0

0101000
+1197 0 -1199 0 *
Ve
1e-07
-25.0736739631448 45.9546882699678 15
0 0

0101101
*
Ed
 1e-07 1 1 0
1  182 0 0 1.74665988741541
2  551 75 0 0 1.74665988741541
2  552 74 0 0 1.74665988741541
2  553 9 0 0 1.74665988741541
0

0101000
+1195 0 -1197 0 *
Ve
1e-07
-23.5266509562047 46.7655770282471 15
0 0

0101101
*
Ed
 1e-07 1 1 0
1  183 0 0 1.74665988741541
2  554 75 0 0 1.74665988741541
2  555 74 0 0 1.74665988741541
2  556 9 0 0 1.74665988741541
0

0101000
+1193 0 -1195 0 *
Ve
1e-07
-21.9534374709142 47.5244051326333 15
0 0

0101101
*
Ed
 1e-07 1 1 0
1  184 0 0 1.74665988741541
2  557 75 0 0 1.74665988741541
2  558 74 0 0 1.74665988741541
2  559 9 0 0 1.74665988741541
0

0101000
+1191 0 -1193 0 *
Ve
1e-07
-20.3557848493495 48.2303278359892 15
0 0

0101101
*
Ed
 1e-07 1 1 0
1  185 0 0 1.74665988741541
2  560 75 0 0 1.74665988741541
2  561 74 0 0 1.74665988741541
2  562 9 0 0 1.74665988741541
0

0101000
+1189 0 -1191 0 *
Ve
1e-07
-18.7354716398671 48.8825592868431 15
0 0

0101101
*
Ed
 1e-07 1 1 0
1  186 0 0 1.74665988741541
2  563 75 0 0 1.74665988741541
2  564 74 0 0 1.74665988741541
2  565 9 0 0 1.74665988741541
0

0101000
+1187 0 -1189 0 *
Ve
1e-07
-17.0943016171783 49.4803734042189 15
0 0

0101101
*
Ed
 1e-07 1 1 0
1  187 0 0 1.74665988741541
2  566 75 0 0 1.74665988741541
2  567 74 0 0 1.74665988741541
2  568 9 0 0 1.74665988741541
0

0101000
+1185 0 -1187 0 *
Ve
1e-07
-15.43410177434 50.023104685928 15
0 0

0101101
*
Ed
 1e-07 1 1 0
1  188 0 0 1.74665988741541
2  569 75 0 0 1.74665988741541
2  570 74 0 0 1.74665988741541
2  571 9 0 0 1.74665988741541
0

0101000
+1183 0 -1185 0 *
Ve
1e-07
-13.7567202888986 50.5101489494241 15
0 0

0101101
*
Ed
 1e-07 1 1 0
1  189 0 0 1.74665988741541
2  572 75 0 0 1.74665988741541
2  573 74 0 0 1.74665988741541
2  574 9 0 0 1.74665988741541
0

0101000
+1181 0 -1183 0 *
Ve
1e-07
-12.064024465451 50.9409640043943 15
0 0

0101101
*
Ed
 1e-07 1 1 0
1  190 0 0 1.74665988741541
2  575 75 0 0 1.74665988741541
2  576 74 0 0 1.74665988741541
2  577 9 0 0 1.74665988741541
0

0101000
+1179 0 -1181 0 *
Ve
1e-07
-10.3578986569125 51.3150702563402 15
0 0

0101101
*
Ed
 1e-07 1 1 0
1  191 0 0 1.74665988741541
2  578 75 0 0 1.74665988741541
2  579 74 0 0 1.74665988741541
2  580 9 0 0 1.74665988741541
0

0101000
+1177 0 -1179 0 *
Ed
 1e-07 1 1 0
1  192 0 0 1.74665988741541
2  581 75 0 0 1.74665988741541
2  582 74 0 0 1.74665988741541
2  583 9 0 0 1.74665988741541
0

0101000
+1631 0 -1177 0 *
Wi

0101100
+1630 0 -1239 0 -1237 0 -1235 0 -1233 0 -1231 0 -1229 0 -1227 0 -1225 0 -1223 0 
-1221 0 -1219 0 -1217 0 -1215 0 -1213 0 -1211 0 -1209 0 -1208 0 +1572 0 +1206 0 
+1204 0 +1202 0 +1200 0 +1198 0 +1196 0 +1194 0 +1192 0 +1190 0 +1188 0 +1186 0 
+1184 0 +1182 0 +1180 0 +1178 0 +1176 0 +1175 0 *
Fa
0  1e-07 9 0

0101000
+1174 0 *
Wi

0101100
+1629 0 -1175 0 -1176 0 -1178 0 -1180 0 -1182 0 -1184 0 -1186 0 -1188 0 -1190 0 
-1192 0 -1194 0 -1196 0 -1198 0 -1200 0 -1202 0 -1204 0 -1206 0 +1574 0 +1578 0 
+1581 0 +1584 0 +1587 0 +1590 0 +1593 0 +1596 0 +1599 0 +1602 0 +1605 0 +1608 0 
+1611 0 +1614 0 +1617 0 +1620 0 +1623 0 +1626 0 *
Fa
0  1e-07 75 0

0101000
+1172 0 *
Ve
1e-07
-17.8289763994458 -49.2204236120333 15
0 0

0101101
*
Ed
 1e-07 1 1 0
1  193 0 0 1.74665988741541
2  584 79 0 0 1.74665988741541
2  585 78 0 0 1.74665988741541
2  586 9 0 0 1.74665988741541
0

0101000
+1170 0 -1513 0 *
Ve
1e-07
-19.4610654641815 -48.5982451432029 15
0 0

0101101
*
Ed
 1e-07 1 1 0
1  194 0 0 1.74665988741541
2  587 79 0 0 1.74665988741541
2  588 78 0 0 1.74665988741541
2  589 9 0 0 1.74665988741541
0

0101000
+1168 0 -1170 0 *
Ve
1e-07
-21.0714899658368 -47.9219658467768 15
0 0

0101101
*
Ed
 1e-07 1 1 0
1  195 0 0 1.74665988741541
2  590 79 0 0 1.74665988741541
2  591 78 0 0 1.74665988741541
2  592 9 0 0 1.74665988741541
0

0101000
+1166 0 -1168 0 *
Ve
1e-07
-22.6584571380665 -47.192338574417 15
0 0

0101101
*
Ed
 1e-07 1 1 0
1  196 0 0 1.74665988741541
2  593 79 0 0 1.74665988741541
2  594 78 0 0 1.74665988741541
2  595 9 0 0 1.74665988741541
0

0101000
+1164 0 -1166 0 *
Ve
1e-07
-24.2202003278335 -46.4101755661365 15
0 0

0101101
*
Ed
 1e-07 1 1 0
1  197 0 0 1.74665988741541
2  596 79 0 0 1.74665988741541
2  597 78 0 0 1.74665988741541
2  598 9 0 0 1.74665988741541
0

0101000
+1162 0 -1164 0 *
Ve
1e-07
-25.7549809620924 -45.576347546093 15
0 0

0101101
*
Ed
 1e-07 1 1 0
1  198 0 0 1.74665988741541
2  599 79 0 0 1.74665988741541
2  600 78 0 0 1.74665988741541
2  601 9 0 0 1.74665988741541
0

0101000
+1160 0 -1162 0 *
Ve
1e-07
-27.2610904832144 -44.6917827532758 15
0 0

0101101
*
Ed
 1e-07 1 1 0
1  199 0 0 1.74665988741541
2  602 79 0 0 1.74665988741541
2  603 78 0 0 1.74665988741541
2  604 9 0 0 1.74665988741541
0

0101000
+1158 0 -1160 0 *
Ve
1e-07
-28.7368522509976 -43.7574659081663 15
0 0

0101101
*
Ed
 1e-07 1 1 0
1  200 0 0 1.74665988741541
2  605 79 0 0 1.74665988741541
2  606 78 0 0 1.74665988741541
2  607 9 0 0 1.74665988741541
0

0101000
+1156 0 -1158 0 *
Ve
1e-07
-30.1806234091469 -42.7744371165215 15
0 0

0101101
*
Ed
 1e-07 1 1 0
1  201 0 0 1.74665988741541
2  608 79 0 0 1.74665988741541
2  609 78 0 0 1.74665988741541
2  610 9 0 0 1.74665988741541
0

0101000
+1154 0 -1156 0 *
Ve
1e-07
-31.5907967141436 -41.7437907115016 15
0 0

0101101
*
Ed
 1e-07 1 1 0
1  202 0 0 1.74665988741541
2  611 79 0 0 1.74665988741541
2  612 78 0 0 1.74665988741541
2  613 9 0 0 1.74665988741541
0

0101000
+1152 0 -1154 0 *
Ve
1e-07
-32.9658023244715 -40.6666740354294 15
0 0

0101101
*
Ed
 1e-07 1 1 0
1  203 0 0 1.74665988741541
2  614 79 0 0 1.74665988741541
2  615 78 0 0 1.74665988741541
2  616 9 0 0 1.74665988741541
0

0101000
+1150 0 -1152 0 *
Ve
1e-07
-34.3041095482043 -39.5442861625393 15
0 0

0101101
*
Ed
 1e-07 1 1 0
1  204 0 0 1.74665988741541
2  617 79 0 0 1.74665988741541
2  618 78 0 0 1.74665988741541
2  619 9 0 0 1.74665988741541
0

0101000
+1148 0 -1150 0 *
Ve
1e-07
-35.604228547012 -38.377876564137 15
0 0

0101101
*
Ed
 1e-07 1 1 0
1  205 0 0 1.74665988741541
2  620 79 0 0 1.74665988741541
2  621 78 0 0 1.74665988741541
2  622 9 0 0 1.74665988741541
0

0101000
+1146 0 -1148 0 *
Ve
1e-07
-36.8647119946878 -37.1687437176551 15
0 0

0101101
*
Ed
 1e-07 1 1 0
1  206 0 0 1.74665988741541
2  623 79 0 0 1.74665988741541
2  624 78 0 0 1.74665988741541
2  625 9 0 0 1.74665988741541
0

0101000
+1144 0 -1146 0 *
Ve
1e-07
-38.0841566883486 -35.9182336611547 15
0 0

0101101
*
Ed
 1e-07 1 1 0
1  207 0 0 1.74665988741541
2  626 79 0 0 1.74665988741541
2  627 78 0 0 1.74665988741541
2  628 9 0 0 1.74665988741541
0

0101000
+1142 0 -1144 0 *
Ve
1e-07
-39.2612051105176 -34.6277384948811 15
0 0

0101101
*
Ed
 1e-07 1 1 0
1  208 0 0 1.74665988741541
2  629 79 0 0 1.74665988741541
2  630 78 0 0 1.74665988741541
2  631 9 0 0 1.74665988741541
0

0101000
+1140 0 -1142 0 *
Ed
 1e-07 1 1 0
1  209 0 0 1.74665988741541
2  632 79 0 0 1.74665988741541
2  633 78 0 0 1.74665988741541
2  634 9 0 0 1.74665988741541
0

0101000
+1569 0 -1140 0 *
Ve
1.00000015888219e-07
-39.1487088208026 -34.5285186138069 15
0 0

0101101
*
Ed
 1e-07 1 1 0
1  73 0 3.83099770812755 3.86436429676862
2  212 9 0 3.83099770812755 3.86436429676862
2  213 72 0 3.83099770812755 3.86436429676862
2  635 78 0 3.83099770812755 3.86436429676862
0

0101000
+1571 0 -1137 0 *
Ve
1.00000010048592e-07
-37.9750330302158 -35.8153160861944 15
0 0

0101101
*
Ed
 1e-07 1 1 0
1  73 0 3.86436429676862 3.89773088540969
2  212 9 0 3.86436429676862 3.89773088540969
2  213 72 0 3.86436429676862 3.89773088540969
2  636 78 0 3.86436429676862 3.89773088540969
0

0101000
+1137 0 -1135 0 *
Ve
1.00000015888219e-07
-36.7590824474251 -37.0622430193237 15
0 0

0101101
*
Ed
 1e-07 1 1 0
1  73 0 3.89773088540969 3.93109747405076
2  212 9 0 3.89773088540969 3.93109747405076
2  213 72 0 3.89773088540969 3.93109747405076
2  637 78 0 3.89773088540969 3.93109747405076
0

0101000
+1135 0 -1133 0 *
Ve
1.00000025618983e-07
-35.5022107001725 -38.2679113017755 15
0 0

0101101
*
Ed
 1e-07 1 1 0
1  73 0 3.93109747405076 3.96446406269183
2  212 9 0 3.93109747405076 3.96446406269183
2  213 72 0 3.93109747405076 3.96446406269183
2  638 78 0 3.93109747405076 3.96446406269183
0

0101000
+1133 0 -1131 0 *
Ve
1.00000007105427e-07
-34.2058169707023 -39.4309787523315 15
0 0

0101101
*
Ed
 1e-07 1 1 0
1  73 0 3.96446406269183 3.99783065133289
2  212 9 0 3.96446406269183 3.99783065133289
2  213 72 0 3.96446406269183 3.99783065133289
2  639 78 0 3.96446406269183 3.99783065133289
0

0101000
+1131 0 -1129 0 *
Ve
1.00000040194367e-07
-32.871344438155 -40.5501506141245 15
0 0

0101101
*
Ed
 1e-07 1 1 0
1  73 0 3.99783065133289 4.03119723997396
2  212 9 0 3.99783065133289 4.03119723997396
2  213 72 0 3.99783065133289 4.03119723997396
2  640 78 0 3.99783065133289 4.03119723997396
0

0101000
+1129 0 -1127 0 *
Ve
1.00000020097183e-07
-31.5002786719828 -41.6241809959959 15
0 0

0101101
*
Ed
 1e-07 1 1 0
1  73 0 4.03119723997396 4.06456382861503
2  212 9 0 4.03119723997396 4.06456382861503
2  213 72 0 4.03119723997396 4.06456382861503
2  641 78 0 4.03119723997396 4.06456382861503
0

0101000
+1127 0 -1125 0 *
Ve
1.00000014210855e-07
-30.0941459781751 -42.6518742594541 15
0 0

0101101
*
Ed
 1e-07 1 1 0
1  73 0 4.06456382861503 4.0979304172561
2  212 9 0 4.06456382861503 4.0979304172561
2  213 72 0 4.06456382861503 4.0979304172561
2  642 78 0 4.06456382861503 4.0979304172561
0

0101000
+1125 0 -1123 0 *
Ve
1.00000041431405e-07
-28.6545117001352 -43.6320863496901 15
0 0

0101101
*
Ed
 1e-07 1 1 0
1  73 0 4.0979304172561 4.13129700589717
2  212 9 0 4.0979304172561 4.13129700589717
2  213 72 0 4.0979304172561 4.13129700589717
2  643 78 0 4.0979304172561 4.13129700589717
0

0101000
+1123 0 -1121 0 *
Ve
1.00000015888219e-07
-27.1829784760992 -44.563726069169 15
0 0

0101101
*
Ed
 1e-07 1 1 0
1  73 0 4.13129700589717 4.16466359453823
2  212 9 0 4.13129700589717 4.16466359453823
2  213 72 0 4.13129700589717 4.16466359453823
2  644 78 0 4.13129700589717 4.16466359453823
0

0101000
+1121 0 -1119 0 *
Ve
1.00000019131949e-07
-25.6811844550377 -45.4457562923792 15
0 0

0101101
*
Ed
 1e-07 1 1 0
1  73 0 4.16466359453823 4.1980301831793
2  212 9 0 4.16466359453823 4.1980301831793
2  213 72 0 4.16466359453823 4.1980301831793
2  645 78 0 4.16466359453823 4.1980301831793
0

0101000
+1119 0 -1117 0 *
Ve
1.00000047664656e-07
-24.150801473026 -46.2771951203883 15
0 0

0101101
*
Ed
 1e-07 1 1 0
1  73 0 4.1980301831793 4.23139677182037
2  212 9 0 4.1980301831793 4.23139677182037
2  213 72 0 4.1980301831793 4.23139677182037
2  646 78 0 4.1980301831793 4.23139677182037
0

0101000
+1117 0 -1115 0 *
Ve
1.00000015888219e-07
-22.5935331921121 -47.0571169739172 15
0 0

0101101
*
Ed
 1e-07 1 1 0
1  73 0 4.23139677182037 4.26476336046144
2  212 9 0 4.23139677182037 4.26476336046144
2  213 72 0 4.23139677182037 4.26476336046144
2  647 78 0 4.23139677182037 4.26476336046144
0

0101000
+1115 0 -1113 0 *
Ve
1.00000017763568e-07
-21.011113203757 -47.7846536237201 15
0 0

0101101
*
Ed
 1e-07 1 1 0
1  73 0 4.26476336046144 4.29812994910251
2  212 9 0 4.26476336046144 4.29812994910251
2  213 72 0 4.26476336046144 4.29812994910251
2  648 78 0 4.26476336046144 4.29812994910251
0

0101000
+1113 0 -1111 0 *
Ve
1.00000015888219e-07
-19.4053030989547 -48.4589951571192 15
0 0

0101101
*
Ed
 1e-07 1 1 0
1  73 0 4.29812994910251 4.33149653774357
2  212 9 0 4.29812994910251 4.33149653774357
2  213 72 0 4.29812994910251 4.33149653774357
2  649 78 0 4.29812994910251 4.33149653774357
0

0101000
+1111 0 -1109 0 *
Ve
1.00000010048592e-07
-17.7778905071838 -49.0793908796206 15
0 0

0101101
*
Ed
 1e-07 1 1 0
1  73 0 4.33149653774357 4.36486312638464
2  212 9 0 4.33149653774357 4.36486312638464
2  213 72 0 4.33149653774357 4.36486312638464
2  650 78 0 4.33149653774357 4.36486312638464
0

0101000
+1109 0 -1107 0 *
Ed
 1e-07 1 1 0
1  73 0 4.36486312638464 4.39822971502571
2  212 9 0 4.36486312638464 4.39822971502571
2  213 72 0 4.36486312638464 4.39822971502571
2  651 78 0 4.36486312638464 4.39822971502571
0

0101000
+1107 0 -1511 0 *
Wi

0101100
+1169 0 +1167 0 +1165 0 +1163 0 +1161 0 +1159 0 +1157 0 +1155 0 +1153 0 +1151 0 
+1149 0 +1147 0 +1145 0 +1143 0 +1141 0 +1139 0 +1138 0 +1568 0 -1136 0 -1134 0 
-1132 0 -1130 0 -1128 0 -1126 0 -1124 0 -1122 0 -1120 0 -1118 0 -1116 0 -1114 0 
-1112 0 -1110 0 -1108 0 -1106 0 -1105 0 +1510 0 *
Fa
0  1e-07 9 0

0101000
+1104 0 *
Wi

0101100
+1567 0 -1138 0 -1139 0 -1141 0 -1143 0 -1145 0 -1147 0 -1149 0 -1151 0 -1153 0 
-1155 0 -1157 0 -1159 0 -1161 0 -1163 0 -1165 0 -1167 0 -1169 0 +1512 0 +1516 0 
+1519 0 +1522 0 +1525 0 +1528 0 +1531 0 +1534 0 +1537 0 +1540 0 +1543 0 +1546 0 
+1549 0 +1552 0 +1555 0 +1558 0 +1561 0 +1564 0 *
Fa
0  1e-07 79 0

0101000
+1102 0 *
Ve
1.00000082937061e-07
8 -8.24472026918999e-14 1.9
0 0

0101101
*
Ed
 1e-07 1 1 0
1  210 0 0 6.28318530717959
2  652 82 0 0 6.28318530717959
2  653 108 0 0 6.28318530717959
0

0101100
+1100 0 -1100 0 *
Wi

0101100
+1099 0 *
Wi

0101100
-1471 0 *
Fa
0  1e-07 82 0

0101000
+1098 0 +1097 0 *
Ve
1e-07
48 -1.17566092718146e-14 1
0 0

0101101
*
Ed
 1e-07 1 1 0
1  211 0 0 6.28318530717959
2  654 109 0 0 6.28318530717959
2  655 83 0 0 6.28318530717959
0

0101000
+1095 0 -1095 0 *
Wi

0101100
+1094 0 *
Ed
 1e-07 1 1 0
1  212 0 0 6.28318530717959
2  656 108 0 0 6.28318530717959
2  657 110 0 0 6.28318530717959
2  658 83 0 0 6.28318530717959
0

0101000
+1466 0 -1466 0 *
Wi

0101100
-1092 0 *
Wi

0101100
-1464 0 -1465 0 *
Fa
0  1e-07 83 0

0101000
+1093 0 +1091 0 +1090 0 *
Ed
 1e-07 1 1 0
1  213 0 0 1.74165513129101
2  659 70 0 0 1.74165513129101
2  660 111 0 0 1.74165513129101
0

0101000
+1425 0 -1509 0 *
Wi

0101100
+1088 0 +1424 0 *
Fa
0  1e-07 70 0

0101000
+1087 0 *
Ed
 1e-07 1 1 0
1  214 0 0 1.74165513129102
2  661 70 0 0 1.74165513129102
2  662 111 0 0 1.74165513129102
0

0101000
+1423 0 -1425 0 *
Wi

0101100
+1085 0 +1422 0 *
Fa
0  1e-07 70 0

0101000
+1084 0 *
Ed
 1e-07 1 1 0
1  215 0 0 1.74165513129101
2  663 70 0 0 1.74165513129101
2  664 111 0 0 1.74165513129101
0

0101000
+1421 0 -1423 0 *
Wi

0101100
+1082 0 +1420 0 *
Fa
0  1e-07 70 0

0101000
+1081 0 *
Ed
 1e-07 1 1 0
1  216 0 0 1.74165513129101
2  665 70 0 0 1.74165513129101
2  666 111 0 0 1.74165513129101
0

0101000
+1419 0 -1421 0 *
Wi

0101100
+1079 0 +1418 0 *
Fa
0  1e-07 70 0

0101000
+1078 0 *
Ed
 1e-07 1 1 0
1  217 0 0 1.74165513129101
2  667 70 0 0 1.74165513129101
2  668 111 0 0 1.74165513129101
0

0101000
+1417 0 -1419 0 *
Wi

0101100
+1076 0 +1416 0 *
Fa
0  1e-07 70 0

0101000
+1075 0 *
Ed
 1e-07 1 1 0
1  218 0 0 1.74165513129101
2  669 70 0 0 1.74165513129101
2  670 111 0 0 1.74165513129101
0

0101000
+1415 0 -1417 0 *
Wi

0101100
+1073 0 +1414 0 *
Fa
0  1e-07 70 0

0101000
+1072 0 *
Ed
 1e-07 1 1 0
1  219 0 0 1.74165513129101
2  671 70 0 0 1.74165513129101
2  672 111 0 0 1.74165513129101
0

0101000
+1413 0 -1415 0 *
Wi

0101100
+1070 0 +1412 0 *
Fa
0  1e-07 70 0

0101000
+1069 0 *
Ed
 1e-07 1 1 0
1  220 0 0 1.74165513129101
2  673 70 0 0 1.74165513129101
2  674 111 0 0 1.74165513129101
0

0101000
+1411 0 -1413 0 *
Wi

0101100
+1067 0 +1410 0 *
Fa
0  1e-07 70 0

0101000
+1066 0 *
Ed
 1e-07 1 1 0
1  221 0 0 1.74165513129101
2  675 70 0 0 1.74165513129101
2  676 111 0 0 1.74165513129101
0

0101000
+1409 0 -1411 0 *
Wi

0101100
+1064 0 +1408 0 *
Fa
0  1e-07 70 0

0101000
+1063 0 *
Ed
 1e-07 1 1 0
1  222 0 0 1.74165513129101
2  677 70 0 0 1.74165513129101
2  678 111 0 0 1.74165513129101
0

0101000
+1407 0 -1409 0 *
Wi

0101100
+1061 0 +1406 0 *
Fa
0  1e-07 70 0

0101000
+1060 0 *
Ed
 1e-07 1 1 0
1  223 0 0 1.74165513129101
2  679 70 0 0 1.74165513129101
2  680 111 0 0 1.74165513129101
0

0101000
+1403 0 -1407 0 *
Wi

0101100
+1058 0 +1402 0 +1404 0 *
Fa
0  1e-07 70 0

0101000
+1057 0 *
Ed
 1e-07 1 1 0
1  224 0 0 1.74165513129101
2  681 70 0 0 1.74165513129101
2  682 111 0 0 1.74165513129101
0

0101000
+1401 0 -1403 0 *
Wi

0101100
+1055 0 +1400 0 *
Fa
0  1e-07 70 0

0101000
+1054 0 *
Ed
 1e-07 1 1 0
1  225 0 0 1.74165513129101
2  683 70 0 0 1.74165513129101
2  684 111 0 0 1.74165513129101
0

0101000
+1399 0 -1401 0 *
Wi

0101100
+1052 0 +1398 0 *
Fa
0  1e-07 70 0

0101000
+1051 0 *
Ed
 1e-07 1 1 0
1  226 0 0 1.74165513129101
2  685 70 0 0 1.74165513129101
2  686 111 0 0 1.74165513129101
0

0101000
+1397 0 -1399 0 *
Wi

0101100
+1049 0 +1396 0 *
Fa
0  1e-07 70 0

0101000
+1048 0 *
Ed
 1e-07 1 1 0
1  227 0 0 1.74165513129101
2  687 70 0 0 1.74165513129101
2  688 111 0 0 1.74165513129101
0

0101000
+1395 0 -1397 0 *
Wi

0101100
+1046 0 +1394 0 *
Fa
0  1e-07 70 0

0101000
+1045 0 *
Ed
 1e-07 1 1 0
1  228 0 0 1.74165513129101
2  689 70 0 0 1.74165513129101
2  690 111 0 0 1.74165513129101
0

0101000
+1393 0 -1395 0 *
Wi

0101100
+1043 0 +1392 0 *
Fa
0  1e-07 70 0

0101000
+1042 0 *
Ed
 1e-07 1 1 0
1  229 0 0 1.74165513129101
2  691 70 0 0 1.74165513129101
2  692 111 0 0 1.74165513129101
0

0101000
+1635 0 -1393 0 *
Wi

0101100
+1040 0 +1391 0 *
Fa
0  1e-07 70 0

0101000
+1039 0 *
Ed
 1e-07 1 1 0
1  230 0 0 1.74165513129101
2  693 84 0 0 1.74165513129101
2  694 112 0 0 1.74165513129101
0

0101000
+1387 0 -1248 0 *
Wi

0101100
+1037 0 +1386 0 +1246 0 *
Fa
0  1e-07 84 0

0101000
+1036 0 *
Ed
 1e-07 1 1 0
1  231 0 0 1.74165513129101
2  695 84 0 0 1.74165513129101
2  696 113 0 0 1.74165513129101
0

0101000
+1385 0 -1387 0 *
Wi

0101100
+1034 0 +1384 0 *
Fa
0  1e-07 84 0

0101000
+1033 0 *
Ed
 1e-07 1 1 0
1  232 0 0 1.74165513129101
2  697 84 0 0 1.74165513129101
2  698 114 0 0 1.74165513129101
0

0101000
+1383 0 -1385 0 *
Wi

0101100
+1031 0 +1382 0 *
Fa
0  1e-07 84 0

0101000
+1030 0 *
Ed
 1e-07 1 1 0
1  233 0 0 1.74165513129101
2  699 84 0 0 1.74165513129101
2  700 115 0 0 1.74165513129101
0

0101000
+1381 0 -1383 0 *
Wi

0101100
+1028 0 +1380 0 *
Fa
0  1e-07 84 0

0101000
+1027 0 *
Ed
 1e-07 1 1 0
1  234 0 0 1.74165513129101
2  701 84 0 0 1.74165513129101
2  702 116 0 0 1.74165513129101
0

0101000
+1379 0 -1381 0 *
Wi

0101100
+1025 0 +1378 0 *
Fa
0  1e-07 84 0

0101000
+1024 0 *
Ed
 1e-07 1 1 0
1  235 0 0 1.74165513129101
2  703 84 0 0 1.74165513129101
2  704 117 0 0 1.74165513129101
0

0101000
+1377 0 -1379 0 *
Wi

0101100
+1022 0 +1376 0 *
Fa
0  1e-07 84 0

0101000
+1021 0 *
Ed
 1e-07 1 1 0
1  236 0 0 1.74165513129101
2  705 84 0 0 1.74165513129101
2  706 85 0 0 1.74165513129101
0

0101000
+1375 0 -1377 0 *
Wi

0101100
+1374 0 +1019 0 *
Fa
0  1e-07 84 0

0101000
+1018 0 *
Ve
1.50000007944109e-07
51.3929445576096 9.14359063489088 14
0 0

0101101
*
Ed
 1e-07 1 1 0
1  237 0 0 2.5
2  707 117 0 0 2.5
2  708 85 0 0 2.5
2  709 72 0 0 2.5
0

0101000
+1377 0 -1016 0 *
Ed
 1.5e-07 1 1 0
1  238 0 -7.01689656649775 -5.27524143520674
2  710 85 0 -7.01689656649775 -5.27524143520674
2  711 118 0 -7.01689656649775 -5.27524143520674
0

0101000
+1373 0 -1016 0 *
Wi

0101100
-1019 0 -1015 0 +1014 0 +1372 0 *
Fa
0  1e-07 85 0

0101000
+1013 0 *
Ve
1e-07
47.9292324359565 10.1876728500702 14
0 0

0101101
*
Ed
 1e-07 1 1 0
1  239 0 0.149999999999998 3.35
2  712 86 0 0.149999999999998 3.35
2  713 118 0 0.149999999999998 3.35
0

0101000
+1373 0 -1011 0 *
Ve
1e-07
47.9292324359565 10.1876728500702 15
0 0

0101101
*
Ed
 1e-07 1 1 0
1  240 0 0 1
2  714 119 0 0 1
2  715 86 0 0 1
0

0101000
+1011 0 -1009 0 *
Ed
 1e-07 1 1 0
1  241 0 0.149999999999998 3.35
2  716 111 0 0.149999999999998 3.35
2  717 86 0 0.149999999999998 3.35
0

0101000
+1635 0 -1009 0 *
Wi

0101100
-1010 0 -1008 0 +1007 0 +1371 0 *
Fa
0  1e-07 86 0

0101000
+1006 0 *
Ve
1e-07
-8.08733268717319 48.3279944753243 14
0 0

0101101
*
Ve
1e-07
-8.28523207232708 49.5105945688701 14
0 0

0101101
*
Ed
 1e-07 1 1 0
1  242 0 0 1.19904426436174
2  718 87 0 0 1.19904426436174
2  719 120 0 0 1.19904426436174
0

0101000
+1004 0 -1003 0 *
Ed
 1e-07 1 1 0
1  243 0 1.19904426436174 3.20000000000001
2  720 87 0 1.19904426436174 3.20000000000001
2  721 88 0 1.19904426436174 3.20000000000001
0

0101000
+1003 0 -1370 0 *
Ve
1e-07
-8.08733268717319 48.3279944753243 15
0 0

0101101
*
Ed
 1e-07 1 1 0
1  244 0 0 3.20000000000001
2  722 87 0 0 3.20000000000001
2  723 121 0 0 3.20000000000001
0

0101000
+1000 0 -1633 0 *
Ed
 1e-07 1 1 0
1  245 0 0 1
2  724 87 0 0 1
2  725 122 0 0 1
0

0101000
+1004 0 -1000 0 *
Wi

0101100
-1002 0 -1001 0 -1369 0 +999 0 +998 0 *
Fa
0  1e-07 87 0

0101000
+997 0 *
Ve
1e-07
-7.85301014501958 49.5819546978759 14
0 0

0101101
*
Ed
 1e-07 1 1 0
1  246 0 0.219038647367414 0.657111771922127
2  726 88 0 0.219038647367414 0.657111771922127
2  727 123 0 0.219038647367414 0.657111771922127
0

0101000
+1003 0 -995 0 *
Ed
 1e-07 1 1 0
1  247 0 0 2
2  728 88 0 0 2
2  729 89 0 0 2
0

0101000
+995 0 -1368 0 *
Wi

0101100
+994 0 -1001 0 +1367 0 +993 0 *
Fa
0  1e-07 88 0

0101000
+992 0 *
Ve
1e-07
-7.85301014501958 49.5819546978759 11.5
0 0

0101101
*
Ed
 1e-07 1 1 0
1  248 0 0 2
2  730 90 0 0 2
2  731 89 0 0 2
0

0101000
+990 0 -1366 0 *
Ed
 1e-07 1 1 0
1  249 0 0 2.5
2  732 89 0 0 2.5
2  733 123 0 0 2.5
0

0101000
+990 0 -995 0 *
Wi

0101100
-989 0 -1365 0 +993 0 +988 0 *
Fa
0  1e-07 89 0

0101000
+987 0 *
Ve
1e-07
-8.50134509322103 49.4749141647155 11.5
0 0

0101101
*
Ed
 1e-07 1 1 0
1  250 0 0 0.657111771922127
2  734 90 0 0 0.657111771922127
2  735 123 0 0 0.657111771922127
0

0101000
+985 0 -990 0 *
Ve
1e-07
-9.14822337970579 49.3593963597105 11.5
0 0

0101101
*
Ed
 1e-07 1 1 0
1  251 0 0 0.657111771922126
2  736 90 0 0 0.657111771922126
2  737 124 0 0 0.657111771922126
0

0101000
+983 0 -985 0 *
Ve
1.50000007105427e-07
-9.51137343592418 51.3187787248918 11.5
0 0

0101101
*
Ed
 1e-07 1 1 0
1  252 0 0.15724883231377 2.15
2  738 90 0 0.15724883231377 2.15
2  739 125 0 0.15724883231377 2.15
0

0101000
+981 0 -983 0 *
Ed
 1e-07 1 1 0
1  253 0 0.830639245195427 1.74165513129101
2  740 91 0 0.830639245195427 1.74165513129101
2  741 90 0 0.830639245195427 1.74165513129101
0

0101000
+981 0 -1364 0 *
Wi

0101100
+984 0 +982 0 +980 0 -979 0 +1363 0 +989 0 *
Fa
0  1e-07 90 0

0101000
+978 0 *
Ed
 1e-07 1 1 0
1  254 0 0.149999999999998 0.15724883231377
2  742 92 0 0.149999999999998 0.15724883231377
2  743 91 0 0.149999999999998 0.15724883231377
0

0101000
+1362 0 -981 0 *
Wi

0101100
+979 0 +976 0 +1361 0 *
Fa
0  1e-07 91 0

0101000
+975 0 *
Ed
 1e-07 1 1 0
1  255 0 0 0.830639245195427
2  744 92 0 0 0.830639245195427
2  745 126 0 0 0.830639245195427
0

0101000
+1360 0 -981 0 *
Wi

0101100
-976 0 +973 0 +1359 0 *
Fa
0  1e-07 92 0

0101000
+972 0 *
Ed
 1e-07 1 1 0
1  256 0 0 1.74165513129102
2  746 92 0 0 1.74165513129102
2  747 127 0 0 1.74165513129102
0

0101000
+1358 0 -1360 0 *
Wi

0101100
+970 0 +1357 0 *
Fa
0  1e-07 92 0

0101000
+969 0 *
Ed
 1e-07 1 1 0
1  257 0 0 1.74165513129101
2  748 92 0 0 1.74165513129101
2  749 128 0 0 1.74165513129101
0

0101000
+1356 0 -1358 0 *
Wi

0101100
+967 0 +1355 0 *
Fa
0  1e-07 92 0

0101000
+966 0 *
Ed
 1e-07 1 1 0
1  258 0 0 1.74165513129101
2  750 92 0 0 1.74165513129101
2  751 129 0 0 1.74165513129101
0

0101000
+1354 0 -1356 0 *
Wi

0101100
+964 0 +1353 0 *
Fa
0  1e-07 92 0

0101000
+963 0 *
Ed
 1e-07 1 1 0
1  259 0 0 1.74165513129101
2  752 92 0 0 1.74165513129101
2  753 130 0 0 1.74165513129101
0

0101000
+1352 0 -1354 0 *
Wi

0101100
+961 0 +1351 0 *
Fa
0  1e-07 92 0

0101000
+960 0 *
Ed
 1e-07 1 1 0
1  260 0 0 1.74165513129101
2  754 92 0 0 1.74165513129101
2  755 131 0 0 1.74165513129101
0

0101000
+1350 0 -1352 0 *
Wi

0101100
+958 0 +1349 0 *
Fa
0  1e-07 92 0

0101000
+957 0 *
Ed
 1e-07 1 1 0
1  261 0 0 1.74165513129101
2  756 92 0 0 1.74165513129101
2  757 132 0 0 1.74165513129101
0

0101000
+1348 0 -1350 0 *
Wi

0101100
+955 0 +1347 0 *
Fa
0  1e-07 92 0

0101000
+954 0 *
Ed
 1e-07 1 1 0
1  262 0 0 1.74165513129101
2  758 92 0 0 1.74165513129101
2  759 133 0 0 1.74165513129101
0

0101000
+1346 0 -1348 0 *
Wi

0101100
+952 0 +1345 0 *
Fa
0  1e-07 92 0

0101000
+951 0 *
Ed
 1e-07 1 1 0
1  263 0 0 1.74165513129101
2  760 92 0 0 1.74165513129101
2  761 134 0 0 1.74165513129101
0

0101000
+1344 0 -1346 0 *
Wi

0101100
+949 0 +1343 0 *
Fa
0  1e-07 92 0

0101000
+948 0 *
Ed
 1e-07 1 1 0
1  264 0 0 1.74165513129101
2  762 92 0 0 1.74165513129101
2  763 135 0 0 1.74165513129101
0

0101000
+1342 0 -1344 0 *
Wi

0101100
+946 0 +1341 0 *
Fa
0  1e-07 92 0

0101000
+945 0 *
Ed
 1e-07 1 1 0
1  265 0 0 1.74165513129101
2  764 92 0 0 1.74165513129101
2  765 136 0 0 1.74165513129101
0

0101000
+1340 0 -1342 0 *
Wi

0101100
+943 0 +1339 0 *
Fa
0  1e-07 92 0

0101000
+942 0 *
Ed
 1e-07 1 1 0
1  266 0 0 1.74165513129101
2  766 92 0 0 1.74165513129101
2  767 137 0 0 1.74165513129101
0

0101000
+1338 0 -1340 0 *
Wi

0101100
+940 0 +1337 0 *
Fa
0  1e-07 92 0

0101000
+939 0 *
Ed
 1e-07 1 1 0
1  267 0 0 1.74165513129101
2  768 92 0 0 1.74165513129101
2  769 138 0 0 1.74165513129101
0

0101000
+1336 0 -1338 0 *
Wi

0101100
+937 0 +1335 0 *
Fa
0  1e-07 92 0

0101000
+936 0 *
Ed
 1e-07 1 1 0
1  268 0 0 1.74165513129101
2  770 92 0 0 1.74165513129101
2  771 139 0 0 1.74165513129101
0

0101000
+1334 0 -1336 0 *
Wi

0101100
+934 0 +1333 0 *
Fa
0  1e-07 92 0

0101000
+933 0 *
Ed
 1e-07 1 1 0
1  269 0 0 1.74165513129101
2  772 92 0 0 1.74165513129101
2  773 140 0 0 1.74165513129101
0

0101000
+1332 0 -1334 0 *
Wi

0101100
+931 0 +1331 0 *
Fa
0  1e-07 92 0

0101000
+930 0 *
Ed
 1e-07 1 1 0
1  270 0 0 1.74165513129101
2  774 92 0 0 1.74165513129101
2  775 141 0 0 1.74165513129101
0

0101000
+1330 0 -1332 0 *
Wi

0101100
+928 0 +1329 0 *
Fa
0  1e-07 92 0

0101000
+927 0 *
Ed
 1e-07 1 1 0
1  271 0 0 1.74165513129101
2  776 92 0 0 1.74165513129101
2  777 93 0 0 1.74165513129101
0

0101000
+1328 0 -1330 0 *
Wi

0101100
+1327 0 +925 0 *
Fa
0  1e-07 92 0

0101000
+924 0 *
Ve
1.50000007944109e-07
-33.6150540504258 39.9358002447297 14
0 0

0101101
*
Ed
 1.00000014210855e-07 1 1 0
1  272 0 0 2.5
2  778 141 0 0 2.5
2  779 93 0 0 2.5
2  780 72 0 0 2.5
0

0101000
+1330 0 -922 0 *
Ed
 1.5e-07 1 1 0
1  273 0 -7.01689656649775 -5.27524143520674
2  781 93 0 -7.01689656649775 -5.27524143520674
2  782 120 0 -7.01689656649775 -5.27524143520674
0

0101000
+1326 0 -922 0 *
Wi

0101100
-925 0 -921 0 +920 0 +1325 0 *
Fa
0  1e-07 93 0

0101000
+919 0 *
Ve
1e-07
-32.787399711584 36.4140964483923 14
0 0

0101101
*
Ed
 1e-07 1 1 0
1  274 0 0.149999999999998 3.35
2  783 94 0 0.149999999999998 3.35
2  784 120 0 0.149999999999998 3.35
0

0101000
+1326 0 -917 0 *
Ve
1e-07
-32.787399711584 36.4140964483923 15
0 0

0101101
*
Ed
 1e-07 1 1 0
1  275 0 0 1
2  785 142 0 0 1
2  786 94 0 0 1
0

0101000
+917 0 -915 0 *
Ed
 1e-07 1 1 0
1  276 0 0.149999999999998 3.35
2  787 121 0 0.149999999999998 3.35
2  788 94 0 0.149999999999998 3.35
0

0101000
+1573 0 -915 0 *
Wi

0101100
-916 0 -914 0 +913 0 +1324 0 *
Fa
0  1e-07 94 0

0101000
+912 0 *
Ve
1e-07
-37.8096045859983 -31.1678327936104 14
0 0

0101101
*
Ve
1e-07
-38.7348166169498 -31.9305187353199 14
0 0

0101101
*
Ed
 1e-07 1 1 0
1  277 0 0 1.19904426436174
2  789 95 0 0 1.19904426436174
2  790 143 0 0 1.19904426436174
0

0101000
+910 0 -909 0 *
Ed
 1e-07 1 1 0
1  278 0 1.19904426436174 3.20000000000001
2  791 95 0 1.19904426436174 3.20000000000001
2  792 96 0 1.19904426436174 3.20000000000001
0

0101000
+909 0 -1323 0 *
Ve
1e-07
-37.8096045859983 -31.1678327936104 15
0 0

0101101
*
Ed
 1e-07 1 1 0
1  279 0 0 3.20000000000001
2  793 95 0 0 3.20000000000001
2  794 144 0 0 3.20000000000001
0

0101000
+906 0 -1571 0 *
Ed
 1e-07 1 1 0
1  280 0 0 1
2  795 95 0 0 1
2  796 145 0 0 1
0

0101000
+910 0 -906 0 *
Wi

0101100
-908 0 -907 0 -1322 0 +905 0 +904 0 *
Fa
0  1e-07 95 0

0101000
+903 0 *
Ve
1e-07
-39.0127272651399 -31.5918836307019 14
0 0

0101101
*
Ed
 1e-07 1 1 0
1  281 0 0.219038647367414 0.657111771922127
2  797 96 0 0.219038647367414 0.657111771922127
2  798 146 0 0.219038647367414 0.657111771922127
0

0101000
+909 0 -901 0 *
Ed
 1e-07 1 1 0
1  282 0 0 2
2  799 96 0 0 2
2  800 97 0 0 2
0

0101000
+901 0 -1321 0 *
Wi

0101100
+900 0 -907 0 +1320 0 +899 0 *
Fa
0  1e-07 96 0

0101000
+898 0 *
Ve
1e-07
-39.0127272651399 -31.5918836307019 11.5
0 0

0101101
*
Ed
 1e-07 1 1 0
1  283 0 0 2
2  801 98 0 0 2
2  802 97 0 0 2
0

0101000
+896 0 -1319 0 *
Ed
 1e-07 1 1 0
1  284 0 0 2.5
2  803 97 0 0 2.5
2  804 146 0 0 2.5
0

0101000
+896 0 -901 0 *
Wi

0101100
-895 0 -1318 0 +899 0 +894 0 *
Fa
0  1e-07 97 0

0101000
+893 0 *
Ve
1e-07
-38.5958599700877 -32.0998378994254 11.5
0 0

0101101
*
Ed
 1e-07 1 1 0
1  285 0 0 0.657111771922127
2  805 98 0 0 0.657111771922127
2  806 146 0 0 0.657111771922127
0

0101000
+891 0 -896 0 *
Ve
1e-07
-38.1723794731215 -32.6022920261752 11.5
0 0

0101101
*
Ed
 1e-07 1 1 0
1  286 0 0 0.657111771922126
2  807 98 0 0 0.657111771922126
2  808 147 0 0 0.657111771922126
0

0101000
+889 0 -891 0 *
Ve
1.50000007105427e-07
-39.6876793489866 -33.8964803828367 11.5
0 0

0101101
*
Ed
 1e-07 1 1 0
1  287 0 0.15724883231377 2.15
2  809 98 0 0.15724883231377 2.15
2  810 148 0 0.15724883231377 2.15
0

0101000
+887 0 -889 0 *
Ed
 1e-07 1 1 0
1  288 0 0.830639245195427 1.74165513129101
2  811 99 0 0.830639245195427 1.74165513129101
2  812 98 0 0.830639245195427 1.74165513129101
0

0101000
+887 0 -1317 0 *
Wi

0101100
+890 0 +888 0 +886 0 -885 0 +1316 0 +895 0 *
Fa
0  1e-07 98 0

0101000
+884 0 *
Ed
 1e-07 1 1 0
1  289 0 0.149999999999988 0.15724883231377
2  813 100 0 0.149999999999988 0.15724883231377
2  814 99 0 0.149999999999988 0.15724883231377
0

0101000
+1315 0 -887 0 *
Wi

0101100
+885 0 +882 0 +1314 0 *
Fa
0  1e-07 99 0

0101000
+881 0 *
Ed
 1e-07 1 1 0
1  290 0 0 0.830639245195427
2  815 100 0 0 0.830639245195427
2  816 149 0 0 0.830639245195427
0

0101000
+1313 0 -887 0 *
Wi

0101100
-882 0 +879 0 +1312 0 *
Fa
0  1e-07 100 0

0101000
+878 0 *
Ed
 1e-07 1 1 0
1  291 0 0 1.74165513129102
2  817 100 0 0 1.74165513129102
2  818 150 0 0 1.74165513129102
0

0101000
+1311 0 -1313 0 *
Wi

0101100
+876 0 +1310 0 *
Fa
0  1e-07 100 0

0101000
+875 0 *
Ed
 1e-07 1 1 0
1  292 0 0 1.74165513129101
2  819 100 0 0 1.74165513129101
2  820 151 0 0 1.74165513129101
0

0101000
+1309 0 -1311 0 *
Wi

0101100
+873 0 +1308 0 *
Fa
0  1e-07 100 0

0101000
+872 0 *
Ed
 1e-07 1 1 0
1  293 0 0 1.74165513129101
2  821 100 0 0 1.74165513129101
2  822 152 0 0 1.74165513129101
0

0101000
+1307 0 -1309 0 *
Wi

0101100
+870 0 +1306 0 *
Fa
0  1e-07 100 0

0101000
+869 0 *
Ed
 1e-07 1 1 0
1  294 0 0 1.74165513129101
2  823 100 0 0 1.74165513129101
2  824 153 0 0 1.74165513129101
0

0101000
+1305 0 -1307 0 *
Wi

0101100
+867 0 +1304 0 *
Fa
0  1e-07 100 0

0101000
+866 0 *
Ed
 1e-07 1 1 0
1  295 0 0 1.74165513129101
2  825 100 0 0 1.74165513129101
2  826 154 0 0 1.74165513129101
0

0101000
+1303 0 -1305 0 *
Wi

0101100
+864 0 +1302 0 *
Fa
0  1e-07 100 0

0101000
+863 0 *
Ed
 1e-07 1 1 0
1  296 0 0 1.74165513129101
2  827 100 0 0 1.74165513129101
2  828 155 0 0 1.74165513129101
0

0101000
+1301 0 -1303 0 *
Wi

0101100
+861 0 +1300 0 *
Fa
0  1e-07 100 0

0101000
+860 0 *
Ed
 1e-07 1 1 0
1  297 0 0 1.74165513129101
2  829 100 0 0 1.74165513129101
2  830 156 0 0 1.74165513129101
0

0101000
+1299 0 -1301 0 *
Wi

0101100
+858 0 +1298 0 *
Fa
0  1e-07 100 0

0101000
+857 0 *
Ed
 1e-07 1 1 0
1  298 0 0 1.74165513129101
2  831 100 0 0 1.74165513129101
2  832 157 0 0 1.74165513129101
0

0101000
+1297 0 -1299 0 *
Wi

0101100
+855 0 +1296 0 *
Fa
0  1e-07 100 0

0101000
+854 0 *
Ed
 1e-07 1 1 0
1  299 0 0 1.74165513129101
2  833 100 0 0 1.74165513129101
2  834 158 0 0 1.74165513129101
0

0101000
+1295 0 -1297 0 *
Wi

0101100
+852 0 +1294 0 *
Fa
0  1e-07 100 0

0101000
+851 0 *
Ed
 1e-07 1 1 0
1  300 0 0 1.74165513129101
2  835 100 0 0 1.74165513129101
2  836 159 0 0 1.74165513129101
0

0101000
+1293 0 -1295 0 *
Wi

0101100
+849 0 +1292 0 *
Fa
0  1e-07 100 0

0101000
+848 0 *
Ed
 1e-07 1 1 0
1  301 0 0 1.74165513129101
2  837 100 0 0 1.74165513129101
2  838 160 0 0 1.74165513129101
0

0101000
+1291 0 -1293 0 *
Wi

0101100
+846 0 +1290 0 *
Fa
0  1e-07 100 0

0101000
+845 0 *
Ed
 1e-07 1 1 0
1  302 0 0 1.74165513129101
2  839 100 0 0 1.74165513129101
2  840 161 0 0 1.74165513129101
0

0101000
+1289 0 -1291 0 *
Wi

0101100
+843 0 +1288 0 *
Fa
0  1e-07 100 0

0101000
+842 0 *
Ed
 1e-07 1 1 0
1  303 0 0 1.74165513129101
2  841 100 0 0 1.74165513129101
2  842 162 0 0 1.74165513129101
0

0101000
+1287 0 -1289 0 *
Wi

0101100
+840 0 +1286 0 *
Fa
0  1e-07 100 0

0101000
+839 0 *
Ed
 1e-07 1 1 0
1  304 0 0 1.74165513129101
2  843 100 0 0 1.74165513129101
2  844 163 0 0 1.74165513129101
0

0101000
+1285 0 -1287 0 *
Wi

0101100
+837 0 +1284 0 *
Fa
0  1e-07 100 0

0101000
+836 0 *
Ed
 1e-07 1 1 0
1  305 0 0 1.74165513129101
2  845 100 0 0 1.74165513129101
2  846 164 0 0 1.74165513129101
0

0101000
+1283 0 -1285 0 *
Wi

0101100
+834 0 +1282 0 *
Fa
0  1e-07 100 0

0101000
+833 0 *
Ed
 1e-07 1 1 0
1  306 0 0 1.74165513129101
2  847 100 0 0 1.74165513129101
2  848 101 0 0 1.74165513129101
0

0101000
+1281 0 -1283 0 *
Wi

0101100
+1280 0 +831 0 *
Fa
0  1e-07 100 0

0101000
+830 0 *
Ve
1.50000007944109e-07
-17.7778905071838 -49.0793908796206 14
0 0

0101101
*
Ed
 1.00000010048592e-07 1 1 0
1  307 0 0 2.5
2  849 164 0 0 2.5
2  850 101 0 0 2.5
2  851 72 0 0 2.5
0

0101000
+1283 0 -828 0 *
Ed
 1.5e-07 1 1 0
1  308 0 -7.01689656649775 -5.27524143520674
2  852 101 0 -7.01689656649775 -5.27524143520674
2  853 143 0 -7.01689656649775 -5.27524143520674
0

0101000
+1279 0 -828 0 *
Wi

0101100
-831 0 -827 0 +826 0 +1278 0 *
Fa
0  1e-07 101 0

0101000
+825 0 *
Ve
1e-07
-15.1418327243724 -46.6017692984625 14
0 0

0101101
*
Ed
 1e-07 1 1 0
1  309 0 0.149999999999998 3.35
2  854 102 0 0.149999999999998 3.35
2  855 143 0 0.149999999999998 3.35
0

0101000
+1279 0 -823 0 *
Ve
1e-07
-15.1418327243724 -46.6017692984625 15
0 0

0101101
*
Ed
 1e-07 1 1 0
1  310 0 0 1
2  856 165 0 0 1
2  857 102 0 0 1
0

0101000
+823 0 -821 0 *
Ed
 1e-07 1 1 0
1  311 0 0.149999999999998 3.35
2  858 144 0 0.149999999999998 3.35
2  859 102 0 0.149999999999998 3.35
0

0101000
+1511 0 -821 0 *
Wi

0101100
-822 0 -820 0 +819 0 +1277 0 *
Fa
0  1e-07 102 0

0101000
+818 0 *
Ve
1e-07
45.8969372731715 -17.1601616817139 14
0 0

0101101
*
Ve
1e-07
47.0200486892769 -17.5800758335502 14
0 0

0101101
*
Ed
 1e-07 1 1 0
1  312 0 0 1.19904426436174
2  860 103 0 0 1.19904426436174
2  861 118 0 0 1.19904426436174
0

0101000
+816 0 -815 0 *
Ed
 1e-07 1 1 0
1  313 0 1.19904426436174 3.20000000000001
2  862 103 0 1.19904426436174 3.20000000000001
2  863 104 0 1.19904426436174 3.20000000000001
0

0101000
+815 0 -1276 0 *
Ve
1e-07
45.8969372731715 -17.1601616817139 15
0 0

0101101
*
Ed
 1e-07 1 1 0
1  314 0 0 3.20000000000001
2  864 103 0 0 3.20000000000001
2  865 111 0 0 3.20000000000001
0

0101000
+812 0 -1509 0 *
Ed
 1e-07 1 1 0
1  315 0 0 1
2  866 103 0 0 1
2  867 166 0 0 1
0

0101000
+816 0 -812 0 *
Wi

0101100
-814 0 -813 0 -1275 0 +811 0 +810 0 *
Fa
0  1e-07 103 0

0101000
+809 0 *
Ve
1e-07
46.8657374101595 -17.9900710671741 14
0 0

0101101
*
Ed
 1e-07 1 1 0
1  316 0 0.219038647367414 0.657111771922127
2  868 104 0 0.219038647367414 0.657111771922127
2  869 167 0 0.219038647367414 0.657111771922127
0

0101000
+815 0 -807 0 *
Ed
 1e-07 1 1 0
1  317 0 0 2
2  870 104 0 0 2
2  871 105 0 0 2
0

0101000
+807 0 -1274 0 *
Wi

0101100
+806 0 -813 0 +1273 0 +805 0 *
Fa
0  1e-07 104 0

0101000
+804 0 *
Ve
1e-07
46.8657374101595 -17.9900710671741 11.5
0 0

0101101
*
Ed
 1e-07 1 1 0
1  318 0 0 2
2  872 106 0 0 2
2  873 105 0 0 2
0

0101000
+802 0 -1272 0 *
Ed
 1e-07 1 1 0
1  319 0 0 2.5
2  874 105 0 0 2.5
2  875 167 0 0 2.5
0

0101000
+802 0 -807 0 *
Wi

0101100
-801 0 -1271 0 +805 0 +800 0 *
Fa
0  1e-07 105 0

0101000
+799 0 *
Ve
1e-07
47.0972050633087 -17.3750762652901 11.5
0 0

0101101
*
Ed
 1e-07 1 1 0
1  320 0 0 0.657111771922127
2  876 106 0 0 0.657111771922127
2  877 167 0 0 0.657111771922127
0

0101000
+797 0 -802 0 *
Ve
1e-07
47.3206028528274 -16.7571043335353 11.5
0 0

0101101
*
Ed
 1e-07 1 1 0
1  321 0 0 0.657111771922126
2  878 106 0 0 0.657111771922126
2  879 168 0 0 0.657111771922126
0

0101000
+795 0 -797 0 *
Ve
1.50000007105427e-07
49.1990527849108 -17.4222983420551 11.5
0 0

0101101
*
Ed
 1e-07 1 1 0
1  322 0 0.15724883231377 2.15
2  880 106 0 0.15724883231377 2.15
2  881 169 0 0.15724883231377 2.15
0

0101000
+793 0 -795 0 *
Ed
 1e-07 1 1 0
1  323 0 0.830639245195427 1.74165513129101
2  882 107 0 0.830639245195427 1.74165513129101
2  883 106 0 0.830639245195427 1.74165513129101
0

0101000
+793 0 -1270 0 *
Wi

0101100
+796 0 +794 0 +792 0 -791 0 +1269 0 +801 0 *
Fa
0  1e-07 106 0

0101000
+790 0 *
Ed
 1e-07 1 1 0
1  324 0 0.149999999999998 0.15724883231377
2  884 84 0 0.149999999999998 0.15724883231377
2  885 107 0 0.149999999999998 0.15724883231377
0

0101000
+1268 0 -793 0 *
Wi

0101100
+791 0 +788 0 +1267 0 *
Fa
0  1e-07 107 0

0101000
+787 0 *
Ed
 1e-07 1 1 0
1  325 0 0 0.830639245195427
2  886 84 0 0 0.830639245195427
2  887 170 0 0 0.830639245195427
0

0101000
+1266 0 -793 0 *
Wi

0101100
-788 0 +785 0 +1265 0 *
Fa
0  1e-07 84 0

0101000
+784 0 *
Ed
 1e-07 1 1 0
1  326 0 0 1.74165513129102
2  888 84 0 0 1.74165513129102
2  889 171 0 0 1.74165513129102
0

0101000
+1264 0 -1266 0 *
Wi

0101100
+782 0 +1263 0 *
Fa
0  1e-07 84 0

0101000
+781 0 *
Ed
 1e-07 1 1 0
1  327 0 0 1.74165513129101
2  890 84 0 0 1.74165513129101
2  891 172 0 0 1.74165513129101
0

0101000
+1262 0 -1264 0 *
Wi

0101100
+779 0 +1261 0 *
Fa
0  1e-07 84 0

0101000
+778 0 *
Ed
 1e-07 1 1 0
1  328 0 0 1.74165513129101
2  892 84 0 0 1.74165513129101
2  893 173 0 0 1.74165513129101
0

0101000
+1260 0 -1262 0 *
Wi

0101100
+776 0 +1259 0 *
Fa
0  1e-07 84 0

0101000
+775 0 *
Ed
 1e-07 1 1 0
1  329 0 0 1.74165513129101
2  894 84 0 0 1.74165513129101
2  895 174 0 0 1.74165513129101
0

0101000
+1258 0 -1260 0 *
Wi

0101100
+773 0 +1257 0 *
Fa
0  1e-07 84 0

0101000
+772 0 *
Ed
 1e-07 1 1 0
1  330 0 0 1.74165513129101
2  896 84 0 0 1.74165513129101
2  897 175 0 0 1.74165513129101
0

0101000
+1256 0 -1258 0 *
Wi

0101100
+770 0 +1255 0 *
Fa
0  1e-07 84 0

0101000
+769 0 *
Ed
 1e-07 1 1 0
1  331 0 0 1.74165513129101
2  898 84 0 0 1.74165513129101
2  899 176 0 0 1.74165513129101
0

0101000
+1254 0 -1256 0 *
Wi

0101100
+767 0 +1253 0 *
Fa
0  1e-07 84 0

0101000
+766 0 *
Ed
 1e-07 1 1 0
1  332 0 0 1.74165513129101
2  900 84 0 0 1.74165513129101
2  901 177 0 0 1.74165513129101
0

0101000
+1252 0 -1254 0 *
Wi

0101100
+764 0 +1251 0 *
Fa
0  1e-07 84 0

0101000
+763 0 *
Ed
 1e-07 1 1 0
1  333 0 0 1.74165513129101
2  902 84 0 0 1.74165513129101
2  903 178 0 0 1.74165513129101
0

0101000
+1250 0 -1252 0 *
Wi

0101100
+761 0 +1249 0 *
Fa
0  1e-07 84 0

0101000
+760 0 *
Ed
 1e-07 1 1 0
1  334 0 0 1.74165513129101
2  904 84 0 0 1.74165513129101
2  905 179 0 0 1.74165513129101
0

0101000
+1248 0 -1250 0 *
Wi

0101100
+758 0 +1247 0 *
Fa
0  1e-07 84 0

0101000
+757 0 *
Wi

0101100
+1243 0 *
Ve
1.00000011756609e-07
48 -1.17566092718146e-14 1.9
0 0

0101101
*
Ed
 1e-07 1 1 0
1  335 0 0 6.28318530717959
2  906 82 0 0 6.28318530717959
2  907 109 0 0 6.28318530717959
0

0101100
+754 0 -754 0 *
Wi

0101100
-753 0 *
Fa
0  1e-07 82 0

0101000
+755 0 +752 0 *
Ed
 1e-07 1 1 0
1  336 0 0 1.74165513129101
2  908 74 0 0 1.74165513129101
2  909 121 0 0 1.74165513129101
0

0101000
+1240 0 -1633 0 *
Wi

0101100
+750 0 +1239 0 *
Fa
0  1e-07 74 0

0101000
+749 0 *
Ed
 1e-07 1 1 0
1  337 0 0 1.74165513129102
2  910 74 0 0 1.74165513129102
2  911 121 0 0 1.74165513129102
0

0101000
+1238 0 -1240 0 *
Wi

0101100
+747 0 +1237 0 *
Fa
0  1e-07 74 0

0101000
+746 0 *
Ed
 1e-07 1 1 0
1  338 0 0 1.74165513129101
2  912 74 0 0 1.74165513129101
2  913 121 0 0 1.74165513129101
0

0101000
+1236 0 -1238 0 *
Wi

0101100
+744 0 +1235 0 *
Fa
0  1e-07 74 0

0101000
+743 0 *
Ed
 1e-07 1 1 0
1  339 0 0 1.74165513129101
2  914 74 0 0 1.74165513129101
2  915 121 0 0 1.74165513129101
0

0101000
+1234 0 -1236 0 *
Wi

0101100
+741 0 +1233 0 *
Fa
0  1e-07 74 0

0101000
+740 0 *
Ed
 1e-07 1 1 0
1  340 0 0 1.74165513129101
2  916 74 0 0 1.74165513129101
2  917 121 0 0 1.74165513129101
0

0101000
+1232 0 -1234 0 *
Wi

0101100
+738 0 +1231 0 *
Fa
0  1e-07 74 0

0101000
+737 0 *
Ed
 1e-07 1 1 0
1  341 0 0 1.74165513129101
2  918 74 0 0 1.74165513129101
2  919 121 0 0 1.74165513129101
0

0101000
+1230 0 -1232 0 *
Wi

0101100
+735 0 +1229 0 *
Fa
0  1e-07 74 0

0101000
+734 0 *
Ed
 1e-07 1 1 0
1  342 0 0 1.74165513129101
2  920 74 0 0 1.74165513129101
2  921 121 0 0 1.74165513129101
0

0101000
+1228 0 -1230 0 *
Wi

0101100
+732 0 +1227 0 *
Fa
0  1e-07 74 0

0101000
+731 0 *
Ed
 1e-07 1 1 0
1  343 0 0 1.74165513129101
2  922 74 0 0 1.74165513129101
2  923 121 0 0 1.74165513129101
0

0101000
+1226 0 -1228 0 *
Wi

0101100
+729 0 +1225 0 *
Fa
0  1e-07 74 0

0101000
+728 0 *
Ed
 1e-07 1 1 0
1  344 0 0 1.74165513129101
2  924 74 0 0 1.74165513129101
2  925 121 0 0 1.74165513129101
0

0101000
+1224 0 -1226 0 *
Wi

0101100
+726 0 +1223 0 *
Fa
0  1e-07 74 0

0101000
+725 0 *
Ed
 1e-07 1 1 0
1  345 0 0 1.74165513129101
2  926 74 0 0 1.74165513129101
2  927 121 0 0 1.74165513129101
0

0101000
+1222 0 -1224 0 *
Wi

0101100
+723 0 +1221 0 *
Fa
0  1e-07 74 0

0101000
+722 0 *
Ed
 1e-07 1 1 0
1  346 0 0 1.74165513129101
2  928 74 0 0 1.74165513129101
2  929 121 0 0 1.74165513129101
0

0101000
+1220 0 -1222 0 *
Wi

0101100
+720 0 +1219 0 *
Fa
0  1e-07 74 0

0101000
+719 0 *
Ed
 1e-07 1 1 0
1  347 0 0 1.74165513129101
2  930 74 0 0 1.74165513129101
2  931 121 0 0 1.74165513129101
0

0101000
+1218 0 -1220 0 *
Wi

0101100
+717 0 +1217 0 *
Fa
0  1e-07 74 0

0101000
+716 0 *
Ed
 1e-07 1 1 0
1  348 0 0 1.74165513129101
2  932 74 0 0 1.74165513129101
2  933 121 0 0 1.74165513129101
0

0101000
+1216 0 -1218 0 *
Wi

0101100
+714 0 +1215 0 *
Fa
0  1e-07 74 0

0101000
+713 0 *
Ed
 1e-07 1 1 0
1  349 0 0 1.74165513129101
2  934 74 0 0 1.74165513129101
2  935 121 0 0 1.74165513129101
0

0101000
+1214 0 -1216 0 *
Wi

0101100
+711 0 +1213 0 *
Fa
0  1e-07 74 0

0101000
+710 0 *
Ed
 1e-07 1 1 0
1  350 0 0 1.74165513129101
2  936 74 0 0 1.74165513129101
2  937 121 0 0 1.74165513129101
0

0101000
+1212 0 -1214 0 *
Wi

0101100
+708 0 +1211 0 *
Fa
0  1e-07 74 0

0101000
+707 0 *
Ed
 1e-07 1 1 0
1  351 0 0 1.74165513129101
2  938 74 0 0 1.74165513129101
2  939 121 0 0 1.74165513129101
0

0101000
+1210 0 -1212 0 *
Wi

0101100
+705 0 +1209 0 *
Fa
0  1e-07 74 0

0101000
+704 0 *
Ed
 1e-07 1 1 0
1  352 0 0 1.74165513129101
2  940 74 0 0 1.74165513129101
2  941 121 0 0 1.74165513129101
0

0101000
+1573 0 -1210 0 *
Wi

0101100
+702 0 +1208 0 *
Fa
0  1e-07 74 0

0101000
+701 0 *
Ed
 1e-07 1 1 0
1  353 0 0 1.74165513129101
2  942 78 0 0 1.74165513129101
2  943 144 0 0 1.74165513129101
0

0101000
+1137 0 -1571 0 *
Wi

0101100
+699 0 +1136 0 *
Fa
0  1e-07 78 0

0101000
+698 0 *
Ed
 1e-07 1 1 0
1  354 0 0 1.74165513129102
2  944 78 0 0 1.74165513129102
2  945 144 0 0 1.74165513129102
0

0101000
+1135 0 -1137 0 *
Wi

0101100
+696 0 +1134 0 *
Fa
0  1e-07 78 0

0101000
+695 0 *
Ed
 1e-07 1 1 0
1  355 0 0 1.74165513129101
2  946 78 0 0 1.74165513129101
2  947 144 0 0 1.74165513129101
0

0101000
+1133 0 -1135 0 *
Wi

0101100
+693 0 +1132 0 *
Fa
0  1e-07 78 0

0101000
+692 0 *
Ed
 1e-07 1 1 0
1  356 0 0 1.74165513129101
2  948 78 0 0 1.74165513129101
2  949 144 0 0 1.74165513129101
0

0101000
+1131 0 -1133 0 *
Wi

0101100
+690 0 +1130 0 *
Fa
0  1e-07 78 0

0101000
+689 0 *
Ed
 1e-07 1 1 0
1  357 0 0 1.74165513129101
2  950 78 0 0 1.74165513129101
2  951 144 0 0 1.74165513129101
0

0101000
+1129 0 -1131 0 *
Wi

0101100
+687 0 +1128 0 *
Fa
0  1e-07 78 0

0101000
+686 0 *
Ed
 1e-07 1 1 0
1  358 0 0 1.74165513129101
2  952 78 0 0 1.74165513129101
2  953 144 0 0 1.74165513129101
0

0101000
+1127 0 -1129 0 *
Wi

0101100
+684 0 +1126 0 *
Fa
0  1e-07 78 0

0101000
+683 0 *
Ed
 1e-07 1 1 0
1  359 0 0 1.74165513129101
2  954 78 0 0 1.74165513129101
2  955 144 0 0 1.74165513129101
0

0101000
+1125 0 -1127 0 *
Wi

0101100
+681 0 +1124 0 *
Fa
0  1e-07 78 0

0101000
+680 0 *
Ed
 1e-07 1 1 0
1  360 0 0 1.74165513129101
2  956 78 0 0 1.74165513129101
2  957 144 0 0 1.74165513129101
0

0101000
+1123 0 -1125 0 *
Wi

0101100
+678 0 +1122 0 *
Fa
0  1e-07 78 0

0101000
+677 0 *
Ed
 1e-07 1 1 0
1  361 0 0 1.74165513129101
2  958 78 0 0 1.74165513129101
2  959 144 0 0 1.74165513129101
0

0101000
+1121 0 -1123 0 *
Wi

0101100
+675 0 +1120 0 *
Fa
0  1e-07 78 0

0101000
+674 0 *
Ed
 1e-07 1 1 0
1  362 0 0 1.74165513129101
2  960 78 0 0 1.74165513129101
2  961 144 0 0 1.74165513129101
0

0101000
+1119 0 -1121 0 *
Wi

0101100
+672 0 +1118 0 *
Fa
0  1e-07 78 0

0101000
+671 0 *
Ed
 1e-07 1 1 0
1  363 0 0 1.74165513129101
2  962 78 0 0 1.74165513129101
2  963 144 0 0 1.74165513129101
0

0101000
+1117 0 -1119 0 *
Wi

0101100
+669 0 +1116 0 *
Fa
0  1e-07 78 0

0101000
+668 0 *
Ed
 1e-07 1 1 0
1  364 0 0 1.74165513129101
2  964 78 0 0 1.74165513129101
2  965 144 0 0 1.74165513129101
0

0101000
+1115 0 -1117 0 *
Wi

0101100
+666 0 +1114 0 *
Fa
0  1e-07 78 0

0101000
+665 0 *
Ed
 1e-07 1 1 0
1  365 0 0 1.74165513129101
2  966 78 0 0 1.74165513129101
2  967 144 0 0 1.74165513129101
0

0101000
+1113 0 -1115 0 *
Wi

0101100
+663 0 +1112 0 *
Fa
0  1e-07 78 0

0101000
+662 0 *
Ed
 1e-07 1 1 0
1  366 0 0 1.74165513129101
2  968 78 0 0 1.74165513129101
2  969 144 0 0 1.74165513129101
0

0101000
+1111 0 -1113 0 *
Wi

0101100
+660 0 +1110 0 *
Fa
0  1e-07 78 0

0101000
+659 0 *
Ed
 1e-07 1 1 0
1  367 0 0 1.74165513129101
2  970 78 0 0 1.74165513129101
2  971 144 0 0 1.74165513129101
0

0101000
+1109 0 -1111 0 *
Wi

0101100
+657 0 +1108 0 *
Fa
0  1e-07 78 0

0101000
+656 0 *
Ed
 1e-07 1 1 0
1  368 0 0 1.74165513129101
2  972 78 0 0 1.74165513129101
2  973 144 0 0 1.74165513129101
0

0101000
+1107 0 -1109 0 *
Wi

0101100
+654 0 +1106 0 *
Fa
0  1e-07 78 0

0101000
+653 0 *
Ed
 1e-07 1 1 0
1  369 0 0 1.74165513129101
2  974 78 0 0 1.74165513129101
2  975 144 0 0 1.74165513129101
0

0101000
+1511 0 -1107 0 *
Wi

0101100
+651 0 +1105 0 *
Fa
0  1e-07 78 0

0101000
+650 0 *
Ed
 1.00000000708624e-07 1 1 0
1  370 0 0 0.9
3  976 977CN 108 0 0 0.9
2  978 68 0 0 0.9
0

0101000
+1466 0 -1100 0 *
Wi

0101100
-1099 0 +648 0 +1092 0 -648 0 *
Fa
0  1e-07 108 0

0101000
+647 0 *
Ed
 1e-07 1 1 0
1  371 0 0 0.9
3  979 980CN 109 0 0 0.9
0

0101000
+1095 0 -754 0 *
Wi

0101100
-753 0 +645 0 +1094 0 -645 0 *
Fa
0  1e-07 109 0

0101000
+644 0 *
Ve
1e-07
46.4438602598677 -15.6194700346036 15
0 0

0101101
*
Ed
 1e-07 1 1 0
1  372 0 0 1.63488700063716
2  981 111 0 0 1.63488700063716
2  982 166 0 0 1.63488700063716
0

0101000
+642 0 -812 0 *
Ve
1e-07
46.9390807361258 -14.0613903881326 15
0 0

0101101
*
Ed
 1e-07 1 1 0
1  373 0 0 1.63488700063716
2  983 111 0 0 1.63488700063716
2  984 180 0 0 1.63488700063716
0

0101000
+640 0 -642 0 *
Ve
1e-07
47.3820474096607 -12.4876572369949 15
0 0

0101101
*
Ed
 1e-07 1 1 0
1  374 0 0 1.63488700063715
2  985 111 0 0 1.63488700063715
2  986 181 0 0 1.63488700063715
0

0101000
+638 0 -640 0 *
Ve
1e-07
47.7722671584766 -10.900022501772 15
0 0

0101101
*
Ed
 1e-07 1 1 0
1  375 0 0 1.63488700063716
2  987 111 0 0 1.63488700063716
2  988 182 0 0 1.63488700063716
0

0101000
+636 0 -638 0 *
Ve
1e-07
48.1093055798233 -9.30025357864946 15
0 0

0101101
*
Ed
 1e-07 1 1 0
1  376 0 0 1.63488700063716
2  989 111 0 0 1.63488700063716
2  990 183 0 0 1.63488700063716
0

0101000
+634 0 -636 0 *
Ve
1e-07
48.392787473784 -7.69013137190589 15
0 0

0101101
*
Ed
 1e-07 1 1 0
1  377 0 0 1.63488700063716
2  991 111 0 0 1.63488700063716
2  992 184 0 0 1.63488700063716
0

0101000
+632 0 -634 0 *
Ve
1e-07
48.6223972609582 -6.07144831136371 15
0 0

0101101
*
Ed
 1e-07 1 1 0
1  378 0 0 1.63488700063716
2  993 111 0 0 1.63488700063716
2  994 185 0 0 1.63488700063716
0

0101000
+630 0 -632 0 *
Ve
1e-07
48.7978793337725 -4.44600635701002 15
0 0

0101101
*
Ed
 1e-07 1 1 0
1  379 0 0 1.63488700063716
2  995 111 0 0 1.63488700063716
2  996 186 0 0 1.63488700063716
0

0101000
+628 0 -630 0 *
Ve
1e-07
48.9190383410299 -2.81561499300788 15
0 0

0101101
*
Ed
 1e-07 1 1 0
1  380 0 0 1.63488700063716
2  997 111 0 0 1.63488700063716
2  998 187 0 0 1.63488700063716
0

0101000
+626 0 -628 0 *
Ve
1e-07
48.9857394053792 -1.18208921333159 15
0 0

0101101
*
Ed
 1e-07 1 1 0
1  381 0 0 1.63488700063716
2  999 111 0 0 1.63488700063716
2  1000 188 0 0 1.63488700063716
0

0101000
+624 0 -626 0 *
Ve
1e-07
48.997908273465 0.452752498731649 15
0 0

0101101
*
Ed
 1e-07 1 1 0
1  382 0 0 1.63488700063716
2  1001 111 0 0 1.63488700063716
2  1002 189 0 0 1.63488700063716
0

0101000
+622 0 -624 0 *
Ve
1e-07
48.9555313985875 2.08709019496458 15
0 0

0101101
*
Ed
 1e-07 1 1 0
1  383 0 0 1.63488700063716
2  1003 111 0 0 1.63488700063716
2  1004 190 0 0 1.63488700063716
0

0101000
+620 0 -622 0 *
Ve
1e-07
48.8586559557833 3.71910448823344 15
0 0

0101101
*
Ed
 1e-07 1 1 0
1  384 0 0 1.63488700063715
2  1005 111 0 0 1.63488700063715
2  1006 191 0 0 1.63488700063715
0

0101000
+618 0 -620 0 *
Ve
1e-07
48.7073897893094 5.34697857787694 15
0 0

0101101
*
Ed
 1e-07 1 1 0
1  385 0 0 1.63488700063716
2  1007 111 0 0 1.63488700063716
2  1008 192 0 0 1.63488700063716
0

0101000
+616 0 -618 0 *
Ve
1e-07
48.5019012925876 6.9689002722159 15
0 0

0101101
*
Ed
 1e-07 1 1 0
1  386 0 0 1.63488700063716
2  1009 111 0 0 1.63488700063716
2  1010 193 0 0 1.63488700063716
0

0101000
+614 0 -616 0 *
Ve
1e-07
48.2424192207447 8.58306400593205 15
0 0

0101101
*
Ed
 1e-07 1 1 0
1  387 0 0 1.63488700063716
2  1011 111 0 0 1.63488700063716
2  1012 194 0 0 1.63488700063716
0

0101000
+612 0 -614 0 *
Ed
 1e-07 1 1 0
1  388 0 0 1.63488700063716
2  1013 111 0 0 1.63488700063716
2  1014 119 0 0 1.63488700063716
0

0101000
+1009 0 -612 0 *
Wi

0101100
+811 0 +641 0 +639 0 +637 0 +635 0 +633 0 +631 0 +629 0 +627 0 +625 0 
+623 0 +621 0 +619 0 +617 0 +615 0 +613 0 +611 0 +610 0 +1007 0 -1040 0 
-1043 0 -1046 0 -1049 0 -1052 0 -1055 0 -1058 0 -1061 0 -1064 0 -1067 0 -1070 0 
-1073 0 -1076 0 -1079 0 -1082 0 -1085 0 -1088 0 *
Fa
0  1e-07 111 0

0101000
+609 0 *
Ve
1.50000007160723e-07
52.1848081012408 -1.25928687624304 14
0 0

0101101
*
Ed
 1.00000004662937e-07 1 1 0
1  389 0 0 2.5
2  1015 179 0 0 2.5
2  1016 112 0 0 2.5
2  1017 72 0 0 2.5
0

0101000
+1248 0 -607 0 *
Ve
1.50000001776357e-07
52.1977716709158 0.482320008852899 14
0 0

0101101
*
Ed
 1.5e-07 1 1 0
1  390 0 -2.09925218216689 -0.35759705087588
2  1018 112 0 -2.09925218216689 -0.35759705087588
2  1019 118 0 -2.09925218216689 -0.35759705087588
0

0101000
+605 0 -607 0 *
Ed
 1.00000007106295e-07 1 1 0
1  391 0 0 2.5
2  1020 112 0 0 2.5
2  1021 113 0 0 2.5
2  1022 72 0 0 2.5
0

0101000
+1387 0 -605 0 *
Wi

0101100
-1037 0 -606 0 +604 0 +603 0 *
Fa
0  1e-07 112 0

0101000
+602 0 *
Ve
1.50000001776357e-07
52.1526273266585 2.223389962799 14
0 0

0101101
*
Ed
 1.5e-07 1 1 0
1  392 0 -2.92885583884938 -1.18720070755837
2  1023 113 0 -2.92885583884938 -1.18720070755837
2  1024 118 0 -2.92885583884938 -1.18720070755837
0

0101000
+600 0 -605 0 *
Ed
 1e-07 1 1 0
1  393 0 0 2.5
2  1025 113 0 0 2.5
2  1026 114 0 0 2.5
2  1027 72 0 0 2.5
0

0101000
+1385 0 -600 0 *
Wi

0101100
-1034 0 -603 0 +599 0 +598 0 *
Fa
0  1e-07 113 0

0101000
+597 0 *
Ve
1.50000007105427e-07
52.0494253243243 3.96198478134256 14
0 0

0101101
*
Ed
 1.5e-07 1 1 0
1  394 0 -3.75568373113142 -2.01402859984041
2  1028 114 0 -3.75568373113142 -2.01402859984041
2  1029 118 0 -3.75568373113142 -2.01402859984041
0

0101000
+595 0 -600 0 *
Ed
 1.00000007119292e-07 1 1 0
1  395 0 0 2.5
2  1030 114 0 0 2.5
2  1031 115 0 0 2.5
2  1032 72 0 0 2.5
0

0101000
+1383 0 -595 0 *
Wi

0101100
-1031 0 -598 0 +594 0 +593 0 *
Fa
0  1e-07 114 0

0101000
+592 0 *
Ve
1.50000007105427e-07
51.8882805510603 5.69616901561584 14
0 0

0101101
*
Ed
 1.5e-07 1 1 0
1  396 0 -4.57881541274751 -2.8371602814565
2  1033 115 0 -4.57881541274751 -2.8371602814565
2  1034 118 0 -4.57881541274751 -2.8371602814565
0

0101000
+590 0 -595 0 *
Ed
 1.00000007160723e-07 1 1 0
1  397 0 0 2.5
2  1035 115 0 0 2.5
2  1036 116 0 0 2.5
2  1037 72 0 0 2.5
0

0101000
+1381 0 -590 0 *
Wi

0101100
-1028 0 -593 0 +589 0 +588 0 *
Fa
0  1e-07 115 0

0101000
+587 0 *
Ve
1.5e-07
51.6693723974096 7.42401212672796 14
0 0

0101101
*
Ed
 1.5e-07 1 1 0
1  398 0 -5.39733455214979 -3.65567942085878
2  1038 116 0 -5.39733455214979 -3.65567942085878
2  1039 118 0 -5.39733455214979 -3.65567942085878
0

0101000
+585 0 -590 0 *
Ed
 1.00000007160723e-07 1 1 0
1  399 0 0 2.5
2  1040 116 0 0 2.5
2  1041 117 0 0 2.5
2  1042 72 0 0 2.5
0

0101000
+1379 0 -585 0 *
Wi

0101100
-1025 0 -588 0 +584 0 +583 0 *
Fa
0  1e-07 116 0

0101000
+582 0 *
Ed
 1.5e-07 1 1 0
1  400 0 -6.21032995259209 -4.46867482130108
2  1043 117 0 -6.21032995259209 -4.46867482130108
2  1044 118 0 -6.21032995259209 -4.46867482130108
0

0101000
+1016 0 -585 0 *
Wi

0101100
-1022 0 -583 0 +580 0 +1015 0 *
Fa
0  1e-07 117 0

0101000
+579 0 *
Ve
1e-07
46.4438602598677 -15.6194700346036 14
0 0

0101101
*
Ed
 1e-07 1 1 0
1  401 0 0 1.63488700063716
2  1045 166 0 0 1.63488700063716
2  1046 118 0 0 1.63488700063716
0

0101000
+577 0 -816 0 *
Ve
1e-07
46.9390807361258 -14.0613903881326 14
0 0

0101101
*
Ed
 1e-07 1 1 0
1  402 0 0 1.63488700063716
2  1047 180 0 0 1.63488700063716
2  1048 118 0 0 1.63488700063716
0

0101000
+575 0 -577 0 *
Ve
1e-07
47.3820474096607 -12.4876572369949 14
0 0

0101101
*
Ed
 1e-07 1 1 0
1  403 0 0 1.63488700063715
2  1049 181 0 0 1.63488700063715
2  1050 118 0 0 1.63488700063715
0

0101000
+573 0 -575 0 *
Ve
1e-07
47.7722671584766 -10.900022501772 14
0 0

0101101
*
Ed
 1e-07 1 1 0
1  404 0 0 1.63488700063716
2  1051 182 0 0 1.63488700063716
2  1052 118 0 0 1.63488700063716
0

0101000
+571 0 -573 0 *
Ve
1e-07
48.1093055798233 -9.30025357864946 14
0 0

0101101
*
Ed
 1e-07 1 1 0
1  405 0 0 1.63488700063716
2  1053 183 0 0 1.63488700063716
2  1054 118 0 0 1.63488700063716
0

0101000
+569 0 -571 0 *
Ve
1e-07
48.392787473784 -7.69013137190589 14
0 0

0101101
*
Ed
 1e-07 1 1 0
1  406 0 0 1.63488700063716
2  1055 184 0 0 1.63488700063716
2  1056 118 0 0 1.63488700063716
0

0101000
+567 0 -569 0 *
Ve
1e-07
48.6223972609582 -6.07144831136371 14
0 0

0101101
*
Ed
 1e-07 1 1 0
1  407 0 0 1.63488700063716
2  1057 185 0 0 1.63488700063716
2  1058 118 0 0 1.63488700063716
0

0101000
+565 0 -567 0 *
Ve
1e-07
48.7978793337725 -4.44600635701002 14
0 0

0101101
*
Ed
 1e-07 1 1 0
1  408 0 0 1.63488700063716
2  1059 186 0 0 1.63488700063716
2  1060 118 0 0 1.63488700063716
0

0101000
+563 0 -565 0 *
Ve
1e-07
48.9190383410299 -2.81561499300788 14
0 0

0101101
*
Ed
 1e-07 1 1 0
1  409 0 0 1.63488700063716
2  1061 187 0 0 1.63488700063716
2  1062 118 0 0 1.63488700063716
0

0101000
+561 0 -563 0 *
Ve
1e-07
48.9857394053792 -1.18208921333159 14
0 0

0101101
*
Ed
 1e-07 1 1 0
1  410 0 0 1.63488700063716
2  1063 188 0 0 1.63488700063716
2  1064 118 0 0 1.63488700063716
0

0101000
+559 0 -561 0 *
Ve
1e-07
48.997908273465 0.452752498731649 14
0 0

0101101
*
Ed
 1e-07 1 1 0
1  411 0 0 1.63488700063716
2  1065 189 0 0 1.63488700063716
2  1066 118 0 0 1.63488700063716
0

0101000
+557 0 -559 0 *
Ve
1e-07
48.9555313985875 2.08709019496458 14
0 0

0101101
*
Ed
 1e-07 1 1 0
1  412 0 0 1.63488700063716
2  1067 190 0 0 1.63488700063716
2  1068 118 0 0 1.63488700063716
0

0101000
+555 0 -557 0 *
Ve
1e-07
48.8586559557833 3.71910448823344 14
0 0

0101101
*
Ed
 1e-07 1 1 0
1  413 0 0 1.63488700063715
2  1069 191 0 0 1.63488700063715
2  1070 118 0 0 1.63488700063715
0

0101000
+553 0 -555 0 *
Ve
1e-07
48.7073897893094 5.34697857787694 14
0 0

0101101
*
Ed
 1e-07 1 1 0
1  414 0 0 1.63488700063716
2  1071 192 0 0 1.63488700063716
2  1072 118 0 0 1.63488700063716
0

0101000
+551 0 -553 0 *
Ve
1e-07
48.5019012925876 6.9689002722159 14
0 0

0101101
*
Ed
 1e-07 1 1 0
1  415 0 0 1.63488700063716
2  1073 193 0 0 1.63488700063716
2  1074 118 0 0 1.63488700063716
0

0101000
+549 0 -551 0 *
Ve
1e-07
48.2424192207447 8.58306400593205 14
0 0

0101101
*
Ed
 1e-07 1 1 0
1  416 0 0 1.63488700063716
2  1075 194 0 0 1.63488700063716
2  1076 118 0 0 1.63488700063716
0

0101000
+547 0 -549 0 *
Ed
 1e-07 1 1 0
1  417 0 0 1.63488700063716
2  1077 119 0 0 1.63488700063716
2  1078 118 0 0 1.63488700063716
0

0101000
+1011 0 -547 0 *
Ve
1.50000007160723e-07
52.1137510490155 -2.99949189051043 14
0 0

0101101
*
Ed
 1.5e-07 1 1 0
1  418 0 -1.26779629740241 0.473858833888598
2  1079 179 0 -1.26779629740241 0.473858833888598
2  1080 118 0 -1.26779629740241 0.473858833888598
0

0101000
+607 0 -544 0 *
Ve
1.50000007105427e-07
51.9846796167944 -4.73635779256986 14
0 0

0101101
*
Ed
 1.5e-07 1 1 0
1  419 0 -0.435413782822755 1.30624134846826
2  1081 178 0 -0.435413782822755 1.30624134846826
2  1082 118 0 -0.435413782822755 1.30624134846826
0

0101000
+544 0 -542 0 *
Ve
1.50000007119292e-07
51.7977374902453 -6.46795105822828 14
0 0

0101101
*
Ed
 1.5e-07 1 1 0
1  420 0 0.396968731756907 2.13862386304792
2  1083 177 0 0.396968731756907 2.13862386304792
2  1084 118 0 0.396968731756907 2.13862386304792
0

0101000
+542 0 -540 0 *
Ve
1.50000007119292e-07
51.5531327781944 -8.19234403292832 14
0 0

0101101
*
Ed
 1.5e-07 1 1 0
1  421 0 1.22842461652139 2.97007974781241
2  1085 176 0 1.22842461652139 2.97007974781241
2  1086 118 0 1.22842461652139 2.97007974781241
0

0101000
+540 0 -538 0 *
Ve
1.50000007147802e-07
51.2511377809546 -9.90761707766331 14
0 0

0101101
*
Ed
 1.5e-07 1 1 0
1  422 0 2.05802827320388 3.79968340449489
2  1087 175 0 2.05802827320388 3.79968340449489
2  1088 118 0 2.05802827320388 3.79968340449489
0

0101000
+538 0 -536 0 *
Ve
1.50000007119292e-07
50.8920886871935 -11.6118607059693 14
0 0

0101101
*
Ed
 1.5e-07 1 1 0
1  423 0 2.88485616548591 4.62651129677692
2  1089 174 0 2.88485616548591 4.62651129677692
2  1090 118 0 2.88485616548591 4.62651129677692
0

0101000
+536 0 -534 0 *
Ve
1.50000007105427e-07
50.4763851996793 -13.3031777096149 14
0 0

0101101
*
Ed
 1.5e-07 1 1 0
1  424 0 3.70798784710201 5.44964297839302
2  1091 173 0 3.70798784710201 5.44964297839302
2  1092 118 0 3.70798784710201 5.44964297839302
0

0101000
+534 0 -532 0 *
Ve
1.50000000888178e-07
50.0044900903217 -14.9796852706229 14
0 0

0101101
*
Ed
 1.5e-07 1 1 0
1  425 0 4.52650698650429 6.2681621177953
2  1093 172 0 4.52650698650429 6.2681621177953
2  1094 118 0 4.52650698650429 6.2681621177953
0

0101000
+532 0 -530 0 *
Ve
1.50000000888178e-07
49.476928685002 -16.6395170572715 14
0 0

0101101
*
Ed
 1.5e-07 1 1 0
1  426 0 5.33950238694657 7.08115751823759
2  1095 171 0 5.33950238694657 7.08115751823759
2  1096 118 0 5.33950238694657 7.08115751823759
0

0101000
+530 0 -528 0 *
Ve
1.50000007105427e-07
49.1990527849108 -17.4222983420551 14
0 0

0101101
*
Ed
 1.5e-07 1 1 0
1  427 0 6.14606900085226 6.97670824604768
2  1097 170 0 6.14606900085226 6.97670824604768
2  1098 118 0 6.14606900085226 6.97670824604768
0

0101000
+528 0 -526 0 *
Ve
1e-07
47.3206028528274 -16.7571043335353 14
0 0

0101101
*
Ed
 1e-07 1 1 0
1  428 0 0.15724883231377 2.15
2  1099 169 0 0.15724883231377 2.15
2  1100 118 0 0.15724883231377 2.15
0

0101000
+526 0 -524 0 *
Ve
1e-07
47.0972050633087 -17.3750762652901 14
0 0

0101101
*
Ed
 1e-07 1 1 0
1  429 0 0 0.657111771922126
2  1101 118 0 0 0.657111771922126
2  1102 168 0 0 0.657111771922126
0

0101000
+524 0 -522 0 *
Ed
 1e-07 1 1 0
1  430 0 0 0.219038647367414
2  1103 118 0 0 0.219038647367414
2  1104 167 0 0 0.219038647367414
0

0101000
+522 0 -815 0 *
Wi

0101100
+576 0 +574 0 +572 0 +570 0 +568 0 +566 0 +564 0 +562 0 +560 0 +558 0 
+556 0 +554 0 +552 0 +550 0 +548 0 +546 0 +545 0 +1010 0 -1014 0 -580 0 
-584 0 -589 0 -594 0 -599 0 -604 0 -543 0 -541 0 -539 0 -537 0 -535 0 
-533 0 -531 0 -529 0 -527 0 -525 0 -523 0 -521 0 -520 0 +814 0 *
Fa
0  1e-07 118 0

0101000
+519 0 *
Ed
 1e-07 1 1 0
1  431 0 0 1
2  1105 194 0 0 1
2  1106 119 0 0 1
0

0101000
+547 0 -612 0 *
Wi

0101100
+1008 0 -517 0 -545 0 +610 0 *
Fa
0  1e-07 119 0

0101000
+516 0 *
Ve
1e-07
-9.69507228631737 48.0312978521618 14
0 0

0101101
*
Ed
 1e-07 1 1 0
1  432 0 0 1.63488700063716
2  1107 122 0 0 1.63488700063716
2  1108 120 0 0 1.63488700063716
0

0101000
+514 0 -1004 0 *
Ve
1e-07
-11.2920190794097 47.68113154184 14
0 0

0101101
*
Ed
 1e-07 1 1 0
1  433 0 0 1.63488700063716
2  1109 195 0 0 1.63488700063716
2  1110 120 0 0 1.63488700063716
0

0101000
+512 0 -514 0 *
Ve
1e-07
-12.8763953038402 47.2778853585822 14
0 0

0101101
*
Ed
 1e-07 1 1 0
1  434 0 0 1.63488700063715
2  1111 196 0 0 1.63488700063715
2  1112 120 0 0 1.63488700063715
0

0101000
+510 0 -512 0 *
Ve
1e-07
-14.4464371908818 46.8220082065038 14
0 0

0101101
*
Ed
 1e-07 1 1 0
1  435 0 0 1.63488700063716
2  1113 197 0 0 1.63488700063716
2  1114 120 0 0 1.63488700063716
0

0101000
+508 0 -510 0 *
Ve
1e-07
-16.0003969291641 46.3140075798802 14
0 0

0101101
*
Ed
 1e-07 1 1 0
1  436 0 0 1.63488700063716
2  1115 198 0 0 1.63488700063716
2  1116 120 0 0 1.63488700063716
0

0101000
+506 0 -508 0 *
Ve
1e-07
-17.5365446103818 45.7544489981913 14
0 0

0101101
*
Ed
 1e-07 1 1 0
1  437 0 0 1.63488700063716
2  1117 199 0 0 1.63488700063716
2  1118 120 0 0 1.63488700063716
0

0101000
+504 0 -506 0 *
Ve
1e-07
-19.053170155074 45.1439553765706 14
0 0

0101101
*
Ed
 1e-07 1 1 0
1  438 0 0 1.63488700063716
2  1119 200 0 0 1.63488700063716
2  1120 120 0 0 1.63488700063716
0

0101000
+502 0 -504 0 *
Ve
1e-07
-20.5485852163285 44.4832063323597 14
0 0

0101101
*
Ed
 1e-07 1 1 0
1  439 0 0 1.63488700063716
2  1121 201 0 0 1.63488700063716
2  1122 120 0 0 1.63488700063716
0

0101000
+500 0 -502 0 *
Ve
1e-07
-22.0211250592937 43.7729374285408 14
0 0

0101101
*
Ed
 1e-07 1 1 0
1  440 0 0 1.63488700063716
2  1123 202 0 0 1.63488700063716
2  1124 120 0 0 1.63488700063716
0

0101000
+498 0 -500 0 *
Ve
1e-07
-23.4691504144049 43.0139393548886 14
0 0

0101101
*
Ed
 1e-07 1 1 0
1  441 0 0 1.63488700063716
2  1125 203 0 0 1.63488700063716
2  1126 120 0 0 1.63488700063716
0

0101000
+496 0 -498 0 *
Ve
1e-07
-24.891049302261 42.2070570477546 14
0 0

0101101
*
Ed
 1e-07 1 1 0
1  442 0 0 1.63488700063716
2  1127 204 0 0 1.63488700063716
2  1128 120 0 0 1.63488700063716
0

0101000
+494 0 -496 0 *
Ve
1e-07
-26.2852388281225 41.3531887494612 14
0 0

0101101
*
Ed
 1e-07 1 1 0
1  443 0 0 1.63488700063716
2  1129 205 0 0 1.63488700063716
2  1130 120 0 0 1.63488700063716
0

0101000
+492 0 -494 0 *
Ve
1e-07
-27.6501669440305 40.4532850083555 14
0 0

0101101
*
Ed
 1e-07 1 1 0
1  444 0 0 1.63488700063715
2  1131 206 0 0 1.63488700063715
2  1132 120 0 0 1.63488700063715
0

0101000
+490 0 -492 0 *
Ve
1e-07
-28.9843141765873 39.5083476206343 14
0 0

0101101
*
Ed
 1e-07 1 1 0
1  445 0 0 1.63488700063716
2  1133 207 0 0 1.63488700063716
2  1134 120 0 0 1.63488700063716
0

0101000
+488 0 -490 0 *
Ve
1e-07
-30.286195318473 38.5194285151182 14
0 0

0101101
*
Ed
 1e-07 1 1 0
1  446 0 0 1.63488700063716
2  1135 208 0 0 1.63488700063716
2  1136 120 0 0 1.63488700063716
0

0101000
+486 0 -488 0 *
Ve
1e-07
-31.5543610818173 37.4876285822175 14
0 0

0101101
*
Ed
 1e-07 1 1 0
1  447 0 0 1.63488700063716
2  1137 209 0 0 1.63488700063716
2  1138 120 0 0 1.63488700063716
0

0101000
+484 0 -486 0 *
Ed
 1e-07 1 1 0
1  448 0 0 1.63488700063716
2  1139 142 0 0 1.63488700063716
2  1140 120 0 0 1.63488700063716
0

0101000
+917 0 -484 0 *
Ve
1.5e-07
-32.2640692984549 41.0349830303912 14
0 0

0101101
*
Ed
 1.5e-07 1 1 0
1  449 0 -6.21032995259209 -4.46867482130108
2  1141 141 0 -6.21032995259209 -4.46867482130108
2  1142 120 0 -6.21032995259209 -4.46867482130108
0

0101000
+922 0 -481 0 *
Ve
1.50000007105427e-07
-30.8771673473032 42.0884846081043 14
0 0

0101101
*
Ed
 1.5e-07 1 1 0
1  450 0 -5.39733455214979 -3.65567942085878
2  1143 140 0 -5.39733455214979 -3.65567942085878
2  1144 120 0 -5.39733455214979 -3.65567942085878
0

0101000
+481 0 -479 0 *
Ve
1.50000007105427e-07
-29.4558921322121 43.0951321925746 14
0 0

0101101
*
Ed
 1.5e-07 1 1 0
1  451 0 -4.57881541274751 -2.8371602814565
2  1145 139 0 -4.57881541274751 -2.8371602814565
2  1146 120 0 -4.57881541274751 -2.8371602814565
0

0101000
+479 0 -477 0 *
Ve
1.50000001776357e-07
-28.0018258536325 44.0538051575893 14
0 0

0101101
*
Ed
 1.5e-07 1 1 0
1  452 0 -3.75568373113142 -2.01402859984041
2  1147 138 0 -3.75568373113142 -2.01402859984041
2  1148 120 0 -3.75568373113142 -2.01402859984041
0

0101000
+477 0 -475 0 *
Ve
1.50000001776357e-07
-26.516587215878 44.9634362835263 14
0 0

0101101
*
Ed
 1.5e-07 1 1 0
1  453 0 -2.92885583884938 -1.18720070755837
2  1149 137 0 -2.92885583884938 -1.18720070755837
2  1150 120 0 -2.92885583884938 -1.18720070755837
0

0101000
+475 0 -473 0 *
Ve
1.50000007160723e-07
-25.0018296251415 45.823012945412 14
0 0

0101101
*
Ed
 1.5e-07 1 1 0
1  454 0 -2.09925218216689 -0.35759705087588
2  1151 136 0 -2.09925218216689 -0.35759705087588
2  1152 120 0 -2.09925218216689 -0.35759705087588
0

0101000
+473 0 -471 0 *
Ve
1.50000007160723e-07
-23.4592393488803 46.6315782402006 14
0 0

0101101
*
Ed
 1.5e-07 1 1 0
1  455 0 -1.26779629740241 0.473858833888598
2  1153 135 0 -1.26779629740241 0.473858833888598
2  1154 120 0 -1.26779629740241 0.473858833888598
0

0101000
+471 0 -469 0 *
Ve
1.50000007105427e-07
-21.8905336386193 47.388232052024 14
0 0

0101101
*
Ed
 1.5e-07 1 1 0
1  456 0 -0.435413782822755 1.30624134846826
2  1155 134 0 -0.435413782822755 1.30624134846826
2  1156 120 0 -0.435413782822755 1.30624134846826
0

0101000
+469 0 -467 0 *
Ve
1.50000007119292e-07
-20.2974588182625 48.0921320542242 14
0 0

0101101
*
Ed
 1.5e-07 1 1 0
1  457 0 0.396968731756907 2.13862386304792
2  1157 133 0 0.396968731756907 2.13862386304792
2  1158 120 0 0.396968731756907 2.13862386304792
0

0101000
+467 0 -465 0 *
Ve
1.50000007119292e-07
-18.6817883400394 48.7424946470528 14
0 0

0101101
*
Ed
 1.5e-07 1 1 0
1  458 0 1.22842461652139 2.97007974781241
2  1159 132 0 1.22842461652139 2.97007974781241
2  1160 120 0 1.22842461652139 2.97007974781241
0

0101000
+465 0 -463 0 *
Ve
1.50000007147802e-07
-17.0453208102523 49.3385958299948 14
0 0

0101101
*
Ed
 1.5e-07 1 1 0
1  459 0 2.05802827320388 3.79968340449489
2  1161 131 0 2.05802827320388 3.79968340449489
2  1162 120 0 2.05802827320388 3.79968340449489
0

0101000
+463 0 -461 0 *
Ve
1.50000007119292e-07
-15.389877987021 49.8797720077448 14
0 0

0101101
*
Ed
 1.5e-07 1 1 0
1  460 0 2.88485616548591 4.62651129677692
2  1163 130 0 2.88485616548591 4.62651129677692
2  1164 120 0 2.88485616548591 4.62651129677692
0

0101000
+461 0 -459 0 *
Ve
1.50000007105427e-07
-13.7173027522542 50.3654207289386 14
0 0

0101101
*
Ed
 1.5e-07 1 1 0
1  461 0 3.70798784710201 5.44964297839302
2  1165 129 0 3.70798784710201 5.44964297839302
2  1166 120 0 3.70798784710201 5.44964297839302
0

0101000
+459 0 -457 0 *
Ve
1.50000000888178e-07
-12.0294570601059 50.7950013568173 14
0 0

0101101
*
Ed
 1.5e-07 1 1 0
1  462 0 4.52650698650429 6.2681621177953
2  1167 128 0 4.52650698650429 6.2681621177953
2  1168 120 0 4.52650698650429 6.2681621177953
0

0101000
+457 0 -455 0 *
Ve
1.50000000888178e-07
-10.3282198641993 51.1680356710785 14
0 0

0101101
*
Ed
 1.5e-07 1 1 0
1  463 0 5.33950238694657 7.08115751823759
2  1169 127 0 5.33950238694657 7.08115751823759
2  1170 120 0 5.33950238694657 7.08115751823759
0

0101000
+455 0 -453 0 *
Ve
1.50000007105427e-07
-9.51137343592418 51.3187787248918 14
0 0

0101101
*
Ed
 1.5e-07 1 1 0
1  464 0 6.14606900085226 6.97670824604768
2  1171 126 0 6.14606900085226 6.97670824604768
2  1172 120 0 6.14606900085226 6.97670824604768
0

0101000
+453 0 -451 0 *
Ve
1e-07
-9.14822337970579 49.3593963597105 14
0 0

0101101
*
Ed
 1e-07 1 1 0
1  465 0 0.15724883231377 2.15
2  1173 125 0 0.15724883231377 2.15
2  1174 120 0 0.15724883231377 2.15
0

0101000
+451 0 -449 0 *
Ve
1e-07
-8.50134509322103 49.4749141647155 14
0 0

0101101
*
Ed
 1e-07 1 1 0
1  466 0 0 0.657111771922126
2  1175 120 0 0 0.657111771922126
2  1176 124 0 0 0.657111771922126
0

0101000
+449 0 -447 0 *
Ed
 1e-07 1 1 0
1  467 0 0 0.219038647367414
2  1177 120 0 0 0.219038647367414
2  1178 123 0 0 0.219038647367414
0

0101000
+447 0 -1003 0 *
Wi

0101100
+513 0 +511 0 +509 0 +507 0 +505 0 +503 0 +501 0 +499 0 +497 0 +495 0 
+493 0 +491 0 +489 0 +487 0 +485 0 +483 0 +482 0 +916 0 -920 0 -480 0 
-478 0 -476 0 -474 0 -472 0 -470 0 -468 0 -466 0 -464 0 -462 0 -460 0 
-458 0 -456 0 -454 0 -452 0 -450 0 -448 0 -446 0 -445 0 +1002 0 *
Fa
0  1e-07 120 0

0101000
+444 0 *
Ve
1e-07
-9.69507228631737 48.0312978521618 15
0 0

0101101
*
Ed
 1e-07 1 1 0
1  468 0 0 1.63488700063716
2  1179 121 0 0 1.63488700063716
2  1180 122 0 0 1.63488700063716
0

0101000
+442 0 -1000 0 *
Ve
1e-07
-11.2920190794097 47.68113154184 15
0 0

0101101
*
Ed
 1e-07 1 1 0
1  469 0 0 1.63488700063716
2  1181 121 0 0 1.63488700063716
2  1182 195 0 0 1.63488700063716
0

0101000
+440 0 -442 0 *
Ve
1e-07
-12.8763953038402 47.2778853585822 15
0 0

0101101
*
Ed
 1e-07 1 1 0
1  470 0 0 1.63488700063715
2  1183 121 0 0 1.63488700063715
2  1184 196 0 0 1.63488700063715
0

0101000
+438 0 -440 0 *
Ve
1e-07
-14.4464371908818 46.8220082065038 15
0 0

0101101
*
Ed
 1e-07 1 1 0
1  471 0 0 1.63488700063716
2  1185 121 0 0 1.63488700063716
2  1186 197 0 0 1.63488700063716
0

0101000
+436 0 -438 0 *
Ve
1e-07
-16.0003969291641 46.3140075798802 15
0 0

0101101
*
Ed
 1e-07 1 1 0
1  472 0 0 1.63488700063716
2  1187 121 0 0 1.63488700063716
2  1188 198 0 0 1.63488700063716
0

0101000
+434 0 -436 0 *
Ve
1e-07
-17.5365446103818 45.7544489981913 15
0 0

0101101
*
Ed
 1e-07 1 1 0
1  473 0 0 1.63488700063716
2  1189 121 0 0 1.63488700063716
2  1190 199 0 0 1.63488700063716
0

0101000
+432 0 -434 0 *
Ve
1e-07
-19.053170155074 45.1439553765706 15
0 0

0101101
*
Ed
 1e-07 1 1 0
1  474 0 0 1.63488700063716
2  1191 121 0 0 1.63488700063716
2  1192 200 0 0 1.63488700063716
0

0101000
+430 0 -432 0 *
Ve
1e-07
-20.5485852163285 44.4832063323597 15
0 0

0101101
*
Ed
 1e-07 1 1 0
1  475 0 0 1.63488700063716
2  1193 121 0 0 1.63488700063716
2  1194 201 0 0 1.63488700063716
0

0101000
+428 0 -430 0 *
Ve
1e-07
-22.0211250592937 43.7729374285408 15
0 0

0101101
*
Ed
 1e-07 1 1 0
1  476 0 0 1.63488700063716
2  1195 121 0 0 1.63488700063716
2  1196 202 0 0 1.63488700063716
0

0101000
+426 0 -428 0 *
Ve
1e-07
-23.4691504144049 43.0139393548886 15
0 0

0101101
*
Ed
 1e-07 1 1 0
1  477 0 0 1.63488700063716
2  1197 121 0 0 1.63488700063716
2  1198 203 0 0 1.63488700063716
0

0101000
+424 0 -426 0 *
Ve
1e-07
-24.891049302261 42.2070570477546 15
0 0

0101101
*
Ed
 1e-07 1 1 0
1  478 0 0 1.63488700063716
2  1199 121 0 0 1.63488700063716
2  1200 204 0 0 1.63488700063716
0

0101000
+422 0 -424 0 *
Ve
1e-07
-26.2852388281225 41.3531887494612 15
0 0

0101101
*
Ed
 1e-07 1 1 0
1  479 0 0 1.63488700063716
2  1201 121 0 0 1.63488700063716
2  1202 205 0 0 1.63488700063716
0

0101000
+420 0 -422 0 *
Ve
1e-07
-27.6501669440305 40.4532850083555 15
0 0

0101101
*
Ed
 1e-07 1 1 0
1  480 0 0 1.63488700063715
2  1203 121 0 0 1.63488700063715
2  1204 206 0 0 1.63488700063715
0

0101000
+418 0 -420 0 *
Ve
1e-07
-28.9843141765873 39.5083476206343 15
0 0

0101101
*
Ed
 1e-07 1 1 0
1  481 0 0 1.63488700063716
2  1205 121 0 0 1.63488700063716
2  1206 207 0 0 1.63488700063716
0

0101000
+416 0 -418 0 *
Ve
1e-07
-30.286195318473 38.5194285151182 15
0 0

0101101
*
Ed
 1e-07 1 1 0
1  482 0 0 1.63488700063716
2  1207 121 0 0 1.63488700063716
2  1208 208 0 0 1.63488700063716
0

0101000
+414 0 -416 0 *
Ve
1e-07
-31.5543610818173 37.4876285822175 15
0 0

0101101
*
Ed
 1e-07 1 1 0
1  483 0 0 1.63488700063716
2  1209 121 0 0 1.63488700063716
2  1210 209 0 0 1.63488700063716
0

0101000
+412 0 -414 0 *
Ed
 1e-07 1 1 0
1  484 0 0 1.63488700063716
2  1211 121 0 0 1.63488700063716
2  1212 142 0 0 1.63488700063716
0

0101000
+915 0 -412 0 *
Wi

0101100
+999 0 +441 0 +439 0 +437 0 +435 0 +433 0 +431 0 +429 0 +427 0 +425 0 
+423 0 +421 0 +419 0 +417 0 +415 0 +413 0 +411 0 +410 0 +913 0 -702 0 
-705 0 -708 0 -711 0 -714 0 -717 0 -720 0 -723 0 -726 0 -729 0 -732 0 
-735 0 -738 0 -741 0 -744 0 -747 0 -750 0 *
Fa
0  1e-07 121 0

0101000
+409 0 *
Ed
 1e-07 1 1 0
1  485 0 0 1
2  1213 122 0 0 1
2  1214 195 0 0 1
0

0101000
+514 0 -442 0 *
Wi

0101100
+407 0 -998 0 -513 0 +441 0 *
Fa
0  1e-07 122 0

0101000
+406 0 *
Ed
 1e-07 1 1 0
1  486 0 0 2.5
2  1215 123 0 0 2.5
2  1216 124 0 0 2.5
0

0101000
+985 0 -447 0 *
Wi

0101100
+404 0 -988 0 -984 0 +445 0 +994 0 *
Fa
0  1e-07 123 0

0101000
+403 0 *
Ed
 1e-07 1 1 0
1  487 0 0 2.5
2  1217 125 0 0 2.5
2  1218 124 0 0 2.5
0

0101000
+983 0 -449 0 *
Wi

0101100
+401 0 -404 0 -982 0 +446 0 *
Fa
0  1e-07 124 0

0101000
+400 0 *
Ed
 1.5e-07 1 1 0
1  488 0 -2.5 0
2  1219 126 0 -2.5 0
2  1220 125 0 -2.5 0
0

0101000
+451 0 -981 0 *
Wi

0101100
-980 0 -401 0 +448 0 -398 0 *
Fa
0  1e-07 125 0

0101000
+397 0 *
Ed
 1.00000007105427e-07 1 1 0
1  489 0 0 2.5
2  1221 126 0 0 2.5
2  1222 127 0 0 2.5
2  1223 72 0 0 2.5
0

0101000
+1360 0 -453 0 *
Wi

0101100
-973 0 +398 0 +450 0 +395 0 *
Fa
0  1e-07 126 0

0101000
+394 0 *
Ed
 1.00000003552714e-07 1 1 0
1  490 0 0 2.5
2  1224 127 0 0 2.5
2  1225 128 0 0 2.5
2  1226 72 0 0 2.5
0

0101000
+1358 0 -455 0 *
Wi

0101100
-970 0 -395 0 +452 0 +392 0 *
Fa
0  1e-07 127 0

0101000
+391 0 *
Ed
 1.00000007324107e-07 1 1 0
1  491 0 0 2.5
2  1227 128 0 0 2.5
2  1228 129 0 0 2.5
2  1229 72 0 0 2.5
0

0101000
+1356 0 -457 0 *
Wi

0101100
-967 0 -392 0 +454 0 +389 0 *
Fa
0  1e-07 128 0

0101000
+388 0 *
Ed
 1.00000001776357e-07 1 1 0
1  492 0 0 2.5
2  1230 129 0 0 2.5
2  1231 130 0 0 2.5
2  1232 72 0 0 2.5
0

0101000
+1354 0 -459 0 *
Wi

0101100
-964 0 -389 0 +456 0 +386 0 *
Fa
0  1e-07 129 0

0101000
+385 0 *
Ed
 1.00000003552714e-07 1 1 0
1  493 0 0 2.5
2  1233 130 0 0 2.5
2  1234 131 0 0 2.5
2  1235 72 0 0 2.5
0

0101000
+1352 0 -461 0 *
Wi

0101100
-961 0 -386 0 +458 0 +383 0 *
Fa
0  1e-07 130 0

0101000
+382 0 *
Ed
 1e-07 1 1 0
1  494 0 0 2.5
2  1236 131 0 0 2.5
2  1237 132 0 0 2.5
2  1238 72 0 0 2.5
0

0101000
+1350 0 -463 0 *
Wi

0101100
-958 0 -383 0 +460 0 +380 0 *
Fa
0  1e-07 131 0

0101000
+379 0 *
Ed
 1.00000007105427e-07 1 1 0
1  495 0 0 2.5
2  1239 132 0 0 2.5
2  1240 133 0 0 2.5
2  1241 72 0 0 2.5
0

0101000
+1348 0 -465 0 *
Wi

0101100
-955 0 -380 0 +462 0 +377 0 *
Fa
0  1e-07 132 0

0101000
+376 0 *
Ed
 1.00000010048592e-07 1 1 0
1  496 0 0 2.5
2  1242 133 0 0 2.5
2  1243 134 0 0 2.5
2  1244 72 0 0 2.5
0

0101000
+1346 0 -467 0 *
Wi

0101100
-952 0 -377 0 +464 0 +374 0 *
Fa
0  1e-07 133 0

0101000
+373 0 *
Ed
 1.00000010048592e-07 1 1 0
1  497 0 0 2.5
2  1245 134 0 0 2.5
2  1246 135 0 0 2.5
2  1247 72 0 0 2.5
0

0101000
+1344 0 -469 0 *
Wi

0101100
-949 0 -374 0 +466 0 +371 0 *
Fa
0  1e-07 134 0

0101000
+370 0 *
Ed
 1.00000010048592e-07 1 1 0
1  498 0 0 2.5
2  1248 135 0 0 2.5
2  1249 136 0 0 2.5
2  1250 72 0 0 2.5
0

0101000
+1342 0 -471 0 *
Wi

0101100
-946 0 -371 0 +468 0 +368 0 *
Fa
0  1e-07 135 0

0101000
+367 0 *
Ed
 1.00000007944109e-07 1 1 0
1  499 0 0 2.5
2  1251 136 0 0 2.5
2  1252 137 0 0 2.5
2  1253 72 0 0 2.5
0

0101000
+1340 0 -473 0 *
Wi

0101100
-943 0 -368 0 +470 0 +365 0 *
Fa
0  1e-07 136 0

0101000
+364 0 *
Ed
 1.00000010658141e-07 1 1 0
1  500 0 0 2.5
2  1254 137 0 0 2.5
2  1255 138 0 0 2.5
2  1256 72 0 0 2.5
0

0101000
+1338 0 -475 0 *
Wi

0101100
-940 0 -365 0 +472 0 +362 0 *
Fa
0  1e-07 137 0

0101000
+361 0 *
Ed
 1.00000007105427e-07 1 1 0
1  501 0 0 2.5
2  1257 138 0 0 2.5
2  1258 139 0 0 2.5
2  1259 72 0 0 2.5
0

0101000
+1336 0 -477 0 *
Wi

0101100
-937 0 -362 0 +474 0 +359 0 *
Fa
0  1e-07 138 0

0101000
+358 0 *
Ed
 1.00000007105427e-07 1 1 0
1  502 0 0 2.5
2  1260 139 0 0 2.5
2  1261 140 0 0 2.5
2  1262 72 0 0 2.5
0

0101000
+1334 0 -479 0 *
Wi

0101100
-934 0 -359 0 +476 0 +356 0 *
Fa
0  1e-07 139 0

0101000
+355 0 *
Ed
 1.00000015888219e-07 1 1 0
1  503 0 0 2.5
2  1263 140 0 0 2.5
2  1264 141 0 0 2.5
2  1265 72 0 0 2.5
0

0101000
+1332 0 -481 0 *
Wi

0101100
-931 0 -356 0 +478 0 +353 0 *
Fa
0  1e-07 140 0

0101000
+352 0 *
Wi

0101100
-928 0 -353 0 +480 0 +921 0 *
Fa
0  1e-07 141 0

0101000
+350 0 *
Ed
 1e-07 1 1 0
1  504 0 0 1
2  1266 209 0 0 1
2  1267 142 0 0 1
0

0101000
+484 0 -412 0 *
Wi

0101100
+914 0 -348 0 -482 0 +410 0 *
Fa
0  1e-07 142 0

0101000
+347 0 *
Ve
1e-07
-36.7487879735503 -32.4118278175582 14
0 0

0101101
*
Ed
 1e-07 1 1 0
1  505 0 0 1.63488700063716
2  1268 145 0 0 1.63488700063716
2  1269 143 0 0 1.63488700063716
0

0101000
+345 0 -910 0 *
Ve
1e-07
-35.647061656716 -33.6197411537074 14
0 0

0101101
*
Ed
 1e-07 1 1 0
1  506 0 0 1.63488700063716
2  1270 210 0 0 1.63488700063716
2  1271 143 0 0 1.63488700063716
0

0101000
+343 0 -345 0 *
Ve
1e-07
-34.5056521058205 -34.7902281215873 14
0 0

0101101
*
Ed
 1e-07 1 1 0
1  507 0 0 1.63488700063715
2  1272 211 0 0 1.63488700063715
2  1273 143 0 0 1.63488700063715
0

0101000
+341 0 -343 0 *
Ve
1e-07
-33.3258299675948 -35.9219857047318 14
0 0

0101101
*
Ed
 1e-07 1 1 0
1  508 0 0 1.63488700063716
2  1274 212 0 0 1.63488700063716
2  1275 143 0 0 1.63488700063716
0

0101000
+339 0 -341 0 *
Ve
1e-07
-32.1089086506592 -37.0137540012307 14
0 0

0101101
*
Ed
 1e-07 1 1 0
1  509 0 0 1.63488700063716
2  1276 213 0 0 1.63488700063716
2  1277 143 0 0 1.63488700063716
0

0101000
+337 0 -339 0 *
Ve
1e-07
-30.8562428634022 -38.0643176262854 14
0 0

0101101
*
Ed
 1e-07 1 1 0
1  510 0 0 1.63488700063716
2  1278 214 0 0 1.63488700063716
2  1279 143 0 0 1.63488700063716
0

0101000
+335 0 -337 0 *
Ve
1e-07
-29.5692271058842 -39.0725070652069 14
0 0

0101101
*
Ed
 1e-07 1 1 0
1  511 0 0 1.63488700063716
2  1280 215 0 0 1.63488700063716
2  1281 143 0 0 1.63488700063716
0

0101000
+333 0 -335 0 *
Ve
1e-07
-28.2492941174441 -40.0371999753497 14
0 0

0101101
*
Ed
 1e-07 1 1 0
1  512 0 0 1.63488700063716
2  1282 216 0 0 1.63488700063716
2  1283 143 0 0 1.63488700063716
0

0101000
+331 0 -333 0 *
Ve
1e-07
-26.8979132817361 -40.9573224355329 14
0 0

0101101
*
Ed
 1e-07 1 1 0
1  513 0 0 1.63488700063716
2  1284 217 0 0 1.63488700063716
2  1285 143 0 0 1.63488700063716
0

0101000
+329 0 -331 0 *
Ve
1e-07
-25.5165889909743 -41.8318501415571 14
0 0

0101101
*
Ed
 1e-07 1 1 0
1  514 0 0 1.63488700063716
2  1286 218 0 0 1.63488700063716
2  1287 143 0 0 1.63488700063716
0

0101000
+327 0 -329 0 *
Ve
1e-07
-24.106858971204 -42.6598095464863 14
0 0

0101101
*
Ed
 1e-07 1 1 0
1  515 0 0 1.63488700063716
2  1288 219 0 0 1.63488700063716
2  1289 143 0 0 1.63488700063716
0

0101000
+325 0 -327 0 *
Ve
1e-07
-22.670292570465 -43.4402789444258 14
0 0

0101101
*
Ed
 1e-07 1 1 0
1  516 0 0 1.63488700063716
2  1290 220 0 0 1.63488700063716
2  1291 143 0 0 1.63488700063716
0

0101000
+323 0 -325 0 *
Ve
1e-07
-21.2084890117528 -44.1723894965889 14
0 0

0101101
*
Ed
 1e-07 1 1 0
1  517 0 0 1.63488700063715
2  1292 221 0 0 1.63488700063715
2  1293 143 0 0 1.63488700063715
0

0101000
+321 0 -323 0 *
Ve
1e-07
-19.7230756127221 -44.8553261985112 14
0 0

0101101
*
Ed
 1e-07 1 1 0
1  518 0 0 1.63488700063716
2  1294 222 0 0 1.63488700063716
2  1295 143 0 0 1.63488700063716
0

0101000
+319 0 -321 0 *
Ve
1e-07
-18.2157059741145 -45.4883287873341 14
0 0

0101101
*
Ed
 1e-07 1 1 0
1  519 0 0 1.63488700063716
2  1296 223 0 0 1.63488700063716
2  1297 143 0 0 1.63488700063716
0

0101000
+317 0 -319 0 *
Ve
1e-07
-16.6880581389273 -46.0706925881496 14
0 0

0101101
*
Ed
 1e-07 1 1 0
1  520 0 0 1.63488700063716
2  1298 224 0 0 1.63488700063716
2  1299 143 0 0 1.63488700063716
0

0101000
+315 0 -317 0 *
Ed
 1e-07 1 1 0
1  521 0 0 1.63488700063716
2  1300 165 0 0 1.63488700063716
2  1301 143 0 0 1.63488700063716
0

0101000
+823 0 -315 0 *
Ve
1.5e-07
-19.4053030989547 -48.4589951571192 14
0 0

0101101
*
Ed
 1.5e-07 1 1 0
1  522 0 -6.21032995259209 -4.46867482130108
2  1302 164 0 -6.21032995259209 -4.46867482130108
2  1303 143 0 -6.21032995259209 -4.46867482130108
0

0101000
+828 0 -312 0 *
Ve
1.50000007105427e-07
-21.011113203757 -47.7846536237201 14
0 0

0101101
*
Ed
 1.5e-07 1 1 0
1  523 0 -5.39733455214979 -3.65567942085878
2  1304 163 0 -5.39733455214979 -3.65567942085878
2  1305 143 0 -5.39733455214979 -3.65567942085878
0

0101000
+312 0 -310 0 *
Ve
1.50000007105427e-07
-22.5935331921121 -47.0571169739172 14
0 0

0101101
*
Ed
 1.5e-07 1 1 0
1  524 0 -4.57881541274751 -2.8371602814565
2  1306 162 0 -4.57881541274751 -2.8371602814565
2  1307 143 0 -4.57881541274751 -2.8371602814565
0

0101000
+310 0 -308 0 *
Ve
1.50000001776357e-07
-24.150801473026 -46.2771951203883 14
0 0

0101101
*
Ed
 1.5e-07 1 1 0
1  525 0 -3.75568373113142 -2.01402859984041
2  1308 161 0 -3.75568373113142 -2.01402859984041
2  1309 143 0 -3.75568373113142 -2.01402859984041
0

0101000
+308 0 -306 0 *
Ve
1.50000001776357e-07
-25.6811844550377 -45.4457562923792 14
0 0

0101101
*
Ed
 1.5e-07 1 1 0
1  526 0 -2.92885583884938 -1.18720070755837
2  1310 160 0 -2.92885583884938 -1.18720070755837
2  1311 143 0 -2.92885583884938 -1.18720070755837
0

0101000
+306 0 -304 0 *
Ve
1.50000007160723e-07
-27.1829784760992 -44.563726069169 14
0 0

0101101
*
Ed
 1.5e-07 1 1 0
1  527 0 -2.09925218216689 -0.35759705087588
2  1312 159 0 -2.09925218216689 -0.35759705087588
2  1313 143 0 -2.09925218216689 -0.35759705087588
0

0101000
+304 0 -302 0 *
Ve
1.50000007160723e-07
-28.6545117001352 -43.6320863496901 14
0 0

0101101
*
Ed
 1.5e-07 1 1 0
1  528 0 -1.26779629740241 0.473858833888598
2  1314 158 0 -1.26779629740241 0.473858833888598
2  1315 143 0 -1.26779629740241 0.473858833888598
0

0101000
+302 0 -300 0 *
Ve
1.50000007105427e-07
-30.0941459781751 -42.6518742594541 14
0 0

0101101
*
Ed
 1.5e-07 1 1 0
1  529 0 -0.435413782822755 1.30624134846826
2  1316 157 0 -0.435413782822755 1.30624134846826
2  1317 143 0 -0.435413782822755 1.30624134846826
0

0101000
+300 0 -298 0 *
Ve
1.50000007119292e-07
-31.5002786719828 -41.6241809959959 14
0 0

0101101
*
Ed
 1.5e-07 1 1 0
1  530 0 0.396968731756907 2.13862386304792
2  1318 156 0 0.396968731756907 2.13862386304792
2  1319 143 0 0.396968731756907 2.13862386304792
0

0101000
+298 0 -296 0 *
Ve
1.50000007119292e-07
-32.871344438155 -40.5501506141245 14
0 0

0101101
*
Ed
 1.5e-07 1 1 0
1  531 0 1.22842461652139 2.97007974781241
2  1320 155 0 1.22842461652139 2.97007974781241
2  1321 143 0 1.22842461652139 2.97007974781241
0

0101000
+296 0 -294 0 *
Ve
1.50000007147802e-07
-34.2058169707023 -39.4309787523315 14
0 0

0101101
*
Ed
 1.5e-07 1 1 0
1  532 0 2.05802827320388 3.79968340449489
2  1322 154 0 2.05802827320388 3.79968340449489
2  1323 143 0 2.05802827320388 3.79968340449489
0

0101000
+294 0 -292 0 *
Ve
1.50000007119292e-07
-35.5022107001725 -38.2679113017755 14
0 0

0101101
*
Ed
 1.5e-07 1 1 0
1  533 0 2.88485616548591 4.62651129677692
2  1324 153 0 2.88485616548591 4.62651129677692
2  1325 143 0 2.88485616548591 4.62651129677692
0

0101000
+292 0 -290 0 *
Ve
1.50000007105427e-07
-36.7590824474251 -37.0622430193237 14
0 0

0101101
*
Ed
 1.5e-07 1 1 0
1  534 0 3.70798784710201 5.44964297839302
2  1326 152 0 3.70798784710201 5.44964297839302
2  1327 143 0 3.70798784710201 5.44964297839302
0

0101000
+290 0 -288 0 *
Ve
1.50000000888178e-07
-37.9750330302158 -35.8153160861944 14
0 0

0101101
*
Ed
 1.5e-07 1 1 0
1  535 0 4.52650698650429 6.2681621177953
2  1328 151 0 4.52650698650429 6.2681621177953
2  1329 143 0 4.52650698650429 6.2681621177953
0

0101000
+288 0 -286 0 *
Ve
1.50000000888178e-07
-39.1487088208026 -34.5285186138069 14
0 0

0101101
*
Ed
 1.5e-07 1 1 0
1  536 0 5.33950238694657 7.08115751823759
2  1330 150 0 5.33950238694657 7.08115751823759
2  1331 143 0 5.33950238694657 7.08115751823759
0

0101000
+286 0 -284 0 *
Ve
1.50000007105427e-07
-39.6876793489866 -33.8964803828367 14
0 0

0101101
*
Ed
 1.5e-07 1 1 0
1  537 0 6.14606900085226 6.97670824604768
2  1332 149 0 6.14606900085226 6.97670824604768
2  1333 143 0 6.14606900085226 6.97670824604768
0

0101000
+284 0 -282 0 *
Ve
1e-07
-38.1723794731215 -32.6022920261752 14
0 0

0101101
*
Ed
 1e-07 1 1 0
1  538 0 0.15724883231377 2.15
2  1334 148 0 0.15724883231377 2.15
2  1335 143 0 0.15724883231377 2.15
0

0101000
+282 0 -280 0 *
Ve
1e-07
-38.5958599700877 -32.0998378994254 14
0 0

0101101
*
Ed
 1e-07 1 1 0
1  539 0 0 0.657111771922126
2  1336 143 0 0 0.657111771922126
2  1337 147 0 0 0.657111771922126
0

0101000
+280 0 -278 0 *
Ed
 1e-07 1 1 0
1  540 0 0 0.219038647367414
2  1338 143 0 0 0.219038647367414
2  1339 146 0 0 0.219038647367414
0

0101000
+278 0 -909 0 *
Wi

0101100
+344 0 +342 0 +340 0 +338 0 +336 0 +334 0 +332 0 +330 0 +328 0 +326 0 
+324 0 +322 0 +320 0 +318 0 +316 0 +314 0 +313 0 +822 0 -826 0 -311 0 
-309 0 -307 0 -305 0 -303 0 -301 0 -299 0 -297 0 -295 0 -293 0 -291 0 
-289 0 -287 0 -285 0 -283 0 -281 0 -279 0 -277 0 -276 0 +908 0 *
Fa
0  1e-07 143 0

0101000
+275 0 *
Ve
1e-07
-36.7487879735503 -32.4118278175582 15
0 0

0101101
*
Ed
 1e-07 1 1 0
1  541 0 0 1.63488700063716
2  1340 144 0 0 1.63488700063716
2  1341 145 0 0 1.63488700063716
0

0101000
+273 0 -906 0 *
Ve
1e-07
-35.647061656716 -33.6197411537074 15
0 0

0101101
*
Ed
 1e-07 1 1 0
1  542 0 0 1.63488700063716
2  1342 144 0 0 1.63488700063716
2  1343 210 0 0 1.63488700063716
0

0101000
+271 0 -273 0 *
Ve
1e-07
-34.5056521058205 -34.7902281215873 15
0 0

0101101
*
Ed
 1e-07 1 1 0
1  543 0 0 1.63488700063715
2  1344 144 0 0 1.63488700063715
2  1345 211 0 0 1.63488700063715
0

0101000
+269 0 -271 0 *
Ve
1e-07
-33.3258299675948 -35.9219857047318 15
0 0

0101101
*
Ed
 1e-07 1 1 0
1  544 0 0 1.63488700063716
2  1346 144 0 0 1.63488700063716
2  1347 212 0 0 1.63488700063716
0

0101000
+267 0 -269 0 *
Ve
1e-07
-32.1089086506592 -37.0137540012307 15
0 0

0101101
*
Ed
 1e-07 1 1 0
1  545 0 0 1.63488700063716
2  1348 144 0 0 1.63488700063716
2  1349 213 0 0 1.63488700063716
0

0101000
+265 0 -267 0 *
Ve
1e-07
-30.8562428634022 -38.0643176262854 15
0 0

0101101
*
Ed
 1e-07 1 1 0
1  546 0 0 1.63488700063716
2  1350 144 0 0 1.63488700063716
2  1351 214 0 0 1.63488700063716
0

0101000
+263 0 -265 0 *
Ve
1e-07
-29.5692271058842 -39.0725070652069 15
0 0

0101101
*
Ed
 1e-07 1 1 0
1  547 0 0 1.63488700063716
2  1352 144 0 0 1.63488700063716
2  1353 215 0 0 1.63488700063716
0

0101000
+261 0 -263 0 *
Ve
1e-07
-28.2492941174441 -40.0371999753497 15
0 0

0101101
*
Ed
 1e-07 1 1 0
1  548 0 0 1.63488700063716
2  1354 144 0 0 1.63488700063716
2  1355 216 0 0 1.63488700063716
0

0101000
+259 0 -261 0 *
Ve
1e-07
-26.8979132817361 -40.9573224355329 15
0 0

0101101
*
Ed
 1e-07 1 1 0
1  549 0 0 1.63488700063716
2  1356 144 0 0 1.63488700063716
2  1357 217 0 0 1.63488700063716
0

0101000
+257 0 -259 0 *
Ve
1e-07
-25.5165889909743 -41.8318501415571 15
0 0

0101101
*
Ed
 1e-07 1 1 0
1  550 0 0 1.63488700063716
2  1358 144 0 0 1.63488700063716
2  1359 218 0 0 1.63488700063716
0

0101000
+255 0 -257 0 *
Ve
1e-07
-24.106858971204 -42.6598095464863 15
0 0

0101101
*
Ed
 1e-07 1 1 0
1  551 0 0 1.63488700063716
2  1360 144 0 0 1.63488700063716
2  1361 219 0 0 1.63488700063716
0

0101000
+253 0 -255 0 *
Ve
1e-07
-22.670292570465 -43.4402789444258 15
0 0

0101101
*
Ed
 1e-07 1 1 0
1  552 0 0 1.63488700063716
2  1362 144 0 0 1.63488700063716
2  1363 220 0 0 1.63488700063716
0

0101000
+251 0 -253 0 *
Ve
1e-07
-21.2084890117528 -44.1723894965889 15
0 0

0101101
*
Ed
 1e-07 1 1 0
1  553 0 0 1.63488700063715
2  1364 144 0 0 1.63488700063715
2  1365 221 0 0 1.63488700063715
0

0101000
+249 0 -251 0 *
Ve
1e-07
-19.7230756127221 -44.8553261985112 15
0 0

0101101
*
Ed
 1e-07 1 1 0
1  554 0 0 1.63488700063716
2  1366 144 0 0 1.63488700063716
2  1367 222 0 0 1.63488700063716
0

0101000
+247 0 -249 0 *
Ve
1e-07
-18.2157059741145 -45.4883287873341 15
0 0

0101101
*
Ed
 1e-07 1 1 0
1  555 0 0 1.63488700063716
2  1368 144 0 0 1.63488700063716
2  1369 223 0 0 1.63488700063716
0

0101000
+245 0 -247 0 *
Ve
1e-07
-16.6880581389273 -46.0706925881496 15
0 0

0101101
*
Ed
 1e-07 1 1 0
1  556 0 0 1.63488700063716
2  1370 144 0 0 1.63488700063716
2  1371 224 0 0 1.63488700063716
0

0101000
+243 0 -245 0 *
Ed
 1e-07 1 1 0
1  557 0 0 1.63488700063716
2  1372 144 0 0 1.63488700063716
2  1373 165 0 0 1.63488700063716
0

0101000
+821 0 -243 0 *
Wi

0101100
+905 0 +272 0 +270 0 +268 0 +266 0 +264 0 +262 0 +260 0 +258 0 +256 0 
+254 0 +252 0 +250 0 +248 0 +246 0 +244 0 +242 0 +241 0 +819 0 -651 0 
-654 0 -657 0 -660 0 -663 0 -666 0 -669 0 -672 0 -675 0 -678 0 -681 0 
-684 0 -687 0 -690 0 -693 0 -696 0 -699 0 *
Fa
0  1e-07 144 0

0101000
+240 0 *
Ed
 1e-07 1 1 0
1  558 0 0 1
2  1374 145 0 0 1
2  1375 210 0 0 1
0

0101000
+345 0 -273 0 *
Wi

0101100
+238 0 -904 0 -344 0 +272 0 *
Fa
0  1e-07 145 0

0101000
+237 0 *
Ed
 1e-07 1 1 0
1  559 0 0 2.5
2  1376 146 0 0 2.5
2  1377 147 0 0 2.5
0

0101000
+891 0 -278 0 *
Wi

0101100
+235 0 -894 0 -890 0 +276 0 +900 0 *
Fa
0  1e-07 146 0

0101000
+234 0 *
Ed
 1e-07 1 1 0
1  560 0 0 2.5
2  1378 148 0 0 2.5
2  1379 147 0 0 2.5
0

0101000
+889 0 -280 0 *
Wi

0101100
+232 0 -235 0 -888 0 +277 0 *
Fa
0  1e-07 147 0

0101000
+231 0 *
Ed
 1.5e-07 1 1 0
1  561 0 -2.5 0
2  1380 149 0 -2.5 0
2  1381 148 0 -2.5 0
0

0101000
+282 0 -887 0 *
Wi

0101100
-886 0 -232 0 +279 0 -229 0 *
Fa
0  1e-07 148 0

0101000
+228 0 *
Ed
 1.00000015888219e-07 1 1 0
1  562 0 0 2.5
2  1382 149 0 0 2.5
2  1383 150 0 0 2.5
2  1384 72 0 0 2.5
0

0101000
+1313 0 -284 0 *
Wi

0101100
-879 0 +229 0 +281 0 +226 0 *
Fa
0  1e-07 149 0

0101000
+225 0 *
Ed
 1.00000010048592e-07 1 1 0
1  563 0 0 2.5
2  1385 150 0 0 2.5
2  1386 151 0 0 2.5
2  1387 72 0 0 2.5
0

0101000
+1311 0 -286 0 *
Wi

0101100
-876 0 -226 0 +283 0 +223 0 *
Fa
0  1e-07 150 0

0101000
+222 0 *
Ed
 1.00000015888219e-07 1 1 0
1  564 0 0 2.5
2  1388 151 0 0 2.5
2  1389 152 0 0 2.5
2  1390 72 0 0 2.5
0

0101000
+1309 0 -288 0 *
Wi

0101100
-873 0 -223 0 +285 0 +220 0 *
Fa
0  1e-07 151 0

0101000
+219 0 *
Ed
 1.00000025618983e-07 1 1 0
1  565 0 0 2.5
2  1391 152 0 0 2.5
2  1392 153 0 0 2.5
2  1393 72 0 0 2.5
0

0101000
+1307 0 -290 0 *
Wi

0101100
-870 0 -220 0 +287 0 +217 0 *
Fa
0  1e-07 152 0

0101000
+216 0 *
Ed
 1.00000007105427e-07 1 1 0
1  566 0 0 2.5
2  1394 153 0 0 2.5
2  1395 154 0 0 2.5
2  1396 72 0 0 2.5
0

0101000
+1305 0 -292 0 *
Wi

0101100
-867 0 -217 0 +289 0 +214 0 *
Fa
0  1e-07 153 0

0101000
+213 0 *
Ed
 1.00000040194367e-07 1 1 0
1  567 0 0 2.5
2  1397 154 0 0 2.5
2  1398 155 0 0 2.5
2  1399 72 0 0 2.5
0

0101000
+1303 0 -294 0 *
Wi

0101100
-864 0 -214 0 +291 0 +211 0 *
Fa
0  1e-07 154 0

0101000
+210 0 *
Ed
 1.00000020097183e-07 1 1 0
1  568 0 0 2.5
2  1400 155 0 0 2.5
2  1401 156 0 0 2.5
2  1402 72 0 0 2.5
0

0101000
+1301 0 -296 0 *
Wi

0101100
-861 0 -211 0 +293 0 +208 0 *
Fa
0  1e-07 155 0

0101000
+207 0 *
Ed
 1.00000014210855e-07 1 1 0
1  569 0 0 2.5
2  1403 156 0 0 2.5
2  1404 157 0 0 2.5
2  1405 72 0 0 2.5
0

0101000
+1299 0 -298 0 *
Wi

0101100
-858 0 -208 0 +295 0 +205 0 *
Fa
0  1e-07 156 0

0101000
+204 0 *
Ed
 1.00000041431405e-07 1 1 0
1  570 0 0 2.5
2  1406 157 0 0 2.5
2  1407 158 0 0 2.5
2  1408 72 0 0 2.5
0

0101000
+1297 0 -300 0 *
Wi

0101100
-855 0 -205 0 +297 0 +202 0 *
Fa
0  1e-07 157 0

0101000
+201 0 *
Ed
 1.00000015888219e-07 1 1 0
1  571 0 0 2.5
2  1409 158 0 0 2.5
2  1410 159 0 0 2.5
2  1411 72 0 0 2.5
0

0101000
+1295 0 -302 0 *
Wi

0101100
-852 0 -202 0 +299 0 +199 0 *
Fa
0  1e-07 158 0

0101000
+198 0 *
Ed
 1.00000019131949e-07 1 1 0
1  572 0 0 2.5
2  1412 159 0 0 2.5
2  1413 160 0 0 2.5
2  1414 72 0 0 2.5
0

0101000
+1293 0 -304 0 *
Wi

0101100
-849 0 -199 0 +301 0 +196 0 *
Fa
0  1e-07 159 0

0101000
+195 0 *
Ed
 1.00000047664656e-07 1 1 0
1  573 0 0 2.5
2  1415 160 0 0 2.5
2  1416 161 0 0 2.5
2  1417 72 0 0 2.5
0

0101000
+1291 0 -306 0 *
Wi

0101100
-846 0 -196 0 +303 0 +193 0 *
Fa
0  1e-07 160 0

0101000
+192 0 *
Ed
 1.00000015888219e-07 1 1 0
1  574 0 0 2.5
2  1418 161 0 0 2.5
2  1419 162 0 0 2.5
2  1420 72 0 0 2.5
0

0101000
+1289 0 -308 0 *
Wi

0101100
-843 0 -193 0 +305 0 +190 0 *
Fa
0  1e-07 161 0

0101000
+189 0 *
Ed
 1.00000017763568e-07 1 1 0
1  575 0 0 2.5
2  1421 162 0 0 2.5
2  1422 163 0 0 2.5
2  1423 72 0 0 2.5
0

0101000
+1287 0 -310 0 *
Wi

0101100
-840 0 -190 0 +307 0 +187 0 *
Fa
0  1e-07 162 0

0101000
+186 0 *
Ed
 1.00000015888219e-07 1 1 0
1  576 0 0 2.5
2  1424 163 0 0 2.5
2  1425 164 0 0 2.5
2  1426 72 0 0 2.5
0

0101000
+1285 0 -312 0 *
Wi

0101100
-837 0 -187 0 +309 0 +184 0 *
Fa
0  1e-07 163 0

0101000
+183 0 *
Wi

0101100
-834 0 -184 0 +311 0 +827 0 *
Fa
0  1e-07 164 0

0101000
+181 0 *
Ed
 1e-07 1 1 0
1  577 0 0 1
2  1427 224 0 0 1
2  1428 165 0 0 1
0

0101000
+315 0 -243 0 *
Wi

0101100
+820 0 -179 0 -313 0 +241 0 *
Fa
0  1e-07 165 0

0101000
+178 0 *
Ed
 1e-07 1 1 0
1  578 0 0 1
2  1429 166 0 0 1
2  1430 180 0 0 1
0

0101000
+577 0 -642 0 *
Wi

0101100
+176 0 -810 0 -576 0 +641 0 *
Fa
0  1e-07 166 0

0101000
+175 0 *
Ed
 1e-07 1 1 0
1  579 0 0 2.5
2  1431 167 0 0 2.5
2  1432 168 0 0 2.5
0

0101000
+797 0 -522 0 *
Wi

0101100
+173 0 -800 0 -796 0 +520 0 +806 0 *
Fa
0  1e-07 167 0

0101000
+172 0 *
Ed
 1e-07 1 1 0
1  580 0 0 2.5
2  1433 169 0 0 2.5
2  1434 168 0 0 2.5
0

0101000
+795 0 -524 0 *
Wi

0101100
+170 0 -173 0 -794 0 +521 0 *
Fa
0  1e-07 168 0

0101000
+169 0 *
Ed
 1.5e-07 1 1 0
1  581 0 -2.5 0
2  1435 170 0 -2.5 0
2  1436 169 0 -2.5 0
0

0101000
+526 0 -793 0 *
Wi

0101100
-792 0 -170 0 +523 0 -167 0 *
Fa
0  1e-07 169 0

0101000
+166 0 *
Ed
 1.00000010048592e-07 1 1 0
1  582 0 0 2.5
2  1437 170 0 0 2.5
2  1438 171 0 0 2.5
2  1439 72 0 0 2.5
0

0101000
+1266 0 -528 0 *
Wi

0101100
-785 0 +167 0 +525 0 +164 0 *
Fa
0  1e-07 170 0

0101000
+163 0 *
Ed
 1.00000029296427e-07 1 1 0
1  583 0 0 2.5
2  1440 171 0 0 2.5
2  1441 172 0 0 2.5
2  1442 72 0 0 2.5
0

0101000
+1264 0 -530 0 *
Wi

0101100
-782 0 -164 0 +527 0 +161 0 *
Fa
0  1e-07 171 0

0101000
+160 0 *
Ed
 1.00000012809491e-07 1 1 0
1  584 0 0 2.5
2  1443 172 0 0 2.5
2  1444 173 0 0 2.5
2  1445 72 0 0 2.5
0

0101000
+1262 0 -532 0 *
Wi

0101100
-779 0 -161 0 +529 0 +158 0 *
Fa
0  1e-07 172 0

0101000
+157 0 *
Ed
 1e-07 1 1 0
1  585 0 0 2.5
2  1446 173 0 0 2.5
2  1447 174 0 0 2.5
2  1448 72 0 0 2.5
0

0101000
+1260 0 -534 0 *
Wi

0101100
-776 0 -158 0 +531 0 +155 0 *
Fa
0  1e-07 173 0

0101000
+154 0 *
Ed
 1.00000032754402e-07 1 1 0
1  586 0 0 2.5
2  1449 174 0 0 2.5
2  1450 175 0 0 2.5
2  1451 72 0 0 2.5
0

0101000
+1258 0 -536 0 *
Wi

0101100
-773 0 -155 0 +533 0 +152 0 *
Fa
0  1e-07 174 0

0101000
+151 0 *
Ed
 1.00000014210855e-07 1 1 0
1  587 0 0 2.5
2  1452 175 0 0 2.5
2  1453 176 0 0 2.5
2  1454 72 0 0 2.5
0

0101000
+1256 0 -538 0 *
Wi

0101100
-770 0 -152 0 +535 0 +149 0 *
Fa
0  1e-07 175 0

0101000
+148 0 *
Ed
 1.00000003552714e-07 1 1 0
1  588 0 0 2.5
2  1455 176 0 0 2.5
2  1456 177 0 0 2.5
2  1457 72 0 0 2.5
0

0101000
+1254 0 -540 0 *
Wi

0101100
-767 0 -149 0 +537 0 +146 0 *
Fa
0  1e-07 176 0

0101000
+145 0 *
Ed
 1.00000035360211e-07 1 1 0
1  589 0 0 2.5
2  1458 177 0 0 2.5
2  1459 178 0 0 2.5
2  1460 72 0 0 2.5
0

0101000
+1252 0 -542 0 *
Wi

0101100
-764 0 -146 0 +539 0 +143 0 *
Fa
0  1e-07 177 0

0101000
+142 0 *
Ed
 1.00000019539925e-07 1 1 0
1  590 0 0 2.5
2  1461 178 0 0 2.5
2  1462 179 0 0 2.5
2  1463 72 0 0 2.5
0

0101000
+1250 0 -544 0 *
Wi

0101100
-761 0 -143 0 +541 0 +140 0 *
Fa
0  1e-07 178 0

0101000
+139 0 *
Wi

0101100
-758 0 -140 0 +543 0 +606 0 *
Fa
0  1e-07 179 0

0101000
+137 0 *
Ed
 1e-07 1 1 0
1  591 0 0 1
2  1464 180 0 0 1
2  1465 181 0 0 1
0

0101000
+575 0 -640 0 *
Wi

0101100
+135 0 -176 0 -574 0 +639 0 *
Fa
0  1e-07 180 0

0101000
+134 0 *
Ed
 1e-07 1 1 0
1  592 0 0 1
2  1466 181 0 0 1
2  1467 182 0 0 1
0

0101000
+573 0 -638 0 *
Wi

0101100
+132 0 -135 0 -572 0 +637 0 *
Fa
0  1e-07 181 0

0101000
+131 0 *
Ed
 1e-07 1 1 0
1  593 0 0 1
2  1468 182 0 0 1
2  1469 183 0 0 1
0

0101000
+571 0 -636 0 *
Wi

0101100
+129 0 -132 0 -570 0 +635 0 *
Fa
0  1e-07 182 0

0101000
+128 0 *
Ed
 1e-07 1 1 0
1  594 0 0 1
2  1470 183 0 0 1
2  1471 184 0 0 1
0

0101000
+569 0 -634 0 *
Wi

0101100
+126 0 -129 0 -568 0 +633 0 *
Fa
0  1e-07 183 0

0101000
+125 0 *
Ed
 1e-07 1 1 0
1  595 0 0 1
2  1472 184 0 0 1
2  1473 185 0 0 1
0

0101000
+567 0 -632 0 *
Wi

0101100
+123 0 -126 0 -566 0 +631 0 *
Fa
0  1e-07 184 0

0101000
+122 0 *
Ed
 1e-07 1 1 0
1  596 0 0 1
2  1474 185 0 0 1
2  1475 186 0 0 1
0

0101000
+565 0 -630 0 *
Wi

0101100
+120 0 -123 0 -564 0 +629 0 *
Fa
0  1e-07 185 0

0101000
+119 0 *
Ed
 1e-07 1 1 0
1  597 0 0 1
2  1476 186 0 0 1
2  1477 187 0 0 1
0

0101000
+563 0 -628 0 *
Wi

0101100
+117 0 -120 0 -562 0 +627 0 *
Fa
0  1e-07 186 0

0101000
+116 0 *
Ed
 1e-07 1 1 0
1  598 0 0 1
2  1478 187 0 0 1
2  1479 188 0 0 1
0

0101000
+561 0 -626 0 *
Wi

0101100
+114 0 -117 0 -560 0 +625 0 *
Fa
0  1e-07 187 0

0101000
+113 0 *
Ed
 1e-07 1 1 0
1  599 0 0 1
2  1480 188 0 0 1
2  1481 189 0 0 1
0

0101000
+559 0 -624 0 *
Wi

0101100
+111 0 -114 0 -558 0 +623 0 *
Fa
0  1e-07 188 0

0101000
+110 0 *
Ed
 1e-07 1 1 0
1  600 0 0 1
2  1482 189 0 0 1
2  1483 190 0 0 1
0

0101000
+557 0 -622 0 *
Wi

0101100
+108 0 -111 0 -556 0 +621 0 *
Fa
0  1e-07 189 0

0101000
+107 0 *
Ed
 1e-07 1 1 0
1  601 0 0 1
2  1484 190 0 0 1
2  1485 191 0 0 1
0

0101000
+555 0 -620 0 *
Wi

0101100
+105 0 -108 0 -554 0 +619 0 *
Fa
0  1e-07 190 0

0101000
+104 0 *
Ed
 1e-07 1 1 0
1  602 0 0 1
2  1486 191 0 0 1
2  1487 192 0 0 1
0

0101000
+553 0 -618 0 *
Wi

0101100
+102 0 -105 0 -552 0 +617 0 *
Fa
0  1e-07 191 0

0101000
+101 0 *
Ed
 1e-07 1 1 0
1  603 0 0 1
2  1488 192 0 0 1
2  1489 193 0 0 1
0

0101000
+551 0 -616 0 *
Wi

0101100
+99 0 -102 0 -550 0 +615 0 *
Fa
0  1e-07 192 0

0101000
+98 0 *
Ed
 1e-07 1 1 0
1  604 0 0 1
2  1490 193 0 0 1
2  1491 194 0 0 1
0

0101000
+549 0 -614 0 *
Wi

0101100
+96 0 -99 0 -548 0 +613 0 *
Fa
0  1e-07 193 0

0101000
+95 0 *
Wi

0101100
+517 0 -96 0 -546 0 +611 0 *
Fa
0  1e-07 194 0

0101000
+93 0 *
Ed
 1e-07 1 1 0
1  605 0 0 1
2  1492 195 0 0 1
2  1493 196 0 0 1
0

0101000
+512 0 -440 0 *
Wi

0101100
+91 0 -407 0 -511 0 +439 0 *
Fa
0  1e-07 195 0

0101000
+90 0 *
Ed
 1e-07 1 1 0
1  606 0 0 1
2  1494 196 0 0 1
2  1495 197 0 0 1
0

0101000
+510 0 -438 0 *
Wi

0101100
+88 0 -91 0 -509 0 +437 0 *
Fa
0  1e-07 196 0

0101000
+87 0 *
Ed
 1e-07 1 1 0
1  607 0 0 1
2  1496 197 0 0 1
2  1497 198 0 0 1
0

0101000
+508 0 -436 0 *
Wi

0101100
+85 0 -88 0 -507 0 +435 0 *
Fa
0  1e-07 197 0

0101000
+84 0 *
Ed
 1e-07 1 1 0
1  608 0 0 1
2  1498 198 0 0 1
2  1499 199 0 0 1
0

0101000
+506 0 -434 0 *
Wi

0101100
+82 0 -85 0 -505 0 +433 0 *
Fa
0  1e-07 198 0

0101000
+81 0 *
Ed
 1e-07 1 1 0
1  609 0 0 1
2  1500 199 0 0 1
2  1501 200 0 0 1
0

0101000
+504 0 -432 0 *
Wi

0101100
+79 0 -82 0 -503 0 +431 0 *
Fa
0  1e-07 199 0

0101000
+78 0 *
Ed
 1e-07 1 1 0
1  610 0 0 1
2  1502 200 0 0 1
2  1503 201 0 0 1
0

0101000
+502 0 -430 0 *
Wi

0101100
+76 0 -79 0 -501 0 +429 0 *
Fa
0  1e-07 200 0

0101000
+75 0 *
Ed
 1e-07 1 1 0
1  611 0 0 1
2  1504 201 0 0 1
2  1505 202 0 0 1
0

0101000
+500 0 -428 0 *
Wi

0101100
+73 0 -76 0 -499 0 +427 0 *
Fa
0  1e-07 201 0

0101000
+72 0 *
Ed
 1e-07 1 1 0
1  612 0 0 1
2  1506 202 0 0 1
2  1507 203 0 0 1
0

0101000
+498 0 -426 0 *
Wi

0101100
+70 0 -73 0 -497 0 +425 0 *
Fa
0  1e-07 202 0

0101000
+69 0 *
Ed
 1e-07 1 1 0
1  613 0 0 1
2  1508 203 0 0 1
2  1509 204 0 0 1
0

0101000
+496 0 -424 0 *
Wi

0101100
+67 0 -70 0 -495 0 +423 0 *
Fa
0  1e-07 203 0

0101000
+66 0 *
Ed
 1e-07 1 1 0
1  614 0 0 1
2  1510 204 0 0 1
2  1511 205 0 0 1
0

0101000
+494 0 -422 0 *
Wi

0101100
+64 0 -67 0 -493 0 +421 0 *
Fa
0  1e-07 204 0

0101000
+63 0 *
Ed
 1e-07 1 1 0
1  615 0 0 1
2  1512 205 0 0 1
2  1513 206 0 0 1
0

0101000
+492 0 -420 0 *
Wi

0101100
+61 0 -64 0 -491 0 +419 0 *
Fa
0  1e-07 205 0

0101000
+60 0 *
Ed
 1e-07 1 1 0
1  616 0 0 1
2  1514 206 0 0 1
2  1515 207 0 0 1
0

0101000
+490 0 -418 0 *
Wi

0101100
+58 0 -61 0 -489 0 +417 0 *
Fa
0  1e-07 206 0

0101000
+57 0 *
Ed
 1e-07 1 1 0
1  617 0 0 1
2  1516 207 0 0 1
2  1517 208 0 0 1
0

0101000
+488 0 -416 0 *
Wi

0101100
+55 0 -58 0 -487 0 +415 0 *
Fa
0  1e-07 207 0

0101000
+54 0 *
Ed
 1e-07 1 1 0
1  618 0 0 1
2  1518 208 0 0 1
2  1519 209 0 0 1
0

0101000
+486 0 -414 0 *
Wi

0101100
+52 0 -55 0 -485 0 +413 0 *
Fa
0  1e-07 208 0

0101000
+51 0 *
Wi

0101100
+348 0 -52 0 -483 0 +411 0 *
Fa
0  1e-07 209 0

0101000
+49 0 *
Ed
 1e-07 1 1 0
1  619 0 0 1
2  1520 210 0 0 1
2  1521 211 0 0 1
0

0101000
+343 0 -271 0 *
Wi

0101100
+47 0 -238 0 -342 0 +270 0 *
Fa
0  1e-07 210 0

0101000
+46 0 *
Ed
 1e-07 1 1 0
1  620 0 0 1
2  1522 211 0 0 1
2  1523 212 0 0 1
0

0101000
+341 0 -269 0 *
Wi

0101100
+44 0 -47 0 -340 0 +268 0 *
Fa
0  1e-07 211 0

0101000
+43 0 *
Ed
 1e-07 1 1 0
1  621 0 0 1
2  1524 212 0 0 1
2  1525 213 0 0 1
0

0101000
+339 0 -267 0 *
Wi

0101100
+41 0 -44 0 -338 0 +266 0 *
Fa
0  1e-07 212 0

0101000
+40 0 *
Ed
 1e-07 1 1 0
1  622 0 0 1
2  1526 213 0 0 1
2  1527 214 0 0 1
0

0101000
+337 0 -265 0 *
Wi

0101100
+38 0 -41 0 -336 0 +264 0 *
Fa
0  1e-07 213 0

0101000
+37 0 *
Ed
 1e-07 1 1 0
1  623 0 0 1
2  1528 214 0 0 1
2  1529 215 0 0 1
0

0101000
+335 0 -263 0 *
Wi

0101100
+35 0 -38 0 -334 0 +262 0 *
Fa
0  1e-07 214 0

0101000
+34 0 *
Ed
 1e-07 1 1 0
1  624 0 0 1
2  1530 215 0 0 1
2  1531 216 0 0 1
0

0101000
+333 0 -261 0 *
Wi

0101100
+32 0 -35 0 -332 0 +260 0 *
Fa
0  1e-07 215 0

0101000
+31 0 *
Ed
 1e-07 1 1 0
1  625 0 0 1
2  1532 216 0 0 1
2  1533 217 0 0 1
0

0101000
+331 0 -259 0 *
Wi

0101100
+29 0 -32 0 -330 0 +258 0 *
Fa
0  1e-07 216 0

0101000
+28 0 *
Ed
 1e-07 1 1 0
1  626 0 0 1
2  1534 217 0 0 1
2  1535 218 0 0 1
0

0101000
+329 0 -257 0 *
Wi

0101100
+26 0 -29 0 -328 0 +256 0 *
Fa
0  1e-07 217 0

0101000
+25 0 *
Ed
 1e-07 1 1 0
1  627 0 0 1
2  1536 218 0 0 1
2  1537 219 0 0 1
0

0101000
+327 0 -255 0 *
Wi

0101100
+23 0 -26 0 -326 0 +254 0 *
Fa
0  1e-07 218 0

0101000
+22 0 *
Ed
 1e-07 1 1 0
1  628 0 0 1
2  1538 219 0 0 1
2  1539 220 0 0 1
0

0101000
+325 0 -253 0 *
Wi

0101100
+20 0 -23 0 -324 0 +252 0 *
Fa
0  1e-07 219 0

0101000
+19 0 *
Ed
 1e-07 1 1 0
1  629 0 0 1
2  1540 220 0 0 1
2  1541 221 0 0 1
0

0101000
+323 0 -251 0 *
Wi

0101100
+17 0 -20 0 -322 0 +250 0 *
Fa
0  1e-07 220 0

0101000
+16 0 *
Ed
 1e-07 1 1 0
1  630 0 0 1
2  1542 221 0 0 1
2  1543 222 0 0 1
0

0101000
+321 0 -249 0 *
Wi

0101100
+14 0 -17 0 -320 0 +248 0 *
Fa
0  1e-07 221 0

0101000
+13 0 *
Ed
 1e-07 1 1 0
1  631 0 0 1
2  1544 222 0 0 1
2  1545 223 0 0 1
0

0101000
+319 0 -247 0 *
Wi

0101100
+11 0 -14 0 -318 0 +246 0 *
Fa
0  1e-07 222 0

0101000
+10 0 *
Ed
 1e-07 1 1 0
1  632 0 0 1
2  1546 223 0 0 1
2  1547 224 0 0 1
0

0101000
+317 0 -245 0 *
Wi

0101100
+8 0 -11 0 -316 0 +244 0 *
Fa
0  1e-07 223 0

0101000
+7 0 *
Wi

0101100
+179 0 -8 0 -314 0 +242 0 *
Fa
0  1e-07 224 0

0101000
+5 0 *
Sh

0101100
+1947 0 -1942 0 +1667 0 -1659 0 +1656 0 +1653 0 +1650 0 +1647 0 +1644 0 +1641 0 
+1638 0 +1627 0 +1624 0 +1621 0 +1618 0 +1615 0 +1612 0 +1609 0 +1606 0 +1603 0 
+1600 0 +1597 0 +1594 0 +1591 0 +1588 0 +1585 0 +1582 0 +1579 0 +1576 0 +1565 0 
+1562 0 +1559 0 +1556 0 +1553 0 +1550 0 +1547 0 +1544 0 +1541 0 +1538 0 +1535 0 
+1532 0 +1529 0 +1526 0 +1523 0 +1520 0 +1517 0 +1514 0 +1503 0 +1500 0 +1497 0 
+1494 0 +1491 0 +1488 0 +1485 0 +1482 0 +1479 0 +1476 0 +1473 0 -1468 0 -1461 0 
+1426 0 +1389 0 -1241 0 +1173 0 +1171 0 +1103 0 +1101 0 +1096 0 +1089 0 +1086 0 
+1083 0 +1080 0 +1077 0 +1074 0 +1071 0 +1068 0 +1065 0 +1062 0 +1059 0 +1056 0 
+1053 0 +1050 0 +1047 0 +1044 0 +1041 0 +1038 0 -1035 0 -1032 0 -1029 0 -1026 0 
-1023 0 -1020 0 -1017 0 -1012 0 -1005 0 -996 0 +991 0 -986 0 -977 0 -974 0 
-971 0 -968 0 -965 0 -962 0 -959 0 -956 0 -953 0 -950 0 -947 0 -944 0 
-941 0 -938 0 -935 0 -932 0 -929 0 -926 0 -923 0 -918 0 -911 0 -902 0 
+897 0 -892 0 -883 0 -880 0 -877 0 -874 0 -871 0 -868 0 -865 0 -862 0 
-859 0 -856 0 -853 0 -850 0 -847 0 -844 0 -841 0 -838 0 -835 0 -832 0 
-829 0 -824 0 -817 0 -808 0 +803 0 -798 0 -789 0 -786 0 -783 0 -780 0 
-777 0 -774 0 -771 0 -768 0 -765 0 -762 0 -759 0 -756 0 +751 0 +748 0 
+745 0 +742 0 +739 0 +736 0 +733 0 +730 0 +727 0 +724 0 +721 0 +718 0 
+715 0 +712 0 +709 0 +706 0 +703 0 +700 0 +697 0 +694 0 +691 0 +688 0 
+685 0 +682 0 +679 0 +676 0 +673 0 +670 0 +667 0 +664 0 +661 0 +658 0 
+655 0 +652 0 +649 0 +646 0 -643 0 +608 0 -601 0 -596 0 -591 0 -586 0 
-581 0 -578 0 -518 0 -515 0 -443 0 +408 0 -405 0 -402 0 -399 0 -396 0 
-393 0 -390 0 -387 0 -384 0 -381 0 -378 0 -375 0 -372 0 -369 0 -366 0 
-363 0 -360 0 -357 0 -354 0 -351 0 -349 0 -346 0 -274 0 +239 0 -236 0 
-233 0 -230 0 -227 0 -224 0 -221 0 -218 0 -215 0 -212 0 -209 0 -206 0 
-203 0 -200 0 -197 0 -194 0 -191 0 -188 0 -185 0 -182 0 -180 0 -177 0 
-174 0 -171 0 -168 0 -165 0 -162 0 -159 0 -156 0 -153 0 -150 0 -147 0 
-144 0 -141 0 -138 0 -136 0 -133 0 -130 0 -127 0 -124 0 -121 0 -118 0 
-115 0 -112 0 -109 0 -106 0 -103 0 -100 0 -97 0 -94 0 -92 0 -89 0 
-86 0 -83 0 -80 0 -77 0 -74 0 -71 0 -68 0 -65 0 -62 0 -59 0 
-56 0 -53 0 -50 0 -48 0 -45 0 -42 0 -39 0 -36 0 -33 0 -30 0 
-27 0 -24 0 -21 0 -18 0 -15 0 -12 0 -9 0 -6 0 -4 0 *
So

0100000
+3 0 *
Co

1100000
+2 0 *

+1 0 